-- MariaDB dump 10.19  Distrib 10.5.15-MariaDB, for debian-linux-gnu (x86_64)
--
-- Host: mysql    Database: uk_plugin
-- ------------------------------------------------------
-- Server version	8.0.29

/*!40101 SET @OLD_CHARACTER_SET_CLIENT=@@CHARACTER_SET_CLIENT */;
/*!40101 SET @OLD_CHARACTER_SET_RESULTS=@@CHARACTER_SET_RESULTS */;
/*!40101 SET @OLD_COLLATION_CONNECTION=@@COLLATION_CONNECTION */;
/*!40101 SET NAMES utf8mb4 */;
/*!40103 SET @OLD_TIME_ZONE=@@TIME_ZONE */;
/*!40103 SET TIME_ZONE='+00:00' */;
/*!40014 SET @OLD_UNIQUE_CHECKS=@@UNIQUE_CHECKS, UNIQUE_CHECKS=0 */;
/*!40014 SET @OLD_FOREIGN_KEY_CHECKS=@@FOREIGN_KEY_CHECKS, FOREIGN_KEY_CHECKS=0 */;
/*!40101 SET @OLD_SQL_MODE=@@SQL_MODE, SQL_MODE='NO_AUTO_VALUE_ON_ZERO' */;
/*!40111 SET @OLD_SQL_NOTES=@@SQL_NOTES, SQL_NOTES=0 */;

--
-- Table structure for table `activity_log`
--

DROP TABLE IF EXISTS `activity_log`;
/*!40101 SET @saved_cs_client     = @@character_set_client */;
/*!40101 SET character_set_client = utf8 */;
CREATE TABLE `activity_log` (
  `id` bigint unsigned NOT NULL AUTO_INCREMENT,
  `log_name` varchar(255) COLLATE utf8mb4_unicode_ci DEFAULT NULL,
  `description` text COLLATE utf8mb4_unicode_ci NOT NULL,
  `subject_type` varchar(255) COLLATE utf8mb4_unicode_ci DEFAULT NULL,
  `event` varchar(255) COLLATE utf8mb4_unicode_ci DEFAULT NULL,
  `subject_id` bigint unsigned DEFAULT NULL,
  `causer_type` varchar(255) COLLATE utf8mb4_unicode_ci DEFAULT NULL,
  `causer_id` bigint unsigned DEFAULT NULL,
  `properties` json DEFAULT NULL,
  `batch_uuid` char(36) COLLATE utf8mb4_unicode_ci DEFAULT NULL,
  `created_at` timestamp NULL DEFAULT NULL,
  `updated_at` timestamp NULL DEFAULT NULL,
  PRIMARY KEY (`id`),
  KEY `subject` (`subject_type`,`subject_id`),
  KEY `causer` (`causer_type`,`causer_id`),
  KEY `activity_log_log_name_index` (`log_name`)
) ENGINE=InnoDB AUTO_INCREMENT=382 DEFAULT CHARSET=utf8mb4 COLLATE=utf8mb4_unicode_ci;
/*!40101 SET character_set_client = @saved_cs_client */;

--
-- Table structure for table `admin_log`
--

DROP TABLE IF EXISTS `admin_log`;
/*!40101 SET @saved_cs_client     = @@character_set_client */;
/*!40101 SET character_set_client = utf8 */;
CREATE TABLE `admin_log` (
  `id` bigint NOT NULL AUTO_INCREMENT,
  `user_id` int unsigned NOT NULL COMMENT 'The user who performed the action',
  `request_uri` mediumtext CHARACTER SET utf8mb4 COLLATE utf8mb4_unicode_ci NOT NULL COMMENT 'The uri that was hit',
  `request_body` mediumtext CHARACTER SET utf8mb4 COLLATE utf8mb4_unicode_ci COMMENT 'The body of the request, if any',
  `log_time` timestamp NOT NULL DEFAULT CURRENT_TIMESTAMP COMMENT 'The time the action occurred',
  PRIMARY KEY (`id`) USING BTREE,
  KEY `admin_log_user_id_foreign` (`user_id`) USING BTREE,
  CONSTRAINT `admin_log_user_id_foreign` FOREIGN KEY (`user_id`) REFERENCES `user` (`id`)
) ENGINE=InnoDB DEFAULT CHARSET=utf8mb4 COLLATE=utf8mb4_unicode_ci;
/*!40101 SET character_set_client = @saved_cs_client */;

--
-- Dumping data for table `admin_log`
--

LOCK TABLES `admin_log` WRITE;
/*!40000 ALTER TABLE `admin_log` DISABLE KEYS */;
/*!40000 ALTER TABLE `admin_log` ENABLE KEYS */;
UNLOCK TABLES;

--
-- Table structure for table `aircraft`
--

DROP TABLE IF EXISTS `aircraft`;
/*!40101 SET @saved_cs_client     = @@character_set_client */;
/*!40101 SET character_set_client = utf8 */;
CREATE TABLE `aircraft` (
  `id` bigint unsigned NOT NULL AUTO_INCREMENT,
  `code` varchar(255) CHARACTER SET utf8mb4 COLLATE utf8mb4_unicode_ci NOT NULL COMMENT 'The ICAO code for the aircraft',
  `wingspan` double(5,2) NOT NULL COMMENT 'The aircrafts wingspan in ft',
  `length` double(5,2) NOT NULL COMMENT 'The aircrafts length in ft',
  `allocate_stands` tinyint(1) NOT NULL COMMENT 'Should this aircraft type be allocated stands',
  `created_at` timestamp NULL DEFAULT NULL,
  `updated_at` timestamp NULL DEFAULT NULL,
  PRIMARY KEY (`id`),
  UNIQUE KEY `aircraft_code_unique` (`code`)
) ENGINE=InnoDB AUTO_INCREMENT=2539 DEFAULT CHARSET=utf8mb4 COLLATE=utf8mb4_unicode_ci;
/*!40101 SET character_set_client = @saved_cs_client */;

--
-- Dumping data for table `aircraft`
--

LOCK TABLES `aircraft` WRITE;
/*!40000 ALTER TABLE `aircraft` DISABLE KEYS */;
INSERT INTO `aircraft` VALUES (1,'B703',145.75,152.92,1,'2020-03-26 19:55:25','2021-03-27 14:30:26'),(2,'B752',134.75,155.25,1,'2020-03-26 19:55:25','2021-03-27 14:30:26'),(3,'B753',134.75,178.58,1,'2020-03-26 19:55:25','2021-03-27 14:30:26'),(4,'DC85',142.40,150.70,1,'2020-03-26 19:55:25','2021-03-27 14:30:27'),(5,'DC86',148.40,187.40,1,'2020-03-26 19:55:25','2021-03-27 14:30:27'),(6,'DC87',148.40,187.40,1,'2020-03-26 19:55:25','2021-03-27 14:30:27'),(7,'IL62',0.00,0.00,1,'2020-03-26 19:55:25','2021-03-27 13:49:42'),(8,'A318',111.88,103.18,1,'2020-03-26 19:55:25','2021-03-27 14:30:26'),(9,'A319',117.45,111.02,1,'2020-03-26 19:55:25','2021-03-27 14:30:26'),(10,'A19N',117.41,111.00,1,'2020-03-26 19:55:25','2021-03-27 14:30:27'),(11,'A320',117.45,123.27,1,'2020-03-26 19:55:25','2021-03-27 14:30:26'),(12,'A20N',117.41,123.25,1,'2020-03-26 19:55:25','2021-03-27 14:30:27'),(13,'A321',117.45,146.03,1,'2020-03-26 19:55:25','2021-03-27 14:30:26'),(14,'A21N',117.41,146.00,1,'2020-03-26 19:55:25','2021-03-27 14:30:27'),(15,'RJ85',86.42,93.67,1,'2020-03-26 19:55:25','2021-03-27 14:30:26'),(16,'RJ70',86.42,85.92,1,'2020-03-26 19:55:25','2021-03-27 14:30:26'),(17,'RJ1H',86.42,101.67,1,'2020-03-26 19:55:25','2021-03-27 14:30:26'),(18,'B461',86.42,85.92,1,'2020-03-26 19:55:25','2021-03-27 14:30:26'),(19,'B462',86.42,93.67,1,'2020-03-26 19:55:25','2021-03-27 14:30:26'),(20,'B463',86.42,101.67,1,'2020-03-26 19:55:25','2021-03-27 14:30:26'),(21,'GLEX',94.00,99.42,1,'2020-03-26 19:55:25','2021-03-27 14:30:26'),(22,'B712',93.33,124.00,1,'2020-03-26 19:55:25','2021-03-27 14:30:26'),(23,'B721',108.00,133.17,1,'2020-03-26 19:55:25','2021-03-27 14:30:26'),(24,'B722',109.25,153.17,1,'2020-03-26 19:55:25','2021-03-27 14:30:26'),(25,'B731',93.00,94.00,1,'2020-03-26 19:55:25','2021-03-27 14:30:26'),(26,'B732',93.00,100.17,1,'2020-03-26 19:55:25','2021-03-27 14:30:26'),(27,'B733',102.08,109.58,1,'2020-03-26 19:55:25','2021-03-27 14:30:26'),(28,'B734',94.75,119.58,1,'2020-03-26 19:55:25','2021-03-27 14:30:26'),(29,'B735',94.75,101.75,1,'2020-03-26 19:55:25','2021-03-27 14:30:26'),(30,'B736',117.42,102.50,1,'2020-03-26 19:55:25','2021-03-27 14:30:26'),(31,'B737',117.42,110.33,1,'2020-03-26 19:55:25','2021-03-27 14:30:26'),(32,'B738',117.83,129.50,1,'2020-03-26 19:55:25','2021-03-27 14:30:26'),(33,'B739',117.83,138.17,1,'2020-03-26 19:55:25','2021-03-27 14:30:26'),(34,'E190',101.67,106.00,1,'2020-03-26 19:55:25','2021-03-27 14:30:27'),(35,'E195',94.25,126.83,1,'2020-03-26 19:55:25','2021-03-27 14:30:27'),(36,'F100',92.00,116.58,1,'2020-03-26 19:55:25','2021-03-27 14:30:27'),(37,'GLF5',93.50,96.42,1,'2020-03-26 19:55:25','2021-03-27 14:30:27'),(38,'C130',132.60,97.75,1,'2020-03-26 19:55:25','2021-03-27 14:30:27'),(39,'L188',99.00,104.50,1,'2020-03-26 19:55:25','2021-03-27 14:30:27'),(40,'MD81',107.85,147.83,1,'2020-03-26 19:55:25','2021-03-27 14:30:27'),(41,'MD82',107.85,147.83,1,'2020-03-26 19:55:25','2021-03-27 14:30:26'),(42,'MD83',107.85,147.83,1,'2020-03-26 19:55:25','2021-03-27 14:30:26'),(43,'MD87',107.85,130.50,1,'2020-03-26 19:55:25','2021-03-27 14:30:27'),(44,'MD88',107.85,147.83,1,'2020-03-26 19:55:25','2021-03-27 14:30:26'),(45,'MD90',107.83,152.58,1,'2020-03-26 19:55:25','2021-03-27 14:30:26'),(46,'T134',95.20,121.75,1,'2020-03-26 19:55:25','2021-03-27 14:30:27'),(47,'T154',123.20,157.50,1,'2020-03-26 19:55:25','2021-03-27 14:30:27'),(48,'AT45',80.58,74.42,1,'2020-03-26 19:55:25','2021-03-27 14:30:26'),(49,'AT46',80.58,74.42,1,'2020-03-26 19:55:25','2021-03-27 14:30:27'),(50,'AT72',88.75,89.13,1,'2020-03-26 19:55:25','2021-03-27 14:30:26'),(51,'AT73',88.76,89.13,1,'2020-03-26 19:55:25','2021-03-27 14:30:27'),(52,'AT75',88.76,89.13,1,'2020-03-26 19:55:25','2021-03-27 14:30:27'),(53,'AT76',88.76,89.13,1,'2020-03-26 19:55:25','2021-03-27 14:30:27'),(54,'ATP',100.50,85.30,1,'2020-03-26 19:55:25','2021-03-27 14:30:27'),(55,'CL30',69.00,68.75,1,'2020-03-26 19:55:25','2021-03-27 14:30:26'),(56,'CL60',64.33,68.42,1,'2020-03-26 19:55:25','2021-03-27 14:30:26'),(57,'CRJ1',68.67,87.83,1,'2020-03-26 19:55:25','2021-03-27 14:30:27'),(58,'CRJ2',68.67,87.83,1,'2020-03-26 19:55:25','2021-03-27 14:30:26'),(59,'CRJ7',76.27,106.57,1,'2020-03-26 19:55:25','2021-03-27 14:30:26'),(60,'FA50',61.88,60.77,1,'2020-03-26 19:55:25','2021-03-27 14:30:26'),(61,'DH8A',85.00,73.00,1,'2020-03-26 19:55:25','2021-03-27 14:30:26'),(62,'DH8B',85.00,73.00,1,'2020-03-26 19:55:25','2021-03-27 14:30:26'),(63,'DH8C',90.00,84.25,1,'2020-03-26 19:55:25','2021-03-27 14:30:26'),(64,'DH8D',93.25,107.75,1,'2020-03-26 19:55:25','2021-03-27 14:30:26'),(65,'E135',65.75,86.42,1,'2020-03-26 19:55:25','2021-03-27 14:30:27'),(66,'E145',65.75,98.00,1,'2020-03-26 19:55:25','2021-03-27 14:30:27'),(67,'E170',101.67,106.00,1,'2020-03-26 19:55:25','2021-03-27 14:30:27'),(68,'F27',95.15,82.21,1,'2020-03-26 19:55:25','2021-03-27 14:30:27'),(69,'F28',82.25,89.80,1,'2020-03-26 19:55:25','2021-03-27 14:30:27'),(70,'F50',95.20,82.80,1,'2020-03-26 19:55:25','2021-03-27 14:30:27'),(71,'F70',92.20,101.40,1,'2020-03-26 19:55:25','2021-03-27 14:30:27'),(72,'GLF4',77.83,88.33,1,'2020-03-26 19:55:25','2021-03-27 14:30:27'),(73,'SB20',81.25,89.50,1,'2020-03-26 19:55:25','2021-03-27 14:30:27'),(74,'UL45',0.00,0.00,0,'2020-09-21 18:34:37','2021-03-27 13:49:05'),(75,'TR55',0.00,0.00,0,'2020-09-21 18:34:37','2021-03-27 13:49:05'),(76,'ELSP',0.00,0.00,0,'2020-09-21 18:34:37','2021-03-27 13:49:06'),(77,'BMAN',0.00,0.00,0,'2020-09-21 18:34:37','2021-03-27 13:49:06'),(78,'HRNT',0.00,0.00,0,'2020-09-21 18:34:37','2021-03-27 13:49:06'),(79,'WSP',0.00,0.00,0,'2020-09-21 18:34:37','2021-03-27 13:49:06'),(80,'JCRU',0.00,0.00,0,'2020-09-21 18:34:37','2021-03-27 13:49:06'),(81,'MIDR',0.00,0.00,0,'2020-09-21 18:34:37','2021-03-27 13:49:06'),(82,'ARKS',0.00,0.00,0,'2020-09-21 18:34:37','2021-03-27 13:49:06'),(83,'CUB2',0.00,0.00,0,'2020-09-21 18:34:37','2021-03-27 13:49:06'),(84,'SORA',0.00,0.00,0,'2020-09-21 18:34:37','2021-03-27 13:49:06'),(85,'LCA',0.00,0.00,0,'2020-09-21 18:34:37','2021-03-27 13:49:06'),(86,'A700',44.00,40.75,0,'2020-09-21 18:34:37','2021-03-27 14:30:26'),(87,'A500',44.00,37.50,0,'2020-09-21 18:34:37','2021-03-27 14:30:26'),(88,'MAVR',0.00,0.00,0,'2020-09-21 18:34:37','2021-03-27 13:49:06'),(89,'LA6T',0.00,0.00,0,'2020-09-21 18:34:37','2021-03-27 13:49:06'),(90,'AC52',49.04,36.81,0,'2020-09-21 18:34:37','2021-03-27 14:30:26'),(91,'L39',31.04,39.79,0,'2020-09-21 18:34:37','2021-03-27 14:30:26'),(92,'L29',33.75,35.46,0,'2020-09-21 18:34:37','2021-03-27 14:30:26'),(93,'L159',31.29,41.73,0,'2020-09-21 18:34:37','2021-03-27 14:30:26'),(94,'L59',31.29,40.02,0,'2020-09-21 18:34:37','2021-03-27 14:30:26'),(95,'AAT3',0.00,0.00,0,'2020-09-21 18:34:37','2021-03-27 13:49:06'),(96,'AB11',35.17,23.85,0,'2020-09-21 18:34:37','2021-03-27 14:30:26'),(97,'AB15',35.17,23.83,0,'2020-09-21 18:34:37','2021-03-27 14:30:26'),(98,'AB18',35.38,23.23,0,'2020-09-21 18:34:37','2021-03-27 14:30:26'),(99,'AB95',34.19,22.63,0,'2020-09-21 18:34:37','2021-03-27 14:30:26'),(100,'AC72',0.00,0.00,0,'2020-09-21 18:34:37','2021-03-27 13:49:06'),(101,'AC56',51.71,36.81,0,'2020-09-21 18:34:37','2021-03-27 14:30:26'),(102,'AC68',0.00,0.00,0,'2020-09-21 18:34:38','2021-03-27 13:49:06'),(103,'PETL',0.00,0.00,0,'2020-09-21 18:34:38','2021-03-27 13:49:06'),(104,'SCUB',0.00,0.00,0,'2020-09-21 18:34:38','2021-03-27 13:49:06'),(105,'TC2',0.00,0.00,0,'2020-09-21 18:34:38','2021-03-27 13:49:06'),(106,'GEPE',0.00,0.00,0,'2020-09-21 18:34:38','2021-03-27 13:49:06'),(107,'GUEP',0.00,0.00,0,'2020-09-21 18:34:38','2021-03-27 13:49:07'),(108,'SGUP',156.25,143.83,1,'2020-09-21 18:34:38','2021-03-27 14:30:26'),(109,'QUAS',0.00,0.00,0,'2020-09-21 18:34:38','2021-03-27 13:49:07'),(110,'MX58',0.00,0.00,0,'2020-09-21 18:34:38','2021-03-27 13:49:07'),(111,'CAR',0.00,0.00,0,'2020-09-21 18:34:38','2021-03-27 13:49:07'),(112,'CA1P',0.00,0.00,0,'2020-09-21 18:34:38','2021-03-27 13:49:07'),(113,'S450',0.00,0.00,0,'2020-09-21 18:34:38','2021-03-27 13:49:07'),(114,'ISAT',0.00,0.00,0,'2020-09-21 18:34:38','2021-03-27 13:49:07'),(115,'MP02',0.00,0.00,0,'2020-09-21 18:34:38','2021-03-27 13:49:07'),(116,'LOCA',0.00,0.00,0,'2020-09-21 18:34:38','2021-03-27 13:49:07'),(117,'GURI',0.00,0.00,0,'2020-09-21 18:34:38','2021-03-27 13:49:07'),(118,'AR15',37.50,25.25,0,'2020-09-21 18:34:38','2021-03-27 14:30:26'),(119,'AR50',0.00,0.00,0,'2020-09-21 18:34:38','2021-03-27 13:49:07'),(120,'AR65',0.00,0.00,0,'2020-09-21 18:34:38','2021-03-27 13:49:07'),(121,'AERK',0.00,0.00,0,'2020-09-21 18:34:38','2021-03-27 13:49:07'),(122,'AR6T',0.00,0.00,0,'2020-09-21 18:34:38','2021-03-27 13:49:07'),(123,'AR5T',0.00,0.00,0,'2020-09-21 18:34:38','2021-03-27 13:49:07'),(124,'AIRL',0.00,0.00,0,'2020-09-21 18:34:38','2021-03-27 13:49:07'),(125,'A19',0.00,0.00,0,'2020-09-21 18:34:38','2021-03-27 13:49:07'),(126,'A21',0.00,0.00,0,'2020-09-21 18:34:38','2021-03-27 13:49:07'),(127,'A23',0.00,0.00,0,'2020-09-21 18:34:38','2021-03-27 13:49:07'),(128,'A33',0.00,0.00,0,'2020-09-21 18:34:38','2021-03-27 13:49:07'),(129,'AA37',0.00,0.00,0,'2020-09-21 18:34:38','2021-03-27 13:49:07'),(130,'AP32',0.00,0.00,0,'2020-09-21 18:34:38','2021-03-27 13:49:07'),(131,'AP36',0.00,0.00,0,'2020-09-21 18:34:38','2021-03-27 13:49:07'),(132,'AP20',0.00,0.00,0,'2020-09-21 18:34:38','2021-03-27 13:49:07'),(133,'AP26',0.00,0.00,0,'2020-09-21 18:34:38','2021-03-27 13:49:07'),(134,'AP28',0.00,0.00,0,'2020-09-21 18:34:38','2021-03-27 13:49:07'),(135,'AP22',0.00,0.00,0,'2020-09-21 18:34:38','2021-03-27 13:49:07'),(136,'T101',0.00,0.00,0,'2020-09-21 18:34:38','2021-03-27 13:49:07'),(137,'UL2F',0.00,0.00,0,'2020-09-21 18:34:38','2021-03-27 13:49:07'),(138,'F41E',0.00,0.00,0,'2020-09-21 18:34:38','2021-03-27 13:49:08'),(139,'KATR',0.00,0.00,0,'2020-09-21 18:34:38','2021-03-27 13:49:08'),(140,'MH46',0.00,0.00,0,'2020-09-21 18:34:38','2021-03-27 13:49:08'),(141,'S601',42.21,45.38,0,'2020-09-21 18:34:38','2021-03-27 14:30:26'),(142,'WT9',0.00,0.00,0,'2020-09-21 18:34:38','2021-03-27 13:49:08'),(143,'QAIL',0.00,0.00,0,'2020-09-21 18:34:38','2021-03-27 13:49:08'),(144,'RAIL',0.00,0.00,0,'2020-09-21 18:34:38','2021-03-27 13:49:08'),(145,'FJ10',0.00,0.00,0,'2020-09-21 18:34:38','2021-03-27 13:49:08'),(146,'FEST',0.00,0.00,0,'2020-09-21 18:34:38','2021-03-27 13:49:08'),(147,'A122',0.00,0.00,0,'2020-09-21 18:34:38','2021-03-27 13:49:08'),(148,'MX80',0.00,0.00,0,'2020-09-21 18:34:38','2021-03-27 13:49:08'),(149,'L13S',0.00,0.00,0,'2020-09-21 18:34:38','2021-03-27 13:49:08'),(150,'HUMM',0.00,0.00,0,'2020-09-21 18:34:38','2021-03-27 13:49:08'),(151,'GRIZ',0.00,0.00,0,'2020-09-21 18:34:38','2021-03-27 13:49:08'),(152,'EFOX',0.00,0.00,0,'2020-09-21 18:34:38','2021-03-27 13:49:08'),(153,'MX65',0.00,0.00,0,'2020-09-21 18:34:38','2021-03-27 13:49:08'),(154,'MX10',0.00,0.00,0,'2020-09-21 18:34:38','2021-03-27 13:49:08'),(155,'SCAM',0.00,0.00,0,'2020-09-21 18:34:38','2021-03-27 13:49:08'),(156,'CKUO',0.00,0.00,0,'2020-09-21 18:34:38','2021-03-27 13:49:08'),(157,'CH1',0.00,0.00,0,'2020-09-21 18:34:38','2021-03-27 13:49:08'),(158,'AT3',0.00,0.00,0,'2020-09-21 18:34:38','2021-03-27 13:49:08'),(159,'AT2P',0.00,0.00,0,'2020-09-21 18:34:38','2021-03-27 13:49:08'),(160,'AT3P',45.00,27.00,0,'2020-09-21 18:34:38','2021-03-27 14:30:26'),(161,'AT3T',51.08,30.58,0,'2020-09-21 18:34:38','2021-03-27 14:30:26'),(162,'AT5P',0.00,0.00,0,'2020-09-21 18:34:38','2021-03-27 13:49:08'),(163,'AT5T',52.00,33.17,0,'2020-09-21 18:34:38','2021-03-27 14:30:26'),(164,'AT6T',56.00,33.50,0,'2020-09-21 18:34:38','2021-03-27 14:30:26'),(165,'AT8T',59.25,36.00,0,'2020-09-21 18:34:38','2021-03-27 14:30:26'),(166,'BCS1',0.00,0.00,1,'2020-09-21 18:34:38','2021-03-27 13:49:09'),(167,'BCS3',0.00,0.00,1,'2020-09-21 18:34:38','2021-03-27 13:49:09'),(168,'A30B',147.08,175.50,1,'2020-09-21 18:34:38','2021-03-27 14:30:26'),(169,'A306',147.14,177.43,1,'2020-09-21 18:34:38','2021-03-27 14:30:26'),(170,'A310',144.03,153.16,1,'2020-09-21 18:34:38','2021-03-27 14:30:26'),(171,'A332',197.83,193.57,1,'2020-09-21 18:34:38','2021-03-27 14:30:26'),(172,'A333',197.83,208.99,1,'2020-09-21 18:34:38','2021-03-27 14:30:26'),(173,'A337',0.00,0.00,1,'2020-09-21 18:34:38','2021-03-27 13:49:09'),(174,'A338',0.00,0.00,1,'2020-09-21 18:34:38','2021-03-27 13:49:09'),(175,'A339',0.00,0.00,1,'2020-09-21 18:34:38','2021-03-27 13:49:09'),(176,'A342',197.83,194.95,1,'2020-09-21 18:34:38','2021-03-27 14:30:26'),(177,'A343',197.83,208.96,1,'2020-09-21 18:34:38','2021-03-27 14:30:26'),(178,'A345',208.17,222.87,1,'2020-09-21 18:34:38','2021-03-27 14:30:26'),(179,'A346',208.17,247.24,1,'2020-09-21 18:34:38','2021-03-27 14:30:26'),(180,'A35K',212.42,242.09,1,'2020-09-21 18:34:38','2021-03-27 14:30:26'),(181,'A359',212.42,219.16,1,'2020-09-21 18:34:38','2021-03-27 14:30:26'),(182,'A388',261.65,238.62,1,'2020-09-21 18:34:38','2021-03-27 14:30:26'),(183,'A400',0.00,0.00,1,'2020-09-21 18:34:38','2021-03-27 13:49:09'),(184,'EFAN',0.00,0.00,0,'2020-09-21 18:34:38','2021-03-27 13:49:09'),(185,'VAH1',0.00,0.00,0,'2020-09-21 18:34:38','2021-03-27 13:49:09'),(186,'STAL',0.00,0.00,0,'2020-09-21 18:34:38','2021-03-27 13:49:10'),(187,'STAT',0.00,0.00,0,'2020-09-21 18:34:38','2021-03-27 13:49:10'),(188,'BU20',0.00,0.00,0,'2020-09-21 18:34:38','2021-03-27 13:49:10'),(189,'ATAC',0.00,0.00,0,'2020-09-21 18:34:38','2021-03-27 13:49:10'),(190,'ATIS',0.00,0.00,0,'2020-09-21 18:34:38','2021-03-27 13:49:10'),(191,'M360',0.00,0.00,0,'2020-09-21 18:34:38','2021-03-27 13:49:10'),(192,'ALSL',0.00,0.00,0,'2020-09-21 18:34:38','2021-03-27 13:49:10'),(193,'SLG2',0.00,0.00,0,'2020-09-21 18:34:38','2021-03-27 13:49:10'),(194,'SLG4',0.00,0.00,0,'2020-09-21 18:34:38','2021-03-27 13:49:10'),(195,'SNTA',0.00,0.00,0,'2020-09-21 18:34:38','2021-03-27 13:49:10'),(196,'I115',0.00,0.00,0,'2020-09-21 18:34:38','2021-03-27 13:49:10'),(197,'I11B',0.00,0.00,0,'2020-09-21 18:34:38','2021-03-27 13:49:10'),(198,'B13',0.00,0.00,0,'2020-09-21 18:34:38','2021-03-27 13:49:10'),(199,'D39',0.00,0.00,0,'2020-09-21 18:34:38','2021-03-27 13:49:10'),(200,'AK1',0.00,0.00,0,'2020-09-21 18:34:38','2021-03-27 13:49:10'),(201,'MU23',0.00,0.00,0,'2020-09-21 18:34:38','2021-03-27 13:49:10'),(202,'SCRO',0.00,0.00,0,'2020-09-21 18:34:38','2021-03-27 13:49:10'),(203,'MLER',0.00,0.00,0,'2020-09-21 18:34:38','2021-03-27 13:49:10'),(204,'G222',94.17,74.46,1,'2020-09-21 18:34:38','2021-03-27 14:30:26'),(205,'C27J',0.00,0.00,1,'2020-09-21 18:34:38','2021-03-27 13:49:10'),(206,'M346',31.89,37.69,0,'2020-09-21 18:34:38','2021-03-27 14:30:26'),(207,'M339',35.63,36.00,0,'2020-09-21 18:34:38','2021-03-27 14:30:26'),(208,'A211',0.00,0.00,0,'2020-09-21 18:34:38','2021-03-27 13:49:10'),(209,'PNR2',0.00,0.00,0,'2020-09-21 18:34:38','2021-03-27 13:49:10'),(210,'PNR3',0.00,0.00,0,'2020-09-21 18:34:38','2021-03-27 13:49:10'),(211,'PNR4',0.00,0.00,0,'2020-09-21 18:34:38','2021-03-27 13:49:11'),(212,'ALC1',0.00,0.00,0,'2020-09-21 18:34:38','2021-03-27 13:49:11'),(213,'POLI',0.00,0.00,0,'2020-09-21 18:34:38','2021-03-27 13:49:11'),(214,'SPOR',0.00,0.00,0,'2020-09-21 18:34:38','2021-03-27 13:49:11'),(215,'VIXN',0.00,0.00,0,'2020-09-21 18:34:38','2021-03-27 13:49:11'),(216,'TB05',0.00,0.00,0,'2020-09-21 18:34:38','2021-03-27 13:49:11'),(217,'CH65',0.00,0.00,0,'2020-09-21 18:34:38','2021-03-27 13:49:11'),(218,'CH75',0.00,0.00,0,'2020-09-21 18:34:38','2021-03-27 13:49:11'),(219,'MX1T',0.00,0.00,0,'2020-09-21 18:34:38','2021-03-27 13:49:11'),(220,'EAGT',0.00,0.00,0,'2020-09-21 18:34:38','2021-03-27 13:49:11'),(221,'VSON',0.00,0.00,0,'2020-09-21 18:34:38','2021-03-27 13:49:11'),(222,'FALC',0.00,0.00,0,'2020-09-21 18:34:38','2021-03-27 13:49:11'),(223,'AEA1',0.00,0.00,0,'2020-09-21 18:34:38','2021-03-27 13:49:11'),(224,'JDOE',0.00,0.00,0,'2020-09-21 18:34:38','2021-03-27 13:49:11'),(225,'BLBU',0.00,0.00,0,'2020-09-21 18:34:38','2021-03-27 13:49:11'),(226,'TARO',0.00,0.00,0,'2020-09-21 18:34:38','2021-03-27 13:49:11'),(227,'AN12',0.00,0.00,1,'2020-09-21 18:34:38','2021-03-27 13:49:11'),(228,'A124',0.00,0.00,1,'2020-09-21 18:34:38','2021-03-27 13:49:11'),(229,'A148',0.00,0.00,1,'2020-09-21 18:34:38','2021-03-27 13:49:11'),(230,'A158',0.00,0.00,1,'2020-09-21 18:34:38','2021-03-27 13:49:11'),(231,'A178',0.00,0.00,1,'2020-09-21 18:34:38','2021-03-27 13:49:11'),(232,'AN2',59.65,40.69,0,'2020-09-21 18:34:38','2021-03-27 14:30:27'),(233,'AN22',0.00,0.00,1,'2020-09-21 18:34:38','2021-03-27 13:49:11'),(234,'A225',0.00,0.00,1,'2020-09-21 18:34:38','2021-03-27 13:49:11'),(235,'AN24',0.00,0.00,1,'2020-09-21 18:34:38','2021-03-27 13:49:11'),(236,'AN26',0.00,0.00,1,'2020-09-21 18:34:38','2021-03-27 13:49:11'),(237,'AN3',0.00,0.00,0,'2020-09-21 18:34:38','2021-03-27 13:49:11'),(238,'AN30',0.00,0.00,1,'2020-09-21 18:34:38','2021-03-27 13:49:11'),(239,'AN32',0.00,0.00,1,'2020-09-21 18:34:38','2021-03-27 13:49:11'),(240,'AN38',0.00,0.00,0,'2020-09-21 18:34:38','2021-03-27 13:49:11'),(241,'AN70',0.00,0.00,1,'2020-09-21 18:34:38','2021-03-27 13:49:11'),(242,'AN72',104.63,92.10,1,'2020-09-21 18:34:38','2021-03-27 14:30:26'),(243,'A743',0.00,0.00,1,'2020-09-21 18:34:38','2021-03-27 13:49:12'),(244,'AN8',0.00,0.00,1,'2020-09-21 18:34:38','2021-03-27 13:49:12'),(245,'ZIA',0.00,0.00,0,'2020-09-21 18:34:38','2021-03-27 13:49:12'),(246,'A210',0.00,0.00,0,'2020-09-21 18:34:38','2021-03-27 13:49:12'),(247,'AR79',0.00,0.00,0,'2020-09-21 18:34:38','2021-03-27 13:49:12'),(248,'S4',0.00,0.00,0,'2020-09-21 18:34:38','2021-03-27 13:49:12'),(249,'ALIG',0.00,0.00,0,'2020-09-21 18:34:38','2021-03-27 13:49:12'),(250,'ARWF',0.00,0.00,0,'2020-09-21 18:34:38','2021-03-27 13:49:12'),(251,'YARR',0.00,0.00,0,'2020-09-21 18:34:38','2021-03-27 13:49:12'),(252,'BEVR',0.00,0.00,0,'2020-09-21 18:34:38','2021-03-27 13:49:12'),(253,'CHIN',0.00,0.00,0,'2020-09-21 18:34:38','2021-03-27 13:49:12'),(254,'L181',0.00,0.00,0,'2020-09-21 18:34:38','2021-03-27 13:49:12'),(255,'PAT2',0.00,0.00,0,'2020-09-21 18:34:38','2021-03-27 13:49:12'),(256,'ZEPH',0.00,0.00,0,'2020-09-21 18:34:38','2021-03-27 13:49:12'),(257,'FAET',0.00,0.00,0,'2020-09-21 18:34:38','2021-03-27 13:49:12'),(258,'ATG1',0.00,0.00,0,'2020-09-21 18:34:38','2021-03-27 13:49:12'),(259,'AM3',38.50,28.67,0,'2020-09-21 18:34:38','2021-03-27 14:30:26'),(260,'AT43',80.58,74.42,0,'2020-09-21 18:34:38','2021-03-27 14:30:26'),(261,'AT44',80.58,74.42,1,'2020-09-21 18:34:38','2021-03-27 14:30:26'),(262,'ADVE',0.00,0.00,0,'2020-09-21 18:34:38','2021-03-27 13:49:12'),(263,'AIGT',0.00,0.00,0,'2020-09-21 18:34:38','2021-03-27 13:49:13'),(264,'ALPI',0.00,0.00,0,'2020-09-21 18:34:38','2021-03-27 13:49:13'),(265,'AUJ4',0.00,0.00,0,'2020-09-21 18:34:38','2021-03-27 13:49:13'),(266,'AUJ2',0.00,0.00,0,'2020-09-21 18:34:38','2021-03-27 13:49:13'),(267,'ACAR',0.00,0.00,0,'2020-09-21 18:34:38','2021-03-27 13:49:13'),(268,'AUS9',0.00,0.00,0,'2020-09-21 18:34:38','2021-03-27 13:49:13'),(269,'AUS7',0.00,0.00,0,'2020-09-21 18:34:38','2021-03-27 13:49:13'),(270,'DRIF',0.00,0.00,0,'2020-09-21 18:34:38','2021-03-27 13:49:13'),(271,'UBAT',0.00,0.00,0,'2020-09-21 18:34:38','2021-03-27 13:49:13'),(272,'A27',0.00,0.00,0,'2020-09-21 18:34:38','2021-03-27 13:49:13'),(273,'A29',0.00,0.00,0,'2020-09-21 18:34:38','2021-03-27 13:49:13'),(274,'A35',0.00,0.00,0,'2020-09-21 18:34:38','2021-03-27 13:49:13'),(275,'A31',0.00,0.00,0,'2020-09-21 18:34:38','2021-03-27 13:49:13'),(276,'ACRD',0.00,0.00,0,'2020-09-21 18:34:38','2021-03-27 13:49:13'),(277,'LAKX',0.00,0.00,0,'2020-09-21 18:34:38','2021-03-27 13:49:13'),(278,'A16',0.00,0.00,0,'2020-09-21 18:34:38','2021-03-27 13:49:13'),(279,'VG3T',0.00,0.00,0,'2020-09-21 18:34:38','2021-03-27 13:49:13'),(280,'NIBB',0.00,0.00,0,'2020-09-21 18:34:38','2021-03-27 13:49:13'),(281,'P19',0.00,0.00,0,'2020-09-21 18:34:38','2021-03-27 13:49:13'),(282,'AC5M',0.00,0.00,0,'2020-09-21 18:34:39','2021-03-27 13:49:13'),(283,'ALBU',0.00,0.00,0,'2020-09-21 18:34:39','2021-03-27 13:49:13'),(284,'MGNM',0.00,0.00,0,'2020-09-21 18:34:39','2021-03-27 13:49:14'),(285,'CARV',0.00,0.00,1,'2020-09-21 18:34:39','2021-03-27 13:49:14'),(286,'MERK',0.00,0.00,0,'2020-09-21 18:34:39','2021-03-27 13:49:14'),(287,'MAGN',0.00,0.00,0,'2020-09-21 18:34:39','2021-03-27 13:49:14'),(288,'F1FV',0.00,0.00,0,'2020-09-21 18:34:39','2021-03-27 13:49:14'),(289,'A504',0.00,0.00,0,'2020-09-21 18:34:39','2021-03-27 13:49:14'),(290,'AVIN',0.00,0.00,0,'2020-09-21 18:34:39','2021-03-27 13:49:14'),(291,'ANSN',0.00,0.00,0,'2020-09-21 18:34:39','2021-03-27 13:49:14'),(292,'LANC',0.00,0.00,1,'2020-09-21 18:34:39','2021-03-27 13:49:14'),(293,'SHAC',0.00,0.00,1,'2020-09-21 18:34:39','2021-03-27 13:49:14'),(294,'TUTR',0.00,0.00,0,'2020-09-21 18:34:39','2021-03-27 13:49:14'),(295,'AVK4',0.00,0.00,0,'2020-09-21 18:34:39','2021-03-27 13:49:14'),(296,'FK12',0.00,0.00,0,'2020-09-21 18:34:39','2021-03-27 13:49:14'),(297,'FK14',0.00,0.00,0,'2020-09-21 18:34:39','2021-03-27 13:49:14'),(298,'FK9',0.00,0.00,0,'2020-09-21 18:34:39','2021-03-27 13:49:14'),(299,'DUCE',0.00,0.00,0,'2020-09-21 18:34:39','2021-03-27 13:49:14'),(300,'BAR6',0.00,0.00,0,'2020-09-21 18:34:39','2021-03-27 13:49:14'),(301,'V8SP',0.00,0.00,0,'2020-09-21 18:34:39','2021-03-27 13:49:14'),(302,'PUP',31.00,23.17,0,'2020-09-21 18:34:39','2021-03-27 14:30:26'),(303,'AIRD',36.33,26.33,0,'2020-09-21 18:34:39','2021-03-27 14:30:26'),(304,'AU11',0.00,0.00,0,'2020-09-21 18:34:39','2021-03-27 13:49:14'),(305,'BASS',55.00,33.67,0,'2020-09-21 18:34:39','2021-03-27 14:30:26'),(306,'D4',36.00,23.33,0,'2020-09-21 18:34:39','2021-03-27 14:30:26'),(307,'D6',0.00,0.00,0,'2020-09-21 18:34:39','2021-03-27 13:49:14'),(308,'BD12',0.00,0.00,0,'2020-09-21 18:34:39','2021-03-27 13:49:14'),(309,'BD17',0.00,0.00,0,'2020-09-21 18:34:39','2021-03-27 13:49:14'),(310,'BD5',0.00,0.00,0,'2020-09-21 18:34:39','2021-03-27 13:49:14'),(311,'BD5J',0.00,0.00,0,'2020-09-21 18:34:39','2021-03-27 13:49:14'),(312,'BD5T',0.00,0.00,0,'2020-09-21 18:34:39','2021-03-27 13:49:14'),(313,'BE18',49.67,35.25,0,'2020-09-21 18:34:39','2021-03-27 14:30:26'),(314,'U22',0.00,0.00,0,'2020-09-21 18:34:39','2021-03-27 13:49:14'),(315,'B190',57.75,57.67,0,'2020-09-21 18:34:39','2021-03-27 14:30:26'),(316,'BE10',45.92,39.92,0,'2020-09-21 18:34:39','2021-03-27 14:30:26'),(317,'BE17',0.00,0.00,0,'2020-09-21 18:34:39','2021-03-27 13:49:15'),(318,'BE19',0.00,0.00,0,'2020-09-21 18:34:39','2021-03-27 13:49:15'),(319,'BE20',57.92,46.67,0,'2020-09-21 18:34:39','2021-03-27 14:30:26'),(320,'BE23',0.00,0.00,0,'2020-09-21 18:34:39','2021-03-27 13:49:15'),(321,'BE24',0.00,0.00,0,'2020-09-21 18:34:39','2021-03-27 13:49:15'),(322,'BE30',57.92,46.67,0,'2020-09-21 18:34:39','2021-03-27 14:30:26'),(323,'BE40',43.50,48.42,0,'2020-09-21 18:34:39','2021-03-27 14:30:26'),(324,'BE4W',0.00,0.00,0,'2020-09-21 18:34:39','2021-03-27 13:49:15'),(325,'BE50',0.00,0.00,0,'2020-09-21 18:34:39','2021-03-27 13:49:15'),(326,'BE55',37.83,28.00,0,'2020-09-21 18:34:39','2021-03-27 14:30:26'),(327,'BE56',37.83,28.00,0,'2020-09-21 18:34:39','2021-03-27 14:30:26'),(328,'BE58',37.83,29.83,0,'2020-09-21 18:34:39','2021-03-27 14:30:26'),(329,'BE60',39.25,33.83,0,'2020-09-21 18:34:39','2021-03-27 14:30:26'),(330,'BE65',45.88,35.50,0,'2020-09-21 18:34:39','2021-03-27 14:30:26'),(331,'BE70',50.25,35.50,0,'2020-09-21 18:34:39','2021-03-27 14:30:26'),(332,'BE76',0.00,0.00,0,'2020-09-21 18:34:39','2021-03-27 13:49:15'),(333,'BE77',0.00,0.00,0,'2020-09-21 18:34:39','2021-03-27 13:49:15'),(334,'BE80',50.25,35.50,0,'2020-09-21 18:34:39','2021-03-27 14:30:26'),(335,'BE88',50.25,35.50,0,'2020-09-21 18:34:39','2021-03-27 14:30:26'),(336,'BE9T',54.50,35.50,0,'2020-09-21 18:34:39','2021-03-27 14:30:26'),(337,'BE9L',53.67,35.50,0,'2020-09-21 18:34:39','2021-03-27 14:30:26'),(338,'BE95',0.00,0.00,0,'2020-09-21 18:34:39','2021-03-27 13:49:15'),(339,'BE99',0.00,0.00,0,'2020-09-21 18:34:39','2021-03-27 13:49:15'),(340,'B58T',0.00,0.00,0,'2020-09-21 18:34:39','2021-03-27 13:49:15'),(341,'BE33',33.50,26.67,0,'2020-09-21 18:34:39','2021-03-27 14:30:26'),(342,'BE36',33.50,27.50,0,'2020-09-21 18:34:39','2021-03-27 14:30:26'),(343,'U21',0.00,0.00,0,'2020-09-21 18:34:39','2021-03-27 13:49:16'),(344,'BS60',0.00,0.00,0,'2020-09-21 18:34:39','2021-03-27 13:49:16'),(345,'GBSP',0.00,0.00,0,'2020-09-21 18:34:39','2021-03-27 13:49:16'),(346,'P39',0.00,0.00,0,'2020-09-21 18:34:39','2021-03-27 13:49:16'),(347,'P63',0.00,0.00,0,'2020-09-21 18:34:39','2021-03-27 13:49:16'),(348,'BL17',34.17,26.33,0,'2020-09-21 18:34:39','2021-03-27 14:30:26'),(349,'BL19',0.00,0.00,0,'2020-09-21 18:34:39','2021-03-27 13:49:16'),(350,'T250',0.00,0.00,0,'2020-09-21 18:34:39','2021-03-27 13:49:16'),(351,'PACE',0.00,0.00,0,'2020-09-21 18:34:39','2021-03-27 13:49:16'),(352,'B103',0.00,0.00,0,'2020-09-21 18:34:39','2021-03-27 13:49:16'),(353,'BER2',0.00,0.00,1,'2020-09-21 18:34:39','2021-03-27 13:49:16'),(354,'BE32',0.00,0.00,0,'2020-09-21 18:34:39','2021-03-27 13:49:16'),(355,'NNJA',0.00,0.00,0,'2020-09-21 18:34:39','2021-03-27 13:49:16'),(356,'SWAT',0.00,0.00,0,'2020-09-21 18:34:39','2021-03-27 13:49:16'),(357,'EB29',0.00,0.00,0,'2020-09-21 18:34:39','2021-03-27 13:49:16'),(358,'E29E',0.00,0.00,0,'2020-09-21 18:34:39','2021-03-27 13:49:16'),(359,'ETA',0.00,0.00,0,'2020-09-21 18:34:39','2021-03-27 13:49:17'),(360,'PRIM',0.00,0.00,0,'2020-09-21 18:34:39','2021-03-27 13:49:17'),(361,'GABR',0.00,0.00,0,'2020-09-21 18:34:39','2021-03-27 13:49:17'),(362,'BL11',0.00,0.00,0,'2020-09-21 18:34:39','2021-03-27 13:49:17'),(363,'EZHV',0.00,0.00,0,'2020-09-21 18:34:39','2021-03-27 13:49:17'),(364,'EZKC',0.00,0.00,0,'2020-09-21 18:34:39','2021-03-27 13:49:17'),(365,'EZFT',0.00,0.00,0,'2020-09-21 18:34:39','2021-03-27 13:49:17'),(366,'BO40',0.00,0.00,0,'2020-09-21 18:34:39','2021-03-27 13:49:17'),(367,'B720',130.83,136.75,1,'2020-09-21 18:34:39','2021-03-27 14:30:26'),(368,'YL15',0.00,0.00,0,'2020-09-21 18:34:39','2021-03-27 13:49:17'),(369,'B701',0.00,0.00,1,'2020-09-21 18:34:39','2021-03-27 13:49:17'),(370,'R721',0.00,0.00,1,'2020-09-21 18:34:39','2021-03-27 13:49:17'),(371,'R722',0.00,0.00,1,'2020-09-21 18:34:39','2021-03-27 13:49:17'),(372,'B3XM',0.00,0.00,1,'2020-09-21 18:34:40','2021-03-27 13:49:17'),(373,'B37M',0.00,0.00,1,'2020-09-21 18:34:40','2021-03-27 13:49:17'),(374,'B38M',0.00,0.00,1,'2020-09-21 18:34:40','2021-03-27 13:49:17'),(375,'B39M',0.00,0.00,1,'2020-09-21 18:34:40','2021-03-27 13:49:17'),(376,'E737',0.00,0.00,1,'2020-09-21 18:34:40','2021-03-27 13:49:18'),(377,'B741',195.67,231.83,1,'2020-09-21 18:34:40','2021-03-27 14:30:26'),(378,'B742',195.67,231.83,1,'2020-09-21 18:34:40','2021-03-27 14:30:26'),(379,'B743',195.67,231.83,1,'2020-09-21 18:34:40','2021-03-27 14:30:26'),(380,'B744',213.00,231.85,1,'2020-09-21 18:34:40','2021-03-27 14:30:26'),(381,'BLCF',0.00,0.00,1,'2020-09-21 18:34:40','2021-03-27 13:49:18'),(382,'B748',224.42,250.17,1,'2020-09-21 18:34:40','2021-03-27 14:30:26'),(383,'B74S',195.67,184.75,1,'2020-09-21 18:34:40','2021-03-27 14:30:26'),(384,'B74R',0.00,0.00,1,'2020-09-21 18:34:40','2021-03-27 13:49:19'),(385,'B762',156.08,159.17,1,'2020-09-21 18:34:40','2021-03-27 14:30:26'),(386,'B763',167.00,180.25,1,'2020-09-21 18:34:40','2021-03-27 14:30:26'),(387,'B764',170.33,201.33,1,'2020-09-21 18:34:40','2021-03-27 14:30:26'),(388,'B772',212.58,209.08,1,'2020-09-21 18:34:40','2021-03-27 14:30:26'),(389,'B77L',0.00,0.00,1,'2020-09-21 18:34:40','2021-03-27 13:49:19'),(390,'B773',212.58,209.08,1,'2020-09-21 18:34:40','2021-03-27 14:30:26'),(391,'B77W',212.58,242.33,1,'2020-09-21 18:34:40','2021-03-27 14:30:26'),(392,'B778',0.00,0.00,1,'2020-09-21 18:34:40','2021-03-27 13:49:19'),(393,'B779',0.00,0.00,1,'2020-09-21 18:34:40','2021-03-27 13:49:19'),(394,'B78X',197.25,224.08,1,'2020-09-21 18:34:40','2021-03-27 14:30:26'),(395,'B788',197.25,186.08,1,'2020-09-21 18:34:40','2021-03-27 14:30:26'),(396,'B789',197.25,206.08,1,'2020-09-21 18:34:40','2021-03-27 14:30:26'),(397,'B17',0.00,0.00,1,'2020-09-21 18:34:40','2021-03-27 13:49:19'),(398,'B29',0.00,0.00,1,'2020-09-21 18:34:40','2021-03-27 13:49:19'),(399,'B52',0.00,0.00,1,'2020-09-21 18:34:40','2021-03-27 13:49:19'),(400,'C135',0.00,0.00,1,'2020-09-21 18:34:40','2021-03-27 13:49:19'),(401,'K35R',0.00,0.00,1,'2020-09-21 18:34:40','2021-03-27 13:49:20'),(402,'C97',0.00,0.00,1,'2020-09-21 18:34:40','2021-03-27 13:49:20'),(403,'E3CF',0.00,0.00,1,'2020-09-21 18:34:40','2021-03-27 13:49:20'),(404,'E3TF',0.00,0.00,1,'2020-09-21 18:34:40','2021-03-27 13:49:20'),(405,'E767',0.00,0.00,1,'2020-09-21 18:34:40','2021-03-27 13:49:20'),(406,'F15',0.00,0.00,1,'2020-09-21 18:34:40','2021-03-27 13:49:20'),(407,'F18H',0.00,0.00,1,'2020-09-21 18:34:40','2021-03-27 13:49:20'),(408,'KE3',0.00,0.00,1,'2020-09-21 18:34:40','2021-03-27 13:49:20'),(409,'E6',0.00,0.00,1,'2020-09-21 18:34:40','2021-03-27 13:49:20'),(410,'P8',0.00,0.00,1,'2020-09-21 18:34:40','2021-03-27 13:49:20'),(411,'Q25',0.00,0.00,1,'2020-09-21 18:34:40','2021-03-27 13:49:20'),(412,'K35E',0.00,0.00,1,'2020-09-21 18:34:40','2021-03-27 13:49:20'),(413,'R135',0.00,0.00,1,'2020-09-21 18:34:40','2021-03-27 13:49:20'),(414,'X32',0.00,0.00,1,'2020-09-21 18:34:40','2021-03-27 13:49:20'),(415,'B60',0.00,0.00,0,'2020-09-21 18:34:40','2021-03-27 13:49:20'),(416,'GL5T',94.00,96.83,1,'2020-09-21 18:34:40','2021-03-27 14:30:26'),(417,'GL6T',0.00,0.00,1,'2020-09-21 18:34:40','2021-03-27 13:49:20'),(418,'GL7T',0.00,0.00,1,'2020-09-21 18:34:40','2021-03-27 13:49:20'),(419,'CL35',0.00,0.00,1,'2020-09-21 18:34:40','2021-03-27 13:49:20'),(420,'CRJX',0.00,0.00,1,'2020-09-21 18:34:40','2021-03-27 13:49:20'),(421,'BISC',0.00,0.00,0,'2020-09-21 18:34:40','2021-03-27 13:49:20'),(422,'FB1A',0.00,0.00,0,'2020-09-21 18:34:40','2021-03-27 13:49:20'),(423,'FB1B',0.00,0.00,0,'2020-09-21 18:34:40','2021-03-27 13:49:20'),(424,'BBAT',0.00,0.00,0,'2020-09-21 18:34:40','2021-03-27 13:49:20'),(425,'BX2',0.00,0.00,0,'2020-09-21 18:34:40','2021-03-27 13:49:20'),(426,'HB3',0.00,0.00,0,'2020-09-21 18:34:40','2021-03-27 13:49:21'),(427,'HB21',0.00,0.00,0,'2020-09-21 18:34:40','2021-03-27 13:49:21'),(428,'BREZ',0.00,0.00,0,'2020-09-21 18:34:40','2021-03-27 13:49:21'),(429,'ALIZ',0.00,0.00,0,'2020-09-21 18:34:40','2021-03-27 13:49:21'),(430,'BR14',0.00,0.00,0,'2020-09-21 18:34:40','2021-03-27 13:49:21'),(431,'BLEN',0.00,0.00,0,'2020-09-21 18:34:40','2021-03-27 13:49:21'),(432,'BFIT',0.00,0.00,0,'2020-09-21 18:34:40','2021-03-27 13:49:21'),(433,'JS31',0.00,0.00,0,'2020-09-21 18:34:40','2021-03-27 13:49:21'),(434,'JS32',0.00,0.00,0,'2020-09-21 18:34:40','2021-03-27 13:49:21'),(435,'A748',0.00,0.00,1,'2020-09-21 18:34:40','2021-03-27 13:49:21'),(436,'HAWK',0.00,0.00,0,'2020-09-21 18:34:40','2021-03-27 13:49:21'),(437,'JS41',60.00,18.83,0,'2020-09-21 18:34:40','2021-03-27 14:30:26'),(438,'BA11',93.50,93.50,1,'2020-09-21 18:34:40','2021-03-27 14:30:26'),(439,'STRK',0.00,0.00,0,'2020-09-21 18:34:40','2021-03-27 13:49:21'),(440,'BN2P',0.00,0.00,0,'2020-09-21 18:34:40','2021-03-27 13:49:21'),(441,'BN2T',49.00,36.00,0,'2020-09-21 18:34:40','2021-03-27 14:30:26'),(442,'NG5',0.00,0.00,0,'2020-09-21 18:34:40','2021-03-27 13:49:21'),(443,'BULT',0.00,0.00,0,'2020-09-21 18:34:40','2021-03-27 13:49:21'),(444,'BR60',0.00,0.00,0,'2020-09-21 18:34:40','2021-03-27 13:49:21'),(445,'BR61',0.00,0.00,0,'2020-09-21 18:34:40','2021-03-27 13:49:21'),(446,'OZZI',0.00,0.00,0,'2020-09-21 18:34:40','2021-03-27 13:49:21'),(447,'BCA3',0.00,0.00,0,'2020-09-21 18:34:40','2021-03-27 13:49:21'),(448,'ZULU',0.00,0.00,0,'2020-09-21 18:34:40','2021-03-27 13:49:21'),(449,'ONE',0.00,0.00,0,'2020-09-21 18:34:40','2021-03-27 13:49:21'),(450,'GY30',0.00,0.00,0,'2020-09-21 18:34:40','2021-03-27 13:49:21'),(451,'CHAN',0.00,0.00,0,'2020-09-21 18:34:40','2021-03-27 13:49:21'),(452,'TOXO',0.00,0.00,0,'2020-09-21 18:34:40','2021-03-27 13:49:21'),(453,'CLA',0.00,0.00,0,'2020-09-21 18:34:40','2021-03-27 13:49:21'),(454,'CAN4',0.00,0.00,0,'2020-09-21 18:34:40','2021-03-27 13:49:21'),(455,'GRIF',0.00,0.00,0,'2020-09-21 18:34:40','2021-03-27 13:49:21'),(456,'CL2P',0.00,0.00,1,'2020-09-21 18:34:40','2021-03-27 13:49:21'),(457,'CL2T',0.00,0.00,1,'2020-09-21 18:34:40','2021-03-27 13:49:22'),(458,'CL41',0.00,0.00,0,'2020-09-21 18:34:40','2021-03-27 13:49:22'),(459,'CL4G',0.00,0.00,1,'2020-09-21 18:34:40','2021-03-27 13:49:22'),(460,'CRJ9',0.00,0.00,1,'2020-09-21 18:34:40','2021-03-27 13:49:22'),(461,'TRAP',0.00,0.00,0,'2020-09-21 18:34:40','2021-03-27 13:49:22'),(462,'C22J',0.00,0.00,0,'2020-09-21 18:34:40','2021-03-27 13:49:22'),(463,'CYCL',0.00,0.00,0,'2020-09-21 18:34:40','2021-03-27 13:49:22'),(464,'SPR2',0.00,0.00,0,'2020-09-21 18:34:40','2021-03-27 13:49:22'),(465,'CL8',0.00,0.00,0,'2020-09-21 18:34:40','2021-03-27 13:49:22'),(466,'C212',0.00,0.00,0,'2020-09-21 18:34:40','2021-03-27 13:49:22'),(467,'C295',0.00,0.00,1,'2020-09-21 18:34:40','2021-03-27 13:49:22'),(468,'CN35',0.00,0.00,0,'2020-09-21 18:34:40','2021-03-27 13:49:22'),(469,'LMK1',0.00,0.00,0,'2020-09-21 18:34:40','2021-03-27 13:49:22'),(470,'C270',0.00,0.00,0,'2020-09-21 18:34:40','2021-03-27 13:49:22'),(471,'CG3',0.00,0.00,0,'2020-09-21 18:34:40','2021-03-27 13:49:22'),(472,'JN76',0.00,0.00,0,'2020-09-21 18:34:40','2021-03-27 13:49:22'),(473,'C309',0.00,0.00,0,'2020-09-21 18:34:40','2021-03-27 13:49:22'),(474,'C311',0.00,0.00,0,'2020-09-21 18:34:40','2021-03-27 13:49:22'),(475,'CEGL',0.00,0.00,0,'2020-09-21 18:34:40','2021-03-27 13:49:22'),(476,'DR22',0.00,0.00,0,'2020-09-21 18:34:40','2021-03-27 13:49:22'),(477,'D250',0.00,0.00,0,'2020-09-21 18:34:40','2021-03-27 13:49:22'),(478,'D253',0.00,0.00,0,'2020-09-21 18:34:40','2021-03-27 13:49:22'),(479,'CE43',0.00,0.00,0,'2020-09-21 18:34:40','2021-03-27 13:49:22'),(480,'C120',33.33,21.50,0,'2020-09-21 18:34:40','2021-03-27 14:30:26'),(481,'C140',33.33,21.50,0,'2020-09-21 18:34:40','2021-03-27 14:30:26'),(482,'C150',33.17,23.92,0,'2020-09-21 18:34:40','2021-03-27 14:30:26'),(483,'C152',33.17,24.08,0,'2020-09-21 18:34:40','2021-03-27 14:30:26'),(484,'C170',36.00,24.96,0,'2020-09-21 18:34:40','2021-03-27 14:30:26'),(485,'C172',36.08,27.17,0,'2020-09-21 18:34:40','2021-03-27 14:30:26'),(486,'C182',36.00,29.00,0,'2020-09-21 18:34:40','2021-03-27 14:30:26'),(487,'C190',36.17,27.33,0,'2020-09-21 18:34:40','2021-03-27 14:30:26'),(488,'C195',36.17,27.33,0,'2020-09-21 18:34:40','2021-03-27 14:30:26'),(489,'C205',36.17,27.33,0,'2020-09-21 18:34:40','2021-03-27 14:30:26'),(490,'C335',0.00,0.00,0,'2020-09-21 18:34:40','2021-03-27 13:49:23'),(491,'C340',38.11,43.33,0,'2020-09-21 18:34:40','2021-03-27 14:30:26'),(492,'C402',44.17,36.42,0,'2020-09-21 18:34:40','2021-03-27 14:30:26'),(493,'C411',39.85,33.50,0,'2020-09-21 18:34:40','2021-03-27 14:30:26'),(494,'C414',44.17,36.42,0,'2020-09-21 18:34:40','2021-03-27 14:30:26'),(495,'C162',30.00,22.80,0,'2020-09-21 18:34:40','2021-03-27 14:30:26'),(496,'C72R',36.08,27.17,0,'2020-09-21 18:34:40','2021-03-27 14:30:26'),(497,'C175',36.17,25.00,0,'2020-09-21 18:34:40','2021-03-27 14:30:26'),(498,'C177',35.50,27.25,0,'2020-09-21 18:34:40','2021-03-27 14:30:26'),(499,'C77R',35.50,27.25,0,'2020-09-21 18:34:40','2021-03-27 14:30:26'),(500,'C180',35.83,25.63,0,'2020-09-21 18:34:40','2021-03-27 14:30:26'),(501,'C82R',36.00,29.00,0,'2020-09-21 18:34:40','2021-03-27 14:30:26'),(502,'C185',35.83,25.63,0,'2020-09-21 18:34:40','2021-03-27 14:30:26'),(503,'C188',41.67,26.25,0,'2020-09-21 18:34:40','2021-03-27 14:30:26'),(504,'C06T',36.00,28.25,0,'2020-09-21 18:34:40','2021-03-27 14:30:26'),(505,'C206',36.00,28.25,0,'2020-09-21 18:34:40','2021-03-27 14:30:26'),(506,'C07T',36.17,27.33,0,'2020-09-21 18:34:40','2021-03-27 14:30:26'),(507,'C207',36.17,27.33,0,'2020-09-21 18:34:40','2021-03-27 14:30:26'),(508,'C208',52.08,37.58,0,'2020-09-21 18:34:40','2021-03-27 14:30:26'),(509,'C210',36.75,28.25,0,'2020-09-21 18:34:40','2021-03-27 14:30:26'),(510,'T37',0.00,0.00,0,'2020-09-21 18:34:40','2021-03-27 13:49:24'),(511,'C320',0.00,0.00,0,'2020-09-21 18:34:40','2021-03-27 13:49:24'),(512,'O1',0.00,0.00,0,'2020-09-21 18:34:40','2021-03-27 13:49:24'),(513,'C336',0.00,0.00,0,'2020-09-21 18:34:40','2021-03-27 13:49:24'),(514,'C337',38.00,29.75,0,'2020-09-21 18:34:41','2021-03-27 14:30:26'),(515,'C02T',44.17,36.42,0,'2020-09-21 18:34:41','2021-03-27 14:30:26'),(516,'C404',46.33,39.52,0,'2020-09-21 18:34:41','2021-03-27 14:30:26'),(517,'C04T',0.00,0.00,0,'2020-09-21 18:34:41','2021-03-27 13:49:24'),(518,'C408',0.00,0.00,0,'2020-09-21 18:34:41','2021-03-27 13:49:24'),(519,'C14T',0.00,0.00,0,'2020-09-21 18:34:41','2021-03-27 13:49:24'),(520,'C21T',0.00,0.00,0,'2020-09-21 18:34:41','2021-03-27 13:49:24'),(521,'C421',44.17,36.42,0,'2020-09-21 18:34:41','2021-03-27 14:30:26'),(522,'C425',44.17,35.83,0,'2020-09-21 18:34:41','2021-03-27 14:30:26'),(523,'C441',49.33,39.00,0,'2020-09-21 18:34:41','2021-03-27 14:30:26'),(524,'C510',43.17,40.58,0,'2020-09-21 18:34:41','2021-03-27 14:30:26'),(525,'C25M',47.25,42.58,0,'2020-09-21 18:34:41','2021-03-27 14:30:26'),(526,'C525',46.92,42.58,0,'2020-09-21 18:34:41','2021-03-27 14:30:26'),(527,'C25A',49.83,47.67,0,'2020-09-21 18:34:41','2021-03-27 14:30:26'),(528,'C25B',53.33,51.17,0,'2020-09-21 18:34:41','2021-03-27 14:30:26'),(529,'C25C',50.83,53.33,0,'2020-09-21 18:34:41','2021-03-27 14:30:26'),(530,'C526',46.79,42.58,0,'2020-09-21 18:34:41','2021-03-27 14:30:26'),(531,'C55B',0.00,0.00,0,'2020-09-21 18:34:41','2021-03-27 13:49:25'),(532,'C560',54.75,48.92,0,'2020-09-21 18:34:41','2021-03-27 14:30:26'),(533,'C56X',56.33,52.50,0,'2020-09-21 18:34:41','2021-03-27 14:30:26'),(534,'C650',53.50,55.50,0,'2020-09-21 18:34:41','2021-03-27 14:30:26'),(535,'C680',72.33,63.50,0,'2020-09-21 18:34:41','2021-03-27 14:30:26'),(536,'C68A',72.33,62.25,0,'2020-09-21 18:34:41','2021-03-27 14:30:26'),(537,'C700',0.00,0.00,1,'2020-09-21 18:34:41','2021-03-27 13:49:25'),(538,'C750',69.17,73.58,0,'2020-09-21 18:34:41','2021-03-27 14:30:26'),(539,'A37',35.86,28.28,0,'2020-09-21 18:34:41','2021-03-27 14:30:26'),(540,'T50',0.00,0.00,0,'2020-09-21 18:34:41','2021-03-27 13:49:25'),(541,'CAW',0.00,0.00,0,'2020-09-21 18:34:41','2021-03-27 13:49:25'),(542,'CMAS',0.00,0.00,0,'2020-09-21 18:34:41','2021-03-27 13:49:25'),(543,'C500',47.08,43.60,0,'2020-09-21 18:34:41','2021-03-27 14:30:26'),(544,'C501',47.08,43.60,0,'2020-09-21 18:34:41','2021-03-27 14:30:26'),(545,'C550',52.17,47.21,0,'2020-09-21 18:34:41','2021-03-27 14:30:26'),(546,'C551',52.17,47.21,0,'2020-09-21 18:34:41','2021-03-27 14:30:26'),(547,'CDC6',0.00,0.00,0,'2020-09-21 18:34:41','2021-03-27 13:49:25'),(548,'E350',0.00,0.00,0,'2020-09-21 18:34:41','2021-03-27 13:49:25'),(549,'E530',0.00,0.00,0,'2020-09-21 18:34:41','2021-03-27 13:49:25'),(550,'CNGP',0.00,0.00,0,'2020-09-21 18:34:41','2021-03-27 13:49:25'),(551,'C10T',36.75,28.25,0,'2020-09-21 18:34:41','2021-03-27 14:30:26'),(552,'C310',36.92,32.00,0,'2020-09-21 18:34:41','2021-03-27 14:30:26'),(553,'T206',0.00,0.00,0,'2020-09-21 18:34:41','2021-03-27 13:49:26'),(554,'T210',0.00,0.00,0,'2020-09-21 18:34:41','2021-03-27 13:49:26'),(555,'C240',0.00,0.00,0,'2020-09-21 18:34:41','2021-03-27 13:49:26'),(556,'C303',39.04,30.42,0,'2020-09-21 18:34:41','2021-03-27 14:30:26'),(557,'C82T',0.00,0.00,0,'2020-09-21 18:34:41','2021-03-27 13:49:26'),(558,'C82S',0.00,0.00,0,'2020-09-21 18:34:41','2021-03-27 13:49:26'),(559,'STST',0.00,0.00,0,'2020-09-21 18:34:41','2021-03-27 13:49:26'),(560,'JRC1',0.00,0.00,0,'2020-09-21 18:34:41','2021-03-27 13:49:26'),(561,'CH7A',35.00,21.50,0,'2020-09-21 18:34:41','2021-03-27 14:30:26'),(562,'CH7B',34.50,22.08,0,'2020-09-21 18:34:41','2021-03-27 14:30:26'),(563,'BL8',36.17,23.00,0,'2020-09-21 18:34:41','2021-03-27 14:30:26'),(564,'CH40',0.00,0.00,0,'2020-09-21 18:34:41','2021-03-27 13:49:26'),(565,'YC12',0.00,0.00,0,'2020-09-21 18:34:41','2021-03-27 13:49:26'),(566,'J10',0.00,0.00,1,'2020-09-21 18:34:41','2021-03-27 13:49:26'),(567,'J20',0.00,0.00,1,'2020-09-21 18:34:41','2021-03-27 13:49:26'),(568,'LEOP',0.00,0.00,0,'2020-09-21 18:34:41','2021-03-27 13:49:26'),(569,'CDW1',0.00,0.00,0,'2020-09-21 18:34:41','2021-03-27 13:49:26'),(570,'MCOU',0.00,0.00,0,'2020-09-21 18:34:41','2021-03-27 13:49:27'),(571,'HUSK',0.00,0.00,0,'2020-09-21 18:34:41','2021-03-27 13:49:27'),(572,'EAGL',0.00,0.00,0,'2020-09-21 18:34:41','2021-03-27 13:49:27'),(573,'CN12',0.00,0.00,0,'2020-09-21 18:34:41','2021-03-27 13:49:27'),(574,'SF50',38.67,30.67,0,'2020-09-21 18:34:41','2021-03-27 14:30:26'),(575,'SR20',38.33,26.00,0,'2020-09-21 18:34:41','2021-03-27 14:30:26'),(576,'SR22',38.33,26.00,0,'2020-09-21 18:34:41','2021-03-27 14:30:26'),(577,'S22T',0.00,0.00,0,'2020-09-21 18:34:41','2021-03-27 13:49:27'),(578,'VK3P',0.00,0.00,0,'2020-09-21 18:34:41','2021-03-27 13:49:27'),(579,'CAD4',0.00,0.00,0,'2020-09-21 18:34:41','2021-03-27 13:49:27'),(580,'CD2',0.00,0.00,0,'2020-09-21 18:34:41','2021-03-27 13:49:27'),(581,'CO50',0.00,0.00,0,'2020-09-21 18:34:41','2021-03-27 13:49:27'),(582,'COAR',0.00,0.00,0,'2020-09-21 18:34:41','2021-03-27 13:49:27'),(583,'BE35',33.50,25.08,0,'2020-09-21 18:34:41','2021-03-27 14:30:26'),(584,'CMA3',0.00,0.00,0,'2020-09-21 18:34:41','2021-03-27 13:49:27'),(585,'AJ27',0.00,0.00,1,'2020-09-21 18:34:41','2021-03-27 13:49:27'),(586,'C919',0.00,0.00,1,'2020-09-21 18:34:41','2021-03-27 13:49:27'),(587,'CA19',0.00,0.00,0,'2020-09-21 18:34:41','2021-03-27 13:49:27'),(588,'CA25',0.00,0.00,0,'2020-09-21 18:34:41','2021-03-27 13:49:27'),(589,'WIRR',0.00,0.00,0,'2020-09-21 18:34:41','2021-03-27 13:49:27'),(590,'CA1T',0.00,0.00,0,'2020-09-21 18:34:41','2021-03-27 13:49:27'),(591,'CA12',0.00,0.00,0,'2020-09-21 18:34:41','2021-03-27 13:49:27'),(592,'CA3',0.00,0.00,0,'2020-09-21 18:34:41','2021-03-27 13:49:27'),(593,'CA4',0.00,0.00,0,'2020-09-21 18:34:41','2021-03-27 13:49:27'),(594,'CA6',0.00,0.00,0,'2020-09-21 18:34:41','2021-03-27 13:49:27'),(595,'CA8',0.00,0.00,0,'2020-09-21 18:34:41','2021-03-27 13:49:27'),(596,'CA9',0.00,0.00,0,'2020-09-21 18:34:41','2021-03-27 13:49:27'),(597,'CAJ',0.00,0.00,0,'2020-09-21 18:34:41','2021-03-27 13:49:27'),(598,'CA7P',0.00,0.00,0,'2020-09-21 18:34:41','2021-03-27 13:49:27'),(599,'CA7T',0.00,0.00,0,'2020-09-21 18:34:41','2021-03-27 13:49:27'),(600,'VIVA',0.00,0.00,0,'2020-09-21 18:34:41','2021-03-27 13:49:27'),(601,'B24',0.00,0.00,1,'2020-09-21 18:34:41','2021-03-27 13:49:27'),(602,'P4Y',0.00,0.00,1,'2020-09-21 18:34:41','2021-03-27 13:49:27'),(603,'F106',0.00,0.00,0,'2020-09-21 18:34:41','2021-03-27 13:49:27'),(604,'CVLP',0.00,0.00,1,'2020-09-21 18:34:41','2021-03-27 13:49:27'),(605,'CJ1',0.00,0.00,0,'2020-09-21 18:34:41','2021-03-27 13:49:27'),(606,'CA41',0.00,0.00,0,'2020-09-21 18:34:41','2021-03-27 13:49:27'),(607,'JC01',0.00,0.00,0,'2020-09-21 18:34:41','2021-03-27 13:49:27'),(608,'JC02',0.00,0.00,0,'2020-09-21 18:34:41','2021-03-27 13:49:27'),(609,'COZJ',0.00,0.00,0,'2020-09-21 18:34:41','2021-03-27 13:49:27'),(610,'IR99',0.00,0.00,0,'2020-09-21 18:34:41','2021-03-27 13:49:27'),(611,'CRA1',0.00,0.00,0,'2020-09-21 18:34:41','2021-03-27 13:49:27'),(612,'CAT1',0.00,0.00,0,'2020-09-21 18:34:41','2021-03-27 13:49:27'),(613,'CAT2',0.00,0.00,0,'2020-09-21 18:34:41','2021-03-27 13:49:27'),(614,'EC6',0.00,0.00,0,'2020-09-21 18:34:41','2021-03-27 13:49:28'),(615,'CC19',0.00,0.00,0,'2020-09-21 18:34:41','2021-03-27 13:49:28'),(616,'MOCU',0.00,0.00,0,'2020-09-21 18:34:41','2021-03-27 13:49:28'),(617,'CPUP',0.00,0.00,0,'2020-09-21 18:34:41','2021-03-27 13:49:28'),(618,'CULP',0.00,0.00,0,'2020-09-21 18:34:41','2021-03-27 13:49:28'),(619,'CULV',0.00,0.00,0,'2020-09-21 18:34:41','2021-03-27 13:49:28'),(620,'C46',0.00,0.00,1,'2020-09-21 18:34:41','2021-03-27 13:49:28'),(621,'CRBN',0.00,0.00,0,'2020-09-21 18:34:41','2021-03-27 13:49:28'),(622,'P40',0.00,0.00,0,'2020-09-21 18:34:41','2021-03-27 13:49:28'),(623,'BSTR',0.00,0.00,0,'2020-09-21 18:34:41','2021-03-27 13:49:28'),(624,'LSTR',0.00,0.00,0,'2020-09-21 18:34:41','2021-03-27 13:49:28'),(625,'NSTR',0.00,0.00,0,'2020-09-21 18:34:41','2021-03-27 13:49:28'),(626,'CA65',0.00,0.00,0,'2020-09-21 18:34:41','2021-03-27 13:49:28'),(627,'CA61',0.00,0.00,0,'2020-09-21 18:34:41','2021-03-27 13:49:28'),(628,'PROT',0.00,0.00,0,'2020-09-21 18:34:41','2021-03-27 13:49:28'),(629,'RNGR',0.00,0.00,0,'2020-09-21 18:34:41','2021-03-27 13:49:28'),(630,'DFL6',0.00,0.00,0,'2020-09-21 18:34:41','2021-03-27 13:49:28'),(631,'D201',0.00,0.00,0,'2020-09-21 18:34:41','2021-03-27 13:49:28'),(632,'SRAS',0.00,0.00,0,'2020-09-21 18:34:41','2021-03-27 13:49:28'),(633,'DRTG',0.00,0.00,0,'2020-09-21 18:34:41','2021-03-27 13:49:28'),(634,'ATLA',122.77,103.75,1,'2020-09-21 18:34:41','2021-03-27 14:30:26'),(635,'ETAR',0.00,0.00,0,'2020-09-21 18:34:41','2021-03-27 13:49:29'),(636,'FA10',42.92,45.48,0,'2020-09-21 18:34:41','2021-03-27 14:30:27'),(637,'FA20',53.50,56.25,0,'2020-09-21 18:34:41','2021-03-27 14:30:27'),(638,'F2TH',70.17,66.33,1,'2020-09-21 18:34:41','2021-03-27 14:30:26'),(639,'FA5X',0.00,0.00,1,'2020-09-21 18:34:41','2021-03-27 13:49:29'),(640,'FA7X',86.00,76.08,1,'2020-09-21 18:34:41','2021-03-27 14:30:26'),(641,'FA8X',0.00,0.00,1,'2020-09-21 18:34:41','2021-03-27 13:49:29'),(642,'F900',70.17,66.31,1,'2020-09-21 18:34:41','2021-03-27 14:30:27'),(643,'FLAM',0.00,0.00,0,'2020-09-21 18:34:41','2021-03-27 13:49:29'),(644,'MRF1',0.00,0.00,0,'2020-09-21 18:34:41','2021-03-27 13:49:29'),(645,'MYS4',0.00,0.00,0,'2020-09-21 18:34:41','2021-03-27 13:49:29'),(646,'RFAL',0.00,0.00,1,'2020-09-21 18:34:41','2021-03-27 13:49:29'),(647,'SMB2',0.00,0.00,0,'2020-09-21 18:34:41','2021-03-27 13:49:29'),(648,'MIR2',29.92,47.75,0,'2020-09-21 18:34:41','2021-03-27 14:30:27'),(649,'DA2',0.00,0.00,0,'2020-09-21 18:34:41','2021-03-27 13:49:29'),(650,'DA5',0.00,0.00,0,'2020-09-21 18:34:41','2021-03-27 13:49:29'),(651,'DHC1',0.00,0.00,0,'2020-09-21 18:34:41','2021-03-27 13:49:29'),(652,'DH88',0.00,0.00,0,'2020-09-21 18:34:41','2021-03-27 13:49:29'),(653,'DOVE',0.00,0.00,0,'2020-09-21 18:34:41','2021-03-27 13:49:29'),(654,'DH82',0.00,0.00,0,'2020-09-21 18:34:41','2021-03-27 13:49:29'),(655,'DH84',0.00,0.00,0,'2020-09-21 18:34:41','2021-03-27 13:49:29'),(656,'DH89',0.00,0.00,0,'2020-09-21 18:34:41','2021-03-27 13:49:29'),(657,'DH90',0.00,0.00,0,'2020-09-21 18:34:41','2021-03-27 13:49:29'),(658,'DH83',0.00,0.00,0,'2020-09-21 18:34:41','2021-03-27 13:49:29'),(659,'DH87',0.00,0.00,0,'2020-09-21 18:34:41','2021-03-27 13:49:29'),(660,'DH85',0.00,0.00,0,'2020-09-21 18:34:41','2021-03-27 13:49:29'),(661,'MOSQ',0.00,0.00,0,'2020-09-21 18:34:41','2021-03-27 13:49:29'),(662,'DH94',0.00,0.00,0,'2020-09-21 18:34:41','2021-03-27 13:49:29'),(663,'DH80',0.00,0.00,0,'2020-09-21 18:34:41','2021-03-27 13:49:29'),(664,'HERN',0.00,0.00,0,'2020-09-21 18:34:41','2021-03-27 13:49:29'),(665,'DH60',0.00,0.00,0,'2020-09-21 18:34:41','2021-03-27 13:49:29'),(666,'DHA3',0.00,0.00,0,'2020-09-21 18:34:41','2021-03-27 13:49:29'),(667,'DHC2',48.00,30.25,0,'2020-09-21 18:34:41','2021-03-27 14:30:27'),(668,'DH2T',0.00,0.00,0,'2020-09-21 18:34:41','2021-03-27 13:49:29'),(669,'DHC3',0.00,0.00,0,'2020-09-21 18:34:41','2021-03-27 13:49:29'),(670,'DH3T',0.00,0.00,0,'2020-09-21 18:34:41','2021-03-27 13:49:30'),(671,'DHC4',0.00,0.00,0,'2020-09-21 18:34:41','2021-03-27 13:49:30'),(672,'DH4T',0.00,0.00,0,'2020-09-21 18:34:41','2021-03-27 13:49:30'),(673,'DHC5',0.00,0.00,1,'2020-09-21 18:34:41','2021-03-27 13:49:30'),(674,'DHC7',93.00,80.50,1,'2020-09-21 18:34:41','2021-03-27 14:30:26'),(675,'WBOO',0.00,0.00,0,'2020-09-21 18:34:41','2021-03-27 13:49:30'),(676,'COBR',0.00,0.00,0,'2020-09-21 18:34:41','2021-03-27 13:49:30'),(677,'CAD2',0.00,0.00,0,'2020-09-21 18:34:41','2021-03-27 13:49:30'),(678,'RD20',0.00,0.00,0,'2020-09-21 18:34:41','2021-03-27 13:49:30'),(679,'DG1T',0.00,0.00,0,'2020-09-21 18:34:41','2021-03-27 13:49:30'),(680,'LS10',0.00,0.00,0,'2020-09-21 18:34:41','2021-03-27 13:49:30'),(681,'DA36',0.00,0.00,0,'2020-09-21 18:34:41','2021-03-27 13:49:30'),(682,'DA50',44.00,29.50,0,'2020-09-21 18:34:41','2021-03-27 14:30:27'),(683,'DA62',47.83,30.08,0,'2020-09-21 18:34:41','2021-03-27 14:30:27'),(684,'DT45',0.00,0.00,0,'2020-09-21 18:34:41','2021-03-27 13:49:30'),(685,'DJET',0.00,0.00,0,'2020-09-21 18:34:41','2021-03-27 13:49:30'),(686,'DA40',39.17,26.25,0,'2020-09-21 18:34:41','2021-03-27 14:30:27'),(687,'DA42',44.50,28.08,0,'2020-09-21 18:34:41','2021-03-27 14:30:27'),(688,'ERAC',0.00,0.00,0,'2020-09-21 18:34:41','2021-03-27 13:49:30'),(689,'DIJ3',0.00,0.00,0,'2020-09-21 18:34:41','2021-03-27 13:49:30'),(690,'IA46',0.00,0.00,0,'2020-09-21 18:34:41','2021-03-27 13:49:30'),(691,'ALTO',0.00,0.00,0,'2020-09-21 18:34:41','2021-03-27 13:49:30'),(692,'D139',0.00,0.00,0,'2020-09-21 18:34:41','2021-03-27 13:49:30'),(693,'AJET',29.90,43.42,0,'2020-09-21 18:34:41','2021-03-27 14:30:27'),(694,'D28D',0.00,0.00,0,'2020-09-21 18:34:41','2021-03-27 13:49:30'),(695,'DO28',0.00,0.00,0,'2020-09-21 18:34:41','2021-03-27 13:49:30'),(696,'D28T',0.00,0.00,0,'2020-09-21 18:34:41','2021-03-27 13:49:30'),(697,'DO27',0.00,0.00,0,'2020-09-21 18:34:41','2021-03-27 13:49:30'),(698,'BU33',21.65,19.69,0,'2020-09-21 18:34:42','2021-03-27 14:30:26'),(699,'A20',0.00,0.00,0,'2020-09-21 18:34:42','2021-03-27 13:49:30'),(700,'SBD',0.00,0.00,0,'2020-09-21 18:34:42','2021-03-27 13:49:30'),(701,'A3',0.00,0.00,1,'2020-09-21 18:34:42','2021-03-27 13:49:30'),(702,'A1',0.00,0.00,0,'2020-09-21 18:34:42','2021-03-27 13:49:30'),(703,'B23',0.00,0.00,0,'2020-09-21 18:34:42','2021-03-27 13:49:30'),(704,'DC2',0.00,0.00,0,'2020-09-21 18:34:42','2021-03-27 13:49:30'),(705,'DC3',95.17,64.67,0,'2020-09-21 18:34:42','2021-03-27 14:30:26'),(706,'DC4',0.00,0.00,1,'2020-09-21 18:34:42','2021-03-27 13:49:31'),(707,'DC6',0.00,0.00,1,'2020-09-21 18:34:42','2021-03-27 13:49:31'),(708,'DC7',0.00,0.00,1,'2020-09-21 18:34:42','2021-03-27 13:49:31'),(709,'DC3S',0.00,0.00,0,'2020-09-21 18:34:42','2021-03-27 13:49:31'),(710,'DV2',0.00,0.00,0,'2020-09-21 18:34:42','2021-03-27 13:49:31'),(711,'B14B',0.00,0.00,0,'2020-09-21 18:34:42','2021-03-27 13:49:31'),(712,'TNDR',0.00,0.00,0,'2020-09-21 18:34:42','2021-03-27 13:49:31'),(713,'DSLK',0.00,0.00,0,'2020-09-21 18:34:42','2021-03-27 13:49:31'),(714,'D5TU',0.00,0.00,0,'2020-09-21 18:34:42','2021-03-27 13:49:31'),(715,'DUR5',0.00,0.00,0,'2020-09-21 18:34:42','2021-03-27 13:49:31'),(716,'RD03',0.00,0.00,0,'2020-09-21 18:34:42','2021-03-27 13:49:31'),(717,'JD2',0.00,0.00,0,'2020-09-21 18:34:42','2021-03-27 13:49:31'),(718,'CR10',0.00,0.00,0,'2020-09-21 18:34:42','2021-03-27 13:49:31'),(719,'MCR1',0.00,0.00,0,'2020-09-21 18:34:42','2021-03-27 13:49:31'),(720,'MCR4',0.00,0.00,0,'2020-09-21 18:34:42','2021-03-27 13:49:31'),(721,'MCRR',0.00,0.00,0,'2020-09-21 18:34:42','2021-03-27 13:49:31'),(722,'TWIR',0.00,0.00,0,'2020-09-21 18:34:42','2021-03-27 13:49:31'),(723,'SBM3',0.00,0.00,0,'2020-09-21 18:34:42','2021-03-27 13:49:31'),(724,'E7BH',0.00,0.00,0,'2020-09-21 18:34:42','2021-03-27 13:49:31'),(725,'ACR2',21.67,18.85,0,'2020-09-21 18:34:42','2021-03-27 14:30:25'),(726,'BIPL',0.00,0.00,0,'2020-09-21 18:34:42','2021-03-27 13:49:31'),(727,'ACRO',19.58,17.50,0,'2020-09-21 18:34:42','2021-03-27 14:30:25'),(728,'DW1',0.00,0.00,0,'2020-09-21 18:34:42','2021-03-27 13:49:31'),(729,'EAGX',0.00,0.00,0,'2020-09-21 18:34:42','2021-03-27 13:49:31'),(730,'ES13',0.00,0.00,0,'2020-09-21 18:34:42','2021-03-27 13:49:31'),(731,'EA40',0.00,0.00,0,'2020-09-21 18:34:42','2021-03-27 13:49:31'),(732,'EA50',37.25,33.08,0,'2020-09-21 18:34:42','2021-03-27 14:30:27'),(733,'VR20',0.00,0.00,0,'2020-09-21 18:34:42','2021-03-27 13:49:31'),(734,'JK05',0.00,0.00,0,'2020-09-21 18:34:42','2021-03-27 13:49:31'),(735,'KR30',0.00,0.00,0,'2020-09-21 18:34:42','2021-03-27 13:49:31'),(736,'C365',0.00,0.00,0,'2020-09-21 18:34:42','2021-03-27 13:49:31'),(737,'DWD2',0.00,0.00,0,'2020-09-21 18:34:42','2021-03-27 13:49:31'),(738,'ELTR',0.00,0.00,0,'2020-09-21 18:34:42','2021-03-27 13:49:31'),(739,'EL20',0.00,0.00,0,'2020-09-21 18:34:42','2021-03-27 13:49:31'),(740,'SIGM',0.00,0.00,0,'2020-09-21 18:34:42','2021-03-27 13:49:31'),(741,'LXR',0.00,0.00,0,'2020-09-21 18:34:42','2021-03-27 13:49:32'),(742,'CHR1',0.00,0.00,0,'2020-09-21 18:34:42','2021-03-27 13:49:32'),(743,'CHR4',0.00,0.00,0,'2020-09-21 18:34:42','2021-03-27 13:49:32'),(744,'AMX',0.00,0.00,0,'2020-09-21 18:34:42','2021-03-27 13:49:32'),(745,'E314',36.54,37.33,0,'2020-09-21 18:34:42','2021-03-27 14:30:27'),(746,'E275',0.00,0.00,1,'2020-09-21 18:34:42','2021-03-27 13:49:32'),(747,'E290',0.00,0.00,1,'2020-09-21 18:34:42','2021-03-27 13:49:32'),(748,'E295',0.00,0.00,1,'2020-09-21 18:34:42','2021-03-27 13:49:32'),(749,'E110',50.25,50.33,0,'2020-09-21 18:34:42','2021-03-27 14:30:27'),(750,'E50P',40.33,42.08,0,'2020-09-21 18:34:42','2021-03-27 14:30:27'),(751,'E120',64.92,65.67,0,'2020-09-21 18:34:42','2021-03-27 14:30:27'),(752,'E121',48.67,44.08,0,'2020-09-21 18:34:42','2021-03-27 14:30:27'),(753,'E45X',68.92,98.00,1,'2020-09-21 18:34:42','2021-03-27 14:30:27'),(754,'E75L',0.00,0.00,1,'2020-09-21 18:34:42','2021-03-27 13:49:32'),(755,'E75S',0.00,0.00,1,'2020-09-21 18:34:42','2021-03-27 13:49:32'),(756,'E55P',52.17,51.33,0,'2020-09-21 18:34:42','2021-03-27 14:30:27'),(757,'E545',0.00,0.00,1,'2020-09-21 18:34:42','2021-03-27 13:49:32'),(758,'E550',0.00,0.00,1,'2020-09-21 18:34:42','2021-03-27 13:49:32'),(759,'KC39',0.00,0.00,1,'2020-09-21 18:34:42','2021-03-27 13:49:32'),(760,'E35L',65.75,86.42,1,'2020-09-21 18:34:42','2021-03-27 14:30:27'),(761,'TPIL',0.00,0.00,0,'2020-09-21 18:34:42','2021-03-27 13:49:32'),(762,'LTNG',0.00,0.00,1,'2020-09-21 18:34:42','2021-03-27 13:49:32'),(763,'EPER',0.00,0.00,0,'2020-09-21 18:34:42','2021-03-27 13:49:32'),(764,'EPX1',0.00,0.00,0,'2020-09-21 18:34:42','2021-03-27 13:49:32'),(765,'EPIC',0.00,0.00,0,'2020-09-21 18:34:42','2021-03-27 13:49:32'),(766,'ELIT',0.00,0.00,0,'2020-09-21 18:34:42','2021-03-27 13:49:32'),(767,'ESCA',0.00,0.00,0,'2020-09-21 18:34:42','2021-03-27 13:49:32'),(768,'EVIC',0.00,0.00,0,'2020-09-21 18:34:42','2021-03-27 13:49:32'),(769,'J177',0.00,0.00,0,'2020-09-21 18:34:42','2021-03-27 13:49:33'),(770,'JFOX',0.00,0.00,0,'2020-09-21 18:34:42','2021-03-27 13:49:33'),(771,'SR01',0.00,0.00,0,'2020-09-21 18:34:42','2021-03-27 13:49:33'),(772,'NMCU',0.00,0.00,0,'2020-09-21 18:34:42','2021-03-27 13:49:33'),(773,'EUFI',0.00,0.00,1,'2020-09-21 18:34:42','2021-03-27 13:49:33'),(774,'FLSH',0.00,0.00,0,'2020-09-21 18:34:42','2021-03-27 13:49:33'),(775,'FB5',0.00,0.00,0,'2020-09-21 18:34:42','2021-03-27 13:49:33'),(776,'ATTL',0.00,0.00,0,'2020-09-21 18:34:42','2021-03-27 13:49:33'),(777,'EUPA',0.00,0.00,0,'2020-09-21 18:34:42','2021-03-27 13:49:33'),(778,'EVAN',0.00,0.00,0,'2020-09-21 18:34:42','2021-03-27 13:49:33'),(779,'VP2',0.00,0.00,0,'2020-09-21 18:34:42','2021-03-27 13:49:33'),(780,'EV55',0.00,0.00,0,'2020-09-21 18:34:42','2021-03-27 13:49:33'),(781,'EV97',0.00,0.00,0,'2020-09-21 18:34:42','2021-03-27 13:49:33'),(782,'EVSS',0.00,0.00,0,'2020-09-21 18:34:42','2021-03-27 13:49:33'),(783,'VUT1',0.00,0.00,0,'2020-09-21 18:34:42','2021-03-27 13:49:33'),(784,'SJET',0.00,0.00,0,'2020-09-21 18:34:42','2021-03-27 13:49:33'),(785,'GR51',0.00,0.00,0,'2020-09-21 18:34:42','2021-03-27 13:49:33'),(786,'ELPS',0.00,0.00,0,'2020-09-21 18:34:42','2021-03-27 13:49:33'),(787,'EX5T',0.00,0.00,0,'2020-09-21 18:34:42','2021-03-27 13:49:33'),(788,'E200',0.00,0.00,0,'2020-09-21 18:34:42','2021-03-27 13:49:33'),(789,'E230',0.00,0.00,0,'2020-09-21 18:34:42','2021-03-27 13:49:33'),(790,'E300',0.00,0.00,0,'2020-09-21 18:34:42','2021-03-27 13:49:33'),(791,'E400',0.00,0.00,0,'2020-09-21 18:34:42','2021-03-27 13:49:33'),(792,'E500',0.00,0.00,0,'2020-09-21 18:34:42','2021-03-27 13:49:33'),(793,'EXNG',0.00,0.00,0,'2020-09-21 18:34:42','2021-03-27 13:49:33'),(794,'VAMP',0.00,0.00,0,'2020-09-21 18:34:42','2021-03-27 13:49:33'),(795,'VNOM',0.00,0.00,0,'2020-09-21 18:34:42','2021-03-27 13:49:33'),(796,'A10',0.00,0.00,1,'2020-09-21 18:34:42','2021-03-27 13:49:33'),(797,'C119',0.00,0.00,1,'2020-09-21 18:34:42','2021-03-27 13:49:33'),(798,'C123',0.00,0.00,1,'2020-09-21 18:34:42','2021-03-27 13:49:33'),(799,'C82',0.00,0.00,1,'2020-09-21 18:34:42','2021-03-27 13:49:33'),(800,'FA24',0.00,0.00,0,'2020-09-21 18:34:42','2021-03-27 13:49:33'),(801,'FA11',0.00,0.00,0,'2020-09-21 18:34:42','2021-03-27 13:49:33'),(802,'D328',68.83,69.67,0,'2020-09-21 18:34:42','2021-03-27 14:30:27'),(803,'FFLY',0.00,0.00,0,'2020-09-21 18:34:42','2021-03-27 13:49:33'),(804,'GANT',0.00,0.00,0,'2020-09-21 18:34:42','2021-03-27 13:49:34'),(805,'SWOR',0.00,0.00,0,'2020-09-21 18:34:42','2021-03-27 13:49:34'),(806,'FJR3',0.00,0.00,0,'2020-09-21 18:34:42','2021-03-27 13:49:34'),(807,'LN27',0.00,0.00,0,'2020-09-21 18:34:42','2021-03-27 13:49:34'),(808,'FS51',0.00,0.00,0,'2020-09-21 18:34:42','2021-03-27 13:49:34'),(809,'ALGR',0.00,0.00,0,'2020-09-21 18:34:42','2021-03-27 13:49:34'),(810,'FG01',0.00,0.00,0,'2020-09-21 18:34:42','2021-03-27 13:49:34'),(811,'KEST',0.00,0.00,0,'2020-09-21 18:34:42','2021-03-27 13:49:34'),(812,'TR26',0.00,0.00,0,'2020-09-21 18:34:42','2021-03-27 13:49:34'),(813,'AS02',0.00,0.00,0,'2020-09-21 18:34:42','2021-03-27 13:49:34'),(814,'AS2T',0.00,0.00,0,'2020-09-21 18:34:42','2021-03-27 13:49:34'),(815,'EURT',0.00,0.00,0,'2020-09-21 18:34:42','2021-03-27 13:49:34'),(816,'G46',0.00,0.00,0,'2020-09-21 18:34:42','2021-03-27 13:49:34'),(817,'G59',0.00,0.00,0,'2020-09-21 18:34:42','2021-03-27 13:49:34'),(818,'FE51',0.00,0.00,0,'2020-09-21 18:34:42','2021-03-27 13:49:34'),(819,'FIKD',0.00,0.00,0,'2020-09-21 18:34:42','2021-03-27 13:49:34'),(820,'FIKE',0.00,0.00,0,'2020-09-21 18:34:42','2021-03-27 13:49:34'),(821,'FLCO',0.00,0.00,0,'2020-09-21 18:34:42','2021-03-27 13:49:34'),(822,'DAKH',0.00,0.00,0,'2020-09-21 18:34:42','2021-03-27 13:49:34'),(823,'TMOT',0.00,0.00,0,'2020-09-21 18:34:42','2021-03-27 13:49:34'),(824,'CLBR',0.00,0.00,0,'2020-09-21 18:34:42','2021-03-27 13:49:34'),(825,'CULX',0.00,0.00,0,'2020-09-21 18:34:42','2021-03-27 13:49:34'),(826,'HORZ',0.00,0.00,0,'2020-09-21 18:34:42','2021-03-27 13:49:34'),(827,'SCTR',0.00,0.00,0,'2020-09-21 18:34:42','2021-03-27 13:49:34'),(828,'SHRT',0.00,0.00,0,'2020-09-21 18:34:42','2021-03-27 13:49:34'),(829,'FA02',0.00,0.00,0,'2020-09-21 18:34:42','2021-03-27 13:49:34'),(830,'FA04',0.00,0.00,0,'2020-09-21 18:34:42','2021-03-27 13:49:35'),(831,'FA01',0.00,0.00,0,'2020-09-21 18:34:42','2021-03-27 13:49:35'),(832,'FA03',0.00,0.00,0,'2020-09-21 18:34:42','2021-03-27 13:49:35'),(833,'FLE2',0.00,0.00,0,'2020-09-21 18:34:42','2021-03-27 13:49:35'),(834,'FINC',0.00,0.00,0,'2020-09-21 18:34:42','2021-03-27 13:49:35'),(835,'FLE7',0.00,0.00,0,'2020-09-21 18:34:42','2021-03-27 13:49:35'),(836,'FA62',0.00,0.00,0,'2020-09-21 18:34:42','2021-03-27 13:49:35'),(837,'FORT',0.00,0.00,0,'2020-09-21 18:34:42','2021-03-27 13:49:35'),(838,'FDCT',0.00,0.00,0,'2020-09-21 18:34:42','2021-03-27 13:49:35'),(839,'FDMC',0.00,0.00,0,'2020-09-21 18:34:42','2021-03-27 13:49:35'),(840,'KL10',0.00,0.00,0,'2020-09-21 18:34:42','2021-03-27 13:49:35'),(841,'CAPL',0.00,0.00,0,'2020-09-21 18:34:42','2021-03-27 13:49:35'),(842,'FLIZ',0.00,0.00,0,'2020-09-21 18:34:42','2021-03-27 13:49:35'),(843,'KRIC',0.00,0.00,0,'2020-09-21 18:34:42','2021-03-27 13:49:35'),(844,'STCH',0.00,0.00,0,'2020-09-21 18:34:42','2021-03-27 13:49:35'),(845,'SYNC',0.00,0.00,0,'2020-09-21 18:34:42','2021-03-27 13:49:35'),(846,'TEXA',0.00,0.00,0,'2020-09-21 18:34:42','2021-03-27 13:49:35'),(847,'FM25',0.00,0.00,0,'2020-09-21 18:34:42','2021-03-27 13:49:35'),(848,'EBOY',0.00,0.00,0,'2020-09-21 18:34:42','2021-03-27 13:49:35'),(849,'IA50',0.00,0.00,0,'2020-09-21 18:34:42','2021-03-27 13:49:35'),(850,'IA51',0.00,0.00,0,'2020-09-21 18:34:42','2021-03-27 13:49:35'),(851,'IA58',0.00,0.00,0,'2020-09-21 18:34:42','2021-03-27 13:49:35'),(852,'QALT',0.00,0.00,0,'2020-09-21 18:34:42','2021-03-27 13:49:35'),(853,'FW90',0.00,0.00,0,'2020-09-21 18:34:42','2021-03-27 13:49:35'),(854,'FW44',0.00,0.00,0,'2020-09-21 18:34:42','2021-03-27 13:49:35'),(855,'F60',0.00,0.00,1,'2020-09-21 18:34:42','2021-03-27 13:49:35'),(856,'D7',0.00,0.00,0,'2020-09-21 18:34:42','2021-03-27 13:49:35'),(857,'D8',0.00,0.00,0,'2020-09-21 18:34:42','2021-03-27 13:49:35'),(858,'DR1',0.00,0.00,0,'2020-09-21 18:34:42','2021-03-27 13:49:36'),(859,'S11',0.00,0.00,0,'2020-09-21 18:34:42','2021-03-27 13:49:36'),(860,'SUNV',0.00,0.00,0,'2020-09-21 18:34:42','2021-03-27 13:49:36'),(861,'TRIM',0.00,0.00,0,'2020-09-21 18:34:42','2021-03-27 13:49:36'),(862,'CENT',0.00,0.00,0,'2020-09-21 18:34:42','2021-03-27 13:49:36'),(863,'FBA2',0.00,0.00,0,'2020-09-21 18:34:42','2021-03-27 13:49:36'),(864,'FW19',0.00,0.00,0,'2020-09-21 18:34:42','2021-03-27 13:49:36'),(865,'FW21',0.00,0.00,0,'2020-09-21 18:34:42','2021-03-27 13:49:36'),(866,'RF10',0.00,0.00,0,'2020-09-21 18:34:42','2021-03-27 13:49:36'),(867,'RF3',0.00,0.00,0,'2020-09-21 18:34:42','2021-03-27 13:49:36'),(868,'RF47',0.00,0.00,0,'2020-09-21 18:34:42','2021-03-27 13:49:36'),(869,'TERR',0.00,0.00,0,'2020-09-21 18:34:42','2021-03-27 13:49:36'),(870,'FREE',0.00,0.00,0,'2020-09-21 18:34:42','2021-03-27 13:49:36'),(871,'PHNX',0.00,0.00,0,'2020-09-21 18:34:42','2021-03-27 13:49:36'),(872,'FBIR',0.00,0.00,0,'2020-09-21 18:34:42','2021-03-27 13:49:36'),(873,'FRON',0.00,0.00,0,'2020-09-21 18:34:42','2021-03-27 13:49:36'),(874,'VF2',0.00,0.00,0,'2020-09-21 18:34:42','2021-03-27 13:49:36'),(875,'SUBA',0.00,0.00,0,'2020-09-21 18:34:42','2021-03-27 13:49:36'),(876,'T5',0.00,0.00,0,'2020-09-21 18:34:42','2021-03-27 13:49:36'),(877,'T34P',33.32,28.71,0,'2020-09-21 18:34:42','2021-03-27 14:30:26'),(878,'T1',0.00,0.00,0,'2020-09-21 18:34:42','2021-03-27 13:49:36'),(879,'T34T',0.00,0.00,0,'2020-09-21 18:34:42','2021-03-27 13:49:36'),(880,'T7',0.00,0.00,0,'2020-09-21 18:34:42','2021-03-27 13:49:36'),(881,'KM2',0.00,0.00,0,'2020-09-21 18:34:42','2021-03-27 13:49:36'),(882,'FNKB',0.00,0.00,0,'2020-09-21 18:34:42','2021-03-27 13:49:36'),(883,'NOMA',54.17,41.17,0,'2020-09-21 18:34:42','2021-03-27 14:30:26'),(884,'GB1',0.00,0.00,0,'2020-09-21 18:34:42','2021-03-27 13:49:36'),(885,'DINO',0.00,0.00,0,'2020-09-21 18:34:42','2021-03-27 13:49:36'),(886,'GY10',0.00,0.00,0,'2020-09-21 18:34:42','2021-03-27 13:49:36'),(887,'MEL2',0.00,0.00,0,'2020-09-21 18:34:42','2021-03-27 13:49:36'),(888,'AG02',0.00,0.00,0,'2020-09-21 18:34:42','2021-03-27 13:49:37'),(889,'GAVI',0.00,0.00,0,'2020-09-21 18:34:42','2021-03-27 13:49:37'),(890,'G180',0.00,0.00,0,'2020-09-21 18:34:42','2021-03-27 13:49:37'),(891,'Q1',0.00,0.00,0,'2020-09-21 18:34:42','2021-03-27 13:49:37'),(892,'Q9',0.00,0.00,0,'2020-09-21 18:34:42','2021-03-27 13:49:37'),(893,'ARON',0.00,0.00,0,'2020-09-21 18:34:42','2021-03-27 13:49:37'),(894,'CNDR',0.00,0.00,0,'2020-09-21 18:34:42','2021-03-27 13:49:37'),(895,'PINO',0.00,0.00,0,'2020-09-21 18:34:42','2021-03-27 13:49:37'),(896,'PEGA',0.00,0.00,0,'2020-09-21 18:34:42','2021-03-27 13:49:37'),(897,'F111',0.00,0.00,1,'2020-09-21 18:34:42','2021-03-27 13:49:37'),(898,'F16',0.00,0.00,0,'2020-09-21 18:34:42','2021-03-27 13:49:37'),(899,'G200',0.00,0.00,0,'2020-09-21 18:34:42','2021-03-27 13:49:37'),(900,'G202',0.00,0.00,0,'2020-09-21 18:34:42','2021-03-27 13:49:37'),(901,'CP22',0.00,0.00,0,'2020-09-21 18:34:42','2021-03-27 13:49:37'),(902,'G300',0.00,0.00,0,'2020-09-21 18:34:42','2021-03-27 13:49:37'),(903,'GA10',0.00,0.00,0,'2020-09-21 18:34:42','2021-03-27 13:49:37'),(904,'GA8',0.00,0.00,0,'2020-09-21 18:34:42','2021-03-27 13:49:37'),(905,'GA20',0.00,0.00,0,'2020-09-21 18:34:42','2021-03-27 13:49:37'),(906,'DG40',0.00,0.00,0,'2020-09-21 18:34:42','2021-03-27 13:49:37'),(907,'DG50',0.00,0.00,0,'2020-09-21 18:34:42','2021-03-27 13:49:37'),(908,'DG60',0.00,0.00,0,'2020-09-21 18:34:42','2021-03-27 13:49:37'),(909,'DG80',0.00,0.00,0,'2020-09-21 18:34:42','2021-03-27 13:49:37'),(910,'SG70',0.00,0.00,0,'2020-09-21 18:34:42','2021-03-27 13:49:37'),(911,'GAUN',0.00,0.00,0,'2020-09-21 18:34:42','2021-03-27 13:49:37'),(912,'GLAD',0.00,0.00,0,'2020-09-21 18:34:42','2021-03-27 13:49:37'),(913,'METR',0.00,0.00,0,'2020-09-21 18:34:42','2021-03-27 13:49:37'),(914,'PRET',0.00,0.00,0,'2020-09-21 18:34:42','2021-03-27 13:49:37'),(915,'GOTR',0.00,0.00,0,'2020-09-21 18:34:42','2021-03-27 13:49:37'),(916,'AAT4',0.00,0.00,0,'2020-09-21 18:34:42','2021-03-27 13:49:37'),(917,'F30',0.00,0.00,0,'2020-09-21 18:34:42','2021-03-27 13:49:37'),(918,'TBR3',0.00,0.00,0,'2020-09-21 18:34:42','2021-03-27 13:49:37'),(919,'RF9',0.00,0.00,0,'2020-09-21 18:34:42','2021-03-27 13:49:37'),(920,'LION',0.00,0.00,0,'2020-09-21 18:34:43','2021-03-27 13:49:37'),(921,'GRFN',0.00,0.00,0,'2020-09-21 18:34:43','2021-03-27 13:49:37'),(922,'G800',0.00,0.00,0,'2020-09-21 18:34:43','2021-03-27 13:49:37'),(923,'G15T',0.00,0.00,0,'2020-09-21 18:34:43','2021-03-27 13:49:37'),(924,'G115',0.00,0.00,0,'2020-09-21 18:34:43','2021-03-27 13:49:37'),(925,'G120',0.00,0.00,0,'2020-09-21 18:34:43','2021-03-27 13:49:37'),(926,'G12T',0.00,0.00,0,'2020-09-21 18:34:43','2021-03-27 13:49:38'),(927,'G140',0.00,0.00,0,'2020-09-21 18:34:43','2021-03-27 13:49:38'),(928,'GSPN',0.00,0.00,0,'2020-09-21 18:34:43','2021-03-27 13:49:38'),(929,'GF20',0.00,0.00,0,'2020-09-21 18:34:43','2021-03-27 13:49:38'),(930,'G109',0.00,0.00,0,'2020-09-21 18:34:43','2021-03-27 13:49:38'),(931,'G160',0.00,0.00,0,'2020-09-21 18:34:43','2021-03-27 13:49:38'),(932,'EGRT',0.00,0.00,0,'2020-09-21 18:34:43','2021-03-27 13:49:38'),(933,'G103',0.00,0.00,0,'2020-09-21 18:34:43','2021-03-27 13:49:38'),(934,'G70',0.00,0.00,0,'2020-09-21 18:34:43','2021-03-27 13:49:38'),(935,'TRAL',0.00,0.00,0,'2020-09-21 18:34:43','2021-03-27 13:49:38'),(936,'EAEA',0.00,0.00,0,'2020-09-21 18:34:43','2021-03-27 13:49:38'),(937,'WHIS',0.00,0.00,0,'2020-09-21 18:34:43','2021-03-27 13:49:38'),(938,'A6',0.00,0.00,1,'2020-09-21 18:34:43','2021-03-27 13:49:38'),(939,'V1',0.00,0.00,0,'2020-09-21 18:34:43','2021-03-27 13:49:38'),(940,'TBM',0.00,0.00,0,'2020-09-21 18:34:43','2021-03-27 13:49:38'),(941,'BCAT',0.00,0.00,0,'2020-09-21 18:34:43','2021-03-27 13:49:38'),(942,'G96',0.00,0.00,0,'2020-09-21 18:34:43','2021-03-27 13:49:38'),(943,'C2',0.00,0.00,1,'2020-09-21 18:34:43','2021-03-27 13:49:38'),(944,'F14',0.00,0.00,1,'2020-09-21 18:34:43','2021-03-27 13:49:38'),(945,'F9F',0.00,0.00,0,'2020-09-21 18:34:43','2021-03-27 13:49:38'),(946,'HCAT',0.00,0.00,0,'2020-09-21 18:34:43','2021-03-27 13:49:38'),(947,'G159',0.00,0.00,0,'2020-09-21 18:34:43','2021-03-27 13:49:38'),(948,'TCAT',0.00,0.00,0,'2020-09-21 18:34:43','2021-03-27 13:49:38'),(949,'S2P',0.00,0.00,0,'2020-09-21 18:34:43','2021-03-27 13:49:38'),(950,'WCAT',0.00,0.00,0,'2020-09-21 18:34:43','2021-03-27 13:49:38'),(951,'MD3R',0.00,0.00,0,'2020-09-21 18:34:43','2021-03-27 13:49:38'),(952,'P27',0.00,0.00,0,'2020-09-21 18:34:43','2021-03-27 13:49:38'),(953,'G1',0.00,0.00,0,'2020-09-21 18:34:43','2021-03-27 13:49:38'),(954,'JL9',0.00,0.00,0,'2020-09-21 18:34:43','2021-03-27 13:49:38'),(955,'GA5C',0.00,0.00,1,'2020-09-21 18:34:43','2021-03-27 13:49:39'),(956,'GA6C',95.00,96.08,1,'2020-09-21 18:34:43','2021-03-27 14:30:27'),(957,'GLF6',99.58,99.75,1,'2020-09-21 18:34:43','2021-03-27 14:30:27'),(958,'GA7C',0.00,0.00,1,'2020-09-21 18:34:43','2021-03-27 13:49:39'),(959,'AA1',24.42,19.25,0,'2020-09-21 18:34:43','2021-03-27 14:30:26'),(960,'GLF2',77.83,79.92,1,'2020-09-21 18:34:43','2021-03-27 14:30:27'),(961,'GLF3',77.83,83.08,1,'2020-09-21 18:34:43','2021-03-27 14:30:27'),(962,'SC01',0.00,0.00,0,'2020-09-21 18:34:43','2021-03-27 13:49:39'),(963,'HLD4',0.00,0.00,0,'2020-09-21 18:34:43','2021-03-27 13:49:39'),(964,'WH4',0.00,0.00,0,'2020-09-21 18:34:43','2021-03-27 13:49:39'),(965,'AFOX',0.00,0.00,0,'2020-09-21 18:34:43','2021-03-27 13:49:39'),(966,'SAFF',0.00,0.00,0,'2020-09-21 18:34:43','2021-03-27 13:49:39'),(967,'Y12F',0.00,0.00,0,'2020-09-21 18:34:43','2021-03-27 13:49:39'),(968,'Y12',0.00,0.00,0,'2020-09-21 18:34:43','2021-03-27 13:49:39'),(969,'Y11',0.00,0.00,0,'2020-09-21 18:34:43','2021-03-27 13:49:39'),(970,'MRAM',0.00,0.00,0,'2020-09-21 18:34:43','2021-03-27 13:49:39'),(971,'HROC',0.00,0.00,0,'2020-09-21 18:34:43','2021-03-27 13:49:39'),(972,'LS2',0.00,0.00,0,'2020-09-21 18:34:43','2021-03-27 13:49:39'),(973,'CYGT',0.00,0.00,0,'2020-09-21 18:34:43','2021-03-27 13:49:39'),(974,'HIND',0.00,0.00,0,'2020-09-21 18:34:43','2021-03-27 13:49:39'),(975,'HUNT',0.00,0.00,0,'2020-09-21 18:34:43','2021-03-27 13:49:39'),(976,'FURY',0.00,0.00,0,'2020-09-21 18:34:43','2021-03-27 13:49:39'),(977,'SHAW',0.00,0.00,0,'2020-09-21 18:34:43','2021-03-27 13:49:39'),(978,'HURI',0.00,0.00,0,'2020-09-21 18:34:43','2021-03-27 13:49:39'),(979,'HA4T',61.75,69.17,1,'2020-09-21 18:34:43','2021-03-27 14:30:27'),(980,'BUC',0.00,0.00,1,'2020-09-21 18:34:43','2021-03-27 13:49:39'),(981,'GNAT',0.00,0.00,0,'2020-09-21 18:34:43','2021-03-27 13:49:39'),(982,'H25A',0.00,0.00,0,'2020-09-21 18:34:43','2021-03-27 13:49:39'),(983,'H202',0.00,0.00,0,'2020-09-21 18:34:43','2021-03-27 13:49:39'),(984,'H207',0.00,0.00,0,'2020-09-21 18:34:43','2021-03-27 13:49:39'),(985,'HB23',0.00,0.00,0,'2020-09-21 18:34:43','2021-03-27 13:49:40'),(986,'H204',0.00,0.00,0,'2020-09-21 18:34:43','2021-03-27 13:49:40'),(987,'H111',73.80,53.30,0,'2020-09-21 18:34:43','2021-03-27 14:30:26'),(988,'COUR',0.00,0.00,0,'2020-09-21 18:34:43','2021-03-27 13:49:40'),(989,'STLN',0.00,0.00,0,'2020-09-21 18:34:43','2021-03-27 13:49:40'),(990,'TCOU',0.00,0.00,0,'2020-09-21 18:34:43','2021-03-27 13:49:40'),(991,'A140',0.00,0.00,1,'2020-09-21 18:34:43','2021-03-27 13:49:40'),(992,'SHOR',0.00,0.00,0,'2020-09-21 18:34:43','2021-03-27 13:49:40'),(993,'HA31',0.00,0.00,0,'2020-09-21 18:34:43','2021-03-27 13:49:40'),(994,'HT32',0.00,0.00,0,'2020-09-21 18:34:43','2021-03-27 13:49:40'),(995,'HT16',0.00,0.00,0,'2020-09-21 18:34:43','2021-03-27 13:49:40'),(996,'HT36',0.00,0.00,0,'2020-09-21 18:34:43','2021-03-27 13:49:40'),(997,'HT2',0.00,0.00,0,'2020-09-21 18:34:43','2021-03-27 13:49:40'),(998,'HT34',0.00,0.00,0,'2020-09-21 18:34:43','2021-03-27 13:49:40'),(999,'AR11',36.00,20.83,0,'2020-09-21 18:34:43','2021-03-27 14:30:26'),(1000,'HI27',0.00,0.00,0,'2020-09-21 18:34:43','2021-03-27 13:49:40'),(1001,'SATA',0.00,0.00,0,'2020-09-21 18:34:43','2021-03-27 13:49:40'),(1002,'HPZL',0.00,0.00,0,'2020-09-21 18:34:43','2021-03-27 13:49:40'),(1003,'HRYA',0.00,0.00,0,'2020-09-21 18:34:43','2021-03-27 13:49:40'),(1004,'DV20',0.00,0.00,0,'2020-09-21 18:34:43','2021-03-27 13:49:40'),(1005,'DIMO',0.00,0.00,0,'2020-09-21 18:34:43','2021-03-27 13:49:40'),(1006,'H40',0.00,0.00,0,'2020-09-21 18:34:43','2021-03-27 13:49:40'),(1007,'PGEE',0.00,0.00,0,'2020-09-21 18:34:43','2021-03-27 13:49:40'),(1008,'HDJT',0.00,0.00,0,'2020-09-21 18:34:43','2021-03-27 13:49:40'),(1009,'MH02',0.00,0.00,0,'2020-09-21 18:34:43','2021-03-27 13:49:40'),(1010,'L15',0.00,0.00,0,'2020-09-21 18:34:43','2021-03-27 13:49:40'),(1011,'BBIR',0.00,0.00,0,'2020-09-21 18:34:43','2021-03-27 13:49:40'),(1012,'DG15',0.00,0.00,0,'2020-09-21 18:34:43','2021-03-27 13:49:40'),(1013,'LWIN',0.00,0.00,0,'2020-09-21 18:34:43','2021-03-27 13:49:41'),(1014,'LW20',0.00,0.00,0,'2020-09-21 18:34:43','2021-03-27 13:49:41'),(1015,'LW40',0.00,0.00,0,'2020-09-21 18:34:43','2021-03-27 13:49:41'),(1016,'PRBP',0.00,0.00,0,'2020-09-21 18:34:43','2021-03-27 13:49:41'),(1017,'PRBR',0.00,0.00,0,'2020-09-21 18:34:43','2021-03-27 13:49:41'),(1018,'PRPR',0.00,0.00,0,'2020-09-21 18:34:43','2021-03-27 13:49:41'),(1019,'TT62',0.00,0.00,0,'2020-09-21 18:34:43','2021-03-27 13:49:41'),(1020,'M1SC',0.00,0.00,0,'2020-09-21 18:34:43','2021-03-27 13:49:41'),(1021,'MOTO',0.00,0.00,0,'2020-09-21 18:34:43','2021-03-27 13:49:41'),(1022,'TTRS',0.00,0.00,0,'2020-09-21 18:34:43','2021-03-27 13:49:41'),(1023,'HUML',0.00,0.00,0,'2020-09-21 18:34:43','2021-03-27 13:49:41'),(1024,'JPRO',0.00,0.00,0,'2020-09-21 18:34:43','2021-03-27 13:49:41'),(1025,'HD34',0.00,0.00,1,'2020-09-21 18:34:43','2021-03-27 13:49:41'),(1026,'CICA',0.00,0.00,0,'2020-09-21 18:34:43','2021-03-27 13:49:41'),(1027,'ARVA',0.00,0.00,0,'2020-09-21 18:34:43','2021-03-27 13:49:41'),(1028,'WW23',44.79,52.25,0,'2020-09-21 18:34:43','2021-03-27 14:30:27'),(1029,'JCOM',44.79,55.58,0,'2020-09-21 18:34:43','2021-03-27 14:30:26'),(1030,'MIRA',0.00,0.00,0,'2020-09-21 18:34:43','2021-03-27 13:49:41'),(1031,'GALX',58.08,62.25,0,'2020-09-21 18:34:43','2021-03-27 14:30:27'),(1032,'ASTR',58.08,62.25,0,'2020-09-21 18:34:43','2021-03-27 14:30:27'),(1033,'G150',55.58,56.75,0,'2020-09-21 18:34:43','2021-03-27 14:30:27'),(1034,'G250',0.00,0.00,1,'2020-09-21 18:34:43','2021-03-27 13:49:41'),(1035,'G280',63.00,66.83,1,'2020-09-21 18:34:43','2021-03-27 14:30:27'),(1036,'KFIR',0.00,0.00,0,'2020-09-21 18:34:43','2021-03-27 13:49:41'),(1037,'WW24',44.79,52.25,0,'2020-09-21 18:34:43','2021-03-27 14:30:27'),(1038,'I66',0.00,0.00,0,'2020-09-21 18:34:43','2021-03-27 13:49:41'),(1039,'IR46',0.00,0.00,0,'2020-09-21 18:34:43','2021-03-27 13:49:41'),(1040,'A270',0.00,0.00,0,'2020-09-21 18:34:43','2021-03-27 13:49:41'),(1041,'URRA',0.00,0.00,0,'2020-09-21 18:34:43','2021-03-27 13:49:41'),(1042,'GMGC',0.00,0.00,0,'2020-09-21 18:34:43','2021-03-27 13:49:41'),(1043,'MAGC',0.00,0.00,0,'2020-09-21 18:34:43','2021-03-27 13:49:41'),(1044,'IR21',0.00,0.00,0,'2020-09-21 18:34:43','2021-03-27 13:49:41'),(1045,'IR23',0.00,0.00,0,'2020-09-21 18:34:43','2021-03-27 13:49:41'),(1046,'IR24',0.00,0.00,0,'2020-09-21 18:34:43','2021-03-27 13:49:41'),(1047,'IR22',0.00,0.00,0,'2020-09-21 18:34:43','2021-03-27 13:49:41'),(1048,'IR27',0.00,0.00,0,'2020-09-21 18:34:43','2021-03-27 13:49:41'),(1049,'I828',0.00,0.00,0,'2020-09-21 18:34:43','2021-03-27 13:49:41'),(1050,'IS28',0.00,0.00,0,'2020-09-21 18:34:43','2021-03-27 13:49:41'),(1051,'IR28',0.00,0.00,0,'2020-09-21 18:34:43','2021-03-27 13:49:41'),(1052,'IR31',0.00,0.00,0,'2020-09-21 18:34:43','2021-03-27 13:49:41'),(1053,'IR25',0.00,0.00,0,'2020-09-21 18:34:43','2021-03-27 13:49:42'),(1054,'SVNH',0.00,0.00,0,'2020-09-21 18:34:43','2021-03-27 13:49:42'),(1055,'SA2',0.00,0.00,0,'2020-09-21 18:34:43','2021-03-27 13:49:42'),(1056,'VNTR',0.00,0.00,0,'2020-09-21 18:34:43','2021-03-27 13:49:42'),(1057,'GENI',0.00,0.00,0,'2020-09-21 18:34:43','2021-03-27 13:49:42'),(1058,'SKAR',0.00,0.00,0,'2020-09-21 18:34:43','2021-03-27 13:49:42'),(1059,'SPAR',0.00,0.00,0,'2020-09-21 18:34:43','2021-03-27 13:49:42'),(1060,'AI10',0.00,0.00,0,'2020-09-21 18:34:43','2021-03-27 13:49:42'),(1061,'C42',0.00,0.00,0,'2020-09-21 18:34:43','2021-03-27 13:49:42'),(1062,'A50',0.00,0.00,1,'2020-09-21 18:34:43','2021-03-27 13:49:42'),(1063,'I103',0.00,0.00,0,'2020-09-21 18:34:43','2021-03-27 13:49:42'),(1064,'I114',0.00,0.00,1,'2020-09-21 18:34:43','2021-03-27 13:49:42'),(1065,'IL14',0.00,0.00,1,'2020-09-21 18:34:43','2021-03-27 13:49:42'),(1066,'IL18',0.00,0.00,1,'2020-09-21 18:34:43','2021-03-27 13:49:42'),(1067,'IL28',0.00,0.00,1,'2020-09-21 18:34:43','2021-03-27 13:49:42'),(1068,'IL38',0.00,0.00,1,'2020-09-21 18:34:43','2021-03-27 13:49:42'),(1069,'IL76',0.00,0.00,1,'2020-09-21 18:34:43','2021-03-27 13:49:42'),(1070,'IL86',0.00,0.00,1,'2020-09-21 18:34:43','2021-03-27 13:49:42'),(1071,'IL96',0.00,0.00,1,'2020-09-21 18:34:43','2021-03-27 13:49:42'),(1072,'IMPU',0.00,0.00,0,'2020-09-21 18:34:43','2021-03-27 13:49:42'),(1073,'C101',0.00,0.00,0,'2020-09-21 18:34:43','2021-03-27 13:49:42'),(1074,'FX1',0.00,0.00,0,'2020-09-21 18:34:43','2021-03-27 13:49:42'),(1075,'INCQ',0.00,0.00,0,'2020-09-21 18:34:43','2021-03-27 13:49:42'),(1076,'INEC',0.00,0.00,0,'2020-09-21 18:34:43','2021-03-27 13:49:42'),(1077,'INEX',0.00,0.00,0,'2020-09-21 18:34:43','2021-03-27 13:49:42'),(1078,'B14C',0.00,0.00,0,'2020-09-21 18:34:43','2021-03-27 13:49:42'),(1079,'I3',0.00,0.00,0,'2020-09-21 18:34:43','2021-03-27 13:49:42'),(1080,'SBOY',0.00,0.00,0,'2020-09-21 18:34:43','2021-03-27 13:49:42'),(1081,'S1',0.00,0.00,0,'2020-09-21 18:34:43','2021-03-27 13:49:42'),(1082,'GM17',0.00,0.00,0,'2020-09-21 18:34:43','2021-03-27 13:49:42'),(1083,'ION',0.00,0.00,0,'2020-09-21 18:34:43','2021-03-27 13:49:42'),(1084,'IP26',0.00,0.00,0,'2020-09-21 18:34:43','2021-03-27 13:49:42'),(1085,'IP10',0.00,0.00,0,'2020-09-21 18:34:43','2021-03-27 13:49:42'),(1086,'IP06',0.00,0.00,0,'2020-09-21 18:34:43','2021-03-27 13:49:42'),(1087,'IP6A',0.00,0.00,0,'2020-09-21 18:34:43','2021-03-27 13:49:42'),(1088,'SURU',0.00,0.00,0,'2020-09-21 18:34:43','2021-03-27 13:49:42'),(1089,'TZRV',0.00,0.00,0,'2020-09-21 18:34:43','2021-03-27 13:49:42'),(1090,'F5SA',0.00,0.00,1,'2020-09-21 18:34:43','2021-03-27 13:49:42'),(1091,'MC23',0.00,0.00,1,'2020-09-21 18:34:43','2021-03-27 13:49:42'),(1092,'IFUR',0.00,0.00,0,'2020-09-21 18:34:43','2021-03-27 13:49:42'),(1093,'ISPT',0.00,0.00,0,'2020-09-21 18:34:43','2021-03-27 13:49:42'),(1094,'OMGA',0.00,0.00,0,'2020-09-21 18:34:43','2021-03-27 13:49:42'),(1095,'ST50',0.00,0.00,0,'2020-09-21 18:34:43','2021-03-27 13:49:42'),(1096,'APM3',0.00,0.00,0,'2020-09-21 18:34:43','2021-03-27 13:49:43'),(1097,'APM4',0.00,0.00,0,'2020-09-21 18:34:43','2021-03-27 13:49:43'),(1098,'EZIK',0.00,0.00,0,'2020-09-21 18:34:43','2021-03-27 13:49:43'),(1099,'JAJ6',0.00,0.00,0,'2020-09-21 18:34:43','2021-03-27 13:49:43'),(1100,'JAB2',0.00,0.00,0,'2020-09-21 18:34:43','2021-03-27 13:49:43'),(1101,'JABI',0.00,0.00,0,'2020-09-21 18:34:43','2021-03-27 13:49:43'),(1102,'JARO',0.00,0.00,0,'2020-09-21 18:34:43','2021-03-27 13:49:43'),(1103,'WICH',0.00,0.00,0,'2020-09-21 18:34:43','2021-03-27 13:49:43'),(1104,'BARC',0.00,0.00,0,'2020-09-21 18:34:43','2021-03-27 13:49:43'),(1105,'JS1',0.00,0.00,0,'2020-09-21 18:34:43','2021-03-27 13:49:43'),(1106,'JS20',0.00,0.00,0,'2020-09-21 18:34:44','2021-03-27 13:49:43'),(1107,'KP5',0.00,0.00,0,'2020-09-21 18:34:44','2021-03-27 13:49:43'),(1108,'GP1',0.00,0.00,0,'2020-09-21 18:34:44','2021-03-27 13:49:43'),(1109,'D18',0.00,0.00,0,'2020-09-21 18:34:44','2021-03-27 13:49:43'),(1110,'TS1J',0.00,0.00,0,'2020-09-21 18:34:44','2021-03-27 13:49:43'),(1111,'JU52',0.00,0.00,0,'2020-09-21 18:34:44','2021-03-27 13:49:43'),(1112,'RJ03',0.00,0.00,0,'2020-09-21 18:34:44','2021-03-27 13:49:43'),(1113,'MJ90',0.00,0.00,0,'2020-09-21 18:34:44','2021-03-27 13:49:43'),(1114,'MJ1H',0.00,0.00,0,'2020-09-21 18:34:44','2021-03-27 13:49:43'),(1115,'MJ12',0.00,0.00,0,'2020-09-21 18:34:44','2021-03-27 13:49:43'),(1116,'MJ3',0.00,0.00,0,'2020-09-21 18:34:44','2021-03-27 13:49:43'),(1117,'MJ53',0.00,0.00,0,'2020-09-21 18:34:44','2021-03-27 13:49:43'),(1118,'MJ55',0.00,0.00,0,'2020-09-21 18:34:44','2021-03-27 13:49:43'),(1119,'MJ7',0.00,0.00,0,'2020-09-21 18:34:44','2021-03-27 13:49:43'),(1120,'MJ77',0.00,0.00,0,'2020-09-21 18:34:44','2021-03-27 13:49:43'),(1121,'MJ8',0.00,0.00,0,'2020-09-21 18:34:44','2021-03-27 13:49:43'),(1122,'MJ80',0.00,0.00,0,'2020-09-21 18:34:44','2021-03-27 13:49:43'),(1123,'MJ9',0.00,0.00,0,'2020-09-21 18:34:44','2021-03-27 13:49:43'),(1124,'MJ4',0.00,0.00,0,'2020-09-21 18:34:44','2021-03-27 13:49:43'),(1125,'MJ5',0.00,0.00,0,'2020-09-21 18:34:44','2021-03-27 13:49:43'),(1126,'MJ10',0.00,0.00,0,'2020-09-21 18:34:44','2021-03-27 13:49:43'),(1127,'HIGH',0.00,0.00,0,'2020-09-21 18:34:44','2021-03-27 13:49:43'),(1128,'SA02',0.00,0.00,0,'2020-09-21 18:34:44','2021-03-27 13:49:44'),(1129,'SA03',0.00,0.00,0,'2020-09-21 18:34:44','2021-03-27 13:49:44'),(1130,'SA04',0.00,0.00,0,'2020-09-21 18:34:44','2021-03-27 13:49:44'),(1131,'SA05',0.00,0.00,0,'2020-09-21 18:34:44','2021-03-27 13:49:44'),(1132,'RK5',0.00,0.00,0,'2020-09-21 18:34:44','2021-03-27 13:49:44'),(1133,'JUN1',0.00,0.00,0,'2020-09-21 18:34:44','2021-03-27 13:49:44'),(1134,'JUN2',0.00,0.00,0,'2020-09-21 18:34:44','2021-03-27 13:49:44'),(1135,'KP2',0.00,0.00,0,'2020-09-21 18:34:44','2021-03-27 13:49:44'),(1136,'KAFI',0.00,0.00,0,'2020-09-21 18:34:44','2021-03-27 13:49:44'),(1137,'KATB',0.00,0.00,0,'2020-09-21 18:34:44','2021-03-27 13:49:44'),(1138,'KK60',0.00,0.00,0,'2020-09-21 18:34:44','2021-03-27 13:49:44'),(1139,'C1',0.00,0.00,1,'2020-09-21 18:34:44','2021-03-27 13:49:44'),(1140,'T4',0.00,0.00,0,'2020-09-21 18:34:44','2021-03-27 13:49:44'),(1141,'KC2',0.00,0.00,1,'2020-09-21 18:34:44','2021-03-27 13:49:44'),(1142,'P1',0.00,0.00,1,'2020-09-21 18:34:44','2021-03-27 13:49:44'),(1143,'KELA',0.00,0.00,0,'2020-09-21 18:34:44','2021-03-27 13:49:44'),(1144,'KELD',0.00,0.00,0,'2020-09-21 18:34:44','2021-03-27 13:49:44'),(1145,'CVLT',0.00,0.00,1,'2020-09-21 18:34:44','2021-03-27 13:49:44'),(1146,'K250',0.00,0.00,0,'2020-09-21 18:34:44','2021-03-27 13:49:44'),(1147,'KEHA',0.00,0.00,0,'2020-09-21 18:34:44','2021-03-27 13:49:44'),(1148,'SAB2',0.00,0.00,0,'2020-09-21 18:34:44','2021-03-27 13:49:44'),(1149,'ZEP2',0.00,0.00,0,'2020-09-21 18:34:44','2021-03-27 13:49:44'),(1150,'KAT3',0.00,0.00,0,'2020-09-21 18:34:44','2021-03-27 13:49:44'),(1151,'T419',0.00,0.00,0,'2020-09-21 18:34:44','2021-03-27 13:49:44'),(1152,'T411',0.00,0.00,0,'2020-09-21 18:34:44','2021-03-27 13:49:44'),(1153,'T415',0.00,0.00,0,'2020-09-21 18:34:44','2021-03-27 13:49:44'),(1154,'KAK1',0.00,0.00,0,'2020-09-21 18:34:44','2021-03-27 13:49:44'),(1155,'KAK3',0.00,0.00,0,'2020-09-21 18:34:44','2021-03-27 13:49:44'),(1156,'DSK',0.00,0.00,0,'2020-09-21 18:34:44','2021-03-27 13:49:44'),(1157,'MCUL',0.00,0.00,0,'2020-09-21 18:34:44','2021-03-27 13:49:44'),(1158,'BTUB',0.00,0.00,0,'2020-09-21 18:34:44','2021-03-27 13:49:44'),(1159,'ANGL',0.00,0.00,0,'2020-09-21 18:34:44','2021-03-27 13:49:44'),(1160,'KFAB',0.00,0.00,0,'2020-09-21 18:34:44','2021-03-27 13:49:44'),(1161,'KFAS',0.00,0.00,0,'2020-09-21 18:34:44','2021-03-27 13:49:44'),(1162,'KL35',0.00,0.00,0,'2020-09-21 18:34:44','2021-03-27 13:49:44'),(1163,'KL25',0.00,0.00,0,'2020-09-21 18:34:44','2021-03-27 13:49:45'),(1164,'SQ2T',0.00,0.00,0,'2020-09-21 18:34:44','2021-03-27 13:49:45'),(1165,'FLSS',0.00,0.00,0,'2020-09-21 18:34:44','2021-03-27 13:49:45'),(1166,'KLBR',0.00,0.00,0,'2020-09-21 18:34:44','2021-03-27 13:49:45'),(1167,'KOLL',0.00,0.00,0,'2020-09-21 18:34:44','2021-03-27 13:49:45'),(1168,'K50',0.00,0.00,0,'2020-09-21 18:34:44','2021-03-27 13:49:45'),(1169,'KT1',0.00,0.00,0,'2020-09-21 18:34:44','2021-03-27 13:49:45'),(1170,'CHGO',0.00,0.00,0,'2020-09-21 18:34:44','2021-03-27 13:49:45'),(1171,'DOCX',0.00,0.00,0,'2020-09-21 18:34:44','2021-03-27 13:49:45'),(1172,'K51',0.00,0.00,0,'2020-09-21 18:34:44','2021-03-27 13:49:45'),(1173,'KR31',0.00,0.00,0,'2020-09-21 18:34:44','2021-03-27 13:49:45'),(1174,'KR34',0.00,0.00,0,'2020-09-21 18:34:44','2021-03-27 13:49:45'),(1175,'KR21',0.00,0.00,0,'2020-09-21 18:34:44','2021-03-27 13:49:45'),(1176,'M2',0.00,0.00,0,'2020-09-21 18:34:44','2021-03-27 13:49:45'),(1177,'CUCA',0.00,0.00,0,'2020-09-21 18:34:44','2021-03-27 13:49:45'),(1178,'LCB',0.00,0.00,0,'2020-09-21 18:34:44','2021-03-27 13:49:45'),(1179,'LCR',0.00,0.00,0,'2020-09-21 18:34:44','2021-03-27 13:49:45'),(1180,'LA25',38.00,28.33,0,'2020-09-21 18:34:44','2021-03-27 14:30:27'),(1181,'LA4',38.00,24.92,0,'2020-09-21 18:34:44','2021-03-27 14:30:27'),(1182,'HL2',0.00,0.00,0,'2020-09-21 18:34:44','2021-03-27 13:49:45'),(1183,'M108',0.00,0.00,0,'2020-09-21 18:34:44','2021-03-27 13:49:45'),(1184,'M212',0.00,0.00,0,'2020-09-21 18:34:44','2021-03-27 13:49:45'),(1185,'M106',0.00,0.00,0,'2020-09-21 18:34:44','2021-03-27 13:49:45'),(1186,'JUPI',0.00,0.00,0,'2020-09-21 18:34:44','2021-03-27 13:49:45'),(1187,'EVOP',0.00,0.00,0,'2020-09-21 18:34:44','2021-03-27 13:49:45'),(1188,'EVOT',0.00,0.00,0,'2020-09-21 18:34:44','2021-03-27 13:49:45'),(1189,'LESP',0.00,0.00,0,'2020-09-21 18:34:44','2021-03-27 13:49:45'),(1190,'LNP4',0.00,0.00,0,'2020-09-21 18:34:44','2021-03-27 13:49:45'),(1191,'COL4',36.08,25.17,0,'2020-09-21 18:34:44','2021-03-27 14:30:26'),(1192,'COL3',36.08,25.17,0,'2020-09-21 18:34:44','2021-03-27 14:30:26'),(1193,'LEG2',0.00,0.00,0,'2020-09-21 18:34:44','2021-03-27 13:49:45'),(1194,'MAKO',0.00,0.00,0,'2020-09-21 18:34:44','2021-03-27 13:49:45'),(1195,'LNT4',0.00,0.00,0,'2020-09-21 18:34:44','2021-03-27 13:49:45'),(1196,'SNGY',0.00,0.00,0,'2020-09-21 18:34:44','2021-03-27 13:49:45'),(1197,'TGRS',0.00,0.00,0,'2020-09-21 18:34:44','2021-03-27 13:49:46'),(1198,'EP9',0.00,0.00,0,'2020-09-21 18:34:44','2021-03-27 13:49:46'),(1199,'LAE1',0.00,0.00,0,'2020-09-21 18:34:44','2021-03-27 13:49:46'),(1200,'DLH2',0.00,0.00,0,'2020-09-21 18:34:44','2021-03-27 13:49:46'),(1201,'LAKR',0.00,0.00,0,'2020-09-21 18:34:44','2021-03-27 13:49:46'),(1202,'LACO',0.00,0.00,0,'2020-09-21 18:34:44','2021-03-27 13:49:46'),(1203,'LV51',0.00,0.00,0,'2020-09-21 18:34:44','2021-03-27 13:49:46'),(1204,'LJ23',0.00,0.00,0,'2020-09-21 18:34:44','2021-03-27 13:49:46'),(1205,'LJ24',35.58,43.25,0,'2020-09-21 18:34:44','2021-03-27 14:30:26'),(1206,'LJ25',35.58,47.58,0,'2020-09-21 18:34:44','2021-03-27 14:30:26'),(1207,'LJ28',0.00,0.00,0,'2020-09-21 18:34:44','2021-03-27 13:49:46'),(1208,'LJ31',43.83,48.67,0,'2020-09-21 18:34:44','2021-03-27 14:30:26'),(1209,'LJ35',39.50,48.67,0,'2020-09-21 18:34:44','2021-03-27 14:30:26'),(1210,'LJ40',47.78,55.56,0,'2020-09-21 18:34:44','2021-03-27 14:30:26'),(1211,'LJ45',47.83,58.00,0,'2020-09-21 18:34:44','2021-03-27 14:30:26'),(1212,'LJ55',43.83,55.08,0,'2020-09-21 18:34:44','2021-03-27 14:30:26'),(1213,'LJ60',43.75,58.67,0,'2020-09-21 18:34:44','2021-03-27 14:30:26'),(1214,'LJ70',0.00,0.00,0,'2020-09-21 18:34:44','2021-03-27 13:49:46'),(1215,'LJ75',50.92,58.00,0,'2020-09-21 18:34:44','2021-03-27 14:30:26'),(1216,'LJ85',0.00,0.00,0,'2020-09-21 18:34:44','2021-03-27 13:49:46'),(1217,'CNUK',0.00,0.00,0,'2020-09-21 18:34:44','2021-03-27 13:49:46'),(1218,'L380',0.00,0.00,0,'2020-09-21 18:34:44','2021-03-27 13:49:46'),(1219,'M345',0.00,0.00,0,'2020-09-21 18:34:44','2021-03-27 13:49:46'),(1220,'AE45',46.21,25.50,0,'2020-09-21 18:34:44','2021-03-27 14:30:26'),(1221,'L13M',0.00,0.00,0,'2020-09-21 18:34:44','2021-03-27 13:49:46'),(1222,'L610',0.00,0.00,0,'2020-09-21 18:34:44','2021-03-27 13:49:46'),(1223,'L200',0.00,0.00,0,'2020-09-21 18:34:44','2021-03-27 13:49:46'),(1224,'L410',0.00,0.00,0,'2020-09-21 18:34:44','2021-03-27 13:49:46'),(1225,'LH10',0.00,0.00,0,'2020-09-21 18:34:44','2021-03-27 13:49:46'),(1226,'LIBE',0.00,0.00,0,'2020-09-21 18:34:44','2021-03-27 13:49:46'),(1227,'XL2',0.00,0.00,0,'2020-09-21 18:34:44','2021-03-27 13:49:46'),(1228,'LM5X',0.00,0.00,0,'2020-09-21 18:34:44','2021-03-27 13:49:46'),(1229,'AC4',0.00,0.00,0,'2020-09-21 18:34:44','2021-03-27 13:49:46'),(1230,'LX32',0.00,0.00,0,'2020-09-21 18:34:44','2021-03-27 13:49:46'),(1231,'LX34',0.00,0.00,0,'2020-09-21 18:34:44','2021-03-27 13:49:47'),(1232,'IA63',0.00,0.00,0,'2020-09-21 18:34:44','2021-03-27 13:49:47'),(1233,'SR71',0.00,0.00,1,'2020-09-21 18:34:44','2021-03-27 13:49:47'),(1234,'CONI',0.00,0.00,1,'2020-09-21 18:34:44','2021-03-27 13:49:47'),(1235,'C141',0.00,0.00,1,'2020-09-21 18:34:44','2021-03-27 13:49:47'),(1236,'C5M',0.00,0.00,1,'2020-09-21 18:34:44','2021-03-27 13:49:47'),(1237,'U2',0.00,0.00,1,'2020-09-21 18:34:44','2021-03-27 13:49:47'),(1238,'F104',0.00,0.00,0,'2020-09-21 18:34:44','2021-03-27 13:49:47'),(1239,'F117',0.00,0.00,1,'2020-09-21 18:34:44','2021-03-27 13:49:47'),(1240,'F22',0.00,0.00,1,'2020-09-21 18:34:44','2021-03-27 13:49:47'),(1241,'L29B',0.00,0.00,1,'2020-09-21 18:34:44','2021-03-27 13:49:47'),(1242,'L29A',0.00,0.00,1,'2020-09-21 18:34:44','2021-03-27 13:49:47'),(1243,'L10',0.00,0.00,0,'2020-09-21 18:34:44','2021-03-27 13:49:47'),(1244,'L12',0.00,0.00,0,'2020-09-21 18:34:44','2021-03-27 13:49:47'),(1245,'L14',0.00,0.00,0,'2020-09-21 18:34:44','2021-03-27 13:49:47'),(1246,'S3',0.00,0.00,1,'2020-09-21 18:34:44','2021-03-27 13:49:47'),(1247,'P38',0.00,0.00,0,'2020-09-21 18:34:44','2021-03-27 13:49:47'),(1248,'T33',0.00,0.00,0,'2020-09-21 18:34:44','2021-03-27 13:49:47'),(1249,'P2',0.00,0.00,1,'2020-09-21 18:34:44','2021-03-27 13:49:47'),(1250,'L101',0.00,0.00,1,'2020-09-21 18:34:44','2021-03-27 13:49:47'),(1251,'O3',0.00,0.00,0,'2020-09-21 18:34:44','2021-03-27 13:49:47'),(1252,'F35',0.00,0.00,1,'2020-09-21 18:34:44','2021-03-27 13:49:47'),(1253,'C30J',0.00,0.00,1,'2020-09-21 18:34:44','2021-03-27 13:49:47'),(1254,'VF35',0.00,0.00,1,'2020-09-21 18:34:44','2021-03-27 13:49:47'),(1255,'P3',0.00,0.00,1,'2020-09-21 18:34:44','2021-03-27 13:49:47'),(1256,'X55',0.00,0.00,0,'2020-09-21 18:34:44','2021-03-27 13:49:47'),(1257,'ACAM',0.00,0.00,0,'2020-09-21 18:34:44','2021-03-27 13:49:47'),(1258,'SPEL',0.00,0.00,0,'2020-09-21 18:34:44','2021-03-27 13:49:47'),(1259,'FL3',0.00,0.00,0,'2020-09-21 18:34:44','2021-03-27 13:49:48'),(1260,'LM5',0.00,0.00,0,'2020-09-21 18:34:44','2021-03-27 13:49:48'),(1261,'LM7',0.00,0.00,0,'2020-09-21 18:34:44','2021-03-27 13:49:48'),(1262,'L13',0.00,0.00,0,'2020-09-21 18:34:44','2021-03-27 13:49:48'),(1263,'LP1',0.00,0.00,0,'2020-09-21 18:34:44','2021-03-27 13:49:48'),(1264,'LOVE',0.00,0.00,0,'2020-09-21 18:34:44','2021-03-27 13:49:48'),(1265,'F8',0.00,0.00,0,'2020-09-21 18:34:44','2021-03-27 13:49:48'),(1266,'LUL5',0.00,0.00,0,'2020-09-21 18:34:44','2021-03-27 13:49:48'),(1267,'LUL6',0.00,0.00,0,'2020-09-21 18:34:44','2021-03-27 13:49:48'),(1268,'LUL7',0.00,0.00,0,'2020-09-21 18:34:44','2021-03-27 13:49:48'),(1269,'LUL8',0.00,0.00,0,'2020-09-21 18:34:44','2021-03-27 13:49:48'),(1270,'GRAF',0.00,0.00,0,'2020-09-21 18:34:44','2021-03-27 13:49:48'),(1271,'DELF',0.00,0.00,0,'2020-09-21 18:34:44','2021-03-27 13:49:48'),(1272,'LA60',38.83,28.00,0,'2020-09-21 18:34:44','2021-03-27 14:30:26'),(1273,'M308',32.83,21.42,0,'2020-09-21 18:34:44','2021-03-27 14:30:26'),(1274,'M326',34.67,34.94,0,'2020-09-21 18:34:44','2021-03-27 14:30:26'),(1275,'S21',0.00,0.00,0,'2020-09-21 18:34:44','2021-03-27 13:49:48'),(1276,'MSQ2',0.00,0.00,0,'2020-09-21 18:34:44','2021-03-27 13:49:48'),(1277,'EFUS',0.00,0.00,0,'2020-09-21 18:34:44','2021-03-27 13:49:48'),(1278,'FUSI',0.00,0.00,0,'2020-09-21 18:34:44','2021-03-27 13:49:48'),(1279,'CB1',0.00,0.00,0,'2020-09-21 18:34:44','2021-03-27 13:49:48'),(1280,'JUNR',0.00,0.00,0,'2020-09-21 18:34:44','2021-03-27 13:49:48'),(1281,'MF10',0.00,0.00,0,'2020-09-21 18:34:44','2021-03-27 13:49:48'),(1282,'SL90',0.00,0.00,0,'2020-09-21 18:34:44','2021-03-27 13:49:48'),(1283,'SL39',0.00,0.00,0,'2020-09-21 18:34:44','2021-03-27 13:49:48'),(1284,'MMUT',0.00,0.00,0,'2020-09-21 18:34:44','2021-03-27 13:49:48'),(1285,'RA17',0.00,0.00,0,'2020-09-21 18:34:44','2021-03-27 13:49:48'),(1286,'GY20',0.00,0.00,0,'2020-09-21 18:34:44','2021-03-27 13:49:48'),(1287,'BM6',0.00,0.00,0,'2020-09-21 18:34:44','2021-03-27 13:49:48'),(1288,'RA14',0.00,0.00,0,'2020-09-21 18:34:44','2021-03-27 13:49:48'),(1289,'JAJ5',0.00,0.00,0,'2020-09-21 18:34:45','2021-03-27 13:49:48'),(1290,'EM10',0.00,0.00,0,'2020-09-21 18:34:45','2021-03-27 13:49:48'),(1291,'EM11',0.00,0.00,0,'2020-09-21 18:34:45','2021-03-27 13:49:48'),(1292,'JPM1',0.00,0.00,0,'2020-09-21 18:34:45','2021-03-27 13:49:48'),(1293,'MA5',0.00,0.00,0,'2020-09-21 18:34:45','2021-03-27 13:49:48'),(1294,'DV1',0.00,0.00,0,'2020-09-21 18:34:45','2021-03-27 13:49:48'),(1295,'S2T',0.00,0.00,0,'2020-09-21 18:34:45','2021-03-27 13:49:48'),(1296,'WB57',0.00,0.00,1,'2020-09-21 18:34:45','2021-03-27 13:49:48'),(1297,'M404',0.00,0.00,1,'2020-09-21 18:34:45','2021-03-27 13:49:48'),(1298,'B26M',0.00,0.00,1,'2020-09-21 18:34:45','2021-03-27 13:49:48'),(1299,'M5',0.00,0.00,0,'2020-09-21 18:34:45','2021-03-27 13:49:48'),(1300,'M6',0.00,0.00,0,'2020-09-21 18:34:45','2021-03-27 13:49:49'),(1301,'M8',0.00,0.00,0,'2020-09-21 18:34:45','2021-03-27 13:49:49'),(1302,'M9',0.00,0.00,0,'2020-09-21 18:34:45','2021-03-27 13:49:49'),(1303,'M7T',0.00,0.00,0,'2020-09-21 18:34:45','2021-03-27 13:49:49'),(1304,'M7',0.00,0.00,0,'2020-09-21 18:34:45','2021-03-27 13:49:49'),(1305,'ROSE',0.00,0.00,0,'2020-09-21 18:34:45','2021-03-27 13:49:49'),(1306,'BROU',0.00,0.00,0,'2020-09-21 18:34:45','2021-03-27 13:49:49'),(1307,'HF20',0.00,0.00,0,'2020-09-21 18:34:45','2021-03-27 13:49:49'),(1308,'MMAC',0.00,0.00,0,'2020-09-21 18:34:45','2021-03-27 13:49:49'),(1309,'DC91',0.00,0.00,1,'2020-09-21 18:34:45','2021-03-27 13:49:49'),(1310,'DC92',93.30,104.40,1,'2020-09-21 18:34:45','2021-03-27 14:30:26'),(1311,'DC93',93.30,119.30,1,'2020-09-21 18:34:45','2021-03-27 14:30:26'),(1312,'DC94',0.00,0.00,1,'2020-09-21 18:34:45','2021-03-27 13:49:49'),(1313,'DC95',89.40,104.40,1,'2020-09-21 18:34:45','2021-03-27 14:30:26'),(1314,'HAR',0.00,0.00,0,'2020-09-21 18:34:45','2021-03-27 13:49:49'),(1315,'DC10',0.00,0.00,1,'2020-09-21 18:34:45','2021-03-27 13:49:49'),(1316,'F4',0.00,0.00,1,'2020-09-21 18:34:45','2021-03-27 13:49:49'),(1317,'F18S',0.00,0.00,1,'2020-09-21 18:34:45','2021-03-27 13:49:50'),(1318,'C17',0.00,0.00,1,'2020-09-21 18:34:45','2021-03-27 13:49:50'),(1319,'MD11',0.00,0.00,1,'2020-09-21 18:34:45','2021-03-27 13:49:50'),(1320,'C15',0.00,0.00,1,'2020-09-21 18:34:45','2021-03-27 13:49:50'),(1321,'MEAD',0.00,0.00,0,'2020-09-21 18:34:45','2021-03-27 13:49:50'),(1322,'MAMB',0.00,0.00,0,'2020-09-21 18:34:45','2021-03-27 13:49:50'),(1323,'SHOE',0.00,0.00,0,'2020-09-21 18:34:45','2021-03-27 13:49:50'),(1324,'MEXP',0.00,0.00,0,'2020-09-21 18:34:45','2021-03-27 13:49:50'),(1325,'EZFL',0.00,0.00,0,'2020-09-21 18:34:45','2021-03-27 13:49:50'),(1326,'MAME',0.00,0.00,0,'2020-09-21 18:34:45','2021-03-27 13:49:50'),(1327,'ME09',0.00,0.00,0,'2020-09-21 18:34:45','2021-03-27 13:49:51'),(1328,'ME62',0.00,0.00,0,'2020-09-21 18:34:45','2021-03-27 13:49:51'),(1329,'B209',0.00,0.00,0,'2020-09-21 18:34:45','2021-03-27 13:49:51'),(1330,'FL53',0.00,0.00,0,'2020-09-21 18:34:45','2021-03-27 13:49:51'),(1331,'FL54',0.00,0.00,0,'2020-09-21 18:34:45','2021-03-27 13:49:51'),(1332,'FL55',0.00,0.00,0,'2020-09-21 18:34:45','2021-03-27 13:49:51'),(1333,'TOOT',0.00,0.00,0,'2020-09-21 18:34:45','2021-03-27 13:49:51'),(1334,'MC45',0.00,0.00,0,'2020-09-21 18:34:45','2021-03-27 13:49:51'),(1335,'FGT',0.00,0.00,0,'2020-09-21 18:34:45','2021-03-27 13:49:51'),(1336,'HM38',0.00,0.00,0,'2020-09-21 18:34:45','2021-03-27 13:49:51'),(1337,'MG21',0.00,0.00,0,'2020-09-21 18:34:45','2021-03-27 13:49:51'),(1338,'MG25',0.00,0.00,1,'2020-09-21 18:34:45','2021-03-27 13:49:51'),(1339,'MG23',0.00,0.00,1,'2020-09-21 18:34:45','2021-03-27 13:49:51'),(1340,'MG31',0.00,0.00,1,'2020-09-21 18:34:45','2021-03-27 13:49:51'),(1341,'MG29',0.00,0.00,1,'2020-09-21 18:34:45','2021-03-27 13:49:51'),(1342,'MGAT',0.00,0.00,0,'2020-09-21 18:34:45','2021-03-27 13:49:51'),(1343,'GEMI',0.00,0.00,0,'2020-09-21 18:34:45','2021-03-27 13:49:51'),(1344,'MESS',0.00,0.00,0,'2020-09-21 18:34:45','2021-03-27 13:49:51'),(1345,'MONA',0.00,0.00,0,'2020-09-21 18:34:45','2021-03-27 13:49:51'),(1346,'WM2',0.00,0.00,0,'2020-09-21 18:34:45','2021-03-27 13:49:51'),(1347,'CELR',0.00,0.00,0,'2020-09-21 18:34:45','2021-03-27 13:49:51'),(1348,'MRTN',0.00,0.00,0,'2020-09-21 18:34:45','2021-03-27 13:49:51'),(1349,'KITI',0.00,0.00,0,'2020-09-21 18:34:45','2021-03-27 13:49:51'),(1350,'ZERO',0.00,0.00,0,'2020-09-21 18:34:45','2021-03-27 13:49:51'),(1351,'F1',0.00,0.00,0,'2020-09-21 18:34:45','2021-03-27 13:49:51'),(1352,'F2',0.00,0.00,1,'2020-09-21 18:34:45','2021-03-27 13:49:51'),(1353,'MRJ9',0.00,0.00,1,'2020-09-21 18:34:45','2021-03-27 13:49:51'),(1354,'MU2',39.17,39.42,0,'2020-09-21 18:34:45','2021-03-27 14:30:27'),(1355,'MU30',0.00,0.00,0,'2020-09-21 18:34:45','2021-03-27 13:49:51'),(1356,'MT2',0.00,0.00,0,'2020-09-21 18:34:45','2021-03-27 13:49:51'),(1357,'MOL1',0.00,0.00,0,'2020-09-21 18:34:45','2021-03-27 13:49:52'),(1358,'MOSP',0.00,0.00,0,'2020-09-21 18:34:45','2021-03-27 13:49:52'),(1359,'APM2',0.00,0.00,0,'2020-09-21 18:34:45','2021-03-27 13:49:52'),(1360,'MRAI',0.00,0.00,0,'2020-09-21 18:34:45','2021-03-27 13:49:52'),(1361,'MONI',0.00,0.00,0,'2020-09-21 18:34:45','2021-03-27 13:49:52'),(1362,'SRAI',0.00,0.00,0,'2020-09-21 18:34:45','2021-03-27 13:49:52'),(1363,'MC90',0.00,0.00,0,'2020-09-21 18:34:45','2021-03-27 13:49:52'),(1364,'M110',0.00,0.00,0,'2020-09-21 18:34:45','2021-03-27 13:49:52'),(1365,'MOGO',0.00,0.00,0,'2020-09-21 18:34:45','2021-03-27 13:49:52'),(1366,'MCOY',0.00,0.00,0,'2020-09-21 18:34:45','2021-03-27 13:49:52'),(1367,'ERCO',30.00,20.75,0,'2020-09-21 18:34:45','2021-03-27 14:30:27'),(1368,'M10',30.00,20.67,0,'2020-09-21 18:34:45','2021-03-27 14:30:27'),(1369,'M10R',0.00,0.00,0,'2020-09-21 18:34:45','2021-03-27 13:49:52'),(1370,'M10F',0.00,0.00,0,'2020-09-21 18:34:45','2021-03-27 13:49:52'),(1371,'MITE',26.88,17.60,0,'2020-09-21 18:34:45','2021-03-27 14:30:27'),(1372,'M20P',36.50,26.67,0,'2020-09-21 18:34:45','2021-03-27 14:30:27'),(1373,'M20T',36.08,25.42,0,'2020-09-21 18:34:45','2021-03-27 14:30:27'),(1374,'M22',35.00,26.00,0,'2020-09-21 18:34:45','2021-03-27 14:30:27'),(1375,'MSAI',0.00,0.00,0,'2020-09-21 18:34:45','2021-03-27 13:49:52'),(1376,'MS23',0.00,0.00,0,'2020-09-21 18:34:45','2021-03-27 13:49:52'),(1377,'MS31',0.00,0.00,0,'2020-09-21 18:34:45','2021-03-27 13:49:52'),(1378,'MS73',0.00,0.00,0,'2020-09-21 18:34:45','2021-03-27 13:49:52'),(1379,'MS76',0.00,0.00,0,'2020-09-21 18:34:45','2021-03-27 13:49:52'),(1380,'Z37T',0.00,0.00,0,'2020-09-21 18:34:45','2021-03-27 13:49:52'),(1381,'Z37P',0.00,0.00,0,'2020-09-21 18:34:45','2021-03-27 13:49:53'),(1382,'OM1',0.00,0.00,0,'2020-09-21 18:34:45','2021-03-27 13:49:53'),(1383,'ESQL',0.00,0.00,0,'2020-09-21 18:34:45','2021-03-27 13:49:53'),(1384,'F156',0.00,0.00,0,'2020-09-21 18:34:45','2021-03-27 13:49:53'),(1385,'SOKL',0.00,0.00,0,'2020-09-21 18:34:45','2021-03-27 13:49:53'),(1386,'V252',0.00,0.00,0,'2020-09-21 18:34:45','2021-03-27 13:49:53'),(1387,'V322',0.00,0.00,0,'2020-09-21 18:34:45','2021-03-27 13:49:53'),(1388,'V351',0.00,0.00,0,'2020-09-21 18:34:45','2021-03-27 13:49:53'),(1389,'V452',0.00,0.00,0,'2020-09-21 18:34:45','2021-03-27 13:49:53'),(1390,'CP10',0.00,0.00,0,'2020-09-21 18:34:45','2021-03-27 13:49:53'),(1391,'CP20',0.00,0.00,0,'2020-09-21 18:34:45','2021-03-27 13:49:53'),(1392,'CP21',0.00,0.00,0,'2020-09-21 18:34:45','2021-03-27 13:49:53'),(1393,'CP23',0.00,0.00,0,'2020-09-21 18:34:45','2021-03-27 13:49:53'),(1394,'RBEL',0.00,0.00,0,'2020-09-21 18:34:45','2021-03-27 13:49:53'),(1395,'RENE',0.00,0.00,0,'2020-09-21 18:34:45','2021-03-27 13:49:53'),(1396,'MR35',0.00,0.00,0,'2020-09-21 18:34:45','2021-03-27 13:49:53'),(1397,'MR3T',0.00,0.00,0,'2020-09-21 18:34:45','2021-03-27 13:49:53'),(1398,'MR25',0.00,0.00,0,'2020-09-21 18:34:45','2021-03-27 13:49:53'),(1399,'MA1',0.00,0.00,0,'2020-09-21 18:34:45','2021-03-27 13:49:53'),(1400,'MIMU',0.00,0.00,0,'2020-09-21 18:34:45','2021-03-27 13:49:53'),(1401,'MUS2',0.00,0.00,0,'2020-09-21 18:34:45','2021-03-27 13:49:53'),(1402,'MVN1',0.00,0.00,0,'2020-09-21 18:34:45','2021-03-27 13:49:53'),(1403,'MX2',0.00,0.00,0,'2020-09-21 18:34:45','2021-03-27 13:49:53'),(1404,'MXS',0.00,0.00,0,'2020-09-21 18:34:45','2021-03-27 13:49:53'),(1405,'MYA4',0.00,0.00,1,'2020-09-21 18:34:45','2021-03-27 13:49:53'),(1406,'VMT',0.00,0.00,1,'2020-09-21 18:34:45','2021-03-27 13:49:53'),(1407,'M203',0.00,0.00,0,'2020-09-21 18:34:45','2021-03-27 13:49:53'),(1408,'M101',0.00,0.00,0,'2020-09-21 18:34:45','2021-03-27 13:49:53'),(1409,'M55',0.00,0.00,1,'2020-09-21 18:34:45','2021-03-27 13:49:53'),(1410,'M17',0.00,0.00,1,'2020-09-21 18:34:45','2021-03-27 13:49:53'),(1411,'MY13',0.00,0.00,0,'2020-09-21 18:34:45','2021-03-27 13:49:53'),(1412,'MY12',0.00,0.00,0,'2020-09-21 18:34:45','2021-03-27 13:49:53'),(1413,'MS1',0.00,0.00,0,'2020-09-21 18:34:45','2021-03-27 13:49:53'),(1414,'KL07',0.00,0.00,0,'2020-09-21 18:34:45','2021-03-27 13:49:53'),(1415,'NM5',0.00,0.00,0,'2020-09-21 18:34:45','2021-03-27 13:49:53'),(1416,'YS11',0.00,0.00,1,'2020-09-21 18:34:45','2021-03-27 13:49:53'),(1417,'Q5',0.00,0.00,0,'2020-09-21 18:34:45','2021-03-27 13:49:54'),(1418,'CJ6',0.00,0.00,0,'2020-09-21 18:34:45','2021-03-27 13:49:54'),(1419,'K8',0.00,0.00,0,'2020-09-21 18:34:45','2021-03-27 13:49:54'),(1420,'N5',0.00,0.00,0,'2020-09-21 18:34:45','2021-03-27 13:49:54'),(1421,'AC5A',0.00,0.00,0,'2020-09-21 18:34:45','2021-03-27 13:49:54'),(1422,'AD20',0.00,0.00,0,'2020-09-21 18:34:46','2021-03-27 13:49:54'),(1423,'FT30',0.00,0.00,0,'2020-09-21 18:34:46','2021-03-27 13:49:54'),(1424,'PTRL',0.00,0.00,0,'2020-09-21 18:34:46','2021-03-27 13:49:54'),(1425,'CASS',0.00,0.00,0,'2020-09-21 18:34:46','2021-03-27 13:49:54'),(1426,'N3N',0.00,0.00,0,'2020-09-21 18:34:46','2021-03-27 13:49:54'),(1427,'RANG',0.00,0.00,0,'2020-09-21 18:34:46','2021-03-27 13:49:54'),(1428,'ND1T',0.00,0.00,0,'2020-09-21 18:34:46','2021-03-27 13:49:54'),(1429,'RGNT',0.00,0.00,0,'2020-09-21 18:34:46','2021-03-27 13:49:54'),(1430,'IPAN',43.64,26.33,0,'2020-09-21 18:34:46','2021-03-27 14:30:27'),(1431,'UNIV',0.00,0.00,0,'2020-09-21 18:34:46','2021-03-27 13:49:54'),(1432,'NXT',0.00,0.00,0,'2020-09-21 18:34:46','2021-03-27 13:49:54'),(1433,'COUG',20.50,18.92,0,'2020-09-21 18:34:46','2021-03-27 14:30:26'),(1434,'RARO',0.00,0.00,0,'2020-09-21 18:34:46','2021-03-27 13:49:54'),(1435,'GLSP',0.00,0.00,0,'2020-09-21 18:34:46','2021-03-27 13:49:54'),(1436,'NHCO',0.00,0.00,0,'2020-09-21 18:34:46','2021-03-27 13:49:54'),(1437,'SP20',0.00,0.00,0,'2020-09-21 18:34:46','2021-03-27 13:49:54'),(1438,'D25',0.00,0.00,0,'2020-09-21 18:34:46','2021-03-27 13:49:54'),(1439,'HN70',0.00,0.00,0,'2020-09-21 18:34:46','2021-03-27 13:49:54'),(1440,'NI28',0.00,0.00,0,'2020-09-21 18:34:46','2021-03-27 13:49:54'),(1441,'AV68',0.00,0.00,0,'2020-09-21 18:34:46','2021-03-27 13:49:54'),(1442,'CHCS',0.00,0.00,0,'2020-09-21 18:34:46','2021-03-27 13:49:54'),(1443,'NORS',0.00,0.00,0,'2020-09-21 18:34:46','2021-03-27 13:49:54'),(1444,'N320',0.00,0.00,0,'2020-09-21 18:34:46','2021-03-27 13:49:54'),(1445,'N340',0.00,0.00,0,'2020-09-21 18:34:46','2021-03-27 13:49:54'),(1446,'ME08',0.00,0.00,0,'2020-09-21 18:34:46','2021-03-27 13:49:54'),(1447,'N110',0.00,0.00,0,'2020-09-21 18:34:46','2021-03-27 13:49:54'),(1448,'N120',0.00,0.00,0,'2020-09-21 18:34:46','2021-03-27 13:49:54'),(1449,'N260',0.00,0.00,0,'2020-09-21 18:34:46','2021-03-27 13:49:54'),(1450,'N262',71.83,63.25,0,'2020-09-21 18:34:46','2021-03-27 14:30:26'),(1451,'NC85',0.00,0.00,0,'2020-09-21 18:34:46','2021-03-27 13:49:54'),(1452,'NORA',0.00,0.00,1,'2020-09-21 18:34:46','2021-03-27 13:49:54'),(1453,'KTOO',0.00,0.00,0,'2020-09-21 18:34:46','2021-03-27 13:49:54'),(1454,'NDIC',0.00,0.00,0,'2020-09-21 18:34:46','2021-03-27 13:49:54'),(1455,'MNEX',0.00,0.00,0,'2020-09-21 18:34:46','2021-03-27 13:49:54'),(1456,'NDAC',0.00,0.00,0,'2020-09-21 18:34:46','2021-03-27 13:49:55'),(1457,'NDAT',0.00,0.00,0,'2020-09-21 18:34:46','2021-03-27 13:49:55'),(1458,'SSAB',0.00,0.00,0,'2020-09-21 18:34:46','2021-03-27 13:49:55'),(1459,'P82',0.00,0.00,0,'2020-09-21 18:34:46','2021-03-27 13:49:55'),(1460,'F86',0.00,0.00,0,'2020-09-21 18:34:46','2021-03-27 13:49:55'),(1461,'T6',0.00,0.00,0,'2020-09-21 18:34:46','2021-03-27 13:49:55'),(1462,'B25',0.00,0.00,0,'2020-09-21 18:34:46','2021-03-27 13:49:55'),(1463,'P51',0.00,0.00,0,'2020-09-21 18:34:46','2021-03-27 13:49:55'),(1464,'YALE',0.00,0.00,0,'2020-09-21 18:34:46','2021-03-27 13:49:55'),(1465,'M200',0.00,0.00,0,'2020-09-21 18:34:46','2021-03-27 13:49:55'),(1466,'AC80',46.55,44.35,0,'2020-09-21 18:34:46','2021-03-27 14:30:26'),(1467,'A9',0.00,0.00,0,'2020-09-21 18:34:46','2021-03-27 13:49:55'),(1468,'CLB1',34.75,24.00,0,'2020-09-21 18:34:46','2021-03-27 14:30:26'),(1469,'LARK',0.00,0.00,0,'2020-09-21 18:34:46','2021-03-27 13:49:55'),(1470,'B14A',0.00,0.00,0,'2020-09-21 18:34:46','2021-03-27 13:49:55'),(1471,'T38',0.00,0.00,0,'2020-09-21 18:34:46','2021-03-27 13:49:55'),(1472,'P61',0.00,0.00,0,'2020-09-21 18:34:46','2021-03-27 13:49:55'),(1473,'C125',0.00,0.00,0,'2020-09-21 18:34:46','2021-03-27 13:49:55'),(1474,'F5',0.00,0.00,0,'2020-09-21 18:34:46','2021-03-27 13:49:55'),(1475,'E2',0.00,0.00,1,'2020-09-21 18:34:46','2021-03-27 13:49:55'),(1476,'Q4',0.00,0.00,0,'2020-09-21 18:34:46','2021-03-27 13:49:55'),(1477,'B2',0.00,0.00,1,'2020-09-21 18:34:46','2021-03-27 13:49:55'),(1478,'X47B',0.00,0.00,1,'2020-09-21 18:34:46','2021-03-27 13:49:55'),(1479,'B60T',0.00,0.00,0,'2020-09-21 18:34:46','2021-03-27 13:49:55'),(1480,'N3',0.00,0.00,0,'2020-09-21 18:34:46','2021-03-27 13:49:55'),(1481,'N250',0.00,0.00,1,'2020-09-21 18:34:46','2021-03-27 13:49:56'),(1482,'NT10',0.00,0.00,0,'2020-09-21 18:34:46','2021-03-27 13:49:56'),(1483,'L37',0.00,0.00,0,'2020-09-21 18:34:46','2021-03-27 13:49:56'),(1484,'JB15',0.00,0.00,0,'2020-09-21 18:34:46','2021-03-27 13:49:56'),(1485,'D5',36.00,23.17,0,'2020-09-21 18:34:46','2021-03-27 14:30:26'),(1486,'BLKS',0.00,0.00,0,'2020-09-21 18:34:46','2021-03-27 13:49:56'),(1487,'OUDE',0.00,0.00,0,'2020-09-21 18:34:46','2021-03-27 13:49:56'),(1488,'SKYC',0.00,0.00,0,'2020-09-21 18:34:46','2021-03-27 13:49:56'),(1489,'OMLA',0.00,0.00,0,'2020-09-21 18:34:46','2021-03-27 13:49:56'),(1490,'QEST',0.00,0.00,0,'2020-09-21 18:34:46','2021-03-27 13:49:56'),(1491,'B26',0.00,0.00,1,'2020-09-21 18:34:46','2021-03-27 13:49:56'),(1492,'OMAG',0.00,0.00,0,'2020-09-21 18:34:46','2021-03-27 13:49:56'),(1493,'OPCA',0.00,0.00,0,'2020-09-21 18:34:46','2021-03-27 13:49:56'),(1494,'ACPL',0.00,0.00,0,'2020-09-21 18:34:46','2021-03-27 13:49:56'),(1495,'L60',45.79,28.00,0,'2020-09-21 18:34:46','2021-03-27 14:30:26'),(1496,'L40',0.00,0.00,0,'2020-09-21 18:34:46','2021-03-27 13:49:56'),(1497,'A900',0.00,0.00,0,'2020-09-21 18:34:46','2021-03-27 13:49:56'),(1498,'A223',0.00,0.00,0,'2020-09-21 18:34:46','2021-03-27 13:49:56'),(1499,'A890',0.00,0.00,0,'2020-09-21 18:34:46','2021-03-27 13:49:56'),(1500,'A910',0.00,0.00,0,'2020-09-21 18:34:46','2021-03-27 13:49:56'),(1501,'HYPR',0.00,0.00,0,'2020-09-21 18:34:46','2021-03-27 13:49:56'),(1502,'L18',0.00,0.00,0,'2020-09-21 18:34:46','2021-03-27 13:49:56'),(1503,'P750',0.00,0.00,0,'2020-09-21 18:34:46','2021-03-27 13:49:56'),(1504,'CT4',0.00,0.00,0,'2020-09-21 18:34:46','2021-03-27 13:49:56'),(1505,'CRES',0.00,0.00,0,'2020-09-21 18:34:46','2021-03-27 13:49:56'),(1506,'TRWN',0.00,0.00,0,'2020-09-21 18:34:46','2021-03-27 13:49:56'),(1507,'LNC2',0.00,0.00,0,'2020-09-21 18:34:46','2021-03-27 13:49:56'),(1508,'LNC4',0.00,0.00,0,'2020-09-21 18:34:46','2021-03-27 13:49:56'),(1509,'LNCE',0.00,0.00,0,'2020-09-21 18:34:46','2021-03-27 13:49:56'),(1510,'FC1',0.00,0.00,0,'2020-09-21 18:34:46','2021-03-27 13:49:56'),(1511,'TOR',0.00,0.00,1,'2020-09-21 18:34:46','2021-03-27 13:49:56'),(1512,'TMUS',0.00,0.00,0,'2020-09-21 18:34:46','2021-03-27 13:49:56'),(1513,'PAR1',0.00,0.00,0,'2020-09-21 18:34:46','2021-03-27 13:49:56'),(1514,'PAR4',0.00,0.00,0,'2020-09-21 18:34:46','2021-03-27 13:49:56'),(1515,'CABN',0.00,0.00,0,'2020-09-21 18:34:46','2021-03-27 13:49:56'),(1516,'SABA',0.00,0.00,0,'2020-09-21 18:34:46','2021-03-27 13:49:57'),(1517,'TTWO',0.00,0.00,0,'2020-09-21 18:34:46','2021-03-27 13:49:57'),(1518,'ELF',0.00,0.00,0,'2020-09-21 18:34:46','2021-03-27 13:49:57'),(1519,'DART',0.00,0.00,0,'2020-09-21 18:34:46','2021-03-27 13:49:57'),(1520,'S45',0.00,0.00,0,'2020-09-21 18:34:46','2021-03-27 13:49:57'),(1521,'P68T',0.00,0.00,0,'2020-09-21 18:34:46','2021-03-27 13:49:57'),(1522,'P57',0.00,0.00,0,'2020-09-21 18:34:46','2021-03-27 13:49:57'),(1523,'OSCR',0.00,0.00,0,'2020-09-21 18:34:46','2021-03-27 13:49:57'),(1524,'ROND',0.00,0.00,0,'2020-09-21 18:34:46','2021-03-27 13:49:57'),(1525,'PAUL',0.00,0.00,0,'2020-09-21 18:34:46','2021-03-27 13:49:57'),(1526,'VIPR',0.00,0.00,0,'2020-09-21 18:34:46','2021-03-27 13:49:57'),(1527,'KNTW',0.00,0.00,0,'2020-09-21 18:34:46','2021-03-27 13:49:57'),(1528,'PL1',0.00,0.00,0,'2020-09-21 18:34:46','2021-03-27 13:49:57'),(1529,'PL2',0.00,0.00,0,'2020-09-21 18:34:46','2021-03-27 13:49:57'),(1530,'PL4',0.00,0.00,0,'2020-09-21 18:34:46','2021-03-27 13:49:57'),(1531,'PL9',0.00,0.00,0,'2020-09-21 18:34:46','2021-03-27 13:49:57'),(1532,'TARR',0.00,0.00,0,'2020-09-21 18:34:46','2021-03-27 13:49:57'),(1533,'BILO',0.00,0.00,0,'2020-09-21 18:34:46','2021-03-27 13:49:57'),(1534,'CPNA',0.00,0.00,0,'2020-09-21 18:34:46','2021-03-27 13:49:57'),(1535,'DAHU',0.00,0.00,0,'2020-09-21 18:34:46','2021-03-27 13:49:57'),(1536,'DIES',0.00,0.00,0,'2020-09-21 18:34:46','2021-03-27 13:49:57'),(1537,'VGUL',0.00,0.00,0,'2020-09-21 18:34:46','2021-03-27 13:49:57'),(1538,'PROC',0.00,0.00,0,'2020-09-21 18:34:46','2021-03-27 13:49:57'),(1539,'PREN',0.00,0.00,0,'2020-09-21 18:34:46','2021-03-27 13:49:57'),(1540,'PRCE',0.00,0.00,0,'2020-09-21 18:34:46','2021-03-27 13:49:57'),(1541,'PEMB',0.00,0.00,0,'2020-09-21 18:34:46','2021-03-27 13:49:57'),(1542,'PPRO',0.00,0.00,0,'2020-09-21 18:34:46','2021-03-27 13:49:57'),(1543,'BD10',0.00,0.00,0,'2020-09-21 18:34:46','2021-03-27 13:49:57'),(1544,'GP4',0.00,0.00,0,'2020-09-21 18:34:46','2021-03-27 13:49:57'),(1545,'LEGD',0.00,0.00,0,'2020-09-21 18:34:46','2021-03-27 13:49:58'),(1546,'TLEG',0.00,0.00,0,'2020-09-21 18:34:46','2021-03-27 13:49:58'),(1547,'M2HK',0.00,0.00,0,'2020-09-21 18:34:46','2021-03-27 13:49:58'),(1548,'FALM',0.00,0.00,0,'2020-09-21 18:34:46','2021-03-27 13:49:58'),(1549,'MAGI',0.00,0.00,0,'2020-09-21 18:34:46','2021-03-27 13:49:58'),(1550,'WHIT',0.00,0.00,0,'2020-09-21 18:34:46','2021-03-27 13:49:58'),(1551,'MAJR',0.00,0.00,0,'2020-09-21 18:34:46','2021-03-27 13:49:58'),(1552,'MVRK',0.00,0.00,0,'2020-09-21 18:34:46','2021-03-27 13:49:58'),(1553,'U15',0.00,0.00,0,'2020-09-21 18:34:46','2021-03-27 13:49:58'),(1554,'KSTK',0.00,0.00,0,'2020-09-21 18:34:46','2021-03-27 13:49:58'),(1555,'P180',46.04,47.27,0,'2020-09-21 18:34:46','2021-03-27 14:30:27'),(1556,'P148',0.00,0.00,0,'2020-09-21 18:34:46','2021-03-27 13:49:58'),(1557,'P149',0.00,0.00,0,'2020-09-21 18:34:46','2021-03-27 13:49:58'),(1558,'P66T',0.00,0.00,0,'2020-09-21 18:34:46','2021-03-27 13:49:58'),(1559,'P1HH',0.00,0.00,0,'2020-09-21 18:34:46','2021-03-27 13:49:58'),(1560,'CP75',0.00,0.00,0,'2020-09-21 18:34:46','2021-03-27 13:49:58'),(1561,'CP32',0.00,0.00,0,'2020-09-21 18:34:46','2021-03-27 13:49:58'),(1562,'CP60',0.00,0.00,0,'2020-09-21 18:34:46','2021-03-27 13:49:58'),(1563,'CP80',0.00,0.00,0,'2020-09-21 18:34:46','2021-03-27 13:49:58'),(1564,'CP90',0.00,0.00,0,'2020-09-21 18:34:46','2021-03-27 13:49:58'),(1565,'SAPH',0.00,0.00,0,'2020-09-21 18:34:46','2021-03-27 13:49:58'),(1566,'PK11',0.00,0.00,0,'2020-09-21 18:34:46','2021-03-27 13:49:58'),(1567,'PK15',0.00,0.00,0,'2020-09-21 18:34:46','2021-03-27 13:49:58'),(1568,'PK18',0.00,0.00,0,'2020-09-21 18:34:46','2021-03-27 13:49:58'),(1569,'PK19',0.00,0.00,0,'2020-09-21 18:34:46','2021-03-27 13:49:58'),(1570,'PK20',0.00,0.00,0,'2020-09-21 18:34:46','2021-03-27 13:49:58'),(1571,'PK21',0.00,0.00,0,'2020-09-21 18:34:46','2021-03-27 13:49:58'),(1572,'PK25',0.00,0.00,0,'2020-09-21 18:34:46','2021-03-27 13:49:58'),(1573,'PC12',53.33,47.25,0,'2020-09-21 18:34:46','2021-03-27 14:30:27'),(1574,'PP2',0.00,0.00,0,'2020-09-21 18:34:46','2021-03-27 13:49:58'),(1575,'PP3',0.00,0.00,0,'2020-09-21 18:34:46','2021-03-27 13:49:58'),(1576,'PC21',0.00,0.00,0,'2020-09-21 18:34:46','2021-03-27 13:49:58'),(1577,'PC24',0.00,0.00,0,'2020-09-21 18:34:46','2021-03-27 13:49:58'),(1578,'PC6P',0.00,0.00,0,'2020-09-21 18:34:46','2021-03-27 13:49:58'),(1579,'PC6T',0.00,0.00,0,'2020-09-21 18:34:46','2021-03-27 13:49:58'),(1580,'PC7',0.00,0.00,0,'2020-09-21 18:34:46','2021-03-27 13:49:58'),(1581,'PC9',0.00,0.00,0,'2020-09-21 18:34:46','2021-03-27 13:49:58'),(1582,'TRIS',53.00,49.25,0,'2020-09-21 18:34:46','2021-03-27 14:30:26'),(1583,'J5',0.00,0.00,0,'2020-09-21 18:34:46','2021-03-27 13:49:59'),(1584,'J4',0.00,0.00,0,'2020-09-21 18:34:46','2021-03-27 13:49:59'),(1585,'PA16',0.00,0.00,0,'2020-09-21 18:34:46','2021-03-27 13:49:59'),(1586,'PA17',0.00,0.00,0,'2020-09-21 18:34:46','2021-03-27 13:49:59'),(1587,'PA20',0.00,0.00,0,'2020-09-21 18:34:46','2021-03-27 13:49:59'),(1588,'PA22',0.00,0.00,0,'2020-09-21 18:34:46','2021-03-27 13:49:59'),(1589,'PA27',0.00,0.00,0,'2020-09-21 18:34:46','2021-03-27 13:49:59'),(1590,'PA24',36.00,24.79,0,'2020-09-21 18:34:46','2021-03-27 14:30:27'),(1591,'PA25',0.00,0.00,0,'2020-09-21 18:34:46','2021-03-27 13:49:59'),(1592,'P28A',35.00,23.79,0,'2020-09-21 18:34:46','2021-03-27 14:30:27'),(1593,'P28B',35.00,24.73,0,'2020-09-21 18:34:46','2021-03-27 14:30:27'),(1594,'P28R',35.42,24.67,0,'2020-09-21 18:34:46','2021-03-27 14:30:27'),(1595,'PILL',0.00,0.00,0,'2020-09-21 18:34:46','2021-03-27 13:49:59'),(1596,'P28T',35.42,24.67,0,'2020-09-21 18:34:46','2021-03-27 14:30:27'),(1597,'PA30',0.00,0.00,0,'2020-09-21 18:34:46','2021-03-27 13:49:59'),(1598,'PA31',40.67,32.63,0,'2020-09-21 18:34:46','2021-03-27 14:30:27'),(1599,'PAY1',42.69,34.67,0,'2020-09-21 18:34:46','2021-03-27 14:30:27'),(1600,'PAY2',42.69,34.67,0,'2020-09-21 18:34:46','2021-03-27 14:30:27'),(1601,'PA32',36.17,27.90,0,'2020-09-21 18:34:46','2021-03-27 14:30:27'),(1602,'P32R',0.00,0.00,0,'2020-09-21 18:34:46','2021-03-27 13:49:59'),(1603,'PA34',38.90,28.63,0,'2020-09-21 18:34:46','2021-03-27 14:30:27'),(1604,'PA36',0.00,0.00,0,'2020-09-21 18:34:46','2021-03-27 13:49:59'),(1605,'PAY4',47.67,43.40,0,'2020-09-21 18:34:46','2021-03-27 14:30:27'),(1606,'PAY3',47.67,43.40,0,'2020-09-21 18:34:46','2021-03-27 14:30:27'),(1607,'PA46',43.00,28.90,0,'2020-09-21 18:34:46','2021-03-27 14:30:27'),(1608,'P46T',43.17,29.60,0,'2020-09-21 18:34:46','2021-03-27 14:30:27'),(1609,'M600',0.00,0.00,0,'2020-09-21 18:34:46','2021-03-27 13:50:00'),(1610,'PA47',0.00,0.00,0,'2020-09-21 18:34:46','2021-03-27 13:50:00'),(1611,'CRUZ',0.00,0.00,0,'2020-09-21 18:34:46','2021-03-27 13:50:00'),(1612,'PA12',0.00,0.00,0,'2020-09-21 18:34:46','2021-03-27 13:50:00'),(1613,'PA38',0.00,0.00,0,'2020-09-21 18:34:46','2021-03-27 13:50:00'),(1614,'P28S',0.00,0.00,0,'2020-09-21 18:34:46','2021-03-27 13:50:00'),(1615,'P28U',0.00,0.00,0,'2020-09-21 18:34:46','2021-03-27 13:50:00'),(1616,'P32T',0.00,0.00,0,'2020-09-21 18:34:46','2021-03-27 13:50:00'),(1617,'PA44',38.60,27.60,0,'2020-09-21 18:34:46','2021-03-27 14:30:27'),(1618,'PIAE',0.00,0.00,0,'2020-09-21 18:34:46','2021-03-27 13:50:00'),(1619,'PIAT',0.00,0.00,0,'2020-09-21 18:34:46','2021-03-27 13:50:00'),(1620,'PIPA',0.00,0.00,0,'2020-09-21 18:34:46','2021-03-27 13:50:00'),(1621,'PISI',0.00,0.00,0,'2020-09-21 18:34:46','2021-03-27 13:50:00'),(1622,'PITA',0.00,0.00,0,'2020-09-21 18:34:46','2021-03-27 13:50:00'),(1623,'PITE',0.00,0.00,0,'2020-09-21 18:34:46','2021-03-27 13:50:00'),(1624,'PIT4',0.00,0.00,0,'2020-09-21 18:34:46','2021-03-27 13:50:00'),(1625,'PIVI',0.00,0.00,0,'2020-09-21 18:34:46','2021-03-27 13:50:00'),(1626,'PTS1',0.00,0.00,0,'2020-09-21 18:34:46','2021-03-27 13:50:00'),(1627,'PTSS',0.00,0.00,0,'2020-09-21 18:34:46','2021-03-27 13:50:00'),(1628,'PTS2',0.00,0.00,0,'2020-09-21 18:34:46','2021-03-27 13:50:00'),(1629,'PTMS',0.00,0.00,0,'2020-09-21 18:34:46','2021-03-27 13:50:00'),(1630,'MP20',0.00,0.00,0,'2020-09-21 18:34:46','2021-03-27 13:50:00'),(1631,'CRAC',0.00,0.00,0,'2020-09-21 18:34:46','2021-03-27 13:50:01'),(1632,'JACE',26.50,18.00,0,'2020-09-21 18:34:46','2021-03-27 14:30:26'),(1633,'SACE',27.29,18.50,0,'2020-09-21 18:34:46','2021-03-27 14:30:26'),(1634,'TUL3',0.00,0.00,0,'2020-09-21 18:34:46','2021-03-27 13:50:01'),(1635,'BF19',0.00,0.00,0,'2020-09-21 18:34:46','2021-03-27 13:50:01'),(1636,'CHIC',0.00,0.00,0,'2020-09-21 18:34:46','2021-03-27 13:50:01'),(1637,'PSTM',0.00,0.00,0,'2020-09-21 18:34:46','2021-03-27 13:50:01'),(1638,'TRBA',0.00,0.00,0,'2020-09-21 18:34:46','2021-03-27 13:50:01'),(1639,'I153',0.00,0.00,0,'2020-09-21 18:34:46','2021-03-27 13:50:01'),(1640,'I15B',0.00,0.00,0,'2020-09-21 18:34:46','2021-03-27 13:50:01'),(1641,'I16',0.00,0.00,0,'2020-09-21 18:34:46','2021-03-27 13:50:01'),(1642,'PW4',0.00,0.00,0,'2020-09-21 18:34:46','2021-03-27 13:50:01'),(1643,'CP65',0.00,0.00,0,'2020-09-21 18:34:46','2021-03-27 13:50:01'),(1644,'PO60',0.00,0.00,0,'2020-09-21 18:34:46','2021-03-27 13:50:01'),(1645,'P270',0.00,0.00,0,'2020-09-21 18:34:46','2021-03-27 13:50:01'),(1646,'P130',0.00,0.00,0,'2020-09-21 18:34:46','2021-03-27 13:50:01'),(1647,'PT21',0.00,0.00,0,'2020-09-21 18:34:46','2021-03-27 13:50:01'),(1648,'P60',0.00,0.00,0,'2020-09-21 18:34:46','2021-03-27 13:50:01'),(1649,'P100',0.00,0.00,0,'2020-09-21 18:34:46','2021-03-27 13:50:01'),(1650,'PT70',0.00,0.00,0,'2020-09-21 18:34:46','2021-03-27 13:50:01'),(1651,'PT80',0.00,0.00,0,'2020-09-21 18:34:46','2021-03-27 13:50:01'),(1652,'P220',0.00,0.00,0,'2020-09-21 18:34:46','2021-03-27 13:50:01'),(1653,'P230',0.00,0.00,0,'2020-09-21 18:34:46','2021-03-27 13:50:02'),(1654,'P50',0.00,0.00,0,'2020-09-21 18:34:46','2021-03-27 13:50:02'),(1655,'P70',0.00,0.00,0,'2020-09-21 18:34:46','2021-03-27 13:50:02'),(1656,'P80',0.00,0.00,0,'2020-09-21 18:34:46','2021-03-27 13:50:02'),(1657,'ACED',0.00,0.00,0,'2020-09-21 18:34:47','2021-03-27 13:50:02'),(1658,'SPRT',0.00,0.00,0,'2020-09-21 18:34:47','2021-03-27 13:50:02'),(1659,'PUSH',0.00,0.00,0,'2020-09-21 18:34:47','2021-03-27 13:50:02'),(1660,'PREX',0.00,0.00,0,'2020-09-21 18:34:47','2021-03-27 13:50:02'),(1661,'PRXT',0.00,0.00,0,'2020-09-21 18:34:47','2021-03-27 13:50:03'),(1662,'PICO',0.00,0.00,0,'2020-09-21 18:34:47','2021-03-27 13:50:03'),(1663,'PECR',0.00,0.00,0,'2020-09-21 18:34:47','2021-03-27 13:50:03'),(1664,'VISI',0.00,0.00,0,'2020-09-21 18:34:47','2021-03-27 13:50:03'),(1665,'JSQA',0.00,0.00,0,'2020-09-21 18:34:47','2021-03-27 13:50:03'),(1666,'SASY',0.00,0.00,0,'2020-09-21 18:34:47','2021-03-27 13:50:03'),(1667,'PROW',0.00,0.00,0,'2020-09-21 18:34:47','2021-03-27 13:50:03'),(1668,'PUL6',0.00,0.00,0,'2020-09-21 18:34:47','2021-03-27 13:50:03'),(1669,'ELST',0.00,0.00,0,'2020-09-21 18:34:47','2021-03-27 13:50:03'),(1670,'AN28',0.00,0.00,0,'2020-09-21 18:34:47','2021-03-27 13:50:03'),(1671,'M15',0.00,0.00,0,'2020-09-21 18:34:47','2021-03-27 13:50:03'),(1672,'TS8',0.00,0.00,0,'2020-09-21 18:34:47','2021-03-27 13:50:03'),(1673,'M18',58.06,31.08,0,'2020-09-21 18:34:47','2021-03-27 14:30:27'),(1674,'M21',0.00,0.00,0,'2020-09-21 18:34:47','2021-03-27 13:50:04'),(1675,'M24',0.00,0.00,0,'2020-09-21 18:34:47','2021-03-27 13:50:04'),(1676,'I22',0.00,0.00,0,'2020-09-21 18:34:47','2021-03-27 13:50:04'),(1677,'M26',0.00,0.00,0,'2020-09-21 18:34:47','2021-03-27 13:50:04'),(1678,'TS11',0.00,0.00,0,'2020-09-21 18:34:47','2021-03-27 13:50:04'),(1679,'MG15',0.00,0.00,0,'2020-09-21 18:34:47','2021-03-27 13:50:04'),(1680,'M28',0.00,0.00,0,'2020-09-21 18:34:47','2021-03-27 13:50:04'),(1681,'M18T',0.00,0.00,0,'2020-09-21 18:34:47','2021-03-27 13:50:04'),(1682,'PO2',0.00,0.00,0,'2020-09-21 18:34:47','2021-03-27 13:50:04'),(1683,'PZ12',0.00,0.00,0,'2020-09-21 18:34:47','2021-03-27 13:50:04'),(1684,'PZ26',0.00,0.00,0,'2020-09-21 18:34:47','2021-03-27 13:50:04'),(1685,'PZ3T',0.00,0.00,0,'2020-09-21 18:34:47','2021-03-27 13:50:04'),(1686,'PZ01',0.00,0.00,0,'2020-09-21 18:34:47','2021-03-27 13:50:04'),(1687,'PZ02',0.00,0.00,0,'2020-09-21 18:34:47','2021-03-27 13:50:04'),(1688,'PZ04',0.00,0.00,0,'2020-09-21 18:34:47','2021-03-27 13:50:04'),(1689,'PZ4M',0.00,0.00,0,'2020-09-21 18:34:47','2021-03-27 13:50:04'),(1690,'PZ05',0.00,0.00,0,'2020-09-21 18:34:47','2021-03-27 13:50:04'),(1691,'PZ06',0.00,0.00,0,'2020-09-21 18:34:47','2021-03-27 13:50:04'),(1692,'PZ6T',0.00,0.00,0,'2020-09-21 18:34:47','2021-03-27 13:50:04'),(1693,'I23',0.00,0.00,0,'2020-09-21 18:34:47','2021-03-27 13:50:04'),(1694,'L11E',0.00,0.00,0,'2020-09-21 18:34:47','2021-03-27 13:50:04'),(1695,'QR01',0.00,0.00,0,'2020-09-21 18:34:47','2021-03-27 13:50:04'),(1696,'KODI',0.00,0.00,0,'2020-09-21 18:34:47','2021-03-27 13:50:04'),(1697,'VTUR',0.00,0.00,0,'2020-09-21 18:34:47','2021-03-27 13:50:04'),(1698,'SPIR',0.00,0.00,0,'2020-09-21 18:34:47','2021-03-27 13:50:04'),(1699,'QUIC',0.00,0.00,0,'2020-09-21 18:34:47','2021-03-27 13:50:04'),(1700,'QIC2',0.00,0.00,0,'2020-09-21 18:34:47','2021-03-27 13:50:05'),(1701,'BEAR',0.00,0.00,0,'2020-09-21 18:34:47','2021-03-27 13:50:05'),(1702,'BPAT',0.00,0.00,0,'2020-09-21 18:34:47','2021-03-27 13:50:05'),(1703,'SE5A',0.00,0.00,0,'2020-09-21 18:34:47','2021-03-27 13:50:05'),(1704,'RW26',0.00,0.00,0,'2020-09-21 18:34:47','2021-03-27 13:50:05'),(1705,'RW19',0.00,0.00,0,'2020-09-21 18:34:47','2021-03-27 13:50:05'),(1706,'RW20',0.00,0.00,0,'2020-09-21 18:34:47','2021-03-27 13:50:05'),(1707,'RW22',0.00,0.00,0,'2020-09-21 18:34:47','2021-03-27 13:50:05'),(1708,'CTAH',0.00,0.00,0,'2020-09-21 18:34:47','2021-03-27 13:50:05'),(1709,'BUSH',0.00,0.00,0,'2020-09-21 18:34:47','2021-03-27 13:50:05'),(1710,'XA85',0.00,0.00,0,'2020-09-21 18:34:47','2021-03-27 13:50:05'),(1711,'XAIR',0.00,0.00,0,'2020-09-21 18:34:47','2021-03-27 13:50:05'),(1712,'KR1',0.00,0.00,0,'2020-09-21 18:34:47','2021-03-27 13:50:05'),(1713,'KR2',0.00,0.00,0,'2020-09-21 18:34:47','2021-03-27 13:50:05'),(1714,'PURS',0.00,0.00,0,'2020-09-21 18:34:47','2021-03-27 13:50:05'),(1715,'RS12',0.00,0.00,0,'2020-09-21 18:34:47','2021-03-27 13:50:05'),(1716,'SHEK',0.00,0.00,0,'2020-09-21 18:34:47','2021-03-27 13:50:05'),(1717,'RS20',0.00,0.00,0,'2020-09-21 18:34:47','2021-03-27 13:50:05'),(1718,'COY2',0.00,0.00,0,'2020-09-21 18:34:47','2021-03-27 13:50:06'),(1719,'CRER',0.00,0.00,0,'2020-09-21 18:34:47','2021-03-27 13:50:06'),(1720,'SAKO',0.00,0.00,0,'2020-09-21 18:34:47','2021-03-27 13:50:06'),(1721,'VTRA',0.00,0.00,0,'2020-09-21 18:34:47','2021-03-27 13:50:06'),(1722,'RAV3',0.00,0.00,0,'2020-09-21 18:34:47','2021-03-27 13:50:06'),(1723,'RAV5',0.00,0.00,0,'2020-09-21 18:34:47','2021-03-27 13:50:06'),(1724,'STAR',0.00,0.00,0,'2020-09-21 18:34:47','2021-03-27 13:50:06'),(1725,'B350',57.92,46.67,0,'2020-09-21 18:34:47','2021-03-27 14:30:26'),(1726,'PRM1',44.50,46.00,0,'2020-09-21 18:34:47','2021-03-27 14:30:26'),(1727,'BT36',0.00,0.00,0,'2020-09-21 18:34:47','2021-03-27 13:50:06'),(1728,'TEX2',0.00,0.00,0,'2020-09-21 18:34:47','2021-03-27 13:50:06'),(1729,'H25C',0.00,0.00,0,'2020-09-21 18:34:47','2021-03-27 13:50:06'),(1730,'H25B',54.33,51.17,0,'2020-09-21 18:34:47','2021-03-27 14:30:27'),(1731,'ESCP',0.00,0.00,0,'2020-09-21 18:34:47','2021-03-27 13:50:06'),(1732,'KERO',0.00,0.00,0,'2020-09-21 18:34:47','2021-03-27 13:50:06'),(1733,'SPDR',0.00,0.00,0,'2020-09-21 18:34:47','2021-03-27 13:50:06'),(1734,'SPST',0.00,0.00,0,'2020-09-21 18:34:47','2021-03-27 13:50:06'),(1735,'CLDS',0.00,0.00,0,'2020-09-21 18:34:47','2021-03-27 13:50:06'),(1736,'SKYR',0.00,0.00,0,'2020-09-21 18:34:47','2021-03-27 13:50:06'),(1737,'RDH2',0.00,0.00,0,'2020-09-21 18:34:47','2021-03-27 13:50:06'),(1738,'NPOR',0.00,0.00,0,'2020-09-21 18:34:47','2021-03-27 13:50:06'),(1739,'LBUG',0.00,0.00,0,'2020-09-21 18:34:47','2021-03-27 13:50:06'),(1740,'F406',0.00,0.00,0,'2020-09-21 18:34:47','2021-03-27 13:50:06'),(1741,'P337',0.00,0.00,0,'2020-09-21 18:34:47','2021-03-27 13:50:06'),(1742,'Q01',0.00,0.00,0,'2020-09-21 18:34:47','2021-03-27 13:50:06'),(1743,'GX',0.00,0.00,0,'2020-09-21 18:34:47','2021-03-27 13:50:06'),(1744,'G3',0.00,0.00,0,'2020-09-21 18:34:47','2021-03-27 13:50:07'),(1745,'BKUT',0.00,0.00,0,'2020-09-21 18:34:47','2021-03-27 13:50:07'),(1746,'SE5R',0.00,0.00,0,'2020-09-21 18:34:47','2021-03-27 13:50:07'),(1747,'P47',0.00,0.00,0,'2020-09-21 18:34:47','2021-03-27 13:50:07'),(1748,'FANL',0.00,0.00,0,'2020-09-21 18:34:47','2021-03-27 13:50:07'),(1749,'SIR2',0.00,0.00,0,'2020-09-21 18:34:47','2021-03-27 13:50:07'),(1750,'RW3',0.00,0.00,0,'2020-09-21 18:34:47','2021-03-27 13:50:07'),(1751,'R109',0.00,0.00,0,'2020-09-21 18:34:47','2021-03-27 13:50:07'),(1752,'RODS',0.00,0.00,0,'2020-09-21 18:34:47','2021-03-27 13:50:07'),(1753,'P210',36.75,28.25,0,'2020-09-21 18:34:47','2021-03-27 14:30:26'),(1754,'F13',0.00,0.00,0,'2020-09-21 18:34:47','2021-03-27 13:50:07'),(1755,'DR40',0.00,0.00,0,'2020-09-21 18:34:47','2021-03-27 13:50:07'),(1756,'HR20',0.00,0.00,0,'2020-09-21 18:34:47','2021-03-27 13:50:07'),(1757,'R100',0.00,0.00,0,'2020-09-21 18:34:47','2021-03-27 13:50:08'),(1758,'R200',0.00,0.00,0,'2020-09-21 18:34:47','2021-03-27 13:50:08'),(1759,'ATL',0.00,0.00,0,'2020-09-21 18:34:47','2021-03-27 13:50:08'),(1760,'DR30',0.00,0.00,0,'2020-09-21 18:34:47','2021-03-27 13:50:08'),(1761,'DR10',0.00,0.00,0,'2020-09-21 18:34:47','2021-03-27 13:50:08'),(1762,'HR10',0.00,0.00,0,'2020-09-21 18:34:47','2021-03-27 13:50:08'),(1763,'R300',0.00,0.00,0,'2020-09-21 18:34:47','2021-03-27 13:50:08'),(1764,'X4',0.00,0.00,0,'2020-09-21 18:34:47','2021-03-27 13:50:08'),(1765,'KRAH',0.00,0.00,0,'2020-09-21 18:34:47','2021-03-27 13:50:08'),(1766,'R185',0.00,0.00,0,'2020-09-21 18:34:47','2021-03-27 13:50:08'),(1767,'AC11',0.00,0.00,0,'2020-09-21 18:34:47','2021-03-27 13:50:08'),(1768,'AC50',51.71,36.81,0,'2020-09-21 18:34:47','2021-03-27 14:30:26'),(1769,'V10',0.00,0.00,0,'2020-09-21 18:34:47','2021-03-27 13:50:08'),(1770,'T2',0.00,0.00,0,'2020-09-21 18:34:47','2021-03-27 13:50:08'),(1771,'AC6L',44.08,43.00,0,'2020-09-21 18:34:47','2021-03-27 14:30:26'),(1772,'RC70',0.00,0.00,0,'2020-09-21 18:34:47','2021-03-27 13:50:08'),(1773,'AC90',52.12,42.98,0,'2020-09-21 18:34:47','2021-03-27 14:30:26'),(1774,'AC95',52.12,42.98,0,'2020-09-21 18:34:47','2021-03-27 14:30:26'),(1775,'B1',0.00,0.00,1,'2020-09-21 18:34:47','2021-03-27 13:50:09'),(1776,'SBR1',0.00,0.00,0,'2020-09-21 18:34:47','2021-03-27 13:50:09'),(1777,'SBR2',0.00,0.00,0,'2020-09-21 18:34:47','2021-03-27 13:50:09'),(1778,'NG4',0.00,0.00,0,'2020-09-21 18:34:47','2021-03-27 13:50:09'),(1779,'LS8',0.00,0.00,0,'2020-09-21 18:34:47','2021-03-27 13:50:09'),(1780,'LS9',0.00,0.00,0,'2020-09-21 18:34:47','2021-03-27 13:50:09'),(1781,'BETA',0.00,0.00,0,'2020-09-21 18:34:47','2021-03-27 13:50:09'),(1782,'D6CR',0.00,0.00,0,'2020-09-21 18:34:47','2021-03-27 13:50:09'),(1783,'PANT',0.00,0.00,0,'2020-09-21 18:34:47','2021-03-27 13:50:09'),(1784,'RTA4',0.00,0.00,0,'2020-09-21 18:34:47','2021-03-27 13:50:09'),(1785,'FANT',0.00,0.00,0,'2020-09-21 18:34:47','2021-03-27 13:50:09'),(1786,'D228',55.67,54.33,0,'2020-09-21 18:34:47','2021-03-27 14:30:27'),(1787,'J328',0.00,0.00,0,'2020-09-21 18:34:47','2021-03-27 13:50:09'),(1788,'R11',0.00,0.00,0,'2020-09-21 18:34:47','2021-03-27 13:50:09'),(1789,'R90F',0.00,0.00,0,'2020-09-21 18:34:47','2021-03-27 13:50:09'),(1790,'R90R',0.00,0.00,0,'2020-09-21 18:34:47','2021-03-27 13:50:09'),(1791,'R90T',0.00,0.00,0,'2020-09-21 18:34:47','2021-03-27 13:50:09'),(1792,'VVIG',0.00,0.00,0,'2020-09-21 18:34:47','2021-03-27 13:50:09'),(1793,'VEZE',0.00,0.00,0,'2020-09-21 18:34:47','2021-03-27 13:50:09'),(1794,'LGEZ',0.00,0.00,0,'2020-09-21 18:34:47','2021-03-27 13:50:09'),(1795,'SOLI',0.00,0.00,0,'2020-09-21 18:34:47','2021-03-27 13:50:09'),(1796,'BOOM',0.00,0.00,0,'2020-09-21 18:34:47','2021-03-27 13:50:09'),(1797,'COZY',0.00,0.00,0,'2020-09-21 18:34:47','2021-03-27 13:50:09'),(1798,'DEFI',0.00,0.00,0,'2020-09-21 18:34:47','2021-03-27 13:50:10'),(1799,'PT22',0.00,0.00,0,'2020-09-21 18:34:47','2021-03-27 13:50:10'),(1800,'RYST',0.00,0.00,0,'2020-09-21 18:34:47','2021-03-27 13:50:10'),(1801,'SB29',0.00,0.00,0,'2020-09-21 18:34:47','2021-03-27 13:50:10'),(1802,'SB05',0.00,0.00,0,'2020-09-21 18:34:47','2021-03-27 13:50:10'),(1803,'SB91',0.00,0.00,0,'2020-09-21 18:34:47','2021-03-27 13:50:10'),(1804,'SB37',0.00,0.00,1,'2020-09-21 18:34:47','2021-03-27 13:50:10'),(1805,'SB39',0.00,0.00,0,'2020-09-21 18:34:47','2021-03-27 13:50:10'),(1806,'SB32',0.00,0.00,0,'2020-09-21 18:34:47','2021-03-27 13:50:10'),(1807,'MF17',0.00,0.00,0,'2020-09-21 18:34:47','2021-03-27 13:50:10'),(1808,'SF34',70.33,64.75,0,'2020-09-21 18:34:47','2021-03-27 14:30:27'),(1809,'M4',0.00,0.00,0,'2020-09-21 18:34:47','2021-03-27 13:50:10'),(1810,'A22',0.00,0.00,0,'2020-09-21 18:34:47','2021-03-27 13:50:10'),(1811,'SAVA',0.00,0.00,0,'2020-09-21 18:34:47','2021-03-27 13:50:10'),(1812,'KZ2',0.00,0.00,0,'2020-09-21 18:34:47','2021-03-27 13:50:10'),(1813,'KZ3',0.00,0.00,0,'2020-09-21 18:34:47','2021-03-27 13:50:10'),(1814,'KZ4',0.00,0.00,0,'2020-09-21 18:34:47','2021-03-27 13:50:10'),(1815,'KZ7',0.00,0.00,0,'2020-09-21 18:34:47','2021-03-27 13:50:10'),(1816,'KZ8',0.00,0.00,0,'2020-09-21 18:34:47','2021-03-27 13:50:10'),(1817,'G97',0.00,0.00,0,'2020-09-21 18:34:47','2021-03-27 13:50:10'),(1818,'RAZM',0.00,0.00,0,'2020-09-21 18:34:47','2021-03-27 13:50:10'),(1819,'SHOP',0.00,0.00,0,'2020-09-21 18:34:47','2021-03-27 13:50:10'),(1820,'SAM',0.00,0.00,0,'2020-09-21 18:34:47','2021-03-27 13:50:11'),(1821,'D140',0.00,0.00,0,'2020-09-21 18:34:47','2021-03-27 13:50:11'),(1822,'D150',0.00,0.00,0,'2020-09-21 18:34:47','2021-03-27 13:50:11'),(1823,'FU24',0.00,0.00,0,'2020-09-21 18:34:47','2021-03-27 13:50:11'),(1824,'A3ST',0.00,0.00,1,'2020-09-21 18:34:47','2021-03-27 13:50:11'),(1825,'PAGO',0.00,0.00,0,'2020-09-21 18:34:47','2021-03-27 13:50:11'),(1826,'J300',0.00,0.00,0,'2020-09-21 18:34:47','2021-03-27 13:50:11'),(1827,'SP6E',0.00,0.00,0,'2020-09-21 18:34:47','2021-03-27 13:50:11'),(1828,'ARES',0.00,0.00,0,'2020-09-21 18:34:47','2021-03-27 13:50:11'),(1829,'PRTS',0.00,0.00,0,'2020-09-21 18:34:47','2021-03-27 13:50:11'),(1830,'GFLY',0.00,0.00,0,'2020-09-21 18:34:47','2021-03-27 13:50:11'),(1831,'WHKN',0.00,0.00,0,'2020-09-21 18:34:47','2021-03-27 13:50:11'),(1832,'SLCH',0.00,0.00,1,'2020-09-21 18:34:47','2021-03-27 13:50:11'),(1833,'BPOD',0.00,0.00,0,'2020-09-21 18:34:47','2021-03-27 13:50:11'),(1834,'SS2',0.00,0.00,0,'2020-09-21 18:34:47','2021-03-27 13:50:11'),(1835,'WHK2',0.00,0.00,1,'2020-09-21 18:34:47','2021-03-27 13:50:11'),(1836,'PAT4',0.00,0.00,0,'2020-09-21 18:34:47','2021-03-27 13:50:11'),(1837,'DC3T',95.17,67.75,0,'2020-09-21 18:34:47','2021-03-27 14:30:26'),(1838,'SF24',0.00,0.00,0,'2020-09-21 18:34:47','2021-03-27 13:50:11'),(1839,'SF27',0.00,0.00,0,'2020-09-21 18:34:47','2021-03-27 13:50:11'),(1840,'SF28',0.00,0.00,0,'2020-09-21 18:34:47','2021-03-27 13:50:11'),(1841,'SF32',0.00,0.00,0,'2020-09-21 18:34:47','2021-03-27 13:50:11'),(1842,'SF35',0.00,0.00,0,'2020-09-21 18:34:47','2021-03-27 13:50:11'),(1843,'SF36',0.00,0.00,0,'2020-09-21 18:34:47','2021-03-27 13:50:12'),(1844,'SF23',0.00,0.00,0,'2020-09-21 18:34:47','2021-03-27 13:50:12'),(1845,'ARCE',0.00,0.00,0,'2020-09-21 18:34:47','2021-03-27 13:50:12'),(1846,'ARCP',0.00,0.00,0,'2020-09-21 18:34:47','2021-03-27 13:50:12'),(1847,'DISC',0.00,0.00,0,'2020-09-21 18:34:47','2021-03-27 13:50:12'),(1848,'DUOD',0.00,0.00,0,'2020-09-21 18:34:47','2021-03-27 13:50:12'),(1849,'JANU',0.00,0.00,0,'2020-09-21 18:34:47','2021-03-27 13:50:12'),(1850,'NIMB',0.00,0.00,0,'2020-09-21 18:34:47','2021-03-27 13:50:12'),(1851,'VENT',0.00,0.00,0,'2020-09-21 18:34:47','2021-03-27 13:50:12'),(1852,'S32E',0.00,0.00,0,'2020-09-21 18:34:47','2021-03-27 13:50:12'),(1853,'S32M',0.00,0.00,0,'2020-09-21 18:34:47','2021-03-27 13:50:12'),(1854,'AS25',0.00,0.00,0,'2020-09-21 18:34:47','2021-03-27 13:50:12'),(1855,'AS26',0.00,0.00,0,'2020-09-21 18:34:47','2021-03-27 13:50:12'),(1856,'AS30',0.00,0.00,0,'2020-09-21 18:34:47','2021-03-27 13:50:12'),(1857,'AS31',0.00,0.00,0,'2020-09-21 18:34:47','2021-03-27 13:50:12'),(1858,'AS14',0.00,0.00,0,'2020-09-21 18:34:47','2021-03-27 13:50:12'),(1859,'AS16',0.00,0.00,0,'2020-09-21 18:34:47','2021-03-27 13:50:12'),(1860,'AS21',0.00,0.00,0,'2020-09-21 18:34:47','2021-03-27 13:50:12'),(1861,'A20J',0.00,0.00,0,'2020-09-21 18:34:47','2021-03-27 13:50:12'),(1862,'AS20',0.00,0.00,0,'2020-09-21 18:34:47','2021-03-27 13:50:12'),(1863,'AS22',0.00,0.00,0,'2020-09-21 18:34:47','2021-03-27 13:50:12'),(1864,'AS24',0.00,0.00,0,'2020-09-21 18:34:47','2021-03-27 13:50:13'),(1865,'AS29',0.00,0.00,0,'2020-09-21 18:34:47','2021-03-27 13:50:13'),(1866,'AS28',0.00,0.00,0,'2020-09-21 18:34:47','2021-03-27 13:50:13'),(1867,'SA37',0.00,0.00,0,'2020-09-21 18:34:47','2021-03-27 13:50:13'),(1868,'G64T',0.00,0.00,0,'2020-09-21 18:34:47','2021-03-27 13:50:13'),(1869,'SA38',0.00,0.00,0,'2020-09-21 18:34:47','2021-03-27 13:50:13'),(1870,'SA8T',0.00,0.00,0,'2020-09-21 18:34:47','2021-03-27 13:50:13'),(1871,'SG37',0.00,0.00,0,'2020-09-21 18:34:47','2021-03-27 13:50:13'),(1872,'CP13',0.00,0.00,0,'2020-09-21 18:34:47','2021-03-27 13:50:13'),(1873,'RUBI',0.00,0.00,0,'2020-09-21 18:34:47','2021-03-27 13:50:13'),(1874,'BDOG',33.00,23.17,0,'2020-09-21 18:34:47','2021-03-27 14:30:26'),(1875,'TPIN',0.00,0.00,0,'2020-09-21 18:34:47','2021-03-27 13:50:13'),(1876,'SCW1',0.00,0.00,0,'2020-09-21 18:34:47','2021-03-27 13:50:13'),(1877,'SB7',0.00,0.00,0,'2020-09-21 18:34:48','2021-03-27 13:50:13'),(1878,'JAB4',0.00,0.00,0,'2020-09-21 18:34:48','2021-03-27 13:50:13'),(1879,'PA23',0.00,0.00,0,'2020-09-21 18:34:48','2021-03-27 13:50:13'),(1880,'JAGR',0.00,0.00,0,'2020-09-21 18:34:48','2021-03-27 13:50:13'),(1881,'F8L',0.00,0.00,0,'2020-09-21 18:34:48','2021-03-27 13:50:13'),(1882,'G164',0.00,0.00,0,'2020-09-21 18:34:48','2021-03-27 13:50:13'),(1883,'SERA',0.00,0.00,0,'2020-09-21 18:34:48','2021-03-27 13:50:13'),(1884,'YAST',0.00,0.00,0,'2020-09-21 18:34:48','2021-03-27 13:50:13'),(1885,'SHRK',0.00,0.00,0,'2020-09-21 18:34:48','2021-03-27 13:50:13'),(1886,'SASH',0.00,0.00,0,'2020-09-21 18:34:48','2021-03-27 13:50:13'),(1887,'J8B',0.00,0.00,1,'2020-09-21 18:34:48','2021-03-27 13:50:13'),(1888,'MG17',0.00,0.00,0,'2020-09-21 18:34:48','2021-03-27 13:50:14'),(1889,'J8A',0.00,0.00,0,'2020-09-21 18:34:48','2021-03-27 13:50:14'),(1890,'MG19',0.00,0.00,0,'2020-09-21 18:34:48','2021-03-27 13:50:14'),(1891,'HU1',0.00,0.00,0,'2020-09-21 18:34:48','2021-03-27 13:50:14'),(1892,'HU2',0.00,0.00,0,'2020-09-21 18:34:48','2021-03-27 13:50:14'),(1893,'SHER',0.00,0.00,0,'2020-09-21 18:34:48','2021-03-27 13:50:14'),(1894,'SH33',0.00,0.00,0,'2020-09-21 18:34:48','2021-03-27 13:50:14'),(1895,'CNBR',0.00,0.00,1,'2020-09-21 18:34:48','2021-03-27 13:50:14'),(1896,'TUCA',37.00,32.33,0,'2020-09-21 18:34:48','2021-03-27 14:30:27'),(1897,'BELF',0.00,0.00,1,'2020-09-21 18:34:48','2021-03-27 13:50:14'),(1898,'SC7',0.00,0.00,0,'2020-09-21 18:34:48','2021-03-27 13:50:14'),(1899,'SH36',0.00,0.00,0,'2020-09-21 18:34:48','2021-03-27 13:50:14'),(1900,'YUNO',0.00,0.00,0,'2020-09-21 18:34:48','2021-03-27 13:50:14'),(1901,'S05F',0.00,0.00,0,'2020-09-21 18:34:48','2021-03-27 13:50:14'),(1902,'S05R',0.00,0.00,0,'2020-09-21 18:34:48','2021-03-27 13:50:14'),(1903,'S208',0.00,0.00,0,'2020-09-21 18:34:48','2021-03-27 13:50:14'),(1904,'F260',26.98,23.00,0,'2020-09-21 18:34:48','2021-03-27 14:30:26'),(1905,'F26T',0.00,0.00,0,'2020-09-21 18:34:48','2021-03-27 13:50:14'),(1906,'SM19',0.00,0.00,0,'2020-09-21 18:34:48','2021-03-27 13:50:14'),(1907,'S223',0.00,0.00,0,'2020-09-21 18:34:48','2021-03-27 13:50:14'),(1908,'SILH',0.00,0.00,0,'2020-09-21 18:34:48','2021-03-27 13:50:15'),(1909,'HAHU',0.00,0.00,0,'2020-09-21 18:34:48','2021-03-27 13:50:15'),(1910,'A4',0.00,0.00,0,'2020-09-21 18:34:48','2021-03-27 13:50:15'),(1911,'S211',0.00,0.00,0,'2020-09-21 18:34:48','2021-03-27 13:50:15'),(1912,'S200',0.00,0.00,0,'2020-09-21 18:34:48','2021-03-27 13:50:15'),(1913,'S900',0.00,0.00,0,'2020-09-21 18:34:48','2021-03-27 13:50:15'),(1914,'MJ2',0.00,0.00,0,'2020-09-21 18:34:48','2021-03-27 13:50:15'),(1915,'CORR',0.00,0.00,0,'2020-09-21 18:34:48','2021-03-27 13:50:15'),(1916,'FRNT',0.00,0.00,0,'2020-09-21 18:34:48','2021-03-27 13:50:15'),(1917,'RAID',0.00,0.00,0,'2020-09-21 18:34:48','2021-03-27 13:50:15'),(1918,'ARV1',0.00,0.00,0,'2020-09-21 18:34:48','2021-03-27 13:50:15'),(1919,'SD26',0.00,0.00,0,'2020-09-21 18:34:48','2021-03-27 13:50:15'),(1920,'SK10',0.00,0.00,0,'2020-09-21 18:34:48','2021-03-27 13:50:15'),(1921,'FOX',0.00,0.00,0,'2020-09-21 18:34:48','2021-03-27 13:50:15'),(1922,'SALB',0.00,0.00,0,'2020-09-21 18:34:48','2021-03-27 13:50:15'),(1923,'SCOM',0.00,0.00,0,'2020-09-21 18:34:48','2021-03-27 13:50:15'),(1924,'S122',0.00,0.00,0,'2020-09-21 18:34:48','2021-03-27 13:50:15'),(1925,'SKYO',0.00,0.00,0,'2020-09-21 18:34:48','2021-03-27 13:50:15'),(1926,'VIX',0.00,0.00,0,'2020-09-21 18:34:48','2021-03-27 13:50:15'),(1927,'PULS',0.00,0.00,0,'2020-09-21 18:34:48','2021-03-27 13:50:15'),(1928,'SW18',0.00,0.00,0,'2020-09-21 18:34:48','2021-03-27 13:50:15'),(1929,'SLK3',0.00,0.00,0,'2020-09-21 18:34:48','2021-03-27 13:50:15'),(1930,'SLK5',0.00,0.00,0,'2020-09-21 18:34:48','2021-03-27 13:50:15'),(1931,'RF6',0.00,0.00,0,'2020-09-21 18:34:48','2021-03-27 13:50:15'),(1932,'GSIS',0.00,0.00,0,'2020-09-21 18:34:48','2021-03-27 13:50:15'),(1933,'SCEP',0.00,0.00,0,'2020-09-21 18:34:48','2021-03-27 13:50:15'),(1934,'SBLS',0.00,0.00,0,'2020-09-21 18:34:48','2021-03-27 13:50:15'),(1935,'SQES',0.00,0.00,0,'2020-09-21 18:34:48','2021-03-27 13:50:16'),(1936,'MD3',0.00,0.00,0,'2020-09-21 18:34:48','2021-03-27 13:50:16'),(1937,'DSA1',0.00,0.00,0,'2020-09-21 18:34:48','2021-03-27 13:50:16'),(1938,'TERM',0.00,0.00,0,'2020-09-21 18:34:48','2021-03-27 13:50:16'),(1939,'SACR',0.00,0.00,0,'2020-09-21 18:34:48','2021-03-27 13:50:16'),(1940,'P18T',0.00,0.00,0,'2020-09-21 18:34:48','2021-03-27 13:50:16'),(1941,'SIDE',0.00,0.00,0,'2020-09-21 18:34:48','2021-03-27 13:50:16'),(1942,'TB30',0.00,0.00,0,'2020-09-21 18:34:48','2021-03-27 13:50:16'),(1943,'MS30',0.00,0.00,0,'2020-09-21 18:34:48','2021-03-27 13:50:16'),(1944,'MS18',0.00,0.00,0,'2020-09-21 18:34:48','2021-03-27 13:50:16'),(1945,'MS25',0.00,0.00,0,'2020-09-21 18:34:48','2021-03-27 13:50:16'),(1946,'RALL',0.00,0.00,0,'2020-09-21 18:34:48','2021-03-27 13:50:16'),(1947,'TB31',0.00,0.00,0,'2020-09-21 18:34:48','2021-03-27 13:50:16'),(1948,'ST10',0.00,0.00,0,'2020-09-21 18:34:48','2021-03-27 13:50:16'),(1949,'TAMP',0.00,0.00,0,'2020-09-21 18:34:48','2021-03-27 13:50:16'),(1950,'GA7',36.83,28.67,0,'2020-09-21 18:34:48','2021-03-27 14:30:27'),(1951,'TBM8',0.00,0.00,0,'2020-09-21 18:34:48','2021-03-27 13:50:16'),(1952,'TBM9',0.00,0.00,0,'2020-09-21 18:34:48','2021-03-27 13:50:16'),(1953,'TOBA',0.00,0.00,0,'2020-09-21 18:34:48','2021-03-27 13:50:16'),(1954,'TB20',0.00,0.00,0,'2020-09-21 18:34:48','2021-03-27 13:50:16'),(1955,'TB21',0.00,0.00,0,'2020-09-21 18:34:48','2021-03-27 13:50:16'),(1956,'SOK2',0.00,0.00,0,'2020-09-21 18:34:48','2021-03-27 13:50:16'),(1957,'G2GL',0.00,0.00,0,'2020-09-21 18:34:48','2021-03-27 13:50:16'),(1958,'G4SG',0.00,0.00,0,'2020-09-21 18:34:48','2021-03-27 13:50:16'),(1959,'JAST',0.00,0.00,0,'2020-09-21 18:34:48','2021-03-27 13:50:16'),(1960,'KRAG',0.00,0.00,0,'2020-09-21 18:34:48','2021-03-27 13:50:16'),(1961,'YURO',0.00,0.00,0,'2020-09-21 18:34:48','2021-03-27 13:50:16'),(1962,'SOL1',0.00,0.00,0,'2020-09-21 18:34:48','2021-03-27 13:50:16'),(1963,'SOL2',0.00,0.00,0,'2020-09-21 18:34:48','2021-03-27 13:50:16'),(1964,'C08T',0.00,0.00,0,'2020-09-21 18:34:48','2021-03-27 13:50:17'),(1965,'JSX',0.00,0.00,0,'2020-09-21 18:34:48','2021-03-27 13:50:17'),(1966,'ONEX',0.00,0.00,0,'2020-09-21 18:34:48','2021-03-27 13:50:17'),(1967,'SONX',0.00,0.00,0,'2020-09-21 18:34:48','2021-03-27 13:50:17'),(1968,'WAIX',0.00,0.00,0,'2020-09-21 18:34:48','2021-03-27 13:50:17'),(1969,'XNOS',0.00,0.00,0,'2020-09-21 18:34:48','2021-03-27 13:50:17'),(1970,'CAML',0.00,0.00,0,'2020-09-21 18:34:48','2021-03-27 13:50:17'),(1971,'SPUP',0.00,0.00,0,'2020-09-21 18:34:48','2021-03-27 13:50:17'),(1972,'SNS9',0.00,0.00,0,'2020-09-21 18:34:48','2021-03-27 13:50:17'),(1973,'SNS2',0.00,0.00,0,'2020-09-21 18:34:48','2021-03-27 13:50:17'),(1974,'SNS7',0.00,0.00,0,'2020-09-21 18:34:48','2021-03-27 13:50:17'),(1975,'SP7',0.00,0.00,0,'2020-09-21 18:34:48','2021-03-27 13:50:17'),(1976,'SPC2',0.00,0.00,0,'2020-09-21 18:34:48','2021-03-27 13:50:17'),(1977,'SP33',0.00,0.00,0,'2020-09-21 18:34:48','2021-03-27 13:50:17'),(1978,'ST1',0.00,0.00,0,'2020-09-21 18:34:48','2021-03-27 13:50:17'),(1979,'DAL1',0.00,0.00,0,'2020-09-21 18:34:48','2021-03-27 13:50:17'),(1980,'SRAC',0.00,0.00,0,'2020-09-21 18:34:48','2021-03-27 13:50:17'),(1981,'RF4',0.00,0.00,0,'2020-09-21 18:34:48','2021-03-27 13:50:17'),(1982,'SF31',0.00,0.00,0,'2020-09-21 18:34:48','2021-03-27 13:50:18'),(1983,'RF5',0.00,0.00,0,'2020-09-21 18:34:48','2021-03-27 13:50:18'),(1984,'RS18',0.00,0.00,0,'2020-09-21 18:34:48','2021-03-27 13:50:18'),(1985,'LK17',0.00,0.00,0,'2020-09-21 18:34:48','2021-03-27 13:50:18'),(1986,'LK19',0.00,0.00,0,'2020-09-21 18:34:48','2021-03-27 13:50:18'),(1987,'LK20',0.00,0.00,0,'2020-09-21 18:34:48','2021-03-27 13:50:18'),(1988,'WS22',0.00,0.00,0,'2020-09-21 18:34:48','2021-03-27 13:50:18'),(1989,'SA6E',0.00,0.00,0,'2020-09-21 18:34:48','2021-03-27 13:50:18'),(1990,'BU31',24.25,21.67,0,'2020-09-21 18:34:48','2021-03-27 14:30:26'),(1991,'PARL',0.00,0.00,0,'2020-09-21 18:34:48','2021-03-27 13:50:18'),(1992,'CAMP',0.00,0.00,0,'2020-09-21 18:34:48','2021-03-27 13:50:18'),(1993,'STRI',0.00,0.00,0,'2020-09-21 18:34:48','2021-03-27 13:50:18'),(1994,'SV4',0.00,0.00,0,'2020-09-21 18:34:48','2021-03-27 13:50:18'),(1995,'AS80',0.00,0.00,0,'2020-09-21 18:34:48','2021-03-27 13:50:18'),(1996,'FIBO',0.00,0.00,0,'2020-09-21 18:34:48','2021-03-27 13:50:18'),(1997,'CP30',0.00,0.00,0,'2020-09-21 18:34:48','2021-03-27 13:50:18'),(1998,'D31',0.00,0.00,0,'2020-09-21 18:34:48','2021-03-27 13:50:18'),(1999,'SK70',0.00,0.00,0,'2020-09-21 18:34:48','2021-03-27 13:50:18'),(2000,'SPA2',0.00,0.00,0,'2020-09-21 18:34:48','2021-03-27 13:50:18'),(2001,'SL1',0.00,0.00,0,'2020-09-21 18:34:48','2021-03-27 13:50:18'),(2002,'STFF',0.00,0.00,0,'2020-09-21 18:34:48','2021-03-27 13:50:18'),(2003,'ST60',0.00,0.00,0,'2020-09-21 18:34:48','2021-03-27 13:50:18'),(2004,'ST4',0.00,0.00,0,'2020-09-21 18:34:48','2021-03-27 13:50:18'),(2005,'ST6',0.00,0.00,0,'2020-09-21 18:34:48','2021-03-27 13:50:18'),(2006,'ST3',0.00,0.00,0,'2020-09-21 18:34:48','2021-03-27 13:50:18'),(2007,'ST75',0.00,0.00,0,'2020-09-21 18:34:48','2021-03-27 13:50:18'),(2008,'BOLT',0.00,0.00,0,'2020-09-21 18:34:48','2021-03-27 13:50:19'),(2009,'S10S',0.00,0.00,0,'2020-09-21 18:34:48','2021-03-27 13:50:19'),(2010,'S12S',0.00,0.00,0,'2020-09-21 18:34:48','2021-03-27 13:50:19'),(2011,'S15S',0.00,0.00,0,'2020-09-21 18:34:48','2021-03-27 13:50:19'),(2012,'S15U',0.00,0.00,0,'2020-09-21 18:34:48','2021-03-27 13:50:19'),(2013,'S6',0.00,0.00,0,'2020-09-21 18:34:48','2021-03-27 13:50:19'),(2014,'AKRO',0.00,0.00,0,'2020-09-21 18:34:48','2021-03-27 13:50:19'),(2015,'ST87',0.00,0.00,0,'2020-09-21 18:34:48','2021-03-27 13:50:19'),(2016,'SM01',0.00,0.00,0,'2020-09-21 18:34:48','2021-03-27 13:50:19'),(2017,'S51D',0.00,0.00,0,'2020-09-21 18:34:48','2021-03-27 13:50:19'),(2018,'FOOF',0.00,0.00,0,'2020-09-21 18:34:48','2021-03-27 13:50:19'),(2019,'HEAD',0.00,0.00,0,'2020-09-21 18:34:48','2021-03-27 13:50:19'),(2020,'S10',0.00,0.00,0,'2020-09-21 18:34:48','2021-03-27 13:50:19'),(2021,'S108',0.00,0.00,0,'2020-09-21 18:34:48','2021-03-27 13:50:19'),(2022,'TRMA',0.00,0.00,0,'2020-09-21 18:34:48','2021-03-27 13:50:19'),(2023,'L5',0.00,0.00,0,'2020-09-21 18:34:48','2021-03-27 13:50:19'),(2024,'RELI',0.00,0.00,0,'2020-09-21 18:34:48','2021-03-27 13:50:19'),(2025,'SM60',0.00,0.00,0,'2020-09-21 18:34:48','2021-03-27 13:50:19'),(2026,'SA3',0.00,0.00,0,'2020-09-21 18:34:48','2021-03-27 13:50:20'),(2027,'SA11',0.00,0.00,0,'2020-09-21 18:34:48','2021-03-27 13:50:20'),(2028,'SA6',0.00,0.00,0,'2020-09-21 18:34:48','2021-03-27 13:50:20'),(2029,'SA7',0.00,0.00,0,'2020-09-21 18:34:48','2021-03-27 13:50:20'),(2030,'GLAS',35.00,23.00,0,'2020-09-21 18:34:48','2021-03-27 14:30:27'),(2031,'GLST',35.00,23.00,0,'2020-09-21 18:34:48','2021-03-27 14:30:27'),(2032,'GLTU',0.00,0.00,0,'2020-09-21 18:34:48','2021-03-27 13:50:20'),(2033,'SA70',0.00,0.00,0,'2020-09-21 18:34:48','2021-03-27 13:50:20'),(2034,'SA75',0.00,0.00,0,'2020-09-21 18:34:48','2021-03-27 13:50:20'),(2035,'SA30',0.00,0.00,0,'2020-09-21 18:34:48','2021-03-27 13:50:20'),(2036,'SA50',0.00,0.00,0,'2020-09-21 18:34:48','2021-03-27 13:50:20'),(2037,'SA10',0.00,0.00,0,'2020-09-21 18:34:48','2021-03-27 13:50:20'),(2038,'SDUS',0.00,0.00,0,'2020-09-21 18:34:48','2021-03-27 13:50:20'),(2039,'STOR',0.00,0.00,0,'2020-09-21 18:34:48','2021-03-27 13:50:20'),(2040,'SGRA',0.00,0.00,0,'2020-09-21 18:34:48','2021-03-27 13:50:20'),(2041,'STRM',0.00,0.00,0,'2020-09-21 18:34:48','2021-03-27 13:50:20'),(2042,'STRA',0.00,0.00,0,'2020-09-21 18:34:48','2021-03-27 13:50:20'),(2043,'STR2',0.00,0.00,0,'2020-09-21 18:34:48','2021-03-27 13:50:20'),(2044,'T28',0.00,0.00,0,'2020-09-21 18:34:48','2021-03-27 13:50:20'),(2045,'GY80',0.00,0.00,0,'2020-09-21 18:34:48','2021-03-27 13:50:20'),(2046,'VAUT',0.00,0.00,1,'2020-09-21 18:34:48','2021-03-27 13:50:21'),(2047,'SU27',0.00,0.00,1,'2020-09-21 18:34:48','2021-03-27 13:50:21'),(2048,'S37',0.00,0.00,1,'2020-09-21 18:34:48','2021-03-27 13:50:21'),(2049,'SU15',0.00,0.00,0,'2020-09-21 18:34:48','2021-03-27 13:50:21'),(2050,'SU17',0.00,0.00,1,'2020-09-21 18:34:48','2021-03-27 13:50:21'),(2051,'SU24',0.00,0.00,1,'2020-09-21 18:34:48','2021-03-27 13:50:21'),(2052,'SU25',0.00,0.00,1,'2020-09-21 18:34:48','2021-03-27 13:50:21'),(2053,'SU26',0.00,0.00,0,'2020-09-21 18:34:48','2021-03-27 13:50:21'),(2054,'SU29',0.00,0.00,0,'2020-09-21 18:34:48','2021-03-27 13:50:21'),(2055,'SU31',0.00,0.00,0,'2020-09-21 18:34:48','2021-03-27 13:50:21'),(2056,'SU38',0.00,0.00,0,'2020-09-21 18:34:48','2021-03-27 13:50:21'),(2057,'SU7',0.00,0.00,0,'2020-09-21 18:34:48','2021-03-27 13:50:21'),(2058,'SU80',0.00,0.00,0,'2020-09-21 18:34:48','2021-03-27 13:50:21'),(2059,'SU95',0.00,0.00,1,'2020-09-21 18:34:48','2021-03-27 13:50:21'),(2060,'T50S',0.00,0.00,1,'2020-09-21 18:34:48','2021-03-27 13:50:21'),(2061,'APUP',0.00,0.00,0,'2020-09-21 18:34:48','2021-03-27 13:50:21'),(2062,'CHIP',0.00,0.00,0,'2020-09-21 18:34:48','2021-03-27 13:50:21'),(2063,'SPIT',0.00,0.00,0,'2020-09-21 18:34:48','2021-03-27 13:50:21'),(2064,'SWIF',0.00,0.00,0,'2020-09-21 18:34:48','2021-03-27 13:50:21'),(2065,'SASP',0.00,0.00,0,'2020-09-21 18:34:48','2021-03-27 13:50:21'),(2066,'SW3',0.00,0.00,0,'2020-09-21 18:34:48','2021-03-27 13:50:21'),(2067,'SW4',0.00,0.00,0,'2020-09-21 18:34:48','2021-03-27 13:50:21'),(2068,'SW2',0.00,0.00,0,'2020-09-21 18:34:48','2021-03-27 13:50:22'),(2069,'SJ30',0.00,0.00,0,'2020-09-21 18:34:48','2021-03-27 13:50:22'),(2070,'SX30',0.00,0.00,0,'2020-09-21 18:34:48','2021-03-27 13:50:22'),(2071,'SWIN',0.00,0.00,0,'2020-09-21 18:34:48','2021-03-27 13:50:22'),(2072,'SYMP',0.00,0.00,0,'2020-09-21 18:34:48','2021-03-27 13:50:22'),(2073,'SKRA',0.00,0.00,0,'2020-09-21 18:34:48','2021-03-27 13:50:22'),(2074,'SZ45',0.00,0.00,0,'2020-09-21 18:34:48','2021-03-27 13:50:22'),(2075,'CORO',0.00,0.00,0,'2020-09-21 18:34:48','2021-03-27 13:50:22'),(2076,'ANKA',0.00,0.00,0,'2020-09-21 18:34:48','2021-03-27 13:50:22'),(2077,'HURK',0.00,0.00,0,'2020-09-21 18:34:48','2021-03-27 13:50:22'),(2078,'ZIU',0.00,0.00,0,'2020-09-21 18:34:49','2021-03-27 13:50:22'),(2079,'DUB2',0.00,0.00,0,'2020-09-21 18:34:49','2021-03-27 13:50:22'),(2080,'TD3',0.00,0.00,0,'2020-09-21 18:34:49','2021-03-27 13:50:22'),(2081,'TD1',0.00,0.00,0,'2020-09-21 18:34:49','2021-03-27 13:50:22'),(2082,'TJET',0.00,0.00,0,'2020-09-21 18:34:49','2021-03-27 13:50:22'),(2083,'NAL2',0.00,0.00,0,'2020-09-21 18:34:49','2021-03-27 13:50:22'),(2084,'LEVI',0.00,0.00,0,'2020-09-21 18:34:49','2021-03-27 13:50:22'),(2085,'PEGZ',0.00,0.00,0,'2020-09-21 18:34:49','2021-03-27 13:50:22'),(2086,'E2CB',0.00,0.00,0,'2020-09-21 18:34:49','2021-03-27 13:50:22'),(2087,'J2',0.00,0.00,0,'2020-09-21 18:34:49','2021-03-27 13:50:22'),(2088,'MIMP',0.00,0.00,0,'2020-09-21 18:34:49','2021-03-27 13:50:22'),(2089,'BIRD',0.00,0.00,0,'2020-09-21 18:34:49','2021-03-27 13:50:22'),(2090,'JT2',0.00,0.00,0,'2020-09-21 18:34:49','2021-03-27 13:50:22'),(2091,'TA15',0.00,0.00,0,'2020-09-21 18:34:49','2021-03-27 13:50:22'),(2092,'TA20',0.00,0.00,0,'2020-09-21 18:34:49','2021-03-27 13:50:22'),(2093,'TF22',0.00,0.00,0,'2020-09-21 18:34:49','2021-03-27 13:50:22'),(2094,'TAYD',0.00,0.00,0,'2020-09-21 18:34:49','2021-03-27 13:50:23'),(2095,'TF19',0.00,0.00,0,'2020-09-21 18:34:49','2021-03-27 13:50:23'),(2096,'TF21',0.00,0.00,0,'2020-09-21 18:34:49','2021-03-27 13:50:23'),(2097,'PLUS',0.00,0.00,0,'2020-09-21 18:34:49','2021-03-27 13:50:23'),(2098,'AUS4',0.00,0.00,0,'2020-09-21 18:34:49','2021-03-27 13:50:23'),(2099,'AUS5',0.00,0.00,0,'2020-09-21 18:34:49','2021-03-27 13:50:23'),(2100,'AUS6',36.00,23.25,0,'2020-09-21 18:34:49','2021-03-27 14:30:26'),(2101,'AUS3',0.00,0.00,0,'2020-09-21 18:34:49','2021-03-27 13:50:23'),(2102,'J1',0.00,0.00,0,'2020-09-21 18:34:49','2021-03-27 13:50:23'),(2103,'TAYA',0.00,0.00,0,'2020-09-21 18:34:49','2021-03-27 13:50:23'),(2104,'TAYB',0.00,0.00,0,'2020-09-21 18:34:49','2021-03-27 13:50:23'),(2105,'TBM7',41.60,34.92,0,'2020-09-21 18:34:49','2021-03-27 14:30:26'),(2106,'TRF1',0.00,0.00,0,'2020-09-21 18:34:49','2021-03-27 13:50:23'),(2107,'FOXT',0.00,0.00,0,'2020-09-21 18:34:49','2021-03-27 13:50:23'),(2108,'TAGO',0.00,0.00,0,'2020-09-21 18:34:49','2021-03-27 13:50:23'),(2109,'TR20',0.00,0.00,0,'2020-09-21 18:34:49','2021-03-27 13:50:23'),(2110,'RYSA',0.00,0.00,0,'2020-09-21 18:34:49','2021-03-27 13:50:23'),(2111,'SM20',0.00,0.00,0,'2020-09-21 18:34:49','2021-03-27 13:50:23'),(2112,'SG92',0.00,0.00,0,'2020-09-21 18:34:49','2021-03-27 13:50:23'),(2113,'SP55',0.00,0.00,0,'2020-09-21 18:34:49','2021-03-27 13:50:23'),(2114,'SP91',0.00,0.00,0,'2020-09-21 18:34:49','2021-03-27 13:50:23'),(2115,'SP95',0.00,0.00,0,'2020-09-21 18:34:49','2021-03-27 13:50:23'),(2116,'TFK2',0.00,0.00,0,'2020-09-21 18:34:49','2021-03-27 13:50:23'),(2117,'ASTO',0.00,0.00,0,'2020-09-21 18:34:49','2021-03-27 13:50:23'),(2118,'BRAV',0.00,0.00,0,'2020-09-21 18:34:49','2021-03-27 13:50:24'),(2119,'ECHO',0.00,0.00,0,'2020-09-21 18:34:49','2021-03-27 13:50:24'),(2120,'SNAP',0.00,0.00,0,'2020-09-21 18:34:49','2021-03-27 13:50:24'),(2121,'GOLF',0.00,0.00,0,'2020-09-21 18:34:49','2021-03-27 13:50:24'),(2122,'SIRA',0.00,0.00,0,'2020-09-21 18:34:49','2021-03-27 13:50:24'),(2123,'P06T',0.00,0.00,0,'2020-09-21 18:34:49','2021-03-27 13:50:24'),(2124,'P208',0.00,0.00,0,'2020-09-21 18:34:49','2021-03-27 13:50:24'),(2125,'TWEN',0.00,0.00,0,'2020-09-21 18:34:49','2021-03-27 13:50:24'),(2126,'P212',0.00,0.00,0,'2020-09-21 18:34:49','2021-03-27 13:50:24'),(2127,'AEST',36.67,34.81,0,'2020-09-21 18:34:49','2021-03-27 14:30:27'),(2128,'L11',0.00,0.00,0,'2020-09-21 18:34:49','2021-03-27 13:50:24'),(2129,'L8',0.00,0.00,0,'2020-09-21 18:34:49','2021-03-27 13:50:24'),(2130,'GC1',0.00,0.00,0,'2020-09-21 18:34:49','2021-03-27 13:50:24'),(2131,'T35',0.00,0.00,0,'2020-09-21 18:34:49','2021-03-27 13:50:24'),(2132,'TNAV',34.67,28.00,0,'2020-09-21 18:34:49','2021-03-27 14:30:26'),(2133,'BD4',0.00,0.00,0,'2020-09-21 18:34:49','2021-03-27 13:50:24'),(2134,'TSTN',0.00,0.00,0,'2020-09-21 18:34:49','2021-03-27 13:50:24'),(2135,'T30',0.00,0.00,0,'2020-09-21 18:34:49','2021-03-27 13:50:24'),(2136,'STIL',0.00,0.00,0,'2020-09-21 18:34:49','2021-03-27 13:50:24'),(2137,'TS14',0.00,0.00,0,'2020-09-21 18:34:49','2021-03-27 13:50:24'),(2138,'COLT',0.00,0.00,0,'2020-09-21 18:34:49','2021-03-27 13:50:24'),(2139,'F3F',0.00,0.00,0,'2020-09-21 18:34:49','2021-03-27 13:50:24'),(2140,'PA11',0.00,0.00,0,'2020-09-21 18:34:49','2021-03-27 13:50:24'),(2141,'CX5',0.00,0.00,0,'2020-09-21 18:34:49','2021-03-27 13:50:24'),(2142,'T19',0.00,0.00,0,'2020-09-21 18:34:49','2021-03-27 13:50:24'),(2143,'T18',0.00,0.00,0,'2020-09-21 18:34:49','2021-03-27 13:50:24'),(2144,'SS2T',0.00,0.00,0,'2020-09-21 18:34:49','2021-03-27 13:50:24'),(2145,'SS2P',44.33,29.17,0,'2020-09-21 18:34:49','2021-03-27 14:30:27'),(2146,'A660',0.00,0.00,0,'2020-09-21 18:34:49','2021-03-27 13:50:25'),(2147,'TP40',0.00,0.00,0,'2020-09-21 18:34:49','2021-03-27 13:50:25'),(2148,'TFOC',0.00,0.00,0,'2020-09-21 18:34:49','2021-03-27 13:50:25'),(2149,'TSPT',0.00,0.00,0,'2020-09-21 18:34:49','2021-03-27 13:50:25'),(2150,'TEAL',0.00,0.00,0,'2020-09-21 18:34:49','2021-03-27 13:50:25'),(2151,'AA5',31.42,22.00,0,'2020-09-21 18:34:49','2021-03-27 14:30:26'),(2152,'TWSP',0.00,0.00,0,'2020-09-21 18:34:49','2021-03-27 13:50:25'),(2153,'TIPB',0.00,0.00,0,'2020-09-21 18:34:49','2021-03-27 13:50:25'),(2154,'TIJU',0.00,0.00,0,'2020-09-21 18:34:49','2021-03-27 13:50:25'),(2155,'NIPR',0.00,0.00,0,'2020-09-21 18:34:49','2021-03-27 13:50:25'),(2156,'T51',0.00,0.00,0,'2020-09-21 18:34:49','2021-03-27 13:50:25'),(2157,'TRDO',0.00,0.00,0,'2020-09-21 18:34:49','2021-03-27 13:50:25'),(2158,'TL30',0.00,0.00,0,'2020-09-21 18:34:49','2021-03-27 13:50:25'),(2159,'TL20',0.00,0.00,0,'2020-09-21 18:34:49','2021-03-27 13:50:25'),(2160,'STRE',0.00,0.00,0,'2020-09-21 18:34:49','2021-03-27 13:50:25'),(2161,'TM5',0.00,0.00,0,'2020-09-21 18:34:49','2021-03-27 13:50:25'),(2162,'T10',0.00,0.00,0,'2020-09-21 18:34:49','2021-03-27 13:50:25'),(2163,'SD4',0.00,0.00,0,'2020-09-21 18:34:49','2021-03-27 13:50:25'),(2164,'TAA1',0.00,0.00,0,'2020-09-21 18:34:49','2021-03-27 13:50:25'),(2165,'B36T',0.00,0.00,0,'2020-09-21 18:34:49','2021-03-27 13:50:25'),(2166,'SAH1',0.00,0.00,0,'2020-09-21 18:34:49','2021-03-27 13:50:25'),(2167,'C160',0.00,0.00,1,'2020-09-21 18:34:49','2021-03-27 13:50:25'),(2168,'PL12',0.00,0.00,0,'2020-09-21 18:34:49','2021-03-27 13:50:25'),(2169,'TVL4',0.00,0.00,0,'2020-09-21 18:34:49','2021-03-27 13:50:25'),(2170,'TVLB',0.00,0.00,0,'2020-09-21 18:34:49','2021-03-27 13:50:25'),(2171,'P66P',0.00,0.00,0,'2020-09-21 18:34:49','2021-03-27 13:50:25'),(2172,'KIS4',0.00,0.00,0,'2020-09-21 18:34:49','2021-03-27 13:50:25'),(2173,'KIS2',0.00,0.00,0,'2020-09-21 18:34:49','2021-03-27 13:50:26'),(2174,'TU95',0.00,0.00,1,'2020-09-21 18:34:49','2021-03-27 13:50:26'),(2175,'T144',0.00,0.00,1,'2020-09-21 18:34:49','2021-03-27 13:50:26'),(2176,'T160',0.00,0.00,1,'2020-09-21 18:34:49','2021-03-27 13:50:26'),(2177,'T204',0.00,0.00,1,'2020-09-21 18:34:49','2021-03-27 13:50:26'),(2178,'TU22',0.00,0.00,1,'2020-09-21 18:34:49','2021-03-27 13:50:26'),(2179,'T22M',0.00,0.00,1,'2020-09-21 18:34:49','2021-03-27 13:50:26'),(2180,'T334',0.00,0.00,1,'2020-09-21 18:34:49','2021-03-27 13:50:26'),(2181,'TU4',0.00,0.00,1,'2020-09-21 18:34:49','2021-03-27 13:50:26'),(2182,'TD2',0.00,0.00,0,'2020-09-21 18:34:49','2021-03-27 13:50:26'),(2183,'T40',0.00,0.00,0,'2020-09-21 18:34:49','2021-03-27 13:50:26'),(2184,'NAVI',33.42,27.50,0,'2020-09-21 18:34:49','2021-03-27 14:30:27'),(2185,'UU12',0.00,0.00,0,'2020-09-21 18:34:49','2021-03-27 13:50:26'),(2186,'PKAN',0.00,0.00,0,'2020-09-21 18:34:49','2021-03-27 13:50:26'),(2187,'DAL5',0.00,0.00,0,'2020-09-21 18:34:49','2021-03-27 13:50:26'),(2188,'DAL4',0.00,0.00,0,'2020-09-21 18:34:49','2021-03-27 13:50:26'),(2189,'ULPA',0.00,0.00,0,'2020-09-21 18:34:49','2021-03-27 13:50:26'),(2190,'UL20',0.00,0.00,0,'2020-09-21 18:34:49','2021-03-27 13:50:26'),(2191,'UL10',0.00,0.00,0,'2020-09-21 18:34:49','2021-03-27 13:50:26'),(2192,'WILT',0.00,0.00,0,'2020-09-21 18:34:49','2021-03-27 13:50:26'),(2193,'PELI',0.00,0.00,0,'2020-09-21 18:34:49','2021-03-27 13:50:26'),(2194,'DON',0.00,0.00,0,'2020-09-21 18:34:49','2021-03-27 13:50:26'),(2195,'CABI',0.00,0.00,0,'2020-09-21 18:34:49','2021-03-27 13:50:26'),(2196,'UF13',0.00,0.00,0,'2020-09-21 18:34:49','2021-03-27 13:50:26'),(2197,'UF10',0.00,0.00,0,'2020-09-21 18:34:49','2021-03-27 13:50:27'),(2198,'UT60',0.00,0.00,0,'2020-09-21 18:34:49','2021-03-27 13:50:27'),(2199,'UT66',0.00,0.00,0,'2020-09-21 18:34:49','2021-03-27 13:50:27'),(2200,'LAST',0.00,0.00,0,'2020-09-21 18:34:49','2021-03-27 13:50:27'),(2201,'UT65',0.00,0.00,0,'2020-09-21 18:34:49','2021-03-27 13:50:27'),(2202,'UT75',0.00,0.00,0,'2020-09-21 18:34:49','2021-03-27 13:50:27'),(2203,'KIWI',0.00,0.00,0,'2020-09-21 18:34:49','2021-03-27 13:50:27'),(2204,'TFUN',0.00,0.00,0,'2020-09-21 18:34:49','2021-03-27 13:50:27'),(2205,'SB35',0.00,0.00,0,'2020-09-21 18:34:49','2021-03-27 13:50:27'),(2206,'L70',0.00,0.00,0,'2020-09-21 18:34:49','2021-03-27 13:50:27'),(2207,'L90',39.33,28.00,0,'2020-09-21 18:34:49','2021-03-27 14:30:26'),(2208,'FOUG',0.00,0.00,0,'2020-09-21 18:34:49','2021-03-27 13:50:27'),(2209,'PK23',0.00,0.00,0,'2020-09-21 18:34:49','2021-03-27 13:50:27'),(2210,'VIMA',0.00,0.00,0,'2020-09-21 18:34:49','2021-03-27 13:50:27'),(2211,'VL3',0.00,0.00,0,'2020-09-21 18:34:49','2021-03-27 13:50:27'),(2212,'RV10',0.00,0.00,0,'2020-09-21 18:34:49','2021-03-27 13:50:27'),(2213,'RV12',0.00,0.00,0,'2020-09-21 18:34:49','2021-03-27 13:50:27'),(2214,'RV14',0.00,0.00,0,'2020-09-21 18:34:49','2021-03-27 13:50:27'),(2215,'RV3',0.00,0.00,0,'2020-09-21 18:34:49','2021-03-27 13:50:27'),(2216,'RV4',0.00,0.00,0,'2020-09-21 18:34:49','2021-03-27 13:50:27'),(2217,'RV4T',0.00,0.00,0,'2020-09-21 18:34:49','2021-03-27 13:50:27'),(2218,'RV6',0.00,0.00,0,'2020-09-21 18:34:49','2021-03-27 13:50:28'),(2219,'RV7',0.00,0.00,0,'2020-09-21 18:34:49','2021-03-27 13:50:28'),(2220,'RV8',0.00,0.00,0,'2020-09-21 18:34:49','2021-03-27 13:50:28'),(2221,'RV9',0.00,0.00,0,'2020-09-21 18:34:49','2021-03-27 13:50:28'),(2222,'MOR2',0.00,0.00,0,'2020-09-21 18:34:49','2021-03-27 13:50:28'),(2223,'VR7',0.00,0.00,0,'2020-09-21 18:34:49','2021-03-27 13:50:28'),(2224,'ROAR',0.00,0.00,0,'2020-09-21 18:34:49','2021-03-27 13:50:28'),(2225,'VELO',0.00,0.00,0,'2020-09-21 18:34:49','2021-03-27 13:50:28'),(2226,'VELT',0.00,0.00,0,'2020-09-21 18:34:49','2021-03-27 13:50:28'),(2227,'T211',0.00,0.00,0,'2020-09-21 18:34:49','2021-03-27 13:50:28'),(2228,'DTA1',0.00,0.00,0,'2020-09-21 18:34:49','2021-03-27 13:50:28'),(2229,'DTA2',0.00,0.00,0,'2020-09-21 18:34:49','2021-03-27 13:50:28'),(2230,'SUNB',0.00,0.00,0,'2020-09-21 18:34:49','2021-03-27 13:50:28'),(2231,'VF14',0.00,0.00,1,'2020-09-21 18:34:49','2021-03-27 13:50:28'),(2232,'VIMY',0.00,0.00,0,'2020-09-21 18:34:49','2021-03-27 13:50:28'),(2233,'SF25',0.00,0.00,0,'2020-09-21 18:34:49','2021-03-27 13:50:29'),(2234,'ACSR',0.00,0.00,0,'2020-09-21 18:34:49','2021-03-27 13:50:29'),(2235,'TOUR',0.00,0.00,0,'2020-09-21 18:34:49','2021-03-27 13:50:29'),(2236,'ASO4',0.00,0.00,0,'2020-09-21 18:34:49','2021-03-27 13:50:29'),(2237,'DFLY',0.00,0.00,0,'2020-09-21 18:34:49','2021-03-27 13:50:29'),(2238,'SF2',0.00,0.00,0,'2020-09-21 18:34:49','2021-03-27 13:50:29'),(2239,'DHC6',65.00,51.75,0,'2020-09-21 18:34:49','2021-03-27 14:30:26'),(2240,'VIPJ',0.00,0.00,0,'2020-09-21 18:34:49','2021-03-27 13:50:29'),(2241,'VANT',0.00,0.00,0,'2020-09-21 18:34:49','2021-03-27 13:50:29'),(2242,'OVOD',0.00,0.00,0,'2020-09-21 18:34:49','2021-03-27 13:50:29'),(2243,'VM1',0.00,0.00,0,'2020-09-21 18:34:49','2021-03-27 13:50:29'),(2244,'VO10',0.00,0.00,0,'2020-09-21 18:34:49','2021-03-27 13:50:29'),(2245,'VOL2',0.00,0.00,0,'2020-09-21 18:34:49','2021-03-27 13:50:29'),(2246,'JS3',0.00,0.00,0,'2020-09-21 18:34:49','2021-03-27 13:50:29'),(2247,'B18T',46.00,44.25,0,'2020-09-21 18:34:49','2021-03-27 14:30:26'),(2248,'CORS',0.00,0.00,0,'2020-09-21 18:34:49','2021-03-27 13:50:29'),(2249,'SNOS',0.00,0.00,0,'2020-09-21 18:34:49','2021-03-27 13:50:29'),(2250,'PDIG',0.00,0.00,0,'2020-09-21 18:34:49','2021-03-27 13:50:29'),(2251,'SUSO',0.00,0.00,0,'2020-09-21 18:34:49','2021-03-27 13:50:29'),(2252,'VTOR',0.00,0.00,0,'2020-09-21 18:34:49','2021-03-27 13:50:29'),(2253,'F600',0.00,0.00,0,'2020-09-21 18:34:49','2021-03-27 13:50:29'),(2254,'VF60',0.00,0.00,0,'2020-09-21 18:34:49','2021-03-27 13:50:29'),(2255,'P68',0.00,0.00,0,'2020-09-21 18:34:49','2021-03-27 13:50:29'),(2256,'VALI',0.00,0.00,0,'2020-09-21 18:34:49','2021-03-27 13:50:29'),(2257,'WAC9',0.00,0.00,0,'2020-09-21 18:34:49','2021-03-27 13:50:29'),(2258,'WACN',0.00,0.00,0,'2020-09-21 18:34:49','2021-03-27 13:50:29'),(2259,'G2T1',0.00,0.00,0,'2020-09-21 18:34:49','2021-03-27 13:50:29'),(2260,'WACD',0.00,0.00,0,'2020-09-21 18:34:49','2021-03-27 13:50:29'),(2261,'WACO',0.00,0.00,0,'2020-09-21 18:34:50','2021-03-27 13:50:30'),(2262,'WACC',0.00,0.00,0,'2020-09-21 18:34:50','2021-03-27 13:50:30'),(2263,'WACG',0.00,0.00,0,'2020-09-21 18:34:50','2021-03-27 13:50:30'),(2264,'WACE',0.00,0.00,0,'2020-09-21 18:34:50','2021-03-27 13:50:30'),(2265,'WACA',0.00,0.00,0,'2020-09-21 18:34:50','2021-03-27 13:50:30'),(2266,'WACM',0.00,0.00,0,'2020-09-21 18:34:50','2021-03-27 13:50:30'),(2267,'WACT',0.00,0.00,0,'2020-09-21 18:34:50','2021-03-27 13:50:30'),(2268,'WACF',0.00,0.00,0,'2020-09-21 18:34:50','2021-03-27 13:50:30'),(2269,'PA14',0.00,0.00,0,'2020-09-21 18:34:50','2021-03-27 13:50:30'),(2270,'J3',38.00,22.42,0,'2020-09-21 18:34:50','2021-03-27 14:30:27'),(2271,'PA15',0.00,0.00,0,'2020-09-21 18:34:50','2021-03-27 13:50:30'),(2272,'HORN',0.00,0.00,0,'2020-09-21 18:34:50','2021-03-27 13:50:30'),(2273,'WP40',0.00,0.00,0,'2020-09-21 18:34:50','2021-03-27 13:50:30'),(2274,'WFOC',0.00,0.00,0,'2020-09-21 18:34:50','2021-03-27 13:50:30'),(2275,'WFUR',0.00,0.00,0,'2020-09-21 18:34:50','2021-03-27 13:50:30'),(2276,'WZER',0.00,0.00,0,'2020-09-21 18:34:50','2021-03-27 13:50:30'),(2277,'WP47',0.00,0.00,0,'2020-09-21 18:34:50','2021-03-27 13:50:30'),(2278,'WF4U',0.00,0.00,0,'2020-09-21 18:34:50','2021-03-27 13:50:30'),(2279,'SWAK',0.00,0.00,0,'2020-09-21 18:34:50','2021-03-27 13:50:30'),(2280,'WA50',0.00,0.00,0,'2020-09-21 18:34:50','2021-03-27 13:50:30'),(2281,'WA41',0.00,0.00,0,'2020-09-21 18:34:50','2021-03-27 13:50:30'),(2282,'D11',0.00,0.00,0,'2020-09-21 18:34:50','2021-03-27 13:50:30'),(2283,'WA42',0.00,0.00,0,'2020-09-21 18:34:50','2021-03-27 13:50:30'),(2284,'WA40',0.00,0.00,0,'2020-09-21 18:34:50','2021-03-27 13:50:30'),(2285,'WA80',0.00,0.00,0,'2020-09-21 18:34:50','2021-03-27 13:50:30'),(2286,'WIND',0.00,0.00,0,'2020-09-21 18:34:50','2021-03-27 13:50:30'),(2287,'W201',0.00,0.00,0,'2020-09-21 18:34:50','2021-03-27 13:50:30'),(2288,'W62T',0.00,0.00,0,'2020-09-21 18:34:50','2021-03-27 13:50:30'),(2289,'WH1',0.00,0.00,0,'2020-09-21 18:34:50','2021-03-27 13:50:30'),(2290,'PGK1',0.00,0.00,0,'2020-09-21 18:34:50','2021-03-27 13:50:30'),(2291,'LYSA',0.00,0.00,0,'2020-09-21 18:34:50','2021-03-27 13:50:30'),(2292,'WHAT',0.00,0.00,0,'2020-09-21 18:34:50','2021-03-27 13:50:30'),(2293,'EXPR',0.00,0.00,0,'2020-09-21 18:34:50','2021-03-27 13:50:30'),(2294,'WISP',0.00,0.00,0,'2020-09-21 18:34:50','2021-03-27 13:50:30'),(2295,'WW1',0.00,0.00,0,'2020-09-21 18:34:50','2021-03-27 13:50:30'),(2296,'WHIL',0.00,0.00,0,'2020-09-21 18:34:50','2021-03-27 13:50:30'),(2297,'VW10',0.00,0.00,0,'2020-09-21 18:34:50','2021-03-27 13:50:30'),(2298,'WINE',0.00,0.00,0,'2020-09-21 18:34:50','2021-03-27 13:50:30'),(2299,'WDEX',0.00,0.00,0,'2020-09-21 18:34:50','2021-03-27 13:50:30'),(2300,'D1',0.00,0.00,0,'2020-09-21 18:34:50','2021-03-27 13:50:30'),(2301,'ST30',0.00,0.00,0,'2020-09-21 18:34:50','2021-03-27 13:50:30'),(2302,'VWIT',0.00,0.00,0,'2020-09-21 18:34:50','2021-03-27 13:50:31'),(2303,'TAIL',0.00,0.00,0,'2020-09-21 18:34:50','2021-03-27 13:50:31'),(2304,'W11',0.00,0.00,0,'2020-09-21 18:34:50','2021-03-27 13:50:31'),(2305,'CORV',0.00,0.00,0,'2020-09-21 18:34:50','2021-03-27 13:50:31'),(2306,'WOPU',0.00,0.00,0,'2020-09-21 18:34:50','2021-03-27 13:50:31'),(2307,'MGIC',0.00,0.00,0,'2020-09-21 18:34:50','2021-03-27 13:50:31'),(2308,'TU16',0.00,0.00,1,'2020-09-21 18:34:50','2021-03-27 13:50:31'),(2309,'JH7',0.00,0.00,1,'2020-09-21 18:34:50','2021-03-27 13:50:31'),(2310,'MA60',0.00,0.00,1,'2020-09-21 18:34:50','2021-03-27 13:50:31'),(2311,'MA6H',0.00,0.00,1,'2020-09-21 18:34:50','2021-03-27 13:50:31'),(2312,'XA41',0.00,0.00,0,'2020-09-21 18:34:50','2021-03-27 13:50:31'),(2313,'XA42',0.00,0.00,0,'2020-09-21 18:34:50','2021-03-27 13:50:31'),(2314,'PA18',35.29,22.50,0,'2020-09-21 18:34:50','2021-03-27 14:30:27'),(2315,'RLU1',0.00,0.00,0,'2020-09-21 18:34:50','2021-03-27 13:50:31'),(2316,'YK11',0.00,0.00,0,'2020-09-21 18:34:50','2021-03-27 13:50:31'),(2317,'Y112',0.00,0.00,0,'2020-09-21 18:34:50','2021-03-27 13:50:31'),(2318,'YK12',0.00,0.00,0,'2020-09-21 18:34:50','2021-03-27 13:50:31'),(2319,'Y130',0.00,0.00,0,'2020-09-21 18:34:50','2021-03-27 13:50:31'),(2320,'Y141',0.00,0.00,1,'2020-09-21 18:34:50','2021-03-27 13:50:31'),(2321,'YK18',0.00,0.00,0,'2020-09-21 18:34:50','2021-03-27 13:50:31'),(2322,'Y18T',0.00,0.00,0,'2020-09-21 18:34:50','2021-03-27 13:50:31'),(2323,'YK28',0.00,0.00,0,'2020-09-21 18:34:50','2021-03-27 13:50:31'),(2324,'YAK3',0.00,0.00,0,'2020-09-21 18:34:50','2021-03-27 13:50:31'),(2325,'YK30',0.00,0.00,0,'2020-09-21 18:34:50','2021-03-27 13:50:31'),(2326,'YK38',0.00,0.00,0,'2020-09-21 18:34:50','2021-03-27 13:50:31'),(2327,'YK40',0.00,0.00,0,'2020-09-21 18:34:50','2021-03-27 13:50:31'),(2328,'YK42',0.00,0.00,1,'2020-09-21 18:34:50','2021-03-27 13:50:31'),(2329,'YK50',0.00,0.00,0,'2020-09-21 18:34:50','2021-03-27 13:50:32'),(2330,'YK52',0.00,0.00,0,'2020-09-21 18:34:50','2021-03-27 13:50:32'),(2331,'YK53',0.00,0.00,0,'2020-09-21 18:34:50','2021-03-27 13:50:32'),(2332,'YK54',0.00,0.00,0,'2020-09-21 18:34:50','2021-03-27 13:50:32'),(2333,'YK55',0.00,0.00,0,'2020-09-21 18:34:50','2021-03-27 13:50:32'),(2334,'YK58',0.00,0.00,0,'2020-09-21 18:34:50','2021-03-27 13:50:32'),(2335,'YAK9',0.00,0.00,0,'2020-09-21 18:34:50','2021-03-27 13:50:32'),(2336,'B360',0.00,0.00,0,'2020-09-21 18:34:50','2021-03-27 13:50:32'),(2337,'AVID',0.00,0.00,0,'2020-09-21 18:34:50','2021-03-27 13:50:32'),(2338,'GM01',0.00,0.00,0,'2020-09-21 18:34:50','2021-03-27 13:50:32'),(2339,'SZ9M',0.00,0.00,0,'2020-09-21 18:34:50','2021-03-27 13:50:32'),(2340,'CH10',0.00,0.00,0,'2020-09-21 18:34:50','2021-03-27 13:50:32'),(2341,'CH15',0.00,0.00,0,'2020-09-21 18:34:50','2021-03-27 13:50:32'),(2342,'CH18',0.00,0.00,0,'2020-09-21 18:34:50','2021-03-27 13:50:32'),(2343,'CH20',0.00,0.00,0,'2020-09-21 18:34:50','2021-03-27 13:50:32'),(2344,'CH2T',0.00,0.00,0,'2020-09-21 18:34:50','2021-03-27 13:50:32'),(2345,'CH25',0.00,0.00,0,'2020-09-21 18:34:50','2021-03-27 13:50:32'),(2346,'CH30',0.00,0.00,0,'2020-09-21 18:34:50','2021-03-27 13:50:32'),(2347,'CH50',0.00,0.00,0,'2020-09-21 18:34:50','2021-03-27 13:50:32'),(2348,'MC10',0.00,0.00,0,'2020-09-21 18:34:50','2021-03-27 13:50:32'),(2349,'CH60',0.00,0.00,0,'2020-09-21 18:34:50','2021-03-27 13:50:32'),(2350,'CH62',0.00,0.00,0,'2020-09-21 18:34:50','2021-03-27 13:50:32'),(2351,'CH64',0.00,0.00,0,'2020-09-21 18:34:50','2021-03-27 13:50:32'),(2352,'CH80',0.00,0.00,0,'2020-09-21 18:34:50','2021-03-27 13:50:32'),(2353,'CH70',0.00,0.00,0,'2020-09-21 18:34:50','2021-03-27 13:50:32'),(2354,'EDGE',25.17,22.67,0,'2020-09-21 18:34:50','2021-03-27 14:30:27'),(2355,'EDGT',0.00,0.00,0,'2020-09-21 18:34:50','2021-03-27 13:50:32'),(2356,'BU81',34.71,25.70,0,'2020-09-21 18:34:50','2021-03-27 14:30:26'),(2357,'SM92',0.00,0.00,0,'2020-09-21 18:34:50','2021-03-27 13:50:32'),(2358,'Z43',0.00,0.00,0,'2020-09-21 18:34:50','2021-03-27 13:50:33'),(2359,'Z22',0.00,0.00,0,'2020-09-21 18:34:50','2021-03-27 13:50:33'),(2360,'Z26',0.00,0.00,0,'2020-09-21 18:34:50','2021-03-27 13:50:33'),(2361,'Z42',0.00,0.00,0,'2020-09-21 18:34:50','2021-03-27 13:50:33'),(2362,'Z50',0.00,0.00,0,'2020-09-21 18:34:50','2021-03-27 13:50:33'),(2363,'SAVG',0.00,0.00,0,'2020-09-21 18:34:50','2021-03-27 13:50:33'),(2364,'IS2',0.00,0.00,0,'2020-09-21 18:35:00','2021-03-27 13:51:16'),(2365,'X2',0.00,0.00,0,'2020-09-21 18:35:00','2021-03-27 13:51:16'),(2366,'K209',0.00,0.00,0,'2020-09-21 18:35:00','2021-03-27 13:51:16'),(2367,'CH7',0.00,0.00,0,'2020-09-21 18:35:00','2021-03-27 13:51:16'),(2368,'ULTS',0.00,0.00,0,'2020-09-21 18:35:00','2021-03-27 13:51:16'),(2369,'DRAG',0.00,0.00,0,'2020-09-21 18:35:00','2021-03-27 13:51:17'),(2370,'V500',0.00,0.00,0,'2020-09-21 18:35:00','2021-03-27 13:51:17'),(2371,'HX2',0.00,0.00,0,'2020-09-21 18:35:01','2021-03-27 13:51:17'),(2372,'SCOR',0.00,0.00,0,'2020-09-21 18:35:01','2021-03-27 13:51:17'),(2373,'ES11',0.00,0.00,0,'2020-09-21 18:35:01','2021-03-27 13:51:17'),(2374,'RMOU',0.00,0.00,0,'2020-09-21 18:35:01','2021-03-27 13:51:17'),(2375,'R22',0.00,0.00,0,'2020-09-21 18:35:01','2021-03-27 13:51:17'),(2376,'ZA6',0.00,0.00,0,'2020-09-21 18:35:01','2021-03-27 13:51:18'),(2377,'EXEC',0.00,0.00,0,'2020-09-21 18:35:01','2021-03-27 13:51:17'),(2378,'EXEJ',0.00,0.00,0,'2020-09-21 18:35:01','2021-03-27 13:51:17'),(2379,'HSMT',0.00,0.00,0,'2020-09-21 18:35:01','2021-03-27 13:51:17'),(2380,'CH12',0.00,0.00,0,'2020-09-21 18:35:01','2021-03-27 13:51:17'),(2381,'DYH2',0.00,0.00,0,'2020-09-21 18:35:01','2021-03-27 13:51:17'),(2382,'G2CA',0.00,0.00,0,'2020-09-21 18:35:01','2021-03-27 13:51:17'),(2383,'PHIL',0.00,0.00,0,'2020-09-21 18:35:01','2021-03-27 13:51:17'),(2384,'H269',0.00,0.00,0,'2020-09-21 18:35:01','2021-03-27 13:51:20'),(2385,'A600',0.00,0.00,0,'2020-09-21 18:35:01','2021-03-27 13:51:17'),(2386,'BABY',0.00,0.00,0,'2020-09-21 18:35:01','2021-03-27 13:51:17'),(2387,'BRB2',0.00,0.00,0,'2020-09-21 18:35:01','2021-03-27 13:51:18'),(2388,'DJIN',0.00,0.00,0,'2020-09-21 18:35:01','2021-03-27 13:51:18'),(2389,'SH4',0.00,0.00,0,'2020-09-21 18:35:01','2021-03-27 13:51:18'),(2390,'YNHL',0.00,0.00,0,'2020-09-21 18:35:01','2021-03-27 13:51:18'),(2391,'EGL3',0.00,0.00,0,'2020-09-21 18:35:01','2021-03-27 13:51:18'),(2392,'NA40',0.00,0.00,0,'2020-09-21 18:35:01','2021-03-27 13:51:18'),(2393,'S52',0.00,0.00,0,'2020-09-21 18:35:01','2021-03-27 13:51:18'),(2394,'CHIF',0.00,0.00,0,'2020-09-21 18:35:01','2021-03-27 13:51:18'),(2395,'UH12',0.00,0.00,0,'2020-09-21 18:35:01','2021-03-27 13:51:24'),(2396,'R44',0.00,0.00,0,'2020-09-21 18:35:01','2021-03-27 13:51:19'),(2397,'R4',0.00,0.00,0,'2020-09-21 18:35:01','2021-03-27 13:51:19'),(2398,'EN28',0.00,0.00,0,'2020-09-21 18:35:01','2021-03-27 13:51:20'),(2399,'B150',0.00,0.00,0,'2020-09-21 18:35:02','2021-03-27 13:51:20'),(2400,'R66',0.00,0.00,0,'2020-09-21 18:35:02','2021-03-27 13:51:20'),(2401,'FH11',0.00,0.00,0,'2020-09-21 18:35:02','2021-03-27 13:51:21'),(2402,'M74',0.00,0.00,0,'2020-09-21 18:35:02','2021-03-27 13:51:21'),(2403,'ELTO',0.00,0.00,0,'2020-09-21 18:35:02','2021-03-27 13:51:21'),(2404,'KH4',0.00,0.00,0,'2020-09-21 18:35:02','2021-03-27 13:51:21'),(2405,'B305',0.00,0.00,0,'2020-09-21 18:35:02','2021-03-27 13:51:21'),(2406,'B47J',0.00,0.00,0,'2020-09-21 18:35:02','2021-03-27 13:51:21'),(2407,'B47T',0.00,0.00,0,'2020-09-21 18:35:02','2021-03-27 13:51:21'),(2408,'H500',0.00,0.00,0,'2020-09-21 18:35:02','2021-03-27 13:51:24'),(2409,'EN48',0.00,0.00,0,'2020-09-21 18:35:03','2021-03-27 13:51:21'),(2410,'CH14',0.00,0.00,0,'2020-09-21 18:35:03','2021-03-27 13:51:22'),(2411,'S278',0.00,0.00,0,'2020-09-21 18:35:03','2021-03-27 13:51:22'),(2412,'S285',0.00,0.00,0,'2020-09-21 18:35:03','2021-03-27 13:51:22'),(2413,'MI34',0.00,0.00,0,'2020-09-21 18:35:03','2021-03-27 13:51:22'),(2414,'JAG2',0.00,0.00,0,'2020-09-21 18:35:03','2021-03-27 13:51:22'),(2415,'S434',0.00,0.00,0,'2020-09-21 18:35:03','2021-03-27 13:51:22'),(2416,'B47G',0.00,0.00,0,'2020-09-21 18:35:03','2021-03-27 13:51:22'),(2417,'S274',0.00,0.00,0,'2020-09-21 18:35:03','2021-03-27 13:51:22'),(2418,'ALO2',0.00,0.00,0,'2020-09-21 18:35:03','2021-03-27 13:51:25'),(2419,'B06',0.00,0.00,0,'2020-09-21 18:35:05','2021-03-27 13:51:27'),(2420,'LR2T',0.00,0.00,0,'2020-09-21 18:35:05','2021-03-27 13:51:24'),(2421,'H12T',0.00,0.00,0,'2020-09-21 18:35:05','2021-03-27 13:51:24'),(2422,'B505',0.00,0.00,0,'2020-09-21 18:35:06','2021-03-27 13:51:25'),(2423,'EC20',0.00,0.00,0,'2020-09-21 18:35:06','2021-03-27 13:51:25'),(2424,'MD52',0.00,0.00,0,'2020-09-21 18:35:06','2021-03-27 13:51:25'),(2425,'GAZL',0.00,0.00,0,'2020-09-21 18:35:06','2021-03-27 13:51:27'),(2426,'PSW4',0.00,0.00,0,'2020-09-21 18:35:06','2021-03-27 13:51:26'),(2427,'MD60',0.00,0.00,0,'2020-09-21 18:35:06','2021-03-27 13:51:26'),(2428,'B06T',0.00,0.00,0,'2020-09-21 18:35:07','2021-03-27 13:51:27'),(2429,'ALO3',0.00,0.00,0,'2020-09-21 18:35:07','2021-03-27 13:51:28'),(2430,'AC31',0.00,0.00,0,'2020-09-21 18:35:07','2021-03-27 13:51:28'),(2431,'LAMA',0.00,0.00,0,'2020-09-21 18:35:07','2021-03-27 13:51:28'),(2432,'SCOU',0.00,0.00,0,'2020-09-21 18:35:08','2021-03-27 13:51:28'),(2433,'S51',0.00,0.00,0,'2020-09-21 18:35:08','2021-03-27 13:51:29'),(2434,'WASP',0.00,0.00,0,'2020-09-21 18:35:08','2021-03-27 13:51:29'),(2435,'AS50',0.00,0.00,0,'2020-09-21 18:35:08','2021-03-27 13:51:30'),(2436,'EC30',0.00,0.00,0,'2020-09-21 18:35:08','2021-03-27 13:51:30'),(2437,'SYCA',0.00,0.00,0,'2020-09-21 18:35:08','2021-03-27 13:51:30'),(2438,'AS55',0.00,0.00,0,'2020-09-21 18:35:08','2021-03-27 13:51:31'),(2439,'B105',0.00,0.00,0,'2020-09-21 18:35:08','2021-03-27 13:51:31'),(2440,'B407',0.00,0.00,0,'2020-09-21 18:35:09','2021-03-27 13:51:31'),(2441,'A119',0.00,0.00,0,'2020-09-21 18:35:09','2021-03-27 13:51:31'),(2442,'B427',0.00,0.00,0,'2020-09-21 18:35:09','2021-03-27 13:51:31'),(2443,'EC35',0.00,0.00,0,'2020-09-21 18:35:09','2021-03-27 13:51:32'),(2444,'S360',0.00,0.00,0,'2020-09-21 18:35:09','2021-03-27 13:51:32'),(2445,'EXPL',0.00,0.00,0,'2020-09-21 18:35:09','2021-03-27 13:51:32'),(2446,'A109',0.00,0.00,0,'2020-09-21 18:35:09','2021-03-27 13:51:33'),(2447,'K126',0.00,0.00,0,'2020-09-21 18:35:09','2021-03-27 13:51:33'),(2448,'KA26',0.00,0.00,0,'2020-09-21 18:35:09','2021-03-27 13:51:33'),(2449,'S55P',0.00,0.00,0,'2020-09-21 18:35:09','2021-03-27 13:51:34'),(2450,'S55T',0.00,0.00,0,'2020-09-21 18:35:09','2021-03-27 13:51:34'),(2451,'BK17',0.00,0.00,0,'2020-09-21 18:35:09','2021-03-27 13:51:34'),(2452,'S62',0.00,0.00,0,'2020-09-21 18:35:09','2021-03-27 13:51:34'),(2453,'EC45',0.00,0.00,0,'2020-09-21 18:35:09','2021-03-27 13:51:35'),(2454,'A2RT',0.00,0.00,0,'2020-09-21 18:35:09','2021-03-27 13:51:34'),(2455,'ANST',0.00,0.00,0,'2020-09-21 18:35:09','2021-03-27 13:51:34'),(2456,'B429',0.00,0.00,0,'2020-09-21 18:35:09','2021-03-27 13:51:34'),(2457,'MI2',0.00,0.00,0,'2020-09-21 18:35:09','2021-03-27 13:51:35'),(2458,'K226',0.00,0.00,0,'2020-09-21 18:35:10','2021-03-27 13:51:35'),(2459,'B222',0.00,0.00,0,'2020-09-21 18:35:10','2021-03-27 13:51:35'),(2460,'B230',0.00,0.00,0,'2020-09-21 18:35:10','2021-03-27 13:51:35'),(2461,'UH1',0.00,0.00,0,'2020-09-21 18:35:10','2021-03-27 13:51:41'),(2462,'COMU',0.00,0.00,0,'2020-09-21 18:35:10','2021-03-27 13:51:36'),(2463,'OH1',0.00,0.00,0,'2020-09-21 18:35:10','2021-03-27 13:51:36'),(2464,'AS65',0.00,0.00,0,'2020-09-21 18:35:10','2021-03-27 13:51:37'),(2465,'H43A',0.00,0.00,0,'2020-09-21 18:35:10','2021-03-27 13:51:36'),(2466,'H43B',0.00,0.00,0,'2020-09-21 18:35:10','2021-03-27 13:51:36'),(2467,'B430',0.00,0.00,0,'2020-09-21 18:35:10','2021-03-27 13:51:36'),(2468,'S65C',0.00,0.00,0,'2020-09-21 18:35:10','2021-03-27 13:51:37'),(2469,'MH20',0.00,0.00,0,'2020-09-21 18:35:10','2021-03-27 13:51:37'),(2470,'RP1',0.00,0.00,0,'2020-09-21 18:35:10','2021-03-27 13:51:37'),(2471,'HUCO',0.00,0.00,0,'2020-09-21 18:35:10','2021-03-27 13:51:38'),(2472,'A129',0.00,0.00,0,'2020-09-21 18:35:10','2021-03-27 13:51:38'),(2473,'A169',0.00,0.00,0,'2020-09-21 18:35:10','2021-03-27 13:51:39'),(2474,'EC55',0.00,0.00,0,'2020-09-21 18:35:10','2021-03-27 13:51:39'),(2475,'S97',0.00,0.00,0,'2020-09-21 18:35:10','2021-03-27 13:51:39'),(2476,'B212',0.00,0.00,0,'2020-09-21 18:35:10','2021-03-27 13:51:39'),(2477,'X3',0.00,0.00,0,'2020-09-21 18:35:10','2021-03-27 13:51:41'),(2478,'LYNX',0.00,0.00,0,'2020-09-21 18:35:10','2021-03-27 13:51:42'),(2479,'S76',0.00,0.00,0,'2020-09-21 18:35:10','2021-03-27 13:51:42'),(2480,'B412',0.00,0.00,0,'2020-09-21 18:35:10','2021-03-27 13:51:42'),(2481,'KMAX',0.00,0.00,0,'2020-09-21 18:35:10','2021-03-27 13:51:42'),(2482,'ALH',0.00,0.00,0,'2020-09-21 18:35:11','2021-03-27 13:51:42'),(2483,'LCH',0.00,0.00,0,'2020-09-21 18:35:11','2021-03-27 13:51:42'),(2484,'WG30',0.00,0.00,0,'2020-09-21 18:35:11','2021-03-27 13:51:42'),(2485,'S58P',0.00,0.00,0,'2020-09-21 18:35:11','2021-03-27 13:51:43'),(2486,'S58T',0.00,0.00,0,'2020-09-21 18:35:11','2021-03-27 13:51:43'),(2487,'H160',0.00,0.00,0,'2020-09-21 18:35:11','2021-03-27 13:51:43'),(2488,'WESX',0.00,0.00,0,'2020-09-21 18:35:11','2021-03-27 13:51:43'),(2489,'A139',0.00,0.00,0,'2020-09-21 18:35:11','2021-03-27 13:51:43'),(2490,'W3',0.00,0.00,0,'2020-09-21 18:35:11','2021-03-27 13:51:44'),(2491,'H2',0.00,0.00,0,'2020-09-21 18:35:11','2021-03-27 13:51:44'),(2492,'TIGR',0.00,0.00,0,'2020-09-21 18:35:11','2021-03-27 13:51:45'),(2493,'KA62',0.00,0.00,0,'2020-09-21 18:35:11','2021-03-27 13:51:45'),(2494,'H21',0.00,0.00,0,'2020-09-21 18:35:11','2021-03-27 13:51:45'),(2495,'WZ10',0.00,0.00,0,'2020-09-21 18:35:11','2021-03-27 13:51:45'),(2496,'PUMA',0.00,0.00,1,'2020-09-21 18:35:12','2021-03-27 13:51:46'),(2497,'S330',0.00,0.00,0,'2020-09-21 18:35:12','2021-03-27 13:51:46'),(2498,'MI4',0.00,0.00,1,'2020-09-21 18:35:12','2021-03-27 13:51:46'),(2499,'UH1Y',0.00,0.00,0,'2020-09-21 18:35:12','2021-03-27 13:51:46'),(2500,'B214',0.00,0.00,1,'2020-09-21 18:35:12','2021-03-27 13:51:47'),(2501,'AS32',0.00,0.00,1,'2020-09-21 18:35:12','2021-03-27 13:51:51'),(2502,'KA25',0.00,0.00,1,'2020-09-21 18:35:12','2021-03-27 13:51:47'),(2503,'EC75',0.00,0.00,1,'2020-09-21 18:35:12','2021-03-27 13:51:47'),(2504,'BSTP',0.00,0.00,1,'2020-09-21 18:35:12','2021-03-27 13:51:47'),(2505,'A149',0.00,0.00,1,'2020-09-21 18:35:12','2021-03-27 13:51:47'),(2506,'SUCO',0.00,0.00,1,'2020-09-21 18:35:12','2021-03-27 13:51:47'),(2507,'A189',0.00,0.00,1,'2020-09-21 18:35:12','2021-03-27 13:51:48'),(2508,'H46',0.00,0.00,1,'2020-09-21 18:35:12','2021-03-27 13:51:48'),(2509,'RVAL',0.00,0.00,1,'2020-09-21 18:35:12','2021-03-27 13:51:49'),(2510,'B525',0.00,0.00,1,'2020-09-21 18:35:12','2021-03-27 13:51:49'),(2511,'S61R',0.00,0.00,1,'2020-09-21 18:35:12','2021-03-27 13:51:49'),(2512,'S61',0.00,0.00,1,'2020-09-21 18:35:12','2021-03-27 13:51:53'),(2513,'SURN',0.00,0.00,1,'2020-09-21 18:35:12','2021-03-27 13:51:49'),(2514,'AS3B',0.00,0.00,1,'2020-09-21 18:35:12','2021-03-27 13:51:50'),(2515,'X49',0.00,0.00,1,'2020-09-21 18:35:12','2021-03-27 13:51:52'),(2516,'H64',0.00,0.00,1,'2020-09-21 18:35:12','2021-03-27 13:51:53'),(2517,'H60',0.00,0.00,1,'2020-09-21 18:35:12','2021-03-27 13:51:56'),(2518,'KA50',0.00,0.00,1,'2020-09-21 18:35:13','2021-03-27 13:51:56'),(2519,'KA52',0.00,0.00,1,'2020-09-21 18:35:13','2021-03-27 13:51:56'),(2520,'EC25',0.00,0.00,1,'2020-09-21 18:35:13','2021-03-27 13:51:56'),(2521,'NH90',0.00,0.00,1,'2020-09-21 18:35:13','2021-03-27 13:51:57'),(2522,'MI28',0.00,0.00,1,'2020-09-21 18:35:13','2021-03-27 13:51:57'),(2523,'MI24',0.00,0.00,1,'2020-09-21 18:35:13','2021-03-27 13:51:57'),(2524,'KA27',0.00,0.00,1,'2020-09-21 18:35:13','2021-03-27 13:51:57'),(2525,'S92',0.00,0.00,1,'2020-09-21 18:35:13','2021-03-27 13:51:58'),(2526,'FREL',0.00,0.00,1,'2020-09-21 18:35:13','2021-03-27 13:51:58'),(2527,'AC33',0.00,0.00,1,'2020-09-21 18:35:13','2021-03-27 13:51:58'),(2528,'MI8',0.00,0.00,1,'2020-09-21 18:35:13','2021-03-27 13:51:58'),(2529,'MI14',0.00,0.00,1,'2020-09-21 18:35:13','2021-03-27 13:51:58'),(2530,'EH10',0.00,0.00,1,'2020-09-21 18:35:13','2021-03-27 13:51:59'),(2531,'MI38',0.00,0.00,1,'2020-09-21 18:35:13','2021-03-27 13:51:59'),(2532,'H53',0.00,0.00,1,'2020-09-21 18:35:13','2021-03-27 13:52:00'),(2533,'S64',0.00,0.00,1,'2020-09-21 18:35:13','2021-03-27 13:52:00'),(2534,'H47',0.00,0.00,1,'2020-09-21 18:35:13','2021-03-27 13:52:01'),(2535,'H53S',0.00,0.00,1,'2020-09-21 18:35:13','2021-03-27 13:52:02'),(2536,'MI10',0.00,0.00,1,'2020-09-21 18:35:13','2021-03-27 13:52:02'),(2537,'MI6',0.00,0.00,1,'2020-09-21 18:35:13','2021-03-27 13:52:02'),(2538,'MI26',0.00,0.00,1,'2020-09-21 18:35:13','2021-03-27 13:52:02');
/*!40000 ALTER TABLE `aircraft` ENABLE KEYS */;
UNLOCK TABLES;

--
-- Table structure for table `aircraft_speed_group`
--

DROP TABLE IF EXISTS `aircraft_speed_group`;
/*!40101 SET @saved_cs_client     = @@character_set_client */;
/*!40101 SET character_set_client = utf8 */;
CREATE TABLE `aircraft_speed_group` (
  `id` bigint unsigned NOT NULL AUTO_INCREMENT,
  `aircraft_id` bigint unsigned NOT NULL COMMENT 'The aircraft',
  `speed_group_id` bigint unsigned NOT NULL COMMENT 'The speed group',
  PRIMARY KEY (`id`),
  UNIQUE KEY `aircraft_speed_group_unique` (`aircraft_id`,`speed_group_id`),
  KEY `aircraft_speed_group_speed_group_id_foreign` (`speed_group_id`),
  CONSTRAINT `aircraft_speed_group_aircraft_id_foreign` FOREIGN KEY (`aircraft_id`) REFERENCES `aircraft` (`id`) ON DELETE CASCADE,
  CONSTRAINT `aircraft_speed_group_speed_group_id_foreign` FOREIGN KEY (`speed_group_id`) REFERENCES `speed_groups` (`id`) ON DELETE CASCADE
) ENGINE=InnoDB AUTO_INCREMENT=193 DEFAULT CHARSET=utf8mb4 COLLATE=utf8mb4_unicode_ci;
/*!40101 SET character_set_client = @saved_cs_client */;

--
-- Dumping data for table `aircraft_speed_group`
--

LOCK TABLES `aircraft_speed_group` WRITE;
/*!40000 ALTER TABLE `aircraft_speed_group` DISABLE KEYS */;
INSERT INTO `aircraft_speed_group` VALUES (20,15,4),(37,15,9),(48,15,13),(76,15,18),(101,15,28),(132,15,38),(154,15,43),(173,15,49),(192,15,54),(19,16,4),(36,16,9),(47,16,13),(75,16,18),(100,16,28),(131,16,38),(153,16,43),(172,16,49),(191,16,54),(18,17,4),(35,17,9),(46,17,13),(74,17,18),(99,17,28),(130,17,38),(152,17,43),(171,17,49),(190,17,54),(14,18,4),(30,18,9),(39,18,13),(70,18,18),(94,18,28),(118,18,38),(146,18,43),(167,18,49),(185,18,54),(15,19,4),(31,19,9),(40,19,13),(71,19,18),(95,19,28),(119,19,38),(147,19,43),(168,19,49),(186,19,54),(16,20,4),(32,20,9),(41,20,13),(72,20,18),(96,20,28),(120,20,38),(148,20,43),(169,20,49),(187,20,54),(9,38,3),(33,38,9),(97,38,28),(121,38,38),(141,38,42),(162,38,48),(129,39,38),(2,48,3),(22,48,8),(50,48,14),(78,48,22),(109,48,37),(135,48,42),(157,48,48),(175,48,53),(3,49,3),(4,50,3),(23,50,8),(51,50,14),(61,50,17),(79,50,22),(87,50,27),(103,50,32),(110,50,37),(136,50,42),(158,50,48),(176,50,53),(5,51,3),(24,51,8),(52,51,14),(62,51,17),(111,51,37),(137,51,42),(6,52,3),(25,52,8),(53,52,14),(63,52,17),(112,52,37),(138,52,42),(159,52,48),(177,52,53),(7,53,3),(26,53,8),(54,53,14),(64,53,17),(113,53,37),(139,53,42),(160,53,48),(178,53,53),(8,54,3),(55,54,14),(80,54,22),(88,54,27),(114,54,37),(140,54,42),(161,54,48),(179,54,53),(42,56,13),(122,56,38),(188,56,54),(123,57,38),(124,58,38),(125,59,38),(10,61,3),(27,61,8),(56,61,14),(65,61,17),(81,61,22),(89,61,27),(104,61,32),(115,61,37),(142,61,42),(163,61,48),(180,61,53),(11,62,3),(28,62,8),(57,62,14),(66,62,17),(82,62,22),(90,62,27),(105,62,32),(116,62,37),(143,62,42),(164,62,48),(181,62,53),(12,63,3),(29,63,8),(58,63,14),(67,63,17),(83,63,22),(91,63,27),(106,63,32),(117,63,37),(144,63,42),(165,63,48),(182,63,53),(17,64,4),(34,64,9),(43,64,13),(73,64,18),(84,64,22),(98,64,28),(126,64,38),(149,64,43),(170,64,49),(44,65,13),(127,65,38),(150,65,43),(45,66,13),(128,66,38),(151,66,43),(189,66,54),(1,68,2),(59,68,14),(68,68,17),(85,68,22),(92,68,27),(107,68,32),(134,68,41),(156,68,47),(183,68,53),(13,70,3),(60,70,14),(69,70,17),(86,70,22),(93,70,27),(108,70,32),(145,70,42),(166,70,48),(184,70,53),(21,73,4),(38,73,9),(49,73,13),(77,73,18),(102,73,28),(133,73,38),(155,73,43),(174,73,49);
/*!40000 ALTER TABLE `aircraft_speed_group` ENABLE KEYS */;
UNLOCK TABLES;

--
-- Table structure for table `aircraft_stand`
--

DROP TABLE IF EXISTS `aircraft_stand`;
/*!40101 SET @saved_cs_client     = @@character_set_client */;
/*!40101 SET character_set_client = utf8 */;
CREATE TABLE `aircraft_stand` (
  `id` bigint unsigned NOT NULL AUTO_INCREMENT,
  `callsign` varchar(255) CHARACTER SET utf8mb4 COLLATE utf8mb4_unicode_ci NOT NULL COMMENT 'The callsign occupying the stand',
  `latitude` double(8,5) NOT NULL DEFAULT '0.00000' COMMENT 'The latitude at which the aircraft was occupying the stand',
  `longitude` double(8,5) NOT NULL DEFAULT '0.00000' COMMENT 'The longitude at which the aircraft was occupying the stand',
  `stand_id` bigint unsigned NOT NULL COMMENT 'The stand being occupied',
  `updated_at` timestamp NULL DEFAULT NULL,
  PRIMARY KEY (`id`),
  UNIQUE KEY `aircraft_stand_callsign_unique` (`callsign`),
  KEY `aircraft_stand_stand_id_foreign` (`stand_id`),
  KEY `aircraft_stand_latitude_longitude_index` (`latitude`,`longitude`),
  CONSTRAINT `aircraft_stand_callsign_foreign` FOREIGN KEY (`callsign`) REFERENCES `network_aircraft` (`callsign`) ON DELETE CASCADE,
  CONSTRAINT `aircraft_stand_stand_id_foreign` FOREIGN KEY (`stand_id`) REFERENCES `stands` (`id`) ON DELETE CASCADE
) ENGINE=InnoDB DEFAULT CHARSET=utf8mb4 COLLATE=utf8mb4_unicode_ci;
/*!40101 SET character_set_client = @saved_cs_client */;

--
-- Dumping data for table `aircraft_stand`
--

LOCK TABLES `aircraft_stand` WRITE;
/*!40000 ALTER TABLE `aircraft_stand` DISABLE KEYS */;
/*!40000 ALTER TABLE `aircraft_stand` ENABLE KEYS */;
UNLOCK TABLES;

--
-- Table structure for table `aircraft_wake_category`
--

DROP TABLE IF EXISTS `aircraft_wake_category`;
/*!40101 SET @saved_cs_client     = @@character_set_client */;
/*!40101 SET character_set_client = utf8 */;
CREATE TABLE `aircraft_wake_category` (
  `id` bigint unsigned NOT NULL AUTO_INCREMENT,
  `aircraft_id` bigint unsigned NOT NULL COMMENT 'The aircraft',
  `wake_category_id` tinyint unsigned NOT NULL COMMENT 'The wake category',
  `created_at` timestamp NULL DEFAULT NULL,
  `updated_at` timestamp NULL DEFAULT NULL,
  PRIMARY KEY (`id`),
  UNIQUE KEY `aircraft_wake_category_unique` (`aircraft_id`,`wake_category_id`),
  KEY `aircraft_wake_category_wake_category_id_foreign` (`wake_category_id`),
  CONSTRAINT `aircraft_wake_category_aircraft_id_foreign` FOREIGN KEY (`aircraft_id`) REFERENCES `aircraft` (`id`) ON DELETE CASCADE,
  CONSTRAINT `aircraft_wake_category_wake_category_id_foreign` FOREIGN KEY (`wake_category_id`) REFERENCES `wake_categories` (`id`) ON DELETE CASCADE
) ENGINE=InnoDB AUTO_INCREMENT=74 DEFAULT CHARSET=utf8mb4 COLLATE=utf8mb4_unicode_ci;
/*!40101 SET character_set_client = @saved_cs_client */;

--
-- Dumping data for table `aircraft_wake_category`
--

LOCK TABLES `aircraft_wake_category` WRITE;
/*!40000 ALTER TABLE `aircraft_wake_category` DISABLE KEYS */;
INSERT INTO `aircraft_wake_category` VALUES (1,1,4,'2021-05-23 14:32:31',NULL),(2,2,4,'2021-05-23 14:32:31',NULL),(3,3,4,'2021-05-23 14:32:31',NULL),(4,4,4,'2021-05-23 14:32:31',NULL),(5,5,4,'2021-05-23 14:32:31',NULL),(6,6,4,'2021-05-23 14:32:31',NULL),(7,7,4,'2021-05-23 14:32:31',NULL),(8,8,3,'2021-05-23 14:32:31',NULL),(9,9,3,'2021-05-23 14:32:31',NULL),(10,10,3,'2021-05-23 14:32:31',NULL),(11,11,3,'2021-05-23 14:32:31',NULL),(12,12,3,'2021-05-23 14:32:31',NULL),(13,13,3,'2021-05-23 14:32:31',NULL),(14,14,3,'2021-05-23 14:32:31',NULL),(15,15,3,'2021-05-23 14:32:31',NULL),(16,16,3,'2021-05-23 14:32:31',NULL),(17,17,3,'2021-05-23 14:32:31',NULL),(18,18,3,'2021-05-23 14:32:31',NULL),(19,19,3,'2021-05-23 14:32:31',NULL),(20,20,3,'2021-05-23 14:32:31',NULL),(21,21,3,'2021-05-23 14:32:31',NULL),(22,22,3,'2021-05-23 14:32:31',NULL),(23,23,3,'2021-05-23 14:32:31',NULL),(24,24,3,'2021-05-23 14:32:31',NULL),(25,25,3,'2021-05-23 14:32:31',NULL),(26,26,3,'2021-05-23 14:32:31',NULL),(27,27,3,'2021-05-23 14:32:31',NULL),(28,28,3,'2021-05-23 14:32:31',NULL),(29,29,3,'2021-05-23 14:32:31',NULL),(30,30,3,'2021-05-23 14:32:31',NULL),(31,31,3,'2021-05-23 14:32:31',NULL),(32,32,3,'2021-05-23 14:32:31',NULL),(33,33,3,'2021-05-23 14:32:31',NULL),(34,34,3,'2021-05-23 14:32:31',NULL),(35,35,3,'2021-05-23 14:32:31',NULL),(36,36,3,'2021-05-23 14:32:31',NULL),(37,37,3,'2021-05-23 14:32:31',NULL),(38,38,3,'2021-05-23 14:32:31',NULL),(39,39,3,'2021-05-23 14:32:31',NULL),(40,40,3,'2021-05-23 14:32:31',NULL),(41,41,3,'2021-05-23 14:32:31',NULL),(42,42,3,'2021-05-23 14:32:31',NULL),(43,43,3,'2021-05-23 14:32:31',NULL),(44,44,3,'2021-05-23 14:32:31',NULL),(45,45,3,'2021-05-23 14:32:31',NULL),(46,46,3,'2021-05-23 14:32:31',NULL),(47,47,3,'2021-05-23 14:32:31',NULL),(48,48,2,'2021-05-23 14:32:31',NULL),(49,49,2,'2021-05-23 14:32:31',NULL),(50,50,2,'2021-05-23 14:32:31',NULL),(51,51,2,'2021-05-23 14:32:31',NULL),(52,52,2,'2021-05-23 14:32:31',NULL),(53,53,2,'2021-05-23 14:32:31',NULL),(54,54,2,'2021-05-23 14:32:31',NULL),(55,55,2,'2021-05-23 14:32:31',NULL),(56,56,2,'2021-05-23 14:32:31',NULL),(57,57,2,'2021-05-23 14:32:31',NULL),(58,58,2,'2021-05-23 14:32:31',NULL),(59,59,2,'2021-05-23 14:32:31',NULL),(60,60,2,'2021-05-23 14:32:31',NULL),(61,61,2,'2021-05-23 14:32:31',NULL),(62,62,2,'2021-05-23 14:32:31',NULL),(63,63,2,'2021-05-23 14:32:31',NULL),(64,64,2,'2021-05-23 14:32:31',NULL),(65,65,2,'2021-05-23 14:32:31',NULL),(66,66,2,'2021-05-23 14:32:31',NULL),(67,67,2,'2021-05-23 14:32:31',NULL),(68,68,2,'2021-05-23 14:32:31',NULL),(69,69,2,'2021-05-23 14:32:31',NULL),(70,70,2,'2021-05-23 14:32:31',NULL),(71,71,2,'2021-05-23 14:32:31',NULL),(72,72,2,'2021-05-23 14:32:31',NULL),(73,73,2,'2021-05-23 14:32:31',NULL);
/*!40000 ALTER TABLE `aircraft_wake_category` ENABLE KEYS */;
UNLOCK TABLES;

--
-- Table structure for table `airfield`
--

DROP TABLE IF EXISTS `airfield`;
/*!40101 SET @saved_cs_client     = @@character_set_client */;
/*!40101 SET character_set_client = utf8 */;
CREATE TABLE `airfield` (
  `id` int unsigned NOT NULL AUTO_INCREMENT,
  `code` varchar(255) CHARACTER SET utf8mb4 COLLATE utf8mb4_unicode_ci NOT NULL COMMENT 'ICAO code for the airfield',
  `latitude` decimal(10,8) DEFAULT NULL,
  `longitude` decimal(11,8) DEFAULT NULL,
  `elevation` int unsigned NOT NULL COMMENT 'The airfields elevation above sea level in feet',
  `transition_altitude` mediumint unsigned NOT NULL COMMENT 'The transition altitude',
  `standard_high` tinyint(1) NOT NULL COMMENT 'Is standard pressure (1013) considered high pressure',
  `wake_category_scheme_id` bigint unsigned NOT NULL DEFAULT '1' COMMENT 'Which scheme to use for wake separation',
  `handoff_id` bigint unsigned DEFAULT NULL COMMENT 'The default handoff for aircraft departing this airfield',
  `created_at` timestamp NULL DEFAULT NULL,
  `updated_at` timestamp NULL DEFAULT NULL,
  PRIMARY KEY (`id`),
  UNIQUE KEY `airfield_code_unique` (`code`),
  KEY `wake_category_scheme_id` (`wake_category_scheme_id`),
  KEY `airfield_handoff_id_foreign` (`handoff_id`),
  CONSTRAINT `airfield_handoff_id_foreign` FOREIGN KEY (`handoff_id`) REFERENCES `handoffs` (`id`) ON DELETE SET NULL,
  CONSTRAINT `wake_category_scheme_id` FOREIGN KEY (`wake_category_scheme_id`) REFERENCES `wake_category_schemes` (`id`)
) ENGINE=InnoDB AUTO_INCREMENT=153 DEFAULT CHARSET=utf8mb4 COLLATE=utf8mb4_unicode_ci;
/*!40101 SET character_set_client = @saved_cs_client */;

--
-- Dumping data for table `airfield`
--

LOCK TABLES `airfield` WRITE;
/*!40000 ALTER TABLE `airfield` DISABLE KEYS */;
INSERT INTO `airfield` VALUES (1,'EGKK',51.14810200,-0.19027800,203,6000,1,1,65,NULL,'2022-01-03 13:49:20'),(2,'EGLL',51.47060000,-0.46194100,83,6000,1,2,66,NULL,'2022-01-03 13:49:20'),(3,'EGLC',51.50529900,0.05527800,20,6000,1,1,67,NULL,'2022-01-03 13:49:20'),(4,'EGKB',51.33079910,0.03250000,599,6000,1,1,68,NULL,'2022-01-03 13:49:20'),(5,'EGSS',51.88499832,0.23500000,348,6000,1,1,69,NULL,'2022-01-03 13:49:20'),(6,'EGGW',51.87469864,-0.36833301,526,6000,1,1,70,NULL,'2022-01-03 13:49:20'),(7,'EGTK',51.83689880,-1.32000005,270,6000,1,1,71,NULL,'2022-01-03 13:49:20'),(8,'EGMC',51.57139969,0.69555598,55,6000,1,1,72,NULL,'2022-01-03 13:49:20'),(9,'EGCC',53.35369873,-2.27495003,257,5000,1,1,73,NULL,'2022-01-03 13:49:20'),(10,'EGGP',53.33359909,-2.84972000,81,5000,1,1,74,NULL,'2022-01-03 13:49:20'),(11,'EGNM',53.86589813,-1.66057003,681,5000,1,1,75,NULL,'2022-01-03 13:49:20'),(12,'EGCN',53.48053781,-1.01065636,54,5000,1,1,76,NULL,'2022-01-03 13:49:20'),(13,'EGJJ',49.20790100,-2.19550991,277,5000,1,1,77,NULL,'2022-01-03 13:49:20'),(14,'EGJB',49.43500137,-2.60196996,336,5000,1,1,78,NULL,'2022-01-03 13:49:20'),(15,'EGJA',49.70610400,-2.21472000,290,5000,1,1,79,NULL,'2022-01-03 13:49:20'),(16,'EGGD',51.38270200,-2.71909000,622,6000,1,1,80,NULL,'2022-01-03 13:49:20'),(17,'EGFF',51.39670181,-3.34332991,220,6000,1,1,81,NULL,'2022-01-03 13:49:20'),(18,'EGHI',50.95029831,-1.35679996,44,6000,1,1,82,NULL,'2022-01-03 13:49:20'),(19,'EGHH',50.77999878,-1.84249997,38,6000,1,1,83,NULL,'2022-01-03 13:49:20'),(20,'EGBB',52.45389938,-1.74802995,339,6000,1,1,84,NULL,'2022-01-03 13:49:20'),(21,'EGNX',52.83110046,-1.32806003,306,6000,1,1,85,NULL,'2022-01-03 13:49:21'),(22,'EGPH',55.95000076,-3.37249994,136,6000,0,1,86,NULL,'2022-01-03 13:49:21'),(23,'EGPF',55.87189865,-4.43306017,26,6000,0,1,87,NULL,'2022-01-03 13:49:21'),(24,'EGPK',55.50939941,-4.58666992,65,6000,0,1,88,NULL,'2022-01-03 13:49:21'),(25,'EGTE',50.73440170,-3.41388988,102,3000,1,1,89,NULL,'2022-01-03 13:49:21'),(26,'EGNS',54.08330154,-4.62388992,52,3000,1,1,90,NULL,'2022-01-03 13:49:21'),(27,'EGSH',52.67580032,1.28278005,117,5000,1,1,91,NULL,'2022-01-03 13:49:21'),(28,'EGNT',55.03749847,-1.69166994,266,6000,1,1,92,NULL,'2022-01-03 13:49:21'),(29,'EGWU',51.55300140,-0.41816700,124,6000,1,1,93,'2021-05-23 14:31:44','2022-01-03 13:49:21'),(30,'EGPD',57.20190048,-2.19777989,215,6000,1,1,94,'2021-05-23 14:31:44','2022-01-03 13:49:21'),(31,'EGAA',54.65750122,-6.21582985,268,6000,1,1,95,'2021-05-23 14:31:46','2022-01-03 13:49:21'),(32,'EGAC',54.61809921,-5.87249994,15,6000,1,1,96,'2021-05-23 14:31:46','2022-01-03 13:49:21'),(33,'EGAE',55.04280090,-7.16110992,23,3000,0,1,97,'2021-05-23 14:31:46','2022-01-03 13:49:21'),(34,'EGBE',52.36970139,-1.47972000,267,3000,0,1,98,'2021-05-23 14:31:46','2022-01-03 13:49:21'),(35,'EGBJ',51.89419937,-2.16722012,101,3000,0,1,99,'2021-05-23 14:31:46','2022-01-03 13:49:21'),(36,'EGHQ',50.44060135,-4.99540997,390,3000,0,1,100,'2021-05-23 14:31:46','2022-01-03 13:49:21'),(37,'EGKA',50.83560200,-0.29722200,7,6000,1,1,101,'2021-05-23 14:31:46','2022-01-03 13:49:21'),(38,'EGMD',50.95610046,0.93916702,13,6000,1,1,102,'2021-05-23 14:31:46','2022-01-03 13:49:21'),(39,'EGNC',54.93750000,-2.80917001,190,3000,0,1,103,'2021-05-23 14:31:46','2022-01-03 13:49:21'),(40,'EGNH',53.77170181,-3.02860999,34,3000,0,1,104,'2021-05-23 14:31:46','2022-01-03 13:49:21'),(41,'EGNJ',53.57440186,-0.35083300,121,3000,0,1,105,'2021-05-23 14:31:46','2022-01-03 13:49:21'),(42,'EGNR',53.17810059,-2.97778010,45,5000,1,1,106,'2021-05-23 14:31:46','2022-01-03 13:49:21'),(43,'EGNV',54.50920105,-1.42940998,120,6000,0,1,107,'2021-05-23 14:31:46','2022-01-03 13:49:21'),(44,'EGPA',58.95780182,-2.90499997,58,3000,0,1,108,'2021-05-23 14:31:46','2022-01-03 13:49:21'),(45,'EGPB',59.87889862,-1.29556000,21,6000,1,1,109,'2021-05-23 14:31:46','2022-01-03 13:49:21'),(46,'EGPC',58.45890045,-3.09306002,126,3000,0,1,110,'2021-05-23 14:31:46','2022-01-03 13:49:21'),(47,'EGPE',57.54249954,-4.04750013,31,3000,0,1,111,'2021-05-23 14:31:46','2022-01-03 13:49:21'),(48,'EGPM',60.43280029,-1.29611003,81,3000,0,1,112,'2021-05-23 14:31:46','2022-01-03 13:49:21'),(49,'EGPN',56.45249939,-3.02583003,17,3000,0,1,113,'2021-05-23 14:31:46','2022-01-03 13:49:21'),(50,'EGPO',58.21559906,-6.33111000,26,3000,0,1,114,'2021-05-23 14:31:46','2022-01-03 13:49:21'),(51,'EGSC',52.20500200,0.17500000,48,6000,1,1,115,'2021-05-23 14:31:46','2022-01-03 13:49:21'),(52,'EGTC',52.07220078,-0.61666697,359,6000,1,1,116,'2021-05-23 14:31:46','2022-01-03 13:49:21'),(53,'EGLF',51.27579880,-0.77633297,238,6000,1,1,117,'2021-05-23 14:31:46','2022-01-03 13:49:21'),(54,'EGEO',56.46350098,-5.39967012,34,3000,0,1,118,'2021-05-23 14:31:49','2022-01-03 13:49:21'),(55,'EGPU',56.49919891,-6.86917019,38,3000,0,1,119,'2021-05-23 14:31:49','2022-01-03 13:49:21'),(56,'EGPR',57.02280000,-7.44306000,5,3000,0,1,120,'2021-05-23 14:31:49','2022-01-03 13:49:21'),(57,'EGPL',57.48109818,-7.36278009,189,3000,0,1,121,'2021-05-23 14:31:49','2022-01-03 13:49:21'),(58,'EGQM',55.42194400,-1.60333300,77,3000,0,1,NULL,'2021-05-23 14:31:49','2022-01-03 13:49:19'),(59,'EGOM',55.04999924,-2.54999995,1066,3000,0,1,NULL,'2021-05-23 14:31:49','2022-01-03 13:49:19'),(60,'EGOV',53.24810028,-4.53533983,37,3000,0,1,122,'2021-05-23 14:31:49','2022-01-03 13:49:21'),(61,'EGCK',53.10181900,-4.33761400,14,3000,0,1,NULL,'2021-05-23 14:31:49','2022-01-03 13:49:18'),(62,'EGOY',54.84722200,-4.94833300,56,3000,0,1,NULL,'2021-05-23 14:31:49','2022-01-03 13:49:19'),(63,'EGCW',52.62944400,-3.15250000,233,3000,0,1,NULL,'2021-05-23 14:31:49','2022-01-03 13:49:19'),(64,'EGWC',52.63999900,-2.30558000,272,3000,0,1,NULL,'2021-05-23 14:31:49','2022-01-03 13:49:19'),(65,'EGBO',52.51750183,-2.25943995,283,3000,0,1,NULL,'2021-05-23 14:31:49','2022-01-03 13:49:19'),(66,'EGOS',52.79819870,-2.66804004,249,3000,0,1,NULL,'2021-05-23 14:31:49','2022-01-03 13:49:19'),(67,'EGXE',54.29240000,-1.53540000,132,3000,0,1,NULL,'2021-05-23 14:31:49','2022-01-03 13:49:19'),(68,'EGXC',53.09299850,-0.16601400,25,3000,0,1,123,'2021-05-23 14:31:49','2022-01-03 13:49:21'),(69,'EGXG',53.83430100,-1.19550000,29,3000,0,1,NULL,'2021-05-23 14:31:49','2022-01-03 13:49:19'),(70,'EGNE',53.28060150,-0.95138901,87,3000,0,1,NULL,'2021-05-23 14:31:49','2022-01-03 13:49:19'),(71,'EGYD',53.03030014,-0.48324201,218,3000,0,1,124,'2021-05-23 14:31:49','2022-01-03 13:49:21'),(72,'EGXV',53.87694400,-0.43750000,36,3000,0,1,NULL,'2021-05-23 14:31:49','2022-01-03 13:49:19'),(73,'EGDR',50.08610153,-5.25571012,218,3000,0,1,NULL,'2021-05-23 14:31:49','2022-01-03 13:49:19'),(74,'EGHE',49.91329956,-6.29166985,116,3000,0,1,125,'2021-05-23 14:31:49','2022-01-03 13:49:21'),(75,'EGHT',49.94559860,-6.33138990,20,3000,0,1,NULL,'2021-05-23 14:31:49','2022-01-03 13:49:19'),(76,'EGFE',51.83309937,-4.96111012,157,3000,0,1,NULL,'2021-05-23 14:31:49','2022-01-03 13:49:18'),(77,'EGFH',51.60530090,-4.06783009,299,3000,0,1,NULL,'2021-05-23 14:31:49','2022-01-03 13:49:19'),(78,'EGHC',50.10279800,-5.67056000,398,3000,0,1,126,'2021-05-23 14:31:49','2022-01-03 13:49:21'),(79,'EGHR',50.85940170,-0.75916702,108,3000,0,1,NULL,'2021-05-23 14:31:49','2022-01-03 13:49:18'),(80,'EGVO',51.23410034,-0.94282502,405,3000,0,1,NULL,'2021-05-23 14:31:49','2022-01-03 13:49:19'),(81,'EGTO',51.35189819,0.50333297,426,3000,0,1,127,'2021-05-23 14:31:49','2022-01-03 13:49:21'),(82,'EGDY',51.00939941,-2.63881993,75,3000,0,1,NULL,'2021-05-23 14:31:49','2022-01-03 13:49:19'),(83,'EGDX',51.40480000,-3.43575000,163,3000,0,1,NULL,'2021-05-23 14:31:49','2022-01-03 13:49:19'),(84,'EGYM',52.64839500,0.55069200,75,3000,0,1,128,'2021-05-23 14:31:49','2022-01-03 13:49:21'),(85,'EGXH',52.34260178,0.77293903,174,3000,0,1,NULL,'2021-05-23 14:31:49','2022-01-03 13:49:19'),(86,'EGUL',52.40930176,0.56099999,32,3000,0,1,NULL,'2021-05-23 14:31:49','2022-01-03 13:49:19'),(87,'EGUN',52.36190033,0.48640600,33,3000,0,1,NULL,'2021-05-23 14:31:49','2022-01-03 13:49:19'),(88,'EGYC',52.75472200,1.35722200,65,3000,0,1,NULL,'2021-05-23 14:31:49','2022-01-03 13:49:19'),(89,'EGBP',51.66809500,-2.05694000,436,3000,0,1,NULL,'2021-05-23 14:31:49','2022-01-03 13:49:18'),(90,'EGVN',51.75000000,-1.58362000,288,3000,0,1,129,'2021-05-23 14:31:49','2022-01-03 13:49:21'),(91,'EGPS',57.51783300,-1.86133300,150,3000,0,1,NULL,'2021-05-23 14:31:49','2022-01-03 13:49:19'),(92,'EGQK',57.64939880,-3.56064010,22,3000,0,1,NULL,'2021-05-23 14:31:49','2022-01-03 13:49:19'),(93,'EGQL',56.37289810,-2.86843991,38,3000,0,1,NULL,'2021-05-23 14:31:49','2022-01-03 13:49:19'),(94,'EGSY',53.39429900,-1.38849000,164,6000,1,1,130,'2021-05-23 14:31:52','2022-01-03 13:49:21'),(95,'EGVA',51.68220139,-1.79003000,286,3000,1,1,131,'2021-05-23 14:31:55','2022-01-03 13:49:21'),(96,'EGSL',51.89500000,0.44916667,286,3000,1,1,NULL,'2022-01-03 13:49:17','2022-01-03 13:49:18'),(97,'EGNL',54.12861111,-3.26750000,44,3000,1,1,NULL,'2022-01-03 13:49:17','2022-01-03 13:49:18'),(98,'EGBF',52.23250000,-0.44555556,273,3000,1,1,NULL,'2022-01-03 13:49:17','2022-01-03 13:49:18'),(99,'EGLK',51.32388889,-0.84750000,325,3000,1,1,NULL,'2022-01-03 13:49:17','2022-01-03 13:49:18'),(100,'EGEC',55.43750000,-5.68805556,42,3000,1,1,NULL,'2022-01-03 13:49:17','2022-01-03 13:49:18'),(101,'EGLJ',51.67444444,-1.08527778,240,3000,1,1,NULL,'2022-01-03 13:49:17','2022-01-03 13:49:18'),(102,'EGEL',56.60194444,-6.61777778,21,3000,1,1,NULL,'2022-01-03 13:49:17','2022-01-03 13:49:18'),(103,'EGEY',56.05750000,-6.24305556,44,3000,1,1,NULL,'2022-01-03 13:49:17','2022-01-03 13:49:18'),(104,'EGHA',50.96722222,-2.15361111,811,3000,1,1,NULL,'2022-01-03 13:49:17','2022-01-03 13:49:18'),(105,'EGPG',55.97472222,-3.97555556,350,3000,1,1,NULL,'2022-01-03 13:49:17','2022-01-03 13:49:18'),(106,'EGLD',51.58833333,-0.51305556,249,3000,1,1,NULL,'2022-01-03 13:49:17','2022-01-03 13:49:18'),(107,'EGBD',52.85972222,-1.61750000,175,3000,1,1,NULL,'2022-01-03 13:49:17','2022-01-03 13:49:18'),(108,'EGTU',50.86000000,-3.23472222,839,3000,1,1,NULL,'2022-01-03 13:49:17','2022-01-03 13:49:18'),(109,'EGSU',52.09055556,0.13138889,126,3000,1,1,NULL,'2022-01-03 13:49:17','2022-01-03 13:49:18'),(110,'EGSR',51.91444444,0.68250000,227,3000,1,1,NULL,'2022-01-03 13:49:17','2022-01-03 13:49:18'),(111,'EGED',59.19027778,-2.77250000,13,3000,1,1,NULL,'2022-01-03 13:49:17','2022-01-03 13:49:18'),(112,'EGTR',51.65583333,-0.32583333,332,3000,1,1,NULL,'2022-01-03 13:49:17','2022-01-03 13:49:18'),(113,'EGAB',54.39861111,-7.65194444,155,3000,1,1,NULL,'2022-01-03 13:49:17','2022-01-03 13:49:18'),(114,'EGEF',59.53472222,-1.62861111,237,3000,1,1,NULL,'2022-01-03 13:49:17','2022-01-03 13:49:18'),(115,'EGTF',51.34805556,-0.55861111,80,3000,1,1,NULL,'2022-01-03 13:49:17','2022-01-03 13:49:18'),(116,'EGCL',52.73944444,-0.03000000,6,3000,1,1,NULL,'2022-01-03 13:49:17','2022-01-03 13:49:18'),(117,'EGPI',55.68333333,-6.25972222,56,3000,1,1,NULL,'2022-01-03 13:49:17','2022-01-03 13:49:18'),(118,'EGKH',51.15638889,0.64444444,70,3000,1,1,NULL,'2022-01-03 13:49:17','2022-01-03 13:49:18'),(119,'EGHF',50.81555556,-1.20666667,32,3000,1,1,NULL,'2022-01-03 13:49:17','2022-01-03 13:49:18'),(120,'EGCM',53.83444444,-1.19555556,29,3000,1,1,NULL,'2022-01-03 13:49:17','2022-01-03 13:49:18'),(121,'EGBG',52.60777778,-1.03194444,469,3000,1,1,NULL,'2022-01-03 13:49:17','2022-01-03 13:49:18'),(122,'EGET',60.19194444,-1.24361111,45,3000,1,1,NULL,'2022-01-03 13:49:17','2022-01-03 13:49:18'),(123,'EGCB',53.47166667,-2.38972222,73,3000,1,1,NULL,'2022-01-03 13:49:17','2022-01-03 13:49:19'),(124,'EGNF',53.31694444,-1.19611111,248,3000,1,1,NULL,'2022-01-03 13:49:17','2022-01-03 13:49:19'),(125,'EGAD',54.58111111,-5.69194444,9,3000,1,1,NULL,'2022-01-03 13:49:17','2022-01-03 13:49:19'),(126,'EGEN',59.36750000,-2.43444444,56,3000,1,1,NULL,'2022-01-03 13:49:17','2022-01-03 13:49:19'),(127,'EGBK',52.30611111,-0.79222222,424,3000,1,1,NULL,'2022-01-03 13:49:17','2022-01-03 13:49:19'),(128,'EGBN',52.92000000,-1.07916667,138,3000,1,1,NULL,'2022-01-03 13:49:17','2022-01-03 13:49:19'),(129,'EGSV',52.49750000,1.05194444,194,3000,1,1,NULL,'2022-01-03 13:49:17','2022-01-03 13:49:19'),(130,'EGTH',52.08666667,-0.31861111,120,3000,1,1,NULL,'2022-01-03 13:49:17','2022-01-03 13:49:19'),(131,'EGEP',59.35111111,-2.90027778,92,3000,1,1,NULL,'2022-01-03 13:49:17','2022-01-03 13:49:19'),(132,'EGFP',51.71388889,-4.31222222,15,3000,1,1,NULL,'2022-01-03 13:49:17','2022-01-03 13:49:19'),(133,'EGPT',56.44111111,-3.37388889,397,3000,1,1,NULL,'2022-01-03 13:49:17','2022-01-03 13:49:19'),(134,'EGSF',52.46805556,-0.25083333,26,3000,1,1,NULL,'2022-01-03 13:49:17','2022-01-03 13:49:19'),(135,'EGKR',51.21361111,-0.13861111,222,3000,1,1,NULL,'2022-01-03 13:49:17','2022-01-03 13:49:19'),(136,'EGES',59.25027778,-2.57500000,62,3000,1,1,NULL,'2022-01-03 13:49:17','2022-01-03 13:49:19'),(137,'EGCF',53.55972222,-0.85833333,13,3000,1,1,NULL,'2022-01-03 13:49:17','2022-01-03 13:49:19'),(138,'EGCJ',53.78416667,-1.21777778,26,3000,1,1,NULL,'2022-01-03 13:49:17','2022-01-03 13:49:19'),(139,'EGBS',52.24166667,-2.88111111,317,3000,1,1,NULL,'2022-01-03 13:49:17','2022-01-03 13:49:19'),(140,'EGCV',52.83472222,-2.77027778,275,3000,1,1,NULL,'2022-01-03 13:49:17','2022-01-03 13:49:19'),(141,'EGSG',51.65250000,0.15611111,185,3000,1,1,NULL,'2022-01-03 13:49:17','2022-01-03 13:49:19'),(142,'EGER',59.15527778,-2.64138889,39,3000,1,1,NULL,'2022-01-03 13:49:17','2022-01-03 13:49:19'),(143,'EGBM',52.81416667,-1.76472222,439,3000,1,1,NULL,'2022-01-03 13:49:17','2022-01-03 13:49:19'),(144,'EGHO',51.21055556,-1.60000000,319,3000,1,1,NULL,'2022-01-03 13:49:17','2022-01-03 13:49:19'),(145,'EGNO',53.74500000,-2.88333333,54,3000,1,1,132,'2022-01-03 13:49:17','2022-01-03 13:49:21'),(146,'EGBW',52.19222222,-1.61444444,159,3000,1,1,NULL,'2022-01-03 13:49:17','2022-01-03 13:49:19'),(147,'EGFA',52.11472222,-4.55944444,428,3000,1,1,NULL,'2022-01-03 13:49:17','2022-01-03 13:49:19'),(148,'EGEW',59.35027778,-2.95000000,29,3000,1,1,NULL,'2022-01-03 13:49:17','2022-01-03 13:49:19'),(149,'EGLM',51.50055556,-0.77472222,127,3000,1,1,NULL,'2022-01-03 13:49:17','2022-01-03 13:49:19'),(150,'EGNW',53.31694444,-0.34888889,84,3000,1,1,NULL,'2022-01-03 13:49:17','2022-01-03 13:49:19'),(151,'EGTB',51.61166667,-0.80833333,520,3000,1,1,NULL,'2022-01-03 13:49:17','2022-01-03 13:49:19'),(152,'EGHG',50.94000000,-2.65888889,202,3000,1,1,133,'2022-01-03 13:49:17','2022-01-03 13:49:21');
/*!40000 ALTER TABLE `airfield` ENABLE KEYS */;
UNLOCK TABLES;

--
-- Table structure for table `airfield_pairing_prenotes`
--

DROP TABLE IF EXISTS `airfield_pairing_prenotes`;
/*!40101 SET @saved_cs_client     = @@character_set_client */;
/*!40101 SET character_set_client = utf8 */;
CREATE TABLE `airfield_pairing_prenotes` (
  `id` bigint unsigned NOT NULL AUTO_INCREMENT,
  `origin_airfield_id` int unsigned NOT NULL COMMENT 'The origin airfield',
  `destination_airfield_id` int unsigned NOT NULL COMMENT 'The destination airfield',
  `prenote_id` bigint unsigned NOT NULL COMMENT 'The prenote associated with the pairing',
  `flight_rule_id` bigint unsigned NOT NULL,
  `created_at` timestamp NULL DEFAULT NULL,
  `updated_at` timestamp NULL DEFAULT NULL,
  PRIMARY KEY (`id`),
  UNIQUE KEY `unique_pairing` (`origin_airfield_id`,`destination_airfield_id`,`prenote_id`),
  KEY `destination_airfield` (`destination_airfield_id`),
  KEY `airfield_pairing_prenotes_prenote_id_foreign` (`prenote_id`),
  KEY `airfield_pairing_flight_rules` (`flight_rule_id`),
  CONSTRAINT `airfield_pairing_flight_rules` FOREIGN KEY (`flight_rule_id`) REFERENCES `flight_rules` (`id`),
  CONSTRAINT `airfield_pairing_prenotes_prenote_id_foreign` FOREIGN KEY (`prenote_id`) REFERENCES `prenotes` (`id`) ON DELETE CASCADE,
  CONSTRAINT `destination_airfield` FOREIGN KEY (`destination_airfield_id`) REFERENCES `airfield` (`id`) ON DELETE CASCADE,
  CONSTRAINT `origin_airfield` FOREIGN KEY (`origin_airfield_id`) REFERENCES `airfield` (`id`) ON DELETE CASCADE
) ENGINE=InnoDB AUTO_INCREMENT=41 DEFAULT CHARSET=utf8mb4 COLLATE=utf8mb4_unicode_ci;
/*!40101 SET character_set_client = @saved_cs_client */;

--
-- Dumping data for table `airfield_pairing_prenotes`
--

LOCK TABLES `airfield_pairing_prenotes` WRITE;
/*!40000 ALTER TABLE `airfield_pairing_prenotes` DISABLE KEYS */;
INSERT INTO `airfield_pairing_prenotes` VALUES (1,1,3,6,2,'2021-05-23 14:31:49',NULL),(2,1,3,7,2,'2021-05-23 14:31:49',NULL),(3,1,4,6,2,'2021-05-23 14:31:49',NULL),(4,1,4,7,2,'2021-05-23 14:31:49',NULL),(5,1,8,6,2,'2021-05-23 14:31:49',NULL),(6,1,8,7,2,'2021-05-23 14:31:49',NULL),(7,1,19,9,2,'2021-05-23 14:31:49',NULL),(8,1,18,9,2,'2021-05-23 14:31:49',NULL),(9,1,2,8,2,'2021-05-23 14:31:49',NULL),(10,1,6,8,2,'2021-05-23 14:31:49',NULL),(11,1,5,8,2,'2021-05-23 14:31:49',NULL),(12,2,1,10,2,'2021-05-23 14:31:49',NULL),(13,2,18,10,2,'2021-05-23 14:31:49',NULL),(14,2,19,10,2,'2021-05-23 14:31:49',NULL),(15,2,37,10,2,'2021-05-23 14:31:49',NULL),(16,2,5,11,2,'2021-05-23 14:31:49',NULL),(17,2,6,11,2,'2021-05-23 14:31:49',NULL),(18,2,51,11,2,'2021-05-23 14:31:49',NULL),(19,2,3,12,2,'2021-05-23 14:31:49',NULL),(20,2,4,12,2,'2021-05-23 14:31:49',NULL),(21,2,8,12,2,'2021-05-23 14:31:49',NULL),(22,5,1,13,2,'2021-05-23 14:31:49',NULL),(23,5,3,14,2,'2021-05-23 14:31:49',NULL),(24,5,18,15,2,'2021-05-23 14:31:49',NULL),(25,5,19,15,2,'2021-05-23 14:31:49',NULL),(26,6,1,14,2,'2021-05-23 14:31:49',NULL),(27,6,3,14,2,'2021-05-23 14:31:49',NULL),(28,6,4,14,2,'2021-05-23 14:31:49',NULL),(29,6,8,14,2,'2021-05-23 14:31:49',NULL),(30,6,18,15,2,'2021-05-23 14:31:49',NULL),(31,6,19,15,2,'2021-05-23 14:31:49',NULL),(32,9,10,16,2,'2021-05-23 14:31:49',NULL),(33,10,9,16,2,'2021-05-23 14:31:49',NULL),(34,1,53,9,2,'2021-05-23 14:31:55',NULL),(35,1,29,8,2,'2021-05-23 14:31:55',NULL),(36,2,53,10,2,'2021-05-23 14:31:55',NULL),(37,2,7,10,2,'2021-05-23 14:31:55',NULL),(38,2,90,10,2,'2021-05-23 14:31:55',NULL),(39,2,38,12,2,'2021-05-23 14:31:55',NULL),(40,1,2,1,2,'2021-05-23 14:32:32','2022-01-03 13:49:17');
/*!40000 ALTER TABLE `airfield_pairing_prenotes` ENABLE KEYS */;
UNLOCK TABLES;

--
-- Table structure for table `airfield_pairing_squawk_ranges`
--

DROP TABLE IF EXISTS `airfield_pairing_squawk_ranges`;
/*!40101 SET @saved_cs_client     = @@character_set_client */;
/*!40101 SET character_set_client = utf8 */;
CREATE TABLE `airfield_pairing_squawk_ranges` (
  `id` bigint unsigned NOT NULL AUTO_INCREMENT,
  `origin` varchar(4) CHARACTER SET utf8mb4 COLLATE utf8mb4_unicode_ci NOT NULL COMMENT 'The origin airfield',
  `destination` varchar(4) CHARACTER SET utf8mb4 COLLATE utf8mb4_unicode_ci NOT NULL COMMENT 'The destination airfield',
  `first` varchar(4) CHARACTER SET utf8mb4 COLLATE utf8mb4_unicode_ci NOT NULL COMMENT 'The first squawk in the range',
  `last` varchar(4) CHARACTER SET utf8mb4 COLLATE utf8mb4_unicode_ci NOT NULL COMMENT 'The last squawk in the range',
  `created_at` timestamp NULL DEFAULT NULL,
  `updated_at` timestamp NULL DEFAULT NULL,
  PRIMARY KEY (`id`)
) ENGINE=InnoDB AUTO_INCREMENT=10 DEFAULT CHARSET=utf8mb4 COLLATE=utf8mb4_unicode_ci;
/*!40101 SET character_set_client = @saved_cs_client */;

--
-- Dumping data for table `airfield_pairing_squawk_ranges`
--

LOCK TABLES `airfield_pairing_squawk_ranges` WRITE;
/*!40000 ALTER TABLE `airfield_pairing_squawk_ranges` DISABLE KEYS */;
INSERT INTO `airfield_pairing_squawk_ranges` VALUES (1,'EGJJ','EGJB','3710','3727','2021-05-23 14:31:52',NULL),(2,'EGJJ','EGJA','3710','3727','2021-05-23 14:31:52',NULL),(3,'EGJB','EGJA','3730','3747','2021-05-23 14:31:52',NULL),(4,'EGJB','EGJJ','3730','3747','2021-05-23 14:31:52',NULL),(5,'EGJA','EGJB','3730','3747','2021-05-23 14:31:52',NULL),(6,'EGJA','EGJJ','3730','3747','2021-05-23 14:31:52',NULL),(7,'EGJJ','EG','1201','1247','2021-05-23 14:31:54','2022-01-03 13:49:12'),(8,'EGJB','EG','1201','1247','2021-05-23 14:31:54','2022-01-03 13:49:12'),(9,'EGJA','EG','1201','1247','2021-05-23 14:31:54','2022-01-03 13:49:12');
/*!40000 ALTER TABLE `airfield_pairing_squawk_ranges` ENABLE KEYS */;
UNLOCK TABLES;

--
-- Table structure for table `airfield_visual_reference_point`
--

DROP TABLE IF EXISTS `airfield_visual_reference_point`;
/*!40101 SET @saved_cs_client     = @@character_set_client */;
/*!40101 SET character_set_client = utf8 */;
CREATE TABLE `airfield_visual_reference_point` (
  `id` bigint unsigned NOT NULL AUTO_INCREMENT,
  `airfield_id` int unsigned NOT NULL,
  `visual_reference_point_id` bigint unsigned NOT NULL,
  PRIMARY KEY (`id`),
  KEY `airfield_visual_reference_point_airfield_id_foreign` (`airfield_id`),
  KEY `airfield_visual_reference_vrp` (`visual_reference_point_id`),
  CONSTRAINT `airfield_visual_reference_point_airfield_id_foreign` FOREIGN KEY (`airfield_id`) REFERENCES `airfield` (`id`),
  CONSTRAINT `airfield_visual_reference_vrp` FOREIGN KEY (`visual_reference_point_id`) REFERENCES `visual_reference_points` (`id`)
) ENGINE=InnoDB AUTO_INCREMENT=461 DEFAULT CHARSET=utf8mb4 COLLATE=utf8mb4_unicode_ci;
/*!40101 SET character_set_client = @saved_cs_client */;

--
-- Dumping data for table `airfield_visual_reference_point`
--

LOCK TABLES `airfield_visual_reference_point` WRITE;
/*!40000 ALTER TABLE `airfield_visual_reference_point` DISABLE KEYS */;
INSERT INTO `airfield_visual_reference_point` VALUES (1,6,1),(2,12,2),(3,70,2),(4,12,3),(5,10,4),(6,9,6),(7,14,7),(8,13,7),(9,23,8),(10,3,9),(11,2,9),(12,39,10),(13,53,11),(14,39,12),(15,23,13),(16,3,14),(17,22,15),(18,2,16),(19,27,17),(20,5,18),(21,25,19),(22,27,20),(23,53,21),(24,2,21),(25,23,22),(26,31,23),(27,90,24),(28,3,25),(29,30,26),(30,23,27),(31,16,28),(32,16,29),(33,22,30),(34,19,31),(35,18,31),(36,3,32),(37,42,33),(38,3,34),(39,5,35),(40,8,36),(41,1,37),(42,120,38),(43,18,39),(44,23,40),(45,34,41),(46,16,42),(47,28,43),(48,28,44),(49,45,45),(50,28,46),(51,42,47),(52,21,48),(53,48,49),(54,5,50),(55,3,51),(56,2,51),(57,41,52),(58,37,53),(59,49,54),(60,27,55),(61,135,56),(62,18,57),(63,33,58),(64,90,59),(65,3,60),(66,2,62),(67,9,63),(68,10,63),(69,18,64),(70,9,65),(71,2,66),(72,41,67),(73,18,68),(74,112,69),(75,5,70),(76,14,71),(77,13,71),(78,17,72),(79,94,72),(80,33,73),(81,14,74),(82,13,74),(83,46,75),(84,90,76),(85,16,77),(86,5,78),(87,10,79),(88,42,79),(89,16,80),(90,16,81),(91,5,82),(92,21,83),(93,16,84),(94,17,85),(95,94,85),(96,33,86),(97,16,87),(98,16,88),(99,31,89),(100,22,90),(101,33,91),(102,27,92),(103,32,93),(104,9,94),(105,14,95),(106,13,95),(107,18,96),(108,25,97),(109,25,98),(110,24,99),(111,24,100),(112,22,101),(113,24,102),(114,24,103),(115,12,104),(116,70,104),(117,5,105),(118,28,106),(119,11,107),(120,5,108),(121,47,109),(122,31,110),(123,24,111),(124,47,112),(125,1,113),(126,9,114),(127,34,115),(128,23,116),(129,46,117),(130,33,118),(131,28,119),(132,23,120),(133,16,121),(134,11,122),(135,41,123),(136,5,124),(137,23,125),(138,25,126),(139,90,127),(140,90,128),(141,53,129),(142,10,130),(143,17,131),(144,94,131),(145,53,132),(146,40,133),(147,42,134),(148,44,135),(149,14,136),(150,13,136),(151,22,137),(152,20,138),(153,14,139),(154,13,139),(155,53,140),(156,10,141),(157,48,142),(158,12,143),(159,70,143),(160,145,144),(161,10,145),(162,8,146),(163,31,147),(164,9,148),(165,135,149),(166,135,150),(167,112,151),(168,12,152),(169,23,153),(170,39,154),(171,2,155),(172,32,156),(173,1,157),(174,53,157),(175,39,158),(176,1,159),(177,14,160),(178,13,160),(179,11,161),(180,43,162),(181,5,163),(182,12,164),(183,123,165),(184,9,165),(185,10,165),(186,1,166),(187,5,167),(188,24,168),(189,14,169),(190,13,169),(191,10,170),(192,19,171),(193,14,172),(194,13,172),(195,22,173),(196,27,174),(197,28,175),(198,22,176),(199,48,177),(200,9,178),(201,53,179),(202,123,180),(203,19,181),(204,6,182),(205,41,183),(206,30,184),(207,40,185),(208,47,186),(209,23,187),(210,123,188),(211,9,188),(212,24,189),(213,10,190),(214,9,191),(215,11,192),(216,46,193),(217,22,194),(218,27,195),(219,3,196),(220,23,197),(221,23,198),(222,24,198),(223,6,199),(224,23,200),(225,10,201),(226,22,202),(227,22,203),(228,22,204),(229,41,205),(230,9,206),(231,44,207),(232,39,208),(233,31,209),(234,17,210),(235,94,210),(236,26,211),(237,90,212),(238,123,213),(239,9,213),(240,27,214),(241,33,215),(242,37,216),(243,20,217),(244,33,218),(245,48,219),(246,37,220),(247,17,221),(248,94,221),(249,46,222),(250,47,223),(251,57,224),(252,39,225),(253,3,226),(254,2,226),(255,22,227),(256,48,228),(257,46,229),(258,21,230),(259,6,231),(260,120,232),(261,12,233),(262,3,234),(263,12,235),(264,2,236),(265,135,237),(266,53,238),(267,2,238),(268,53,239),(269,16,240),(270,17,241),(271,94,241),(272,17,242),(273,94,242),(274,2,243),(275,20,244),(276,20,245),(277,21,246),(278,16,247),(279,16,248),(280,10,249),(281,40,250),(282,145,250),(283,40,251),(284,9,252),(285,9,253),(286,10,253),(287,20,254),(288,20,255),(289,145,256),(290,145,257),(291,9,258),(292,123,259),(293,9,259),(294,9,260),(295,106,261),(296,24,262),(297,30,263),(298,21,264),(299,123,265),(300,9,265),(301,17,266),(302,94,266),(303,14,267),(304,13,267),(305,42,268),(306,57,269),(307,28,270),(308,43,271),(309,45,272),(310,33,273),(311,117,274),(312,22,275),(313,120,276),(314,17,277),(315,94,277),(316,17,278),(317,94,278),(318,19,279),(319,18,279),(320,10,280),(321,18,281),(322,33,282),(323,33,283),(324,14,284),(325,13,284),(326,27,285),(327,117,286),(328,41,287),(329,14,288),(330,13,288),(331,43,289),(332,8,290),(333,90,291),(334,34,292),(335,5,293),(336,6,294),(337,17,295),(338,16,295),(339,94,295),(340,52,296),(341,3,297),(342,2,297),(343,10,298),(344,28,299),(345,42,300),(346,26,301),(347,74,302),(348,22,303),(349,39,304),(350,30,305),(351,22,306),(352,6,307),(353,24,308),(354,14,309),(355,13,309),(356,42,310),(357,22,311),(358,117,312),(359,31,313),(360,40,314),(361,42,315),(362,5,316),(363,3,317),(364,16,318),(365,43,319),(366,117,320),(367,14,321),(368,13,321),(369,18,322),(370,9,323),(371,10,324),(372,32,325),(373,9,326),(374,19,327),(375,10,328),(376,43,329),(377,4,330),(378,8,331),(379,39,332),(380,14,333),(381,13,333),(382,8,334),(383,34,335),(384,8,336),(385,8,337),(386,145,338),(387,18,339),(388,5,340),(389,40,341),(390,19,342),(391,18,342),(392,14,343),(393,13,343),(394,106,344),(395,17,345),(396,94,345),(397,74,346),(398,14,347),(399,13,347),(400,28,348),(401,52,349),(402,27,350),(403,43,351),(404,30,352),(405,19,353),(406,33,354),(407,9,355),(408,10,355),(409,44,356),(410,20,357),(411,28,358),(412,123,359),(413,9,359),(414,120,360),(415,17,361),(416,94,361),(417,40,362),(418,10,363),(419,19,364),(420,10,365),(421,3,366),(422,10,367),(423,123,368),(424,9,368),(425,27,369),(426,12,370),(427,70,370),(428,46,371),(429,47,372),(430,31,373),(431,25,374),(432,21,375),(433,1,376),(434,30,377),(435,28,378),(436,48,379),(437,5,380),(438,37,381),(439,16,382),(440,2,383),(441,17,384),(442,94,384),(443,24,385),(444,22,386),(445,18,387),(446,9,388),(447,32,389),(448,8,390),(449,18,391),(450,123,392),(451,9,392),(452,10,392),(453,39,393),(454,9,394),(455,123,395),(456,9,395),(457,10,395),(458,52,396),(459,39,397),(460,53,398);
/*!40000 ALTER TABLE `airfield_visual_reference_point` ENABLE KEYS */;
UNLOCK TABLES;

--
-- Table structure for table `airline_stand`
--

DROP TABLE IF EXISTS `airline_stand`;
/*!40101 SET @saved_cs_client     = @@character_set_client */;
/*!40101 SET character_set_client = utf8 */;
CREATE TABLE `airline_stand` (
  `id` bigint unsigned NOT NULL AUTO_INCREMENT,
  `airline_id` bigint unsigned NOT NULL COMMENT 'The airline',
  `stand_id` bigint unsigned NOT NULL COMMENT 'The stand',
  `priority` int unsigned NOT NULL DEFAULT '100' COMMENT 'How preferred the stand is, the lower the number, the more preferred',
  `destination` varchar(4) CHARACTER SET utf8mb4 COLLATE utf8mb4_unicode_ci DEFAULT NULL COMMENT 'A full or partial icao of destinations for which this stand should be preferred',
  `callsign_slug` varchar(255) COLLATE utf8mb4_unicode_ci DEFAULT NULL COMMENT 'Prefer this stand for callsigns matching the slug',
  `not_before` time DEFAULT NULL COMMENT 'The earliest time in the day the stand can be allocated',
  `created_at` timestamp NULL DEFAULT NULL,
  `updated_at` timestamp NULL DEFAULT NULL,
  PRIMARY KEY (`id`),
  UNIQUE KEY `airline_stand_airline_id_stand_id_destination_unique` (`airline_id`,`stand_id`,`destination`),
  KEY `airline_stand_stand_id_foreign` (`stand_id`),
  KEY `airline_stand_destination_index` (`destination`),
  KEY `airline_stand_not_before_index` (`not_before`),
  KEY `airline_stand_callsign_slug_index` (`callsign_slug`),
  CONSTRAINT `airline_stand_airline_id_foreign` FOREIGN KEY (`airline_id`) REFERENCES `airlines` (`id`) ON DELETE CASCADE,
  CONSTRAINT `airline_stand_stand_id_foreign` FOREIGN KEY (`stand_id`) REFERENCES `stands` (`id`) ON DELETE CASCADE
) ENGINE=InnoDB AUTO_INCREMENT=4206 DEFAULT CHARSET=utf8mb4 COLLATE=utf8mb4_unicode_ci;
/*!40101 SET character_set_client = @saved_cs_client */;

--
-- Dumping data for table `airline_stand`
--

LOCK TABLES `airline_stand` WRITE;
/*!40000 ALTER TABLE `airline_stand` DISABLE KEYS */;
INSERT INTO `airline_stand` VALUES (1,29,79,100,NULL,NULL,NULL,'2021-05-23 14:32:15','2021-05-23 14:32:15'),(2,29,78,100,NULL,NULL,NULL,'2021-05-23 14:32:15','2021-05-23 14:32:15'),(3,29,82,100,NULL,NULL,NULL,'2021-05-23 14:32:15','2021-05-23 14:32:15'),(4,29,81,100,NULL,NULL,NULL,'2021-05-23 14:32:15','2021-05-23 14:32:15'),(5,29,85,100,NULL,NULL,NULL,'2021-05-23 14:32:15','2021-05-23 14:32:15'),(6,29,84,100,NULL,NULL,NULL,'2021-05-23 14:32:15','2021-05-23 14:32:15'),(7,29,1508,100,NULL,NULL,NULL,'2021-05-23 14:32:15','2021-05-23 14:32:15'),(8,29,87,100,NULL,NULL,NULL,'2021-05-23 14:32:15','2021-05-23 14:32:15'),(9,108,79,100,NULL,NULL,NULL,'2021-05-23 14:32:15','2021-05-23 14:32:15'),(10,108,77,100,NULL,NULL,NULL,'2021-05-23 14:32:15','2021-05-23 14:32:15'),(11,108,78,100,NULL,NULL,NULL,'2021-05-23 14:32:15','2021-05-23 14:32:15'),(12,108,82,100,NULL,NULL,NULL,'2021-05-23 14:32:15','2021-05-23 14:32:15'),(13,108,80,100,NULL,NULL,NULL,'2021-05-23 14:32:15','2021-05-23 14:32:15'),(14,108,81,100,NULL,NULL,NULL,'2021-05-23 14:32:15','2021-05-23 14:32:15'),(15,108,85,100,NULL,NULL,NULL,'2021-05-23 14:32:15','2021-05-23 14:32:15'),(16,108,83,100,NULL,NULL,NULL,'2021-05-23 14:32:15','2021-05-23 14:32:15'),(17,108,84,100,NULL,NULL,NULL,'2021-05-23 14:32:15','2021-05-23 14:32:15'),(18,108,1508,100,NULL,NULL,NULL,'2021-05-23 14:32:15','2021-05-23 14:32:15'),(19,108,86,100,NULL,NULL,NULL,'2021-05-23 14:32:15','2021-05-23 14:32:15'),(20,108,87,100,NULL,NULL,NULL,'2021-05-23 14:32:15','2021-05-23 14:32:15'),(21,108,88,100,NULL,NULL,NULL,'2021-05-23 14:32:15','2021-05-23 14:32:15'),(22,108,89,100,NULL,NULL,NULL,'2021-05-23 14:32:15','2021-05-23 14:32:15'),(23,156,79,100,NULL,NULL,NULL,'2021-05-23 14:32:15','2021-05-23 14:32:15'),(24,156,78,100,NULL,NULL,NULL,'2021-05-23 14:32:15','2021-05-23 14:32:15'),(25,156,82,100,NULL,NULL,NULL,'2021-05-23 14:32:15','2021-05-23 14:32:15'),(26,156,81,100,NULL,NULL,NULL,'2021-05-23 14:32:15','2021-05-23 14:32:15'),(27,156,85,100,NULL,NULL,NULL,'2021-05-23 14:32:15','2021-05-23 14:32:15'),(28,156,84,100,NULL,NULL,NULL,'2021-05-23 14:32:15','2021-05-23 14:32:15'),(29,156,1508,100,NULL,NULL,NULL,'2021-05-23 14:32:15','2021-05-23 14:32:15'),(30,156,87,100,NULL,NULL,NULL,'2021-05-23 14:32:15','2021-05-23 14:32:15'),(31,156,88,100,NULL,NULL,NULL,'2021-05-23 14:32:15','2021-05-23 14:32:15'),(32,156,89,100,NULL,NULL,NULL,'2021-05-23 14:32:15','2021-05-23 14:32:15'),(33,206,79,100,NULL,NULL,NULL,'2021-05-23 14:32:15','2021-05-23 14:32:15'),(34,206,77,100,NULL,NULL,NULL,'2021-05-23 14:32:15','2021-05-23 14:32:15'),(35,206,78,100,NULL,NULL,NULL,'2021-05-23 14:32:15','2021-05-23 14:32:15'),(36,206,82,100,NULL,NULL,NULL,'2021-05-23 14:32:15','2021-05-23 14:32:15'),(37,206,80,100,NULL,NULL,NULL,'2021-05-23 14:32:15','2021-05-23 14:32:15'),(38,206,81,100,NULL,NULL,NULL,'2021-05-23 14:32:15','2021-05-23 14:32:15'),(39,206,85,100,NULL,NULL,NULL,'2021-05-23 14:32:15','2021-05-23 14:32:15'),(40,206,83,100,NULL,NULL,NULL,'2021-05-23 14:32:15','2021-05-23 14:32:15'),(41,206,84,100,NULL,NULL,NULL,'2021-05-23 14:32:15','2021-05-23 14:32:15'),(42,206,1508,100,NULL,NULL,NULL,'2021-05-23 14:32:15','2021-05-23 14:32:15'),(43,206,86,100,NULL,NULL,NULL,'2021-05-23 14:32:15','2021-05-23 14:32:15'),(44,206,87,100,NULL,NULL,NULL,'2021-05-23 14:32:15','2021-05-23 14:32:15'),(45,206,88,100,NULL,NULL,NULL,'2021-05-23 14:32:15','2021-05-23 14:32:15'),(46,206,89,100,NULL,NULL,NULL,'2021-05-23 14:32:15','2021-05-23 14:32:15'),(47,291,69,100,NULL,NULL,NULL,'2021-05-23 14:32:15','2021-05-23 14:32:15'),(48,291,73,100,NULL,NULL,NULL,'2021-05-23 14:32:15','2021-05-23 14:32:15'),(49,291,72,100,NULL,NULL,NULL,'2021-05-23 14:32:15','2021-05-23 14:32:15'),(50,291,76,100,NULL,NULL,NULL,'2021-05-23 14:32:15','2021-05-23 14:32:15'),(51,291,75,100,NULL,NULL,NULL,'2021-05-23 14:32:15','2021-05-23 14:32:15'),(52,291,79,100,NULL,NULL,NULL,'2021-05-23 14:32:15','2021-05-23 14:32:15'),(53,291,78,100,NULL,NULL,NULL,'2021-05-23 14:32:15','2021-05-23 14:32:15'),(54,291,82,100,NULL,NULL,NULL,'2021-05-23 14:32:15','2021-05-23 14:32:15'),(55,291,81,100,NULL,NULL,NULL,'2021-05-23 14:32:15','2021-05-23 14:32:15'),(56,291,85,100,NULL,NULL,NULL,'2021-05-23 14:32:15','2021-05-23 14:32:15'),(57,291,84,100,NULL,NULL,NULL,'2021-05-23 14:32:15','2021-05-23 14:32:15'),(58,291,1508,100,NULL,NULL,NULL,'2021-05-23 14:32:15','2021-05-23 14:32:15'),(59,291,87,100,NULL,NULL,NULL,'2021-05-23 14:32:15','2021-05-23 14:32:15'),(60,621,69,100,NULL,NULL,NULL,'2021-05-23 14:32:15','2021-05-23 14:32:15'),(61,621,73,100,NULL,NULL,NULL,'2021-05-23 14:32:15','2021-05-23 14:32:15'),(62,621,72,100,NULL,NULL,NULL,'2021-05-23 14:32:15','2021-05-23 14:32:15'),(63,621,76,100,NULL,NULL,NULL,'2021-05-23 14:32:15','2021-05-23 14:32:15'),(64,621,75,100,NULL,NULL,NULL,'2021-05-23 14:32:15','2021-05-23 14:32:15'),(65,632,46,100,NULL,NULL,NULL,'2021-05-23 14:32:15','2021-05-23 14:32:15'),(66,632,47,100,NULL,NULL,NULL,'2021-05-23 14:32:15','2021-05-23 14:32:15'),(67,632,48,100,NULL,NULL,NULL,'2021-05-23 14:32:15','2021-05-23 14:32:15'),(68,632,49,100,NULL,NULL,NULL,'2021-05-23 14:32:15','2021-05-23 14:32:15'),(69,632,52,100,NULL,NULL,NULL,'2021-05-23 14:32:15','2021-05-23 14:32:15'),(70,632,53,100,NULL,NULL,NULL,'2021-05-23 14:32:15','2021-05-23 14:32:15'),(71,632,55,100,NULL,NULL,NULL,'2021-05-23 14:32:15','2021-05-23 14:32:15'),(72,632,64,100,NULL,NULL,NULL,'2021-05-23 14:32:15','2021-05-23 14:32:15'),(73,632,65,100,NULL,NULL,NULL,'2021-05-23 14:32:15','2021-05-23 14:32:15'),(74,632,66,100,NULL,NULL,NULL,'2021-05-23 14:32:15','2021-05-23 14:32:15'),(75,632,67,100,NULL,NULL,NULL,'2021-05-23 14:32:15','2021-05-23 14:32:15'),(76,632,68,100,NULL,NULL,NULL,'2021-05-23 14:32:15','2021-05-23 14:32:15'),(77,636,1508,100,NULL,NULL,NULL,'2021-05-23 14:32:15','2021-05-23 14:32:15'),(78,636,87,100,NULL,NULL,NULL,'2021-05-23 14:32:15','2021-05-23 14:32:15'),(79,636,88,100,NULL,NULL,NULL,'2021-05-23 14:32:15','2021-05-23 14:32:15'),(80,636,89,100,NULL,NULL,NULL,'2021-05-23 14:32:15','2021-05-23 14:32:15'),(81,735,79,100,NULL,NULL,NULL,'2021-05-23 14:32:15','2021-05-23 14:32:15'),(82,735,77,100,NULL,NULL,NULL,'2021-05-23 14:32:15','2021-05-23 14:32:15'),(83,735,78,100,NULL,NULL,NULL,'2021-05-23 14:32:15','2021-05-23 14:32:15'),(84,735,82,100,NULL,NULL,NULL,'2021-05-23 14:32:15','2021-05-23 14:32:15'),(85,735,80,100,NULL,NULL,NULL,'2021-05-23 14:32:15','2021-05-23 14:32:15'),(86,735,81,100,NULL,NULL,NULL,'2021-05-23 14:32:15','2021-05-23 14:32:15'),(87,735,85,100,NULL,NULL,NULL,'2021-05-23 14:32:15','2021-05-23 14:32:15'),(88,735,83,100,NULL,NULL,NULL,'2021-05-23 14:32:15','2021-05-23 14:32:15'),(89,735,84,100,NULL,NULL,NULL,'2021-05-23 14:32:15','2021-05-23 14:32:15'),(90,735,1508,100,NULL,NULL,NULL,'2021-05-23 14:32:15','2021-05-23 14:32:15'),(91,735,86,100,NULL,NULL,NULL,'2021-05-23 14:32:15','2021-05-23 14:32:15'),(92,735,87,100,NULL,NULL,NULL,'2021-05-23 14:32:15','2021-05-23 14:32:15'),(93,735,88,100,NULL,NULL,NULL,'2021-05-23 14:32:15','2021-05-23 14:32:15'),(94,735,89,100,NULL,NULL,NULL,'2021-05-23 14:32:15','2021-05-23 14:32:15'),(95,1181,79,100,NULL,NULL,NULL,'2021-05-23 14:32:15','2021-05-23 14:32:15'),(96,1181,77,100,NULL,NULL,NULL,'2021-05-23 14:32:15','2021-05-23 14:32:15'),(97,1181,78,100,NULL,NULL,NULL,'2021-05-23 14:32:15','2021-05-23 14:32:15'),(98,1181,82,100,NULL,NULL,NULL,'2021-05-23 14:32:15','2021-05-23 14:32:15'),(99,1181,80,100,NULL,NULL,NULL,'2021-05-23 14:32:15','2021-05-23 14:32:15'),(100,1181,81,100,NULL,NULL,NULL,'2021-05-23 14:32:15','2021-05-23 14:32:15'),(101,1181,85,100,NULL,NULL,NULL,'2021-05-23 14:32:15','2021-05-23 14:32:15'),(102,1181,83,100,NULL,NULL,NULL,'2021-05-23 14:32:15','2021-05-23 14:32:15'),(103,1181,84,100,NULL,NULL,NULL,'2021-05-23 14:32:15','2021-05-23 14:32:15'),(104,1181,1508,100,NULL,NULL,NULL,'2021-05-23 14:32:15','2021-05-23 14:32:15'),(105,1181,86,100,NULL,NULL,NULL,'2021-05-23 14:32:15','2021-05-23 14:32:15'),(106,1181,87,100,NULL,NULL,NULL,'2021-05-23 14:32:15','2021-05-23 14:32:15'),(107,1181,88,100,NULL,NULL,NULL,'2021-05-23 14:32:15','2021-05-23 14:32:15'),(108,1181,89,100,NULL,NULL,NULL,'2021-05-23 14:32:15','2021-05-23 14:32:15'),(109,1364,82,100,NULL,NULL,NULL,'2021-05-23 14:32:15','2021-05-23 14:32:15'),(110,1364,81,100,NULL,NULL,NULL,'2021-05-23 14:32:15','2021-05-23 14:32:15'),(111,1364,85,100,NULL,NULL,NULL,'2021-05-23 14:32:15','2021-05-23 14:32:15'),(112,1364,84,100,NULL,NULL,NULL,'2021-05-23 14:32:15','2021-05-23 14:32:15'),(113,1364,1508,100,NULL,NULL,NULL,'2021-05-23 14:32:15','2021-05-23 14:32:15'),(114,1364,87,100,NULL,NULL,NULL,'2021-05-23 14:32:15','2021-05-23 14:32:15'),(115,1364,88,100,NULL,NULL,NULL,'2021-05-23 14:32:15','2021-05-23 14:32:15'),(116,1364,89,100,NULL,NULL,NULL,'2021-05-23 14:32:15','2021-05-23 14:32:15'),(117,1540,69,100,NULL,NULL,NULL,'2021-05-23 14:32:15','2021-05-23 14:32:15'),(118,1540,73,100,NULL,NULL,NULL,'2021-05-23 14:32:15','2021-05-23 14:32:15'),(119,1540,72,100,NULL,NULL,NULL,'2021-05-23 14:32:15','2021-05-23 14:32:15'),(120,1540,76,100,NULL,NULL,NULL,'2021-05-23 14:32:15','2021-05-23 14:32:15'),(121,1540,75,100,NULL,NULL,NULL,'2021-05-23 14:32:15','2021-05-23 14:32:15'),(122,1540,79,100,NULL,NULL,NULL,'2021-05-23 14:32:15','2021-05-23 14:32:15'),(123,1540,78,100,NULL,NULL,NULL,'2021-05-23 14:32:15','2021-05-23 14:32:15'),(124,1540,82,100,NULL,NULL,NULL,'2021-05-23 14:32:15','2021-05-23 14:32:15'),(125,1540,81,100,NULL,NULL,NULL,'2021-05-23 14:32:15','2021-05-23 14:32:15'),(126,1540,85,100,NULL,NULL,NULL,'2021-05-23 14:32:15','2021-05-23 14:32:15'),(127,1540,84,100,NULL,NULL,NULL,'2021-05-23 14:32:15','2021-05-23 14:32:15'),(128,1673,79,100,NULL,NULL,NULL,'2021-05-23 14:32:15','2021-05-23 14:32:15'),(129,1673,77,100,NULL,NULL,NULL,'2021-05-23 14:32:15','2021-05-23 14:32:15'),(130,1673,78,100,NULL,NULL,NULL,'2021-05-23 14:32:15','2021-05-23 14:32:15'),(131,1673,82,100,NULL,NULL,NULL,'2021-05-23 14:32:15','2021-05-23 14:32:15'),(132,1673,80,100,NULL,NULL,NULL,'2021-05-23 14:32:15','2021-05-23 14:32:15'),(133,1673,81,100,NULL,NULL,NULL,'2021-05-23 14:32:15','2021-05-23 14:32:15'),(134,1673,85,100,NULL,NULL,NULL,'2021-05-23 14:32:15','2021-05-23 14:32:15'),(135,1673,83,100,NULL,NULL,NULL,'2021-05-23 14:32:15','2021-05-23 14:32:15'),(136,1673,84,100,NULL,NULL,NULL,'2021-05-23 14:32:15','2021-05-23 14:32:15'),(137,1673,1508,100,NULL,NULL,NULL,'2021-05-23 14:32:15','2021-05-23 14:32:15'),(138,1673,86,100,NULL,NULL,NULL,'2021-05-23 14:32:15','2021-05-23 14:32:15'),(139,1673,87,100,NULL,NULL,NULL,'2021-05-23 14:32:15','2021-05-23 14:32:15'),(140,1673,88,100,NULL,NULL,NULL,'2021-05-23 14:32:15','2021-05-23 14:32:15'),(141,1673,89,100,NULL,NULL,NULL,'2021-05-23 14:32:15','2021-05-23 14:32:15'),(142,1701,49,100,NULL,NULL,NULL,'2021-05-23 14:32:15','2021-05-23 14:32:15'),(143,1701,50,100,NULL,NULL,NULL,'2021-05-23 14:32:15','2021-05-23 14:32:15'),(144,1701,51,100,NULL,NULL,NULL,'2021-05-23 14:32:15','2021-05-23 14:32:15'),(145,1702,69,100,NULL,NULL,NULL,'2021-05-23 14:32:15','2021-05-23 14:32:15'),(146,1702,73,100,NULL,NULL,NULL,'2021-05-23 14:32:15','2021-05-23 14:32:15'),(147,1702,72,100,NULL,NULL,NULL,'2021-05-23 14:32:15','2021-05-23 14:32:15'),(148,1702,76,100,NULL,NULL,NULL,'2021-05-23 14:32:15','2021-05-23 14:32:15'),(149,1702,75,100,NULL,NULL,NULL,'2021-05-23 14:32:15','2021-05-23 14:32:15'),(150,1702,79,100,NULL,NULL,NULL,'2021-05-23 14:32:15','2021-05-23 14:32:15'),(151,1702,78,100,NULL,NULL,NULL,'2021-05-23 14:32:15','2021-05-23 14:32:15'),(152,1702,82,100,NULL,NULL,NULL,'2021-05-23 14:32:15','2021-05-23 14:32:15'),(153,1702,81,100,NULL,NULL,NULL,'2021-05-23 14:32:15','2021-05-23 14:32:15'),(154,1702,85,100,NULL,NULL,NULL,'2021-05-23 14:32:15','2021-05-23 14:32:15'),(155,1702,84,100,NULL,NULL,NULL,'2021-05-23 14:32:15','2021-05-23 14:32:15'),(156,1796,79,100,NULL,NULL,NULL,'2021-05-23 14:32:15','2021-05-23 14:32:15'),(157,1796,77,100,NULL,NULL,NULL,'2021-05-23 14:32:15','2021-05-23 14:32:15'),(158,1796,78,100,NULL,NULL,NULL,'2021-05-23 14:32:15','2021-05-23 14:32:15'),(159,1796,82,100,NULL,NULL,NULL,'2021-05-23 14:32:15','2021-05-23 14:32:15'),(160,1796,80,100,NULL,NULL,NULL,'2021-05-23 14:32:15','2021-05-23 14:32:15'),(161,1796,81,100,NULL,NULL,NULL,'2021-05-23 14:32:15','2021-05-23 14:32:15'),(162,1796,85,100,NULL,NULL,NULL,'2021-05-23 14:32:15','2021-05-23 14:32:15'),(163,1796,83,100,NULL,NULL,NULL,'2021-05-23 14:32:15','2021-05-23 14:32:15'),(164,1796,84,100,NULL,NULL,NULL,'2021-05-23 14:32:15','2021-05-23 14:32:15'),(165,1796,1508,100,NULL,NULL,NULL,'2021-05-23 14:32:16','2021-05-23 14:32:16'),(166,1796,86,100,NULL,NULL,NULL,'2021-05-23 14:32:16','2021-05-23 14:32:16'),(167,1796,87,100,NULL,NULL,NULL,'2021-05-23 14:32:16','2021-05-23 14:32:16'),(168,1796,88,100,NULL,NULL,NULL,'2021-05-23 14:32:16','2021-05-23 14:32:16'),(169,1796,89,100,NULL,NULL,NULL,'2021-05-23 14:32:16','2021-05-23 14:32:16'),(170,1932,69,100,NULL,NULL,NULL,'2021-05-23 14:32:16','2021-05-23 14:32:16'),(171,1932,73,100,NULL,NULL,NULL,'2021-05-23 14:32:16','2021-05-23 14:32:16'),(172,1932,72,100,NULL,NULL,NULL,'2021-05-23 14:32:16','2021-05-23 14:32:16'),(173,1932,76,100,NULL,NULL,NULL,'2021-05-23 14:32:16','2021-05-23 14:32:16'),(174,1932,75,100,NULL,NULL,NULL,'2021-05-23 14:32:16','2021-05-23 14:32:16'),(175,1932,79,100,NULL,NULL,NULL,'2021-05-23 14:32:16','2021-05-23 14:32:16'),(176,1932,77,100,NULL,NULL,NULL,'2021-05-23 14:32:16','2021-05-23 14:32:16'),(177,1932,78,100,NULL,NULL,NULL,'2021-05-23 14:32:16','2021-05-23 14:32:16'),(178,1932,82,100,NULL,NULL,NULL,'2021-05-23 14:32:16','2021-05-23 14:32:16'),(179,1932,80,100,NULL,NULL,NULL,'2021-05-23 14:32:16','2021-05-23 14:32:16'),(180,1932,81,100,NULL,NULL,NULL,'2021-05-23 14:32:16','2021-05-23 14:32:16'),(181,1932,85,100,NULL,NULL,NULL,'2021-05-23 14:32:16','2021-05-23 14:32:16'),(182,1932,83,100,NULL,NULL,NULL,'2021-05-23 14:32:16','2021-05-23 14:32:16'),(183,1932,84,100,NULL,NULL,NULL,'2021-05-23 14:32:16','2021-05-23 14:32:16'),(184,1932,1508,100,NULL,NULL,NULL,'2021-05-23 14:32:16','2021-05-23 14:32:16'),(185,1932,86,100,NULL,NULL,NULL,'2021-05-23 14:32:16','2021-05-23 14:32:16'),(186,1932,87,100,NULL,NULL,NULL,'2021-05-23 14:32:16','2021-05-23 14:32:16'),(187,1932,88,100,NULL,NULL,NULL,'2021-05-23 14:32:16','2021-05-23 14:32:16'),(188,1932,89,100,NULL,NULL,NULL,'2021-05-23 14:32:16','2021-05-23 14:32:16'),(189,2400,69,100,NULL,NULL,NULL,'2021-05-23 14:32:16','2021-05-23 14:32:16'),(190,2400,73,100,NULL,NULL,NULL,'2021-05-23 14:32:16','2021-05-23 14:32:16'),(191,2400,72,100,NULL,NULL,NULL,'2021-05-23 14:32:16','2021-05-23 14:32:16'),(192,2400,76,100,NULL,NULL,NULL,'2021-05-23 14:32:16','2021-05-23 14:32:16'),(193,2400,75,100,NULL,NULL,NULL,'2021-05-23 14:32:16','2021-05-23 14:32:16'),(194,2400,79,100,NULL,NULL,NULL,'2021-05-23 14:32:16','2021-05-23 14:32:16'),(195,2400,77,100,NULL,NULL,NULL,'2021-05-23 14:32:16','2021-05-23 14:32:16'),(196,2400,78,100,NULL,NULL,NULL,'2021-05-23 14:32:16','2021-05-23 14:32:16'),(197,2400,82,100,NULL,NULL,NULL,'2021-05-23 14:32:16','2021-05-23 14:32:16'),(198,2400,80,100,NULL,NULL,NULL,'2021-05-23 14:32:16','2021-05-23 14:32:16'),(199,2400,81,100,NULL,NULL,NULL,'2021-05-23 14:32:16','2021-05-23 14:32:16'),(200,2400,85,100,NULL,NULL,NULL,'2021-05-23 14:32:16','2021-05-23 14:32:16'),(201,2400,83,100,NULL,NULL,NULL,'2021-05-23 14:32:16','2021-05-23 14:32:16'),(202,2400,84,100,NULL,NULL,NULL,'2021-05-23 14:32:16','2021-05-23 14:32:16'),(203,2400,1508,100,NULL,NULL,NULL,'2021-05-23 14:32:16','2021-05-23 14:32:16'),(204,2400,86,100,NULL,NULL,NULL,'2021-05-23 14:32:16','2021-05-23 14:32:16'),(205,2400,87,100,NULL,NULL,NULL,'2021-05-23 14:32:16','2021-05-23 14:32:16'),(206,2400,88,100,NULL,NULL,NULL,'2021-05-23 14:32:16','2021-05-23 14:32:16'),(207,2400,89,100,NULL,NULL,NULL,'2021-05-23 14:32:16','2021-05-23 14:32:16'),(208,2404,69,100,NULL,NULL,NULL,'2021-05-23 14:32:16','2021-05-23 14:32:16'),(209,2404,73,100,NULL,NULL,NULL,'2021-05-23 14:32:16','2021-05-23 14:32:16'),(210,2404,72,100,NULL,NULL,NULL,'2021-05-23 14:32:16','2021-05-23 14:32:16'),(211,2404,76,100,NULL,NULL,NULL,'2021-05-23 14:32:16','2021-05-23 14:32:16'),(212,2404,75,100,NULL,NULL,NULL,'2021-05-23 14:32:16','2021-05-23 14:32:16'),(213,2404,79,100,NULL,NULL,NULL,'2021-05-23 14:32:16','2021-05-23 14:32:16'),(214,2404,77,100,NULL,NULL,NULL,'2021-05-23 14:32:16','2021-05-23 14:32:16'),(215,2404,78,100,NULL,NULL,NULL,'2021-05-23 14:32:16','2021-05-23 14:32:16'),(216,2404,82,100,NULL,NULL,NULL,'2021-05-23 14:32:16','2021-05-23 14:32:16'),(217,2404,80,100,NULL,NULL,NULL,'2021-05-23 14:32:16','2021-05-23 14:32:16'),(218,2404,81,100,NULL,NULL,NULL,'2021-05-23 14:32:16','2021-05-23 14:32:16'),(219,2404,85,100,NULL,NULL,NULL,'2021-05-23 14:32:16','2021-05-23 14:32:16'),(220,2404,83,100,NULL,NULL,NULL,'2021-05-23 14:32:16','2021-05-23 14:32:16'),(221,2404,84,100,NULL,NULL,NULL,'2021-05-23 14:32:16','2021-05-23 14:32:16'),(222,2404,1508,100,NULL,NULL,NULL,'2021-05-23 14:32:16','2021-05-23 14:32:16'),(223,2404,86,100,NULL,NULL,NULL,'2021-05-23 14:32:16','2021-05-23 14:32:16'),(224,2404,87,100,NULL,NULL,NULL,'2021-05-23 14:32:16','2021-05-23 14:32:16'),(225,2404,88,100,NULL,NULL,NULL,'2021-05-23 14:32:16','2021-05-23 14:32:16'),(226,2404,89,100,NULL,NULL,NULL,'2021-05-23 14:32:16','2021-05-23 14:32:16'),(227,2414,69,100,NULL,NULL,NULL,'2021-05-23 14:32:16','2021-05-23 14:32:16'),(228,2414,73,100,NULL,NULL,NULL,'2021-05-23 14:32:16','2021-05-23 14:32:16'),(229,2414,72,100,NULL,NULL,NULL,'2021-05-23 14:32:16','2021-05-23 14:32:16'),(230,2414,76,100,NULL,NULL,NULL,'2021-05-23 14:32:16','2021-05-23 14:32:16'),(231,2414,75,100,NULL,NULL,NULL,'2021-05-23 14:32:16','2021-05-23 14:32:16'),(232,2414,79,100,NULL,NULL,NULL,'2021-05-23 14:32:16','2021-05-23 14:32:16'),(233,2414,77,100,NULL,NULL,NULL,'2021-05-23 14:32:16','2021-05-23 14:32:16'),(234,2414,78,100,NULL,NULL,NULL,'2021-05-23 14:32:16','2021-05-23 14:32:16'),(235,2414,82,100,NULL,NULL,NULL,'2021-05-23 14:32:16','2021-05-23 14:32:16'),(236,2414,80,100,NULL,NULL,NULL,'2021-05-23 14:32:16','2021-05-23 14:32:16'),(237,2414,81,100,NULL,NULL,NULL,'2021-05-23 14:32:16','2021-05-23 14:32:16'),(238,2414,85,100,NULL,NULL,NULL,'2021-05-23 14:32:16','2021-05-23 14:32:16'),(239,2414,83,100,NULL,NULL,NULL,'2021-05-23 14:32:16','2021-05-23 14:32:16'),(240,2414,84,100,NULL,NULL,NULL,'2021-05-23 14:32:16','2021-05-23 14:32:16'),(241,2414,1508,100,NULL,NULL,NULL,'2021-05-23 14:32:16','2021-05-23 14:32:16'),(242,2414,86,100,NULL,NULL,NULL,'2021-05-23 14:32:16','2021-05-23 14:32:16'),(243,2414,87,100,NULL,NULL,NULL,'2021-05-23 14:32:16','2021-05-23 14:32:16'),(244,2414,88,100,NULL,NULL,NULL,'2021-05-23 14:32:16','2021-05-23 14:32:16'),(245,2414,89,100,NULL,NULL,NULL,'2021-05-23 14:32:16','2021-05-23 14:32:16'),(246,2807,82,100,NULL,NULL,NULL,'2021-05-23 14:32:16','2021-05-23 14:32:16'),(247,2807,81,100,NULL,NULL,NULL,'2021-05-23 14:32:16','2021-05-23 14:32:16'),(248,2807,85,100,NULL,NULL,NULL,'2021-05-23 14:32:16','2021-05-23 14:32:16'),(249,2807,84,100,NULL,NULL,NULL,'2021-05-23 14:32:16','2021-05-23 14:32:16'),(250,2807,1508,100,NULL,NULL,NULL,'2021-05-23 14:32:16','2021-05-23 14:32:16'),(251,2807,87,100,NULL,NULL,NULL,'2021-05-23 14:32:16','2021-05-23 14:32:16'),(252,3013,79,100,NULL,NULL,NULL,'2021-05-23 14:32:16','2021-05-23 14:32:16'),(253,3013,77,100,NULL,NULL,NULL,'2021-05-23 14:32:16','2021-05-23 14:32:16'),(254,3013,78,100,NULL,NULL,NULL,'2021-05-23 14:32:16','2021-05-23 14:32:16'),(255,3013,82,100,NULL,NULL,NULL,'2021-05-23 14:32:16','2021-05-23 14:32:16'),(256,3013,80,100,NULL,NULL,NULL,'2021-05-23 14:32:16','2021-05-23 14:32:16'),(257,3013,81,100,NULL,NULL,NULL,'2021-05-23 14:32:16','2021-05-23 14:32:16'),(258,3013,85,100,NULL,NULL,NULL,'2021-05-23 14:32:16','2021-05-23 14:32:16'),(259,3013,83,100,NULL,NULL,NULL,'2021-05-23 14:32:16','2021-05-23 14:32:16'),(260,3013,84,100,NULL,NULL,NULL,'2021-05-23 14:32:16','2021-05-23 14:32:16'),(261,3013,1508,100,NULL,NULL,NULL,'2021-05-23 14:32:16','2021-05-23 14:32:16'),(262,3013,86,100,NULL,NULL,NULL,'2021-05-23 14:32:16','2021-05-23 14:32:16'),(263,3013,87,100,NULL,NULL,NULL,'2021-05-23 14:32:16','2021-05-23 14:32:16'),(264,3013,88,100,NULL,NULL,NULL,'2021-05-23 14:32:16','2021-05-23 14:32:16'),(265,3013,89,100,NULL,NULL,NULL,'2021-05-23 14:32:16','2021-05-23 14:32:16'),(266,3017,79,100,NULL,NULL,NULL,'2021-05-23 14:32:16','2021-05-23 14:32:16'),(267,3017,77,100,NULL,NULL,NULL,'2021-05-23 14:32:16','2021-05-23 14:32:16'),(268,3017,78,100,NULL,NULL,NULL,'2021-05-23 14:32:16','2021-05-23 14:32:16'),(269,3017,82,100,NULL,NULL,NULL,'2021-05-23 14:32:16','2021-05-23 14:32:16'),(270,3017,80,100,NULL,NULL,NULL,'2021-05-23 14:32:16','2021-05-23 14:32:16'),(271,3017,81,100,NULL,NULL,NULL,'2021-05-23 14:32:16','2021-05-23 14:32:16'),(272,3017,85,100,NULL,NULL,NULL,'2021-05-23 14:32:16','2021-05-23 14:32:16'),(273,3017,83,100,NULL,NULL,NULL,'2021-05-23 14:32:16','2021-05-23 14:32:16'),(274,3017,84,100,NULL,NULL,NULL,'2021-05-23 14:32:16','2021-05-23 14:32:16'),(275,3017,1508,100,NULL,NULL,NULL,'2021-05-23 14:32:16','2021-05-23 14:32:16'),(276,3017,86,100,NULL,NULL,NULL,'2021-05-23 14:32:16','2021-05-23 14:32:16'),(277,3017,87,100,NULL,NULL,NULL,'2021-05-23 14:32:16','2021-05-23 14:32:16'),(278,3017,88,100,NULL,NULL,NULL,'2021-05-23 14:32:16','2021-05-23 14:32:16'),(279,3017,89,100,NULL,NULL,NULL,'2021-05-23 14:32:16','2021-05-23 14:32:16'),(280,3477,79,100,NULL,NULL,NULL,'2021-05-23 14:32:16','2021-05-23 14:32:16'),(281,3477,77,100,NULL,NULL,NULL,'2021-05-23 14:32:16','2021-05-23 14:32:16'),(282,3477,78,100,NULL,NULL,NULL,'2021-05-23 14:32:16','2021-05-23 14:32:16'),(283,3477,82,100,NULL,NULL,NULL,'2021-05-23 14:32:16','2021-05-23 14:32:16'),(284,3477,80,100,NULL,NULL,NULL,'2021-05-23 14:32:16','2021-05-23 14:32:16'),(285,3477,81,100,NULL,NULL,NULL,'2021-05-23 14:32:16','2021-05-23 14:32:16'),(286,3477,85,100,NULL,NULL,NULL,'2021-05-23 14:32:16','2021-05-23 14:32:16'),(287,3477,83,100,NULL,NULL,NULL,'2021-05-23 14:32:16','2021-05-23 14:32:16'),(288,3477,84,100,NULL,NULL,NULL,'2021-05-23 14:32:16','2021-05-23 14:32:16'),(289,3477,1508,100,NULL,NULL,NULL,'2021-05-23 14:32:16','2021-05-23 14:32:16'),(290,3477,86,100,NULL,NULL,NULL,'2021-05-23 14:32:16','2021-05-23 14:32:16'),(291,3477,87,100,NULL,NULL,NULL,'2021-05-23 14:32:16','2021-05-23 14:32:16'),(292,3477,88,100,NULL,NULL,NULL,'2021-05-23 14:32:16','2021-05-23 14:32:16'),(293,3477,89,100,NULL,NULL,NULL,'2021-05-23 14:32:16','2021-05-23 14:32:16'),(294,3910,78,100,NULL,NULL,NULL,'2021-05-23 14:32:16','2021-05-23 14:32:16'),(295,3910,81,100,NULL,NULL,NULL,'2021-05-23 14:32:16','2021-05-23 14:32:16'),(296,3910,84,100,NULL,NULL,NULL,'2021-05-23 14:32:16','2021-05-23 14:32:16'),(297,4113,71,100,NULL,NULL,NULL,'2021-05-23 14:32:16','2021-05-23 14:32:16'),(298,4422,46,100,NULL,NULL,NULL,'2021-05-23 14:32:16','2021-05-23 14:32:16'),(299,4422,47,100,NULL,NULL,NULL,'2021-05-23 14:32:16','2021-05-23 14:32:16'),(300,4422,48,100,NULL,NULL,NULL,'2021-05-23 14:32:16','2021-05-23 14:32:16'),(301,4422,67,100,NULL,NULL,NULL,'2021-05-23 14:32:16','2021-05-23 14:32:16'),(302,4422,68,100,NULL,NULL,NULL,'2021-05-23 14:32:16','2021-05-23 14:32:16'),(303,4450,82,100,NULL,NULL,NULL,'2021-05-23 14:32:16','2021-05-23 14:32:16'),(304,4450,81,100,NULL,NULL,NULL,'2021-05-23 14:32:16','2021-05-23 14:32:16'),(305,4450,85,100,NULL,NULL,NULL,'2021-05-23 14:32:16','2021-05-23 14:32:16'),(306,4450,84,100,NULL,NULL,NULL,'2021-05-23 14:32:16','2021-05-23 14:32:16'),(307,4450,1508,100,NULL,NULL,NULL,'2021-05-23 14:32:16','2021-05-23 14:32:16'),(308,4450,87,100,NULL,NULL,NULL,'2021-05-23 14:32:16','2021-05-23 14:32:16'),(309,4839,73,100,NULL,NULL,NULL,'2021-05-23 14:32:16','2021-05-23 14:32:16'),(310,4839,72,100,NULL,NULL,NULL,'2021-05-23 14:32:16','2021-05-23 14:32:16'),(311,4839,76,100,NULL,NULL,NULL,'2021-05-23 14:32:16','2021-05-23 14:32:16'),(312,4839,75,100,NULL,NULL,NULL,'2021-05-23 14:32:16','2021-05-23 14:32:16'),(313,4839,82,100,NULL,NULL,NULL,'2021-05-23 14:32:16','2021-05-23 14:32:16'),(314,4839,81,100,NULL,NULL,NULL,'2021-05-23 14:32:16','2021-05-23 14:32:16'),(315,4839,85,100,NULL,NULL,NULL,'2021-05-23 14:32:16','2021-05-23 14:32:16'),(316,4839,84,100,NULL,NULL,NULL,'2021-05-23 14:32:16','2021-05-23 14:32:16'),(317,4910,1508,100,NULL,NULL,NULL,'2021-05-23 14:32:16','2021-05-23 14:32:16'),(318,4910,88,100,NULL,NULL,NULL,'2021-05-23 14:32:16','2021-05-23 14:32:16'),(319,4910,89,100,NULL,NULL,NULL,'2021-05-23 14:32:16','2021-05-23 14:32:16'),(320,5082,82,100,NULL,NULL,NULL,'2021-05-23 14:32:16','2021-05-23 14:32:16'),(321,5082,81,100,NULL,NULL,NULL,'2021-05-23 14:32:16','2021-05-23 14:32:16'),(322,5082,85,100,NULL,NULL,NULL,'2021-05-23 14:32:16','2021-05-23 14:32:16'),(323,5082,84,100,NULL,NULL,NULL,'2021-05-23 14:32:16','2021-05-23 14:32:16'),(324,5082,1508,100,NULL,NULL,NULL,'2021-05-23 14:32:16','2021-05-23 14:32:16'),(325,5082,87,100,NULL,NULL,NULL,'2021-05-23 14:32:16','2021-05-23 14:32:16'),(326,5082,88,100,NULL,NULL,NULL,'2021-05-23 14:32:16','2021-05-23 14:32:16'),(327,5082,89,100,NULL,NULL,NULL,'2021-05-23 14:32:16','2021-05-23 14:32:16'),(328,5171,73,100,NULL,NULL,NULL,'2021-05-23 14:32:16','2021-05-23 14:32:16'),(329,5171,72,100,NULL,NULL,NULL,'2021-05-23 14:32:16','2021-05-23 14:32:16'),(330,5171,76,100,NULL,NULL,NULL,'2021-05-23 14:32:16','2021-05-23 14:32:16'),(331,5171,75,100,NULL,NULL,NULL,'2021-05-23 14:32:16','2021-05-23 14:32:16'),(332,5171,79,100,NULL,NULL,NULL,'2021-05-23 14:32:16','2021-05-23 14:32:16'),(333,5171,78,100,NULL,NULL,NULL,'2021-05-23 14:32:16','2021-05-23 14:32:16'),(334,5171,85,100,NULL,NULL,NULL,'2021-05-23 14:32:16','2021-05-23 14:32:16'),(335,5171,84,100,NULL,NULL,NULL,'2021-05-23 14:32:16','2021-05-23 14:32:16'),(336,5171,91,100,NULL,NULL,NULL,'2021-05-23 14:32:16','2021-05-23 14:32:16'),(337,5171,92,100,NULL,NULL,NULL,'2021-05-23 14:32:16','2021-05-23 14:32:16'),(338,5171,93,100,NULL,NULL,NULL,'2021-05-23 14:32:16','2021-05-23 14:32:16'),(339,5171,94,100,NULL,NULL,NULL,'2021-05-23 14:32:16','2021-05-23 14:32:16'),(340,5171,95,100,NULL,NULL,NULL,'2021-05-23 14:32:16','2021-05-23 14:32:16'),(341,5171,96,100,NULL,NULL,NULL,'2021-05-23 14:32:16','2021-05-23 14:32:16'),(342,5171,97,100,NULL,NULL,NULL,'2021-05-23 14:32:16','2021-05-23 14:32:16'),(343,5171,98,100,NULL,NULL,NULL,'2021-05-23 14:32:16','2021-05-23 14:32:16'),(344,5231,76,100,NULL,NULL,NULL,'2021-05-23 14:32:16','2021-05-23 14:32:16'),(345,5231,75,100,NULL,NULL,NULL,'2021-05-23 14:32:16','2021-05-23 14:32:16'),(346,5231,79,100,NULL,NULL,NULL,'2021-05-23 14:32:16','2021-05-23 14:32:16'),(347,5231,78,100,NULL,NULL,NULL,'2021-05-23 14:32:16','2021-05-23 14:32:16'),(348,5231,82,100,NULL,NULL,NULL,'2021-05-23 14:32:16','2021-05-23 14:32:16'),(349,5231,81,100,NULL,NULL,NULL,'2021-05-23 14:32:16','2021-05-23 14:32:16'),(350,5265,69,100,NULL,NULL,NULL,'2021-05-23 14:32:16','2021-05-23 14:32:16'),(351,5265,73,100,NULL,NULL,NULL,'2021-05-23 14:32:16','2021-05-23 14:32:16'),(352,5265,72,100,NULL,NULL,NULL,'2021-05-23 14:32:16','2021-05-23 14:32:16'),(353,5265,82,100,NULL,NULL,NULL,'2021-05-23 14:32:16','2021-05-23 14:32:16'),(354,5265,81,100,NULL,NULL,NULL,'2021-05-23 14:32:16','2021-05-23 14:32:16'),(355,5265,85,100,NULL,NULL,NULL,'2021-05-23 14:32:16','2021-05-23 14:32:16'),(356,5265,84,100,NULL,NULL,NULL,'2021-05-23 14:32:16','2021-05-23 14:32:16'),(357,5336,77,100,NULL,NULL,NULL,'2021-05-23 14:32:16','2021-05-23 14:32:16'),(358,5336,80,100,NULL,NULL,NULL,'2021-05-23 14:32:16','2021-05-23 14:32:16'),(359,5336,83,100,NULL,NULL,NULL,'2021-05-23 14:32:17','2021-05-23 14:32:17'),(360,5343,79,100,NULL,NULL,NULL,'2021-05-23 14:32:17','2021-05-23 14:32:17'),(361,5343,82,100,NULL,NULL,NULL,'2021-05-23 14:32:17','2021-05-23 14:32:17'),(362,5343,81,100,NULL,NULL,NULL,'2021-05-23 14:32:17','2021-05-23 14:32:17'),(363,5534,79,100,NULL,NULL,NULL,'2021-05-23 14:32:17','2021-05-23 14:32:17'),(364,5534,77,100,NULL,NULL,NULL,'2021-05-23 14:32:17','2021-05-23 14:32:17'),(365,5534,78,100,NULL,NULL,NULL,'2021-05-23 14:32:17','2021-05-23 14:32:17'),(366,5534,82,100,NULL,NULL,NULL,'2021-05-23 14:32:17','2021-05-23 14:32:17'),(367,5534,80,100,NULL,NULL,NULL,'2021-05-23 14:32:17','2021-05-23 14:32:17'),(368,5534,81,100,NULL,NULL,NULL,'2021-05-23 14:32:17','2021-05-23 14:32:17'),(369,5534,85,100,NULL,NULL,NULL,'2021-05-23 14:32:17','2021-05-23 14:32:17'),(370,5534,83,100,NULL,NULL,NULL,'2021-05-23 14:32:17','2021-05-23 14:32:17'),(371,5534,84,100,NULL,NULL,NULL,'2021-05-23 14:32:17','2021-05-23 14:32:17'),(372,5534,1508,100,NULL,NULL,NULL,'2021-05-23 14:32:17','2021-05-23 14:32:17'),(373,5534,86,100,NULL,NULL,NULL,'2021-05-23 14:32:17','2021-05-23 14:32:17'),(374,5534,87,100,NULL,NULL,NULL,'2021-05-23 14:32:17','2021-05-23 14:32:17'),(375,5534,88,100,NULL,NULL,NULL,'2021-05-23 14:32:17','2021-05-23 14:32:17'),(376,5534,89,100,NULL,NULL,NULL,'2021-05-23 14:32:17','2021-05-23 14:32:17'),(377,5757,79,100,NULL,NULL,NULL,'2021-05-23 14:32:17','2021-05-23 14:32:17'),(378,5757,77,100,NULL,NULL,NULL,'2021-05-23 14:32:17','2021-05-23 14:32:17'),(379,5757,78,100,NULL,NULL,NULL,'2021-05-23 14:32:17','2021-05-23 14:32:17'),(380,5757,82,100,NULL,NULL,NULL,'2021-05-23 14:32:17','2021-05-23 14:32:17'),(381,5757,80,100,NULL,NULL,NULL,'2021-05-23 14:32:17','2021-05-23 14:32:17'),(382,5757,81,100,NULL,NULL,NULL,'2021-05-23 14:32:17','2021-05-23 14:32:17'),(383,5757,85,100,NULL,NULL,NULL,'2021-05-23 14:32:17','2021-05-23 14:32:17'),(384,5757,83,100,NULL,NULL,NULL,'2021-05-23 14:32:17','2021-05-23 14:32:17'),(385,5757,84,100,NULL,NULL,NULL,'2021-05-23 14:32:17','2021-05-23 14:32:17'),(386,5757,1508,100,NULL,NULL,NULL,'2021-05-23 14:32:17','2021-05-23 14:32:17'),(387,5757,86,100,NULL,NULL,NULL,'2021-05-23 14:32:17','2021-05-23 14:32:17'),(388,5757,87,100,NULL,NULL,NULL,'2021-05-23 14:32:17','2021-05-23 14:32:17'),(389,5757,88,100,NULL,NULL,NULL,'2021-05-23 14:32:17','2021-05-23 14:32:17'),(390,5757,89,100,NULL,NULL,NULL,'2021-05-23 14:32:17','2021-05-23 14:32:17'),(391,632,301,100,NULL,NULL,NULL,'2021-05-23 14:32:17','2021-05-23 14:32:17'),(392,632,302,100,NULL,NULL,NULL,'2021-05-23 14:32:17','2021-05-23 14:32:17'),(393,632,303,100,NULL,NULL,NULL,'2021-05-23 14:32:17','2021-05-23 14:32:17'),(394,632,304,100,NULL,NULL,NULL,'2021-05-23 14:32:17','2021-05-23 14:32:17'),(395,632,305,100,NULL,NULL,NULL,'2021-05-23 14:32:17','2021-05-23 14:32:17'),(396,632,306,100,NULL,NULL,NULL,'2021-05-23 14:32:17','2021-05-23 14:32:17'),(397,632,307,100,NULL,NULL,NULL,'2021-05-23 14:32:17','2021-05-23 14:32:17'),(398,632,314,100,NULL,NULL,NULL,'2021-05-23 14:32:17','2021-05-23 14:32:17'),(399,632,315,100,NULL,NULL,NULL,'2021-05-23 14:32:17','2021-05-23 14:32:17'),(400,632,316,100,NULL,NULL,NULL,'2021-05-23 14:32:17','2021-05-23 14:32:17'),(401,632,317,100,NULL,NULL,NULL,'2021-05-23 14:32:17','2021-05-23 14:32:17'),(402,632,318,100,NULL,NULL,NULL,'2021-05-23 14:32:17','2021-05-23 14:32:17'),(403,2807,300,100,NULL,NULL,NULL,'2021-05-23 14:32:17','2021-05-23 14:32:17'),(404,2807,301,100,NULL,NULL,NULL,'2021-05-23 14:32:17','2021-05-23 14:32:17'),(405,4422,301,100,NULL,NULL,NULL,'2021-05-23 14:32:17','2021-05-23 14:32:17'),(406,4422,302,100,NULL,NULL,NULL,'2021-05-23 14:32:17','2021-05-23 14:32:17'),(407,4422,303,100,NULL,NULL,NULL,'2021-05-23 14:32:17','2021-05-23 14:32:17'),(408,4422,304,100,NULL,NULL,NULL,'2021-05-23 14:32:17','2021-05-23 14:32:17'),(409,4422,305,100,NULL,NULL,NULL,'2021-05-23 14:32:17','2021-05-23 14:32:17'),(410,4422,306,100,NULL,NULL,NULL,'2021-05-23 14:32:17','2021-05-23 14:32:17'),(411,4422,307,100,NULL,NULL,NULL,'2021-05-23 14:32:17','2021-05-23 14:32:17'),(412,1702,299,100,NULL,NULL,NULL,'2021-05-23 14:32:17','2021-05-23 14:32:17'),(413,1702,300,100,NULL,NULL,NULL,'2021-05-23 14:32:17','2021-05-23 14:32:17'),(414,1702,301,100,NULL,NULL,NULL,'2021-05-23 14:32:17','2021-05-23 14:32:17'),(415,1702,322,100,NULL,NULL,NULL,'2021-05-23 14:32:17','2021-05-23 14:32:17'),(416,1702,323,100,NULL,NULL,NULL,'2021-05-23 14:32:17','2021-05-23 14:32:17'),(417,1702,324,100,NULL,NULL,NULL,'2021-05-23 14:32:17','2021-05-23 14:32:17'),(418,1702,325,100,NULL,NULL,NULL,'2021-05-23 14:32:17','2021-05-23 14:32:17'),(419,1702,326,100,NULL,NULL,NULL,'2021-05-23 14:32:17','2021-05-23 14:32:17'),(420,1702,327,100,NULL,NULL,NULL,'2021-05-23 14:32:17','2021-05-23 14:32:17'),(421,4422,331,100,NULL,NULL,NULL,'2021-05-23 14:32:17','2021-05-23 14:32:17'),(422,4422,330,100,NULL,NULL,NULL,'2021-05-23 14:32:17','2021-05-23 14:32:17'),(423,4422,332,100,NULL,NULL,NULL,'2021-05-23 14:32:17','2021-05-23 14:32:17'),(424,4422,333,100,NULL,NULL,NULL,'2021-05-23 14:32:17','2021-05-23 14:32:17'),(425,4422,334,100,NULL,NULL,NULL,'2021-05-23 14:32:17','2021-05-23 14:32:17'),(426,1702,335,100,NULL,NULL,NULL,'2021-05-23 14:32:17','2021-05-23 14:32:17'),(427,1702,336,100,NULL,NULL,NULL,'2021-05-23 14:32:17','2021-05-23 14:32:17'),(428,1702,337,100,NULL,NULL,NULL,'2021-05-23 14:32:17','2021-05-23 14:32:17'),(429,1702,338,100,NULL,NULL,NULL,'2021-05-23 14:32:17','2021-05-23 14:32:17'),(430,1702,339,100,NULL,NULL,NULL,'2021-05-23 14:32:17','2021-05-23 14:32:17'),(431,1702,340,100,NULL,NULL,NULL,'2021-05-23 14:32:17','2021-05-23 14:32:17'),(432,1702,390,100,NULL,NULL,NULL,'2021-05-23 14:32:17','2021-05-23 14:32:17'),(433,1702,391,100,NULL,NULL,NULL,'2021-05-23 14:32:17','2021-05-23 14:32:17'),(434,1701,394,100,NULL,NULL,NULL,'2021-05-23 14:32:17','2021-05-23 14:32:17'),(435,1701,395,100,NULL,NULL,NULL,'2021-05-23 14:32:17','2021-05-23 14:32:17'),(436,592,436,100,NULL,NULL,NULL,'2021-05-23 14:32:17','2021-05-23 14:32:17'),(437,4599,436,100,NULL,NULL,NULL,'2021-05-23 14:32:17','2021-05-23 14:32:17'),(438,592,437,100,NULL,NULL,NULL,'2021-05-23 14:32:17','2021-05-23 14:32:17'),(439,4599,437,100,NULL,NULL,NULL,'2021-05-23 14:32:17','2021-05-23 14:32:17'),(440,592,444,100,NULL,NULL,NULL,'2021-05-23 14:32:17','2021-05-23 14:32:17'),(441,4599,444,100,NULL,NULL,NULL,'2021-05-23 14:32:17','2021-05-23 14:32:17'),(442,1702,436,100,NULL,NULL,NULL,'2021-05-23 14:32:17','2021-05-23 14:32:17'),(443,1702,437,100,NULL,NULL,NULL,'2021-05-23 14:32:17','2021-05-23 14:32:17'),(444,1702,444,100,NULL,NULL,NULL,'2021-05-23 14:32:17','2021-05-23 14:32:17'),(445,632,437,100,NULL,NULL,NULL,'2021-05-23 14:32:17','2021-05-23 14:32:17'),(446,632,438,100,NULL,NULL,NULL,'2021-05-23 14:32:17','2021-05-23 14:32:17'),(447,632,439,100,NULL,NULL,NULL,'2021-05-23 14:32:17','2021-05-23 14:32:17'),(448,632,443,100,NULL,NULL,NULL,'2021-05-23 14:32:17','2021-05-23 14:32:17'),(449,632,444,100,NULL,NULL,NULL,'2021-05-23 14:32:17','2021-05-23 14:32:17'),(450,632,445,100,NULL,NULL,NULL,'2021-05-23 14:32:17','2021-05-23 14:32:17'),(451,632,446,100,NULL,NULL,NULL,'2021-05-23 14:32:17','2021-05-23 14:32:17'),(452,632,447,100,NULL,NULL,NULL,'2021-05-23 14:32:17','2021-05-23 14:32:17'),(453,116,467,100,NULL,NULL,NULL,'2021-05-23 14:32:17','2021-05-23 14:32:17'),(454,116,472,100,NULL,NULL,NULL,'2021-05-23 14:32:17','2021-05-23 14:32:17'),(455,116,474,100,NULL,NULL,NULL,'2021-05-23 14:32:17','2021-05-23 14:32:17'),(456,116,475,100,NULL,NULL,NULL,'2021-05-23 14:32:17','2021-05-23 14:32:17'),(457,116,478,100,NULL,NULL,NULL,'2021-05-23 14:32:17','2021-05-23 14:32:17'),(458,116,482,100,NULL,NULL,NULL,'2021-05-23 14:32:17','2021-05-23 14:32:17'),(459,116,483,100,NULL,NULL,NULL,'2021-05-23 14:32:17','2021-05-23 14:32:17'),(460,116,484,100,NULL,NULL,NULL,'2021-05-23 14:32:17','2021-05-23 14:32:17'),(461,116,485,100,NULL,NULL,NULL,'2021-05-23 14:32:17','2021-05-23 14:32:17'),(462,116,561,50,NULL,NULL,NULL,'2021-05-23 14:32:17','2021-05-23 14:32:17'),(463,120,462,100,NULL,NULL,NULL,'2021-05-23 14:32:17','2021-05-23 14:32:17'),(464,120,474,100,NULL,NULL,NULL,'2021-05-23 14:32:17','2021-05-23 14:32:17'),(465,120,478,100,NULL,NULL,NULL,'2021-05-23 14:32:17','2021-05-23 14:32:17'),(466,120,483,100,NULL,NULL,NULL,'2021-05-23 14:32:17','2021-05-23 14:32:17'),(467,120,505,25,NULL,NULL,NULL,'2021-05-23 14:32:17','2021-05-23 14:32:17'),(468,152,641,25,NULL,NULL,NULL,'2021-05-23 14:32:17','2021-05-23 14:32:17'),(469,152,643,25,NULL,NULL,NULL,'2021-05-23 14:32:17','2021-05-23 14:32:17'),(470,152,645,25,NULL,NULL,NULL,'2021-05-23 14:32:17','2021-05-23 14:32:17'),(471,152,648,25,NULL,NULL,NULL,'2021-05-23 14:32:17','2021-05-23 14:32:17'),(472,291,461,100,NULL,NULL,NULL,'2021-05-23 14:32:17','2021-05-23 14:32:17'),(473,291,463,100,NULL,NULL,NULL,'2021-05-23 14:32:17','2021-05-23 14:32:17'),(474,291,467,100,NULL,NULL,NULL,'2021-05-23 14:32:17','2021-05-23 14:32:17'),(475,291,489,100,NULL,NULL,NULL,'2021-05-23 14:32:17','2021-05-23 14:32:17'),(476,291,498,100,NULL,NULL,NULL,'2021-05-23 14:32:17','2021-05-23 14:32:17'),(477,458,464,100,NULL,NULL,NULL,'2021-05-23 14:32:17','2021-05-23 14:32:17'),(478,458,482,100,NULL,NULL,NULL,'2021-05-23 14:32:17','2021-05-23 14:32:17'),(479,458,504,25,NULL,NULL,NULL,'2021-05-23 14:32:17','2021-05-23 14:32:17'),(480,464,466,100,NULL,NULL,NULL,'2021-05-23 14:32:17','2021-05-23 14:32:17'),(481,464,467,100,NULL,NULL,NULL,'2021-05-23 14:32:17','2021-05-23 14:32:17'),(482,464,472,100,NULL,NULL,NULL,'2021-05-23 14:32:17','2021-05-23 14:32:17'),(483,464,473,100,NULL,NULL,NULL,'2021-05-23 14:32:17','2021-05-23 14:32:17'),(484,464,474,100,NULL,NULL,NULL,'2021-05-23 14:32:17','2021-05-23 14:32:17'),(485,464,477,100,NULL,NULL,NULL,'2021-05-23 14:32:17','2021-05-23 14:32:17'),(486,464,480,100,NULL,NULL,NULL,'2021-05-23 14:32:17','2021-05-23 14:32:17'),(487,464,481,100,NULL,NULL,NULL,'2021-05-23 14:32:17','2021-05-23 14:32:17'),(488,464,482,100,NULL,NULL,NULL,'2021-05-23 14:32:17','2021-05-23 14:32:17'),(489,464,485,100,NULL,NULL,NULL,'2021-05-23 14:32:17','2021-05-23 14:32:17'),(490,472,466,100,NULL,NULL,NULL,'2021-05-23 14:32:17','2021-05-23 14:32:17'),(491,472,467,100,NULL,NULL,NULL,'2021-05-23 14:32:17','2021-05-23 14:32:17'),(492,472,472,100,NULL,NULL,NULL,'2021-05-23 14:32:17','2021-05-23 14:32:17'),(493,472,473,100,NULL,NULL,NULL,'2021-05-23 14:32:17','2021-05-23 14:32:17'),(494,472,474,100,NULL,NULL,NULL,'2021-05-23 14:32:17','2021-05-23 14:32:17'),(495,472,476,100,NULL,NULL,NULL,'2021-05-23 14:32:17','2021-05-23 14:32:17'),(496,472,478,100,NULL,NULL,NULL,'2021-05-23 14:32:17','2021-05-23 14:32:17'),(497,472,480,100,NULL,NULL,NULL,'2021-05-23 14:32:17','2021-05-23 14:32:17'),(498,472,558,50,NULL,NULL,NULL,'2021-05-23 14:32:17','2021-05-23 14:32:17'),(499,504,484,100,NULL,NULL,NULL,'2021-05-23 14:32:17','2021-05-23 14:32:17'),(500,504,492,100,NULL,NULL,NULL,'2021-05-23 14:32:17','2021-05-23 14:32:17'),(501,504,494,100,NULL,NULL,NULL,'2021-05-23 14:32:17','2021-05-23 14:32:17'),(502,504,493,100,NULL,NULL,NULL,'2021-05-23 14:32:17','2021-05-23 14:32:17'),(503,504,495,100,NULL,NULL,NULL,'2021-05-23 14:32:17','2021-05-23 14:32:17'),(504,504,501,100,NULL,NULL,NULL,'2021-05-23 14:32:17','2021-05-23 14:32:17'),(505,504,504,25,NULL,NULL,NULL,'2021-05-23 14:32:17','2021-05-23 14:32:17'),(507,592,461,100,NULL,NULL,NULL,'2021-05-23 14:32:17','2021-05-23 14:32:17'),(508,592,462,100,NULL,NULL,NULL,'2021-05-23 14:32:17','2021-05-23 14:32:17'),(509,592,463,100,NULL,NULL,NULL,'2021-05-23 14:32:17','2021-05-23 14:32:17'),(510,592,464,100,NULL,NULL,NULL,'2021-05-23 14:32:17','2021-05-23 14:32:17'),(511,592,465,100,NULL,NULL,NULL,'2021-05-23 14:32:17','2021-05-23 14:32:17'),(512,592,466,100,NULL,NULL,NULL,'2021-05-23 14:32:17','2021-05-23 14:32:17'),(513,592,467,100,NULL,NULL,NULL,'2021-05-23 14:32:17','2021-05-23 14:32:17'),(514,592,469,100,NULL,NULL,NULL,'2021-05-23 14:32:17','2021-05-23 14:32:17'),(515,592,471,100,NULL,NULL,NULL,'2021-05-23 14:32:17','2021-05-23 14:32:17'),(516,592,472,100,NULL,NULL,NULL,'2021-05-23 14:32:17','2021-05-23 14:32:17'),(517,592,473,100,NULL,NULL,NULL,'2021-05-23 14:32:17','2021-05-23 14:32:17'),(518,592,476,100,NULL,NULL,NULL,'2021-05-23 14:32:17','2021-05-23 14:32:17'),(519,592,477,100,NULL,NULL,NULL,'2021-05-23 14:32:17','2021-05-23 14:32:17'),(520,592,478,100,NULL,NULL,NULL,'2021-05-23 14:32:17','2021-05-23 14:32:17'),(521,592,479,100,NULL,NULL,NULL,'2021-05-23 14:32:17','2021-05-23 14:32:17'),(522,592,480,100,NULL,NULL,NULL,'2021-05-23 14:32:17','2021-05-23 14:32:17'),(523,592,481,100,NULL,NULL,NULL,'2021-05-23 14:32:17','2021-05-23 14:32:17'),(524,592,482,100,NULL,NULL,NULL,'2021-05-23 14:32:17','2021-05-23 14:32:17'),(525,592,483,100,NULL,NULL,NULL,'2021-05-23 14:32:17','2021-05-23 14:32:17'),(526,592,485,100,NULL,NULL,NULL,'2021-05-23 14:32:17','2021-05-23 14:32:17'),(527,592,486,100,NULL,NULL,NULL,'2021-05-23 14:32:17','2021-05-23 14:32:17'),(528,592,488,100,NULL,NULL,NULL,'2021-05-23 14:32:17','2021-05-23 14:32:17'),(529,592,491,100,NULL,NULL,NULL,'2021-05-23 14:32:17','2021-05-23 14:32:17'),(530,592,498,100,NULL,NULL,NULL,'2021-05-23 14:32:17','2021-05-23 14:32:17'),(531,592,503,100,NULL,NULL,NULL,'2021-05-23 14:32:17','2021-05-23 14:32:17'),(532,592,502,100,NULL,NULL,NULL,'2021-05-23 14:32:17','2021-05-23 14:32:17'),(533,592,504,25,NULL,NULL,NULL,'2021-05-23 14:32:17','2021-05-23 14:32:17'),(534,592,505,25,NULL,NULL,NULL,'2021-05-23 14:32:17','2021-05-23 14:32:17'),(535,592,558,50,NULL,NULL,NULL,'2021-05-23 14:32:17','2021-05-23 14:32:17'),(536,592,564,50,NULL,NULL,NULL,'2021-05-23 14:32:17','2021-05-23 14:32:17'),(537,592,567,50,NULL,NULL,NULL,'2021-05-23 14:32:17','2021-05-23 14:32:17'),(538,592,569,50,NULL,NULL,NULL,'2021-05-23 14:32:17','2021-05-23 14:32:17'),(539,592,571,50,NULL,NULL,NULL,'2021-05-23 14:32:17','2021-05-23 14:32:17'),(540,592,1525,50,NULL,NULL,NULL,'2021-05-23 14:32:17','2021-05-23 14:32:17'),(541,592,575,50,NULL,NULL,NULL,'2021-05-23 14:32:17','2021-05-23 14:32:17'),(543,592,475,100,NULL,NULL,NULL,'2021-05-23 14:32:17','2021-05-23 14:32:17'),(544,592,484,100,NULL,NULL,NULL,'2021-05-23 14:32:17','2021-05-23 14:32:17'),(545,592,489,100,NULL,NULL,NULL,'2021-05-23 14:32:17','2021-05-23 14:32:17'),(546,592,492,100,NULL,NULL,NULL,'2021-05-23 14:32:17','2021-05-23 14:32:17'),(547,592,495,100,NULL,NULL,NULL,'2021-05-23 14:32:17','2021-05-23 14:32:17'),(548,592,501,100,NULL,NULL,NULL,'2021-05-23 14:32:17','2021-05-23 14:32:17'),(549,632,466,100,NULL,NULL,NULL,'2021-05-23 14:32:17','2021-05-23 14:32:17'),(550,632,467,100,NULL,NULL,NULL,'2021-05-23 14:32:17','2021-05-23 14:32:17'),(551,632,472,100,NULL,NULL,NULL,'2021-05-23 14:32:18','2021-05-23 14:32:18'),(552,632,474,100,NULL,NULL,NULL,'2021-05-23 14:32:18','2021-05-23 14:32:18'),(553,632,476,100,NULL,NULL,NULL,'2021-05-23 14:32:18','2021-05-23 14:32:18'),(554,632,479,100,NULL,NULL,NULL,'2021-05-23 14:32:18','2021-05-23 14:32:18'),(555,632,480,100,NULL,NULL,NULL,'2021-05-23 14:32:18','2021-05-23 14:32:18'),(556,632,557,50,NULL,NULL,NULL,'2021-05-23 14:32:18','2021-05-23 14:32:18'),(557,792,462,100,NULL,NULL,NULL,'2021-05-23 14:32:18','2021-05-23 14:32:18'),(558,792,476,100,NULL,NULL,NULL,'2021-05-23 14:32:18','2021-05-23 14:32:18'),(559,792,480,100,NULL,NULL,NULL,'2021-05-23 14:32:18','2021-05-23 14:32:18'),(560,792,482,100,NULL,NULL,NULL,'2021-05-23 14:32:18','2021-05-23 14:32:18'),(561,792,485,100,NULL,NULL,NULL,'2021-05-23 14:32:18','2021-05-23 14:32:18'),(562,792,486,100,NULL,NULL,NULL,'2021-05-23 14:32:18','2021-05-23 14:32:18'),(563,817,466,100,NULL,NULL,NULL,'2021-05-23 14:32:18','2021-05-23 14:32:18'),(564,817,467,100,NULL,NULL,NULL,'2021-05-23 14:32:18','2021-05-23 14:32:18'),(565,817,474,100,NULL,NULL,NULL,'2021-05-23 14:32:18','2021-05-23 14:32:18'),(566,817,477,100,NULL,NULL,NULL,'2021-05-23 14:32:18','2021-05-23 14:32:18'),(567,817,482,100,NULL,NULL,NULL,'2021-05-23 14:32:18','2021-05-23 14:32:18'),(568,817,504,25,NULL,NULL,NULL,'2021-05-23 14:32:18','2021-05-23 14:32:18'),(569,1134,475,100,NULL,NULL,NULL,'2021-05-23 14:32:18','2021-05-23 14:32:18'),(570,1134,479,100,NULL,NULL,NULL,'2021-05-23 14:32:18','2021-05-23 14:32:18'),(571,1134,492,100,NULL,NULL,NULL,'2021-05-23 14:32:18','2021-05-23 14:32:18'),(572,1540,466,100,NULL,NULL,NULL,'2021-05-23 14:32:18','2021-05-23 14:32:18'),(573,1540,467,100,NULL,NULL,NULL,'2021-05-23 14:32:18','2021-05-23 14:32:18'),(574,1540,469,100,NULL,NULL,NULL,'2021-05-23 14:32:18','2021-05-23 14:32:18'),(575,1540,472,100,NULL,NULL,NULL,'2021-05-23 14:32:18','2021-05-23 14:32:18'),(576,1540,473,100,NULL,NULL,NULL,'2021-05-23 14:32:18','2021-05-23 14:32:18'),(577,1540,476,100,NULL,NULL,NULL,'2021-05-23 14:32:18','2021-05-23 14:32:18'),(578,1540,478,100,NULL,NULL,NULL,'2021-05-23 14:32:18','2021-05-23 14:32:18'),(579,1540,479,100,NULL,NULL,NULL,'2021-05-23 14:32:18','2021-05-23 14:32:18'),(580,1540,480,100,NULL,NULL,NULL,'2021-05-23 14:32:18','2021-05-23 14:32:18'),(581,1540,504,25,NULL,NULL,NULL,'2021-05-23 14:32:18','2021-05-23 14:32:18'),(582,1702,513,100,NULL,NULL,NULL,'2021-05-23 14:32:18','2021-05-23 14:32:18'),(583,1702,514,100,NULL,NULL,NULL,'2021-05-23 14:32:18','2021-05-23 14:32:18'),(584,1702,519,100,NULL,NULL,NULL,'2021-05-23 14:32:18','2021-05-23 14:32:18'),(585,1702,518,100,NULL,NULL,NULL,'2021-05-23 14:32:18','2021-05-23 14:32:18'),(586,1702,520,100,NULL,NULL,NULL,'2021-05-23 14:32:18','2021-05-23 14:32:18'),(587,1702,522,100,NULL,NULL,NULL,'2021-05-23 14:32:18','2021-05-23 14:32:18'),(588,1702,521,100,NULL,NULL,NULL,'2021-05-23 14:32:18','2021-05-23 14:32:18'),(589,1702,523,100,NULL,NULL,NULL,'2021-05-23 14:32:18','2021-05-23 14:32:18'),(590,1702,524,100,NULL,NULL,NULL,'2021-05-23 14:32:18','2021-05-23 14:32:18'),(591,1702,526,100,NULL,NULL,NULL,'2021-05-23 14:32:18','2021-05-23 14:32:18'),(592,1702,527,100,NULL,NULL,NULL,'2021-05-23 14:32:18','2021-05-23 14:32:18'),(593,1702,530,100,NULL,NULL,NULL,'2021-05-23 14:32:18','2021-05-23 14:32:18'),(594,1702,531,100,NULL,NULL,NULL,'2021-05-23 14:32:18','2021-05-23 14:32:18'),(601,1702,543,100,NULL,NULL,NULL,'2021-05-23 14:32:18','2021-05-23 14:32:18'),(602,1702,544,100,NULL,NULL,NULL,'2021-05-23 14:32:18','2021-05-23 14:32:18'),(603,1702,545,100,NULL,NULL,NULL,'2021-05-23 14:32:18','2021-05-23 14:32:18'),(604,1702,546,100,NULL,NULL,NULL,'2021-05-23 14:32:18','2021-05-23 14:32:18'),(605,1702,547,100,NULL,NULL,NULL,'2021-05-23 14:32:18','2021-05-23 14:32:18'),(606,1702,548,100,NULL,NULL,NULL,'2021-05-23 14:32:18','2021-05-23 14:32:18'),(607,1702,549,100,NULL,NULL,NULL,'2021-05-23 14:32:18','2021-05-23 14:32:18'),(608,1702,550,100,NULL,NULL,NULL,'2021-05-23 14:32:18','2021-05-23 14:32:18'),(609,1702,554,100,NULL,NULL,NULL,'2021-05-23 14:32:18','2021-05-23 14:32:18'),(610,1702,555,100,NULL,NULL,NULL,'2021-05-23 14:32:18','2021-05-23 14:32:18'),(611,1702,556,100,NULL,NULL,NULL,'2021-05-23 14:32:18','2021-05-23 14:32:18'),(612,1702,557,50,NULL,NULL,NULL,'2021-05-23 14:32:18','2021-05-23 14:32:18'),(613,1702,568,50,NULL,NULL,NULL,'2021-05-23 14:32:18','2021-05-23 14:32:18'),(614,1702,560,50,NULL,NULL,NULL,'2021-05-23 14:32:18','2021-05-23 14:32:18'),(615,1702,563,50,NULL,NULL,NULL,'2021-05-23 14:32:18','2021-05-23 14:32:18'),(616,1702,567,50,NULL,NULL,NULL,'2021-05-23 14:32:18','2021-05-23 14:32:18'),(617,1702,572,50,NULL,NULL,NULL,'2021-05-23 14:32:18','2021-05-23 14:32:18'),(618,1702,574,50,NULL,NULL,NULL,'2021-05-23 14:32:18','2021-05-23 14:32:18'),(634,1702,629,100,NULL,NULL,NULL,'2021-05-23 14:32:18','2021-05-23 14:32:18'),(635,1702,630,100,NULL,NULL,NULL,'2021-05-23 14:32:18','2021-05-23 14:32:18'),(636,1702,631,100,NULL,NULL,NULL,'2021-05-23 14:32:18','2021-05-23 14:32:18'),(637,1702,632,100,NULL,NULL,NULL,'2021-05-23 14:32:18','2021-05-23 14:32:18'),(638,1702,633,100,NULL,NULL,NULL,'2021-05-23 14:32:18','2021-05-23 14:32:18'),(639,1702,635,100,NULL,NULL,NULL,'2021-05-23 14:32:18','2021-05-23 14:32:18'),(640,1702,636,100,NULL,NULL,NULL,'2021-05-23 14:32:18','2021-05-23 14:32:18'),(641,1702,638,100,NULL,NULL,NULL,'2021-05-23 14:32:18','2021-05-23 14:32:18'),(642,1702,640,100,NULL,NULL,NULL,'2021-05-23 14:32:18','2021-05-23 14:32:18'),(643,1702,641,25,NULL,NULL,NULL,'2021-05-23 14:32:18','2021-05-23 14:32:18'),(644,1702,643,25,NULL,NULL,NULL,'2021-05-23 14:32:18','2021-05-23 14:32:18'),(645,1702,645,25,NULL,NULL,NULL,'2021-05-23 14:32:18','2021-05-23 14:32:18'),(646,1702,646,25,NULL,NULL,NULL,'2021-05-23 14:32:18','2021-05-23 14:32:18'),(647,1702,648,25,NULL,NULL,NULL,'2021-05-23 14:32:18','2021-05-23 14:32:18'),(648,1702,650,25,NULL,NULL,NULL,'2021-05-23 14:32:18','2021-05-23 14:32:18'),(649,1702,519,100,'EG',NULL,NULL,'2021-05-23 14:32:18','2021-05-23 14:32:18'),(650,1702,522,100,'EG',NULL,NULL,'2021-05-23 14:32:18','2021-05-23 14:32:18'),(651,1702,521,100,'EG',NULL,NULL,'2021-05-23 14:32:18','2021-05-23 14:32:18'),(652,1702,523,100,'EG',NULL,NULL,'2021-05-23 14:32:18','2021-05-23 14:32:18'),(653,1702,527,100,'EG',NULL,NULL,'2021-05-23 14:32:18','2021-05-23 14:32:18'),(654,1702,530,100,'EG',NULL,NULL,'2021-05-23 14:32:18','2021-05-23 14:32:18'),(659,1702,543,100,'EG',NULL,NULL,'2021-05-23 14:32:18','2021-05-23 14:32:18'),(660,1702,544,100,'EG',NULL,NULL,'2021-05-23 14:32:18','2021-05-23 14:32:18'),(661,1702,546,100,'EG',NULL,NULL,'2021-05-23 14:32:18','2021-05-23 14:32:18'),(662,1702,548,100,'EG',NULL,NULL,'2021-05-23 14:32:18','2021-05-23 14:32:18'),(663,1702,549,100,'EG',NULL,NULL,'2021-05-23 14:32:18','2021-05-23 14:32:18'),(664,1702,550,100,'EG',NULL,NULL,'2021-05-23 14:32:18','2021-05-23 14:32:18'),(665,1702,554,100,'EG',NULL,NULL,'2021-05-23 14:32:18','2021-05-23 14:32:18'),(666,1702,555,100,'EG',NULL,NULL,'2021-05-23 14:32:18','2021-05-23 14:32:18'),(667,1702,556,100,'EG',NULL,NULL,'2021-05-23 14:32:18','2021-05-23 14:32:18'),(668,1702,558,50,'EG',NULL,NULL,'2021-05-23 14:32:18','2021-05-23 14:32:18'),(669,1702,561,50,'EG',NULL,NULL,'2021-05-23 14:32:18','2021-05-23 14:32:18'),(670,1702,568,50,'EG',NULL,NULL,'2021-05-23 14:32:18','2021-05-23 14:32:18'),(671,1702,575,50,'EG',NULL,NULL,'2021-05-23 14:32:18','2021-05-23 14:32:18'),(677,1702,629,100,'EG',NULL,NULL,'2021-05-23 14:32:18','2021-05-23 14:32:18'),(678,1702,630,100,'EG',NULL,NULL,'2021-05-23 14:32:18','2021-05-23 14:32:18'),(679,1702,631,100,'EG',NULL,NULL,'2021-05-23 14:32:18','2021-05-23 14:32:18'),(680,1702,632,100,'EG',NULL,NULL,'2021-05-23 14:32:18','2021-05-23 14:32:18'),(681,1702,633,100,'EG',NULL,NULL,'2021-05-23 14:32:18','2021-05-23 14:32:18'),(682,1702,635,100,'EG',NULL,NULL,'2021-05-23 14:32:18','2021-05-23 14:32:18'),(683,1702,636,100,'EG',NULL,NULL,'2021-05-23 14:32:18','2021-05-23 14:32:18'),(684,1702,638,100,'EG',NULL,NULL,'2021-05-23 14:32:18','2021-05-23 14:32:18'),(685,1702,640,100,'EG',NULL,NULL,'2021-05-23 14:32:18','2021-05-23 14:32:18'),(686,1702,646,25,'EG',NULL,NULL,'2021-05-23 14:32:18','2021-05-23 14:32:18'),(687,1702,648,25,'EG',NULL,NULL,'2021-05-23 14:32:18','2021-05-23 14:32:18'),(688,1702,650,25,'EG',NULL,NULL,'2021-05-23 14:32:18','2021-05-23 14:32:18'),(689,5879,544,100,NULL,NULL,NULL,'2021-05-23 14:32:18','2021-05-23 14:32:18'),(690,5879,546,100,NULL,NULL,NULL,'2021-05-23 14:32:18','2021-05-23 14:32:18'),(691,5879,547,100,NULL,NULL,NULL,'2021-05-23 14:32:18','2021-05-23 14:32:18'),(692,5879,548,100,NULL,NULL,NULL,'2021-05-23 14:32:18','2021-05-23 14:32:18'),(693,5879,549,100,NULL,NULL,NULL,'2021-05-23 14:32:18','2021-05-23 14:32:18'),(694,5879,550,100,NULL,NULL,NULL,'2021-05-23 14:32:18','2021-05-23 14:32:18'),(695,5879,556,100,NULL,NULL,NULL,'2021-05-23 14:32:18','2021-05-23 14:32:18'),(696,5879,633,100,NULL,NULL,NULL,'2021-05-23 14:32:18','2021-05-23 14:32:18'),(697,5879,635,100,NULL,NULL,NULL,'2021-05-23 14:32:18','2021-05-23 14:32:18'),(698,5879,638,100,NULL,NULL,NULL,'2021-05-23 14:32:18','2021-05-23 14:32:18'),(699,5879,640,100,NULL,NULL,NULL,'2021-05-23 14:32:18','2021-05-23 14:32:18'),(700,1985,517,100,NULL,NULL,NULL,'2021-05-23 14:32:18','2021-05-23 14:32:18'),(701,1985,524,100,NULL,NULL,NULL,'2021-05-23 14:32:18','2021-05-23 14:32:18'),(702,1985,531,100,NULL,NULL,NULL,'2021-05-23 14:32:18','2021-05-23 14:32:18'),(703,2080,466,100,NULL,NULL,NULL,'2021-05-23 14:32:18','2021-05-23 14:32:18'),(704,2080,474,100,NULL,NULL,NULL,'2021-05-23 14:32:18','2021-05-23 14:32:18'),(705,2080,479,100,NULL,NULL,NULL,'2021-05-23 14:32:18','2021-05-23 14:32:18'),(706,2080,481,100,NULL,NULL,NULL,'2021-05-23 14:32:18','2021-05-23 14:32:18'),(707,2080,484,100,NULL,NULL,NULL,'2021-05-23 14:32:18','2021-05-23 14:32:18'),(708,2080,485,100,NULL,NULL,NULL,'2021-05-23 14:32:18','2021-05-23 14:32:18'),(709,2080,495,100,NULL,NULL,NULL,'2021-05-23 14:32:18','2021-05-23 14:32:18'),(710,2080,501,100,NULL,NULL,NULL,'2021-05-23 14:32:18','2021-05-23 14:32:18'),(711,2080,505,25,NULL,NULL,NULL,'2021-05-23 14:32:18','2021-05-23 14:32:18'),(712,2080,557,50,NULL,NULL,NULL,'2021-05-23 14:32:18','2021-05-23 14:32:18'),(713,2395,469,100,NULL,NULL,NULL,'2021-05-23 14:32:18','2021-05-23 14:32:18'),(714,2395,473,100,NULL,NULL,NULL,'2021-05-23 14:32:18','2021-05-23 14:32:18'),(715,2395,475,100,NULL,NULL,NULL,'2021-05-23 14:32:18','2021-05-23 14:32:18'),(716,2401,461,100,NULL,NULL,NULL,'2021-05-23 14:32:18','2021-05-23 14:32:18'),(717,2401,462,100,NULL,NULL,NULL,'2021-05-23 14:32:18','2021-05-23 14:32:18'),(718,2401,463,100,NULL,NULL,NULL,'2021-05-23 14:32:18','2021-05-23 14:32:18'),(719,2401,464,100,NULL,NULL,NULL,'2021-05-23 14:32:18','2021-05-23 14:32:18'),(720,2401,465,100,NULL,NULL,NULL,'2021-05-23 14:32:18','2021-05-23 14:32:18'),(721,2401,466,100,NULL,NULL,NULL,'2021-05-23 14:32:18','2021-05-23 14:32:18'),(722,2401,467,100,NULL,NULL,NULL,'2021-05-23 14:32:18','2021-05-23 14:32:18'),(723,2401,468,100,NULL,NULL,NULL,'2021-05-23 14:32:18','2021-05-23 14:32:18'),(724,2401,469,100,NULL,NULL,NULL,'2021-05-23 14:32:18','2021-05-23 14:32:18'),(725,2401,474,100,NULL,NULL,NULL,'2021-05-23 14:32:18','2021-05-23 14:32:18'),(726,2401,476,100,NULL,NULL,NULL,'2021-05-23 14:32:18','2021-05-23 14:32:18'),(727,2401,478,100,NULL,NULL,NULL,'2021-05-23 14:32:18','2021-05-23 14:32:18'),(728,2401,482,100,NULL,NULL,NULL,'2021-05-23 14:32:18','2021-05-23 14:32:18'),(729,2401,484,100,NULL,NULL,NULL,'2021-05-23 14:32:18','2021-05-23 14:32:18'),(730,2401,485,100,NULL,NULL,NULL,'2021-05-23 14:32:18','2021-05-23 14:32:18'),(733,2404,467,100,NULL,NULL,NULL,'2021-05-23 14:32:18','2021-05-23 14:32:18'),(734,2404,472,100,NULL,NULL,NULL,'2021-05-23 14:32:19','2021-05-23 14:32:19'),(735,2404,474,100,NULL,NULL,NULL,'2021-05-23 14:32:19','2021-05-23 14:32:19'),(736,2404,475,100,NULL,NULL,NULL,'2021-05-23 14:32:19','2021-05-23 14:32:19'),(737,2404,477,100,NULL,NULL,NULL,'2021-05-23 14:32:19','2021-05-23 14:32:19'),(738,2404,480,100,NULL,NULL,NULL,'2021-05-23 14:32:19','2021-05-23 14:32:19'),(739,2404,481,100,NULL,NULL,NULL,'2021-05-23 14:32:19','2021-05-23 14:32:19'),(740,2404,482,100,NULL,NULL,NULL,'2021-05-23 14:32:19','2021-05-23 14:32:19'),(741,2404,485,100,NULL,NULL,NULL,'2021-05-23 14:32:19','2021-05-23 14:32:19'),(742,2414,524,100,NULL,NULL,NULL,'2021-05-23 14:32:19','2021-05-23 14:32:19'),(743,2414,527,100,NULL,NULL,NULL,'2021-05-23 14:32:19','2021-05-23 14:32:19'),(744,2414,531,100,NULL,NULL,NULL,'2021-05-23 14:32:19','2021-05-23 14:32:19'),(745,2542,513,100,NULL,NULL,NULL,'2021-05-23 14:32:19','2021-05-23 14:32:19'),(746,2542,527,100,NULL,NULL,NULL,'2021-05-23 14:32:19','2021-05-23 14:32:19'),(747,3013,474,100,NULL,NULL,NULL,'2021-05-23 14:32:19','2021-05-23 14:32:19'),(748,3013,481,100,NULL,NULL,NULL,'2021-05-23 14:32:19','2021-05-23 14:32:19'),(749,3013,486,100,NULL,NULL,NULL,'2021-05-23 14:32:19','2021-05-23 14:32:19'),(750,3013,492,100,NULL,NULL,NULL,'2021-05-23 14:32:19','2021-05-23 14:32:19'),(751,3013,498,100,NULL,NULL,NULL,'2021-05-23 14:32:19','2021-05-23 14:32:19'),(752,3137,478,100,NULL,NULL,NULL,'2021-05-23 14:32:19','2021-05-23 14:32:19'),(753,3137,480,100,NULL,NULL,NULL,'2021-05-23 14:32:19','2021-05-23 14:32:19'),(754,3137,482,100,NULL,NULL,NULL,'2021-05-23 14:32:19','2021-05-23 14:32:19'),(755,3137,485,100,NULL,NULL,NULL,'2021-05-23 14:32:19','2021-05-23 14:32:19'),(756,3137,486,100,NULL,NULL,NULL,'2021-05-23 14:32:19','2021-05-23 14:32:19'),(757,3137,489,100,NULL,NULL,NULL,'2021-05-23 14:32:19','2021-05-23 14:32:19'),(758,5880,475,100,NULL,NULL,NULL,'2021-05-23 14:32:19','2021-05-23 14:32:19'),(759,5880,477,100,NULL,NULL,NULL,'2021-05-23 14:32:19','2021-05-23 14:32:19'),(760,3324,462,100,NULL,NULL,NULL,'2021-05-23 14:32:19','2021-05-23 14:32:19'),(761,3324,466,100,NULL,NULL,NULL,'2021-05-23 14:32:19','2021-05-23 14:32:19'),(762,3324,470,100,NULL,NULL,NULL,'2021-05-23 14:32:19','2021-05-23 14:32:19'),(763,3324,474,100,NULL,NULL,NULL,'2021-05-23 14:32:19','2021-05-23 14:32:19'),(764,3324,475,100,NULL,NULL,NULL,'2021-05-23 14:32:19','2021-05-23 14:32:19'),(765,3324,476,100,NULL,NULL,NULL,'2021-05-23 14:32:19','2021-05-23 14:32:19'),(766,3324,477,100,NULL,NULL,NULL,'2021-05-23 14:32:19','2021-05-23 14:32:19'),(767,3324,479,100,NULL,NULL,NULL,'2021-05-23 14:32:19','2021-05-23 14:32:19'),(768,3324,480,100,NULL,NULL,NULL,'2021-05-23 14:32:19','2021-05-23 14:32:19'),(769,3324,481,100,NULL,NULL,NULL,'2021-05-23 14:32:19','2021-05-23 14:32:19'),(770,3324,483,100,NULL,NULL,NULL,'2021-05-23 14:32:19','2021-05-23 14:32:19'),(771,3324,484,100,NULL,NULL,NULL,'2021-05-23 14:32:19','2021-05-23 14:32:19'),(772,3324,485,100,NULL,NULL,NULL,'2021-05-23 14:32:19','2021-05-23 14:32:19'),(773,3324,486,100,NULL,NULL,NULL,'2021-05-23 14:32:19','2021-05-23 14:32:19'),(774,3324,488,100,NULL,NULL,NULL,'2021-05-23 14:32:19','2021-05-23 14:32:19'),(775,3324,489,100,NULL,NULL,NULL,'2021-05-23 14:32:19','2021-05-23 14:32:19'),(776,3324,494,100,NULL,NULL,NULL,'2021-05-23 14:32:19','2021-05-23 14:32:19'),(777,3324,495,100,NULL,NULL,NULL,'2021-05-23 14:32:19','2021-05-23 14:32:19'),(778,3324,498,100,NULL,NULL,NULL,'2021-05-23 14:32:19','2021-05-23 14:32:19'),(779,3324,501,100,NULL,NULL,NULL,'2021-05-23 14:32:19','2021-05-23 14:32:19'),(780,3324,503,100,NULL,NULL,NULL,'2021-05-23 14:32:19','2021-05-23 14:32:19'),(781,3324,504,25,NULL,NULL,NULL,'2021-05-23 14:32:19','2021-05-23 14:32:19'),(782,3324,505,25,NULL,NULL,NULL,'2021-05-23 14:32:19','2021-05-23 14:32:19'),(783,3324,559,50,NULL,NULL,NULL,'2021-05-23 14:32:19','2021-05-23 14:32:19'),(791,3477,461,100,NULL,NULL,NULL,'2021-05-23 14:32:19','2021-05-23 14:32:19'),(792,3477,462,100,NULL,NULL,NULL,'2021-05-23 14:32:19','2021-05-23 14:32:19'),(793,3477,463,100,NULL,NULL,NULL,'2021-05-23 14:32:19','2021-05-23 14:32:19'),(794,3477,464,100,NULL,NULL,NULL,'2021-05-23 14:32:19','2021-05-23 14:32:19'),(795,3477,465,100,NULL,NULL,NULL,'2021-05-23 14:32:19','2021-05-23 14:32:19'),(796,3477,466,100,NULL,NULL,NULL,'2021-05-23 14:32:19','2021-05-23 14:32:19'),(797,3477,467,100,NULL,NULL,NULL,'2021-05-23 14:32:19','2021-05-23 14:32:19'),(798,3477,469,100,NULL,NULL,NULL,'2021-05-23 14:32:19','2021-05-23 14:32:19'),(799,3477,472,100,NULL,NULL,NULL,'2021-05-23 14:32:19','2021-05-23 14:32:19'),(800,3477,473,100,NULL,NULL,NULL,'2021-05-23 14:32:19','2021-05-23 14:32:19'),(801,3477,475,100,NULL,NULL,NULL,'2021-05-23 14:32:19','2021-05-23 14:32:19'),(802,3477,477,100,NULL,NULL,NULL,'2021-05-23 14:32:19','2021-05-23 14:32:19'),(803,3477,481,100,NULL,NULL,NULL,'2021-05-23 14:32:19','2021-05-23 14:32:19'),(804,3477,483,100,NULL,NULL,NULL,'2021-05-23 14:32:19','2021-05-23 14:32:19'),(805,3477,484,100,NULL,NULL,NULL,'2021-05-23 14:32:19','2021-05-23 14:32:19'),(807,3888,465,100,NULL,NULL,NULL,'2021-05-23 14:32:19','2021-05-23 14:32:19'),(808,3888,466,100,NULL,NULL,NULL,'2021-05-23 14:32:19','2021-05-23 14:32:19'),(809,3888,473,100,NULL,NULL,NULL,'2021-05-23 14:32:19','2021-05-23 14:32:19'),(810,3888,474,100,NULL,NULL,NULL,'2021-05-23 14:32:19','2021-05-23 14:32:19'),(811,3888,478,100,NULL,NULL,NULL,'2021-05-23 14:32:19','2021-05-23 14:32:19'),(812,4135,523,100,NULL,NULL,NULL,'2021-05-23 14:32:19','2021-05-23 14:32:19'),(813,4135,524,100,NULL,NULL,NULL,'2021-05-23 14:32:19','2021-05-23 14:32:19'),(814,4135,527,100,NULL,NULL,NULL,'2021-05-23 14:32:19','2021-05-23 14:32:19'),(815,4422,466,100,NULL,NULL,NULL,'2021-05-23 14:32:19','2021-05-23 14:32:19'),(816,4422,467,100,NULL,NULL,NULL,'2021-05-23 14:32:19','2021-05-23 14:32:19'),(817,4422,469,100,NULL,NULL,NULL,'2021-05-23 14:32:19','2021-05-23 14:32:19'),(818,4422,472,100,NULL,NULL,NULL,'2021-05-23 14:32:19','2021-05-23 14:32:19'),(819,4422,473,100,NULL,NULL,NULL,'2021-05-23 14:32:19','2021-05-23 14:32:19'),(820,4422,474,100,NULL,NULL,NULL,'2021-05-23 14:32:19','2021-05-23 14:32:19'),(821,4422,476,100,NULL,NULL,NULL,'2021-05-23 14:32:19','2021-05-23 14:32:19'),(822,4422,478,100,NULL,NULL,NULL,'2021-05-23 14:32:19','2021-05-23 14:32:19'),(823,4422,480,100,NULL,NULL,NULL,'2021-05-23 14:32:19','2021-05-23 14:32:19'),(824,4422,557,50,NULL,NULL,NULL,'2021-05-23 14:32:19','2021-05-23 14:32:19'),(825,4599,464,100,NULL,NULL,NULL,'2021-05-23 14:32:19','2021-05-23 14:32:19'),(826,4599,466,100,NULL,NULL,NULL,'2021-05-23 14:32:19','2021-05-23 14:32:19'),(827,4599,467,100,NULL,NULL,NULL,'2021-05-23 14:32:19','2021-05-23 14:32:19'),(828,4599,469,100,NULL,NULL,NULL,'2021-05-23 14:32:19','2021-05-23 14:32:19'),(829,4599,472,100,NULL,NULL,NULL,'2021-05-23 14:32:19','2021-05-23 14:32:19'),(830,4599,476,100,NULL,NULL,NULL,'2021-05-23 14:32:19','2021-05-23 14:32:19'),(831,4599,477,100,NULL,NULL,NULL,'2021-05-23 14:32:19','2021-05-23 14:32:19'),(832,4599,478,100,NULL,NULL,NULL,'2021-05-23 14:32:19','2021-05-23 14:32:19'),(833,4599,479,100,NULL,NULL,NULL,'2021-05-23 14:32:19','2021-05-23 14:32:19'),(834,4599,480,100,NULL,NULL,NULL,'2021-05-23 14:32:19','2021-05-23 14:32:19'),(835,4599,481,100,NULL,NULL,NULL,'2021-05-23 14:32:19','2021-05-23 14:32:19'),(836,4599,482,100,NULL,NULL,NULL,'2021-05-23 14:32:19','2021-05-23 14:32:19'),(837,4599,483,100,NULL,NULL,NULL,'2021-05-23 14:32:19','2021-05-23 14:32:19'),(838,4599,485,100,NULL,NULL,NULL,'2021-05-23 14:32:19','2021-05-23 14:32:19'),(839,4599,486,100,NULL,NULL,NULL,'2021-05-23 14:32:19','2021-05-23 14:32:19'),(840,4599,491,100,NULL,NULL,NULL,'2021-05-23 14:32:19','2021-05-23 14:32:19'),(841,4599,502,100,NULL,NULL,NULL,'2021-05-23 14:32:19','2021-05-23 14:32:19'),(842,4599,562,50,NULL,NULL,NULL,'2021-05-23 14:32:19','2021-05-23 14:32:19'),(843,4599,564,50,NULL,NULL,NULL,'2021-05-23 14:32:19','2021-05-23 14:32:19'),(844,592,464,100,'EGJ',NULL,NULL,'2021-05-23 14:32:19','2021-05-23 14:32:19'),(845,592,466,100,'EGJ',NULL,NULL,'2021-05-23 14:32:19','2021-05-23 14:32:19'),(846,592,467,100,'EGJ',NULL,NULL,'2021-05-23 14:32:19','2021-05-23 14:32:19'),(847,592,469,100,'EGJ',NULL,NULL,'2021-05-23 14:32:19','2021-05-23 14:32:19'),(848,592,472,100,'EGJ',NULL,NULL,'2021-05-23 14:32:19','2021-05-23 14:32:19'),(849,592,476,100,'EGJ',NULL,NULL,'2021-05-23 14:32:19','2021-05-23 14:32:19'),(850,592,477,100,'EGJ',NULL,NULL,'2021-05-23 14:32:19','2021-05-23 14:32:19'),(851,592,478,100,'EGJ',NULL,NULL,'2021-05-23 14:32:19','2021-05-23 14:32:19'),(852,592,479,100,'EGJ',NULL,NULL,'2021-05-23 14:32:19','2021-05-23 14:32:19'),(853,592,480,100,'EGJ',NULL,NULL,'2021-05-23 14:32:19','2021-05-23 14:32:19'),(854,592,481,100,'EGJ',NULL,NULL,'2021-05-23 14:32:19','2021-05-23 14:32:19'),(855,592,482,100,'EGJ',NULL,NULL,'2021-05-23 14:32:19','2021-05-23 14:32:19'),(856,592,483,100,'EGJ',NULL,NULL,'2021-05-23 14:32:19','2021-05-23 14:32:19'),(857,592,485,100,'EGJ',NULL,NULL,'2021-05-23 14:32:19','2021-05-23 14:32:19'),(858,592,486,100,'EGJ',NULL,NULL,'2021-05-23 14:32:19','2021-05-23 14:32:19'),(859,592,491,100,'EGJ',NULL,NULL,'2021-05-23 14:32:19','2021-05-23 14:32:19'),(860,592,502,100,'EGJ',NULL,NULL,'2021-05-23 14:32:19','2021-05-23 14:32:19'),(861,592,562,50,'EGJ',NULL,NULL,'2021-05-23 14:32:19','2021-05-23 14:32:19'),(862,592,564,50,'EGJ',NULL,NULL,'2021-05-23 14:32:19','2021-05-23 14:32:19'),(863,4910,466,100,NULL,NULL,NULL,'2021-05-23 14:32:19','2021-05-23 14:32:19'),(864,4910,467,100,NULL,NULL,NULL,'2021-05-23 14:32:19','2021-05-23 14:32:19'),(865,4910,474,100,NULL,NULL,NULL,'2021-05-23 14:32:19','2021-05-23 14:32:19'),(866,4910,475,100,NULL,NULL,NULL,'2021-05-23 14:32:19','2021-05-23 14:32:19'),(867,4910,478,100,NULL,NULL,NULL,'2021-05-23 14:32:19','2021-05-23 14:32:19'),(868,4966,466,100,NULL,NULL,NULL,'2021-05-23 14:32:19','2021-05-23 14:32:19'),(869,4966,467,100,NULL,NULL,NULL,'2021-05-23 14:32:19','2021-05-23 14:32:19'),(870,4966,472,100,NULL,NULL,NULL,'2021-05-23 14:32:19','2021-05-23 14:32:19'),(871,4966,474,100,NULL,NULL,NULL,'2021-05-23 14:32:19','2021-05-23 14:32:19'),(872,4966,476,100,NULL,NULL,NULL,'2021-05-23 14:32:19','2021-05-23 14:32:19'),(873,4966,477,100,NULL,NULL,NULL,'2021-05-23 14:32:19','2021-05-23 14:32:19'),(874,4966,478,100,NULL,NULL,NULL,'2021-05-23 14:32:19','2021-05-23 14:32:19'),(875,4966,479,100,NULL,NULL,NULL,'2021-05-23 14:32:19','2021-05-23 14:32:19'),(876,4966,481,100,NULL,NULL,NULL,'2021-05-23 14:32:19','2021-05-23 14:32:19'),(877,4966,482,100,NULL,NULL,NULL,'2021-05-23 14:32:19','2021-05-23 14:32:19'),(878,4966,484,100,NULL,NULL,NULL,'2021-05-23 14:32:19','2021-05-23 14:32:19'),(879,4966,485,100,NULL,NULL,NULL,'2021-05-23 14:32:19','2021-05-23 14:32:19'),(880,4966,486,100,NULL,NULL,NULL,'2021-05-23 14:32:19','2021-05-23 14:32:19'),(881,4966,495,100,NULL,NULL,NULL,'2021-05-23 14:32:19','2021-05-23 14:32:19'),(882,4966,498,100,NULL,NULL,NULL,'2021-05-23 14:32:19','2021-05-23 14:32:19'),(883,4966,501,100,NULL,NULL,NULL,'2021-05-23 14:32:19','2021-05-23 14:32:19'),(884,4966,505,25,NULL,NULL,NULL,'2021-05-23 14:32:19','2021-05-23 14:32:19'),(885,4968,463,100,NULL,NULL,NULL,'2021-05-23 14:32:19','2021-05-23 14:32:19'),(886,4968,464,100,NULL,NULL,NULL,'2021-05-23 14:32:19','2021-05-23 14:32:19'),(887,4968,465,100,NULL,NULL,NULL,'2021-05-23 14:32:19','2021-05-23 14:32:19'),(888,4968,472,100,NULL,NULL,NULL,'2021-05-23 14:32:19','2021-05-23 14:32:19'),(889,4968,474,100,NULL,NULL,NULL,'2021-05-23 14:32:19','2021-05-23 14:32:19'),(890,5008,462,100,NULL,NULL,NULL,'2021-05-23 14:32:19','2021-05-23 14:32:19'),(891,5008,469,100,NULL,NULL,NULL,'2021-05-23 14:32:19','2021-05-23 14:32:19'),(892,5008,473,100,NULL,NULL,NULL,'2021-05-23 14:32:19','2021-05-23 14:32:19'),(893,5008,475,100,NULL,NULL,NULL,'2021-05-23 14:32:19','2021-05-23 14:32:19'),(894,5008,477,100,NULL,NULL,NULL,'2021-05-23 14:32:19','2021-05-23 14:32:19'),(895,5008,479,100,NULL,NULL,NULL,'2021-05-23 14:32:19','2021-05-23 14:32:19'),(896,5008,483,100,NULL,NULL,NULL,'2021-05-23 14:32:19','2021-05-23 14:32:19'),(897,5008,484,100,NULL,NULL,NULL,'2021-05-23 14:32:19','2021-05-23 14:32:19'),(898,5008,486,100,NULL,NULL,NULL,'2021-05-23 14:32:19','2021-05-23 14:32:19'),(899,5008,489,100,NULL,NULL,NULL,'2021-05-23 14:32:19','2021-05-23 14:32:19'),(900,5008,498,100,NULL,NULL,NULL,'2021-05-23 14:32:19','2021-05-23 14:32:19'),(901,5008,501,100,NULL,NULL,NULL,'2021-05-23 14:32:19','2021-05-23 14:32:19'),(902,5008,505,25,NULL,NULL,NULL,'2021-05-23 14:32:19','2021-05-23 14:32:19'),(903,5008,557,50,NULL,NULL,NULL,'2021-05-23 14:32:19','2021-05-23 14:32:19'),(906,5082,461,100,NULL,NULL,NULL,'2021-05-23 14:32:19','2021-05-23 14:32:19'),(907,5082,463,100,NULL,NULL,NULL,'2021-05-23 14:32:19','2021-05-23 14:32:19'),(908,5082,464,100,NULL,NULL,NULL,'2021-05-23 14:32:19','2021-05-23 14:32:19'),(909,5082,466,100,NULL,NULL,NULL,'2021-05-23 14:32:19','2021-05-23 14:32:19'),(910,5082,472,100,NULL,NULL,NULL,'2021-05-23 14:32:19','2021-05-23 14:32:19'),(911,5082,474,100,NULL,NULL,NULL,'2021-05-23 14:32:19','2021-05-23 14:32:19'),(912,5082,475,100,NULL,NULL,NULL,'2021-05-23 14:32:19','2021-05-23 14:32:19'),(913,5082,476,100,NULL,NULL,NULL,'2021-05-23 14:32:19','2021-05-23 14:32:19'),(914,5082,478,100,NULL,NULL,NULL,'2021-05-23 14:32:19','2021-05-23 14:32:19'),(915,5082,480,100,NULL,NULL,NULL,'2021-05-23 14:32:19','2021-05-23 14:32:19'),(916,5171,513,100,NULL,NULL,NULL,'2021-05-23 14:32:19','2021-05-23 14:32:19'),(917,5171,514,100,NULL,NULL,NULL,'2021-05-23 14:32:19','2021-05-23 14:32:19'),(918,5171,517,100,NULL,NULL,NULL,'2021-05-23 14:32:19','2021-05-23 14:32:19'),(919,5171,519,100,NULL,NULL,NULL,'2021-05-23 14:32:19','2021-05-23 14:32:19'),(920,5171,518,100,NULL,NULL,NULL,'2021-05-23 14:32:19','2021-05-23 14:32:19'),(921,5171,520,100,NULL,NULL,NULL,'2021-05-23 14:32:19','2021-05-23 14:32:19'),(922,5171,522,100,NULL,NULL,NULL,'2021-05-23 14:32:19','2021-05-23 14:32:19'),(923,5171,521,100,NULL,NULL,NULL,'2021-05-23 14:32:20','2021-05-23 14:32:20'),(924,5171,523,100,NULL,NULL,NULL,'2021-05-23 14:32:20','2021-05-23 14:32:20'),(925,5171,524,100,NULL,NULL,NULL,'2021-05-23 14:32:20','2021-05-23 14:32:20'),(926,5171,527,100,NULL,NULL,NULL,'2021-05-23 14:32:20','2021-05-23 14:32:20'),(927,5171,530,100,NULL,NULL,NULL,'2021-05-23 14:32:20','2021-05-23 14:32:20'),(928,5171,531,100,NULL,NULL,NULL,'2021-05-23 14:32:20','2021-05-23 14:32:20'),(929,5171,543,100,NULL,NULL,NULL,'2021-05-23 14:32:20','2021-05-23 14:32:20'),(930,5171,544,100,NULL,NULL,NULL,'2021-05-23 14:32:20','2021-05-23 14:32:20'),(931,5171,554,100,NULL,NULL,NULL,'2021-05-23 14:32:20','2021-05-23 14:32:20'),(932,5171,558,50,NULL,NULL,NULL,'2021-05-23 14:32:20','2021-05-23 14:32:20'),(933,5171,562,50,NULL,NULL,NULL,'2021-05-23 14:32:20','2021-05-23 14:32:20'),(934,5171,563,50,NULL,NULL,NULL,'2021-05-23 14:32:20','2021-05-23 14:32:20'),(936,5171,637,100,NULL,NULL,NULL,'2021-05-23 14:32:20','2021-05-23 14:32:20'),(937,5171,639,100,NULL,NULL,NULL,'2021-05-23 14:32:20','2021-05-23 14:32:20'),(938,5171,640,100,NULL,NULL,NULL,'2021-05-23 14:32:20','2021-05-23 14:32:20'),(939,5171,641,25,NULL,NULL,NULL,'2021-05-23 14:32:20','2021-05-23 14:32:20'),(940,5171,642,25,NULL,NULL,NULL,'2021-05-23 14:32:20','2021-05-23 14:32:20'),(941,5171,643,25,NULL,NULL,NULL,'2021-05-23 14:32:20','2021-05-23 14:32:20'),(942,5171,644,25,NULL,NULL,NULL,'2021-05-23 14:32:20','2021-05-23 14:32:20'),(943,5171,645,25,NULL,NULL,NULL,'2021-05-23 14:32:20','2021-05-23 14:32:20'),(944,5171,646,25,NULL,NULL,NULL,'2021-05-23 14:32:20','2021-05-23 14:32:20'),(945,5171,648,25,NULL,NULL,NULL,'2021-05-23 14:32:20','2021-05-23 14:32:20'),(946,5171,650,25,NULL,NULL,NULL,'2021-05-23 14:32:20','2021-05-23 14:32:20'),(947,5231,477,100,NULL,NULL,NULL,'2021-05-23 14:32:20','2021-05-23 14:32:20'),(948,5231,481,100,NULL,NULL,NULL,'2021-05-23 14:32:20','2021-05-23 14:32:20'),(949,5231,483,100,NULL,NULL,NULL,'2021-05-23 14:32:20','2021-05-23 14:32:20'),(950,5231,484,100,NULL,NULL,NULL,'2021-05-23 14:32:20','2021-05-23 14:32:20'),(951,5231,486,100,NULL,NULL,NULL,'2021-05-23 14:32:20','2021-05-23 14:32:20'),(952,5231,498,100,NULL,NULL,NULL,'2021-05-23 14:32:20','2021-05-23 14:32:20'),(953,5231,505,25,NULL,NULL,NULL,'2021-05-23 14:32:20','2021-05-23 14:32:20'),(954,5289,464,100,NULL,NULL,NULL,'2021-05-23 14:32:20','2021-05-23 14:32:20'),(955,5289,472,100,NULL,NULL,NULL,'2021-05-23 14:32:20','2021-05-23 14:32:20'),(956,5289,473,100,NULL,NULL,NULL,'2021-05-23 14:32:20','2021-05-23 14:32:20'),(957,5289,475,100,NULL,NULL,NULL,'2021-05-23 14:32:20','2021-05-23 14:32:20'),(958,5289,477,100,NULL,NULL,NULL,'2021-05-23 14:32:20','2021-05-23 14:32:20'),(959,5289,483,100,NULL,NULL,NULL,'2021-05-23 14:32:20','2021-05-23 14:32:20'),(960,5289,485,100,NULL,NULL,NULL,'2021-05-23 14:32:20','2021-05-23 14:32:20'),(961,5289,498,100,NULL,NULL,NULL,'2021-05-23 14:32:20','2021-05-23 14:32:20'),(962,5336,551,100,NULL,NULL,NULL,'2021-05-23 14:32:20','2021-05-23 14:32:20'),(963,5519,637,100,NULL,NULL,NULL,'2021-05-23 14:32:20','2021-05-23 14:32:20'),(964,5519,632,100,NULL,NULL,NULL,'2021-05-23 14:32:20','2021-05-23 14:32:20'),(965,5519,644,25,NULL,NULL,NULL,'2021-05-23 14:32:20','2021-05-23 14:32:20'),(966,5519,647,25,NULL,NULL,NULL,'2021-05-23 14:32:20','2021-05-23 14:32:20'),(967,5519,649,25,NULL,NULL,NULL,'2021-05-23 14:32:20','2021-05-23 14:32:20'),(968,5519,544,100,NULL,NULL,NULL,'2021-05-23 14:32:20','2021-05-23 14:32:20'),(969,5519,554,100,NULL,NULL,NULL,'2021-05-23 14:32:20','2021-05-23 14:32:20'),(972,5534,635,100,NULL,NULL,NULL,'2021-05-23 14:32:20','2021-05-23 14:32:20'),(973,5534,636,100,NULL,NULL,NULL,'2021-05-23 14:32:20','2021-05-23 14:32:20'),(974,5534,638,100,NULL,NULL,NULL,'2021-05-23 14:32:20','2021-05-23 14:32:20'),(975,5534,640,100,NULL,NULL,NULL,'2021-05-23 14:32:20','2021-05-23 14:32:20'),(976,5534,641,25,NULL,NULL,NULL,'2021-05-23 14:32:20','2021-05-23 14:32:20'),(977,5534,643,25,NULL,NULL,NULL,'2021-05-23 14:32:20','2021-05-23 14:32:20'),(978,5534,645,25,NULL,NULL,NULL,'2021-05-23 14:32:20','2021-05-23 14:32:20'),(979,5534,646,25,NULL,NULL,NULL,'2021-05-23 14:32:20','2021-05-23 14:32:20'),(980,5534,648,25,NULL,NULL,NULL,'2021-05-23 14:32:20','2021-05-23 14:32:20'),(981,5534,650,25,NULL,NULL,NULL,'2021-05-23 14:32:20','2021-05-23 14:32:20'),(982,5534,514,100,NULL,NULL,NULL,'2021-05-23 14:32:20','2021-05-23 14:32:20'),(983,5534,523,100,NULL,NULL,NULL,'2021-05-23 14:32:20','2021-05-23 14:32:20'),(984,5534,524,100,NULL,NULL,NULL,'2021-05-23 14:32:20','2021-05-23 14:32:20'),(985,5534,527,100,NULL,NULL,NULL,'2021-05-23 14:32:20','2021-05-23 14:32:20'),(986,5534,530,100,NULL,NULL,NULL,'2021-05-23 14:32:20','2021-05-23 14:32:20'),(987,5701,524,100,NULL,NULL,NULL,'2021-05-23 14:32:20','2021-05-23 14:32:20'),(988,5701,527,100,NULL,NULL,NULL,'2021-05-23 14:32:20','2021-05-23 14:32:20'),(989,5701,530,100,NULL,NULL,NULL,'2021-05-23 14:32:20','2021-05-23 14:32:20'),(990,5701,531,100,NULL,NULL,NULL,'2021-05-23 14:32:20','2021-05-23 14:32:20'),(991,5720,472,100,NULL,NULL,NULL,'2021-05-23 14:32:20','2021-05-23 14:32:20'),(992,5720,481,100,NULL,NULL,NULL,'2021-05-23 14:32:20','2021-05-23 14:32:20'),(993,5720,484,100,NULL,NULL,NULL,'2021-05-23 14:32:20','2021-05-23 14:32:20'),(994,5720,485,100,NULL,NULL,NULL,'2021-05-23 14:32:20','2021-05-23 14:32:20'),(995,5720,504,25,NULL,NULL,NULL,'2021-05-23 14:32:20','2021-05-23 14:32:20'),(996,5720,505,25,NULL,NULL,NULL,'2021-05-23 14:32:20','2021-05-23 14:32:20'),(997,5757,469,100,NULL,NULL,NULL,'2021-05-23 14:32:20','2021-05-23 14:32:20'),(998,5757,473,100,NULL,NULL,NULL,'2021-05-23 14:32:20','2021-05-23 14:32:20'),(999,5757,475,100,NULL,NULL,NULL,'2021-05-23 14:32:20','2021-05-23 14:32:20'),(1000,5757,485,100,NULL,NULL,NULL,'2021-05-23 14:32:20','2021-05-23 14:32:20'),(1001,472,993,100,NULL,NULL,NULL,'2021-05-23 14:32:20','2021-05-23 14:32:20'),(1002,472,994,100,NULL,NULL,NULL,'2021-05-23 14:32:20','2021-05-23 14:32:20'),(1003,472,995,100,NULL,NULL,NULL,'2021-05-23 14:32:20','2021-05-23 14:32:20'),(1004,472,996,100,NULL,NULL,NULL,'2021-05-23 14:32:20','2021-05-23 14:32:20'),(1005,472,997,100,NULL,NULL,NULL,'2021-05-23 14:32:20','2021-05-23 14:32:20'),(1006,472,998,100,NULL,NULL,NULL,'2021-05-23 14:32:20','2021-05-23 14:32:20'),(1007,472,999,100,NULL,NULL,NULL,'2021-05-23 14:32:20','2021-05-23 14:32:20'),(1008,472,1000,100,NULL,NULL,NULL,'2021-05-23 14:32:20','2021-05-23 14:32:20'),(1009,472,1001,100,NULL,NULL,NULL,'2021-05-23 14:32:20','2021-05-23 14:32:20'),(1010,472,1002,100,NULL,NULL,NULL,'2021-05-23 14:32:20','2021-05-23 14:32:20'),(1011,472,1004,100,NULL,NULL,NULL,'2021-05-23 14:32:20','2021-05-23 14:32:20'),(1012,472,1005,100,NULL,NULL,NULL,'2021-05-23 14:32:20','2021-05-23 14:32:20'),(1013,472,1006,100,NULL,NULL,NULL,'2021-05-23 14:32:20','2021-05-23 14:32:20'),(1014,472,1007,100,NULL,NULL,NULL,'2021-05-23 14:32:20','2021-05-23 14:32:20'),(1015,472,1008,100,NULL,NULL,NULL,'2021-05-23 14:32:20','2021-05-23 14:32:20'),(1016,472,1009,100,NULL,NULL,NULL,'2021-05-23 14:32:20','2021-05-23 14:32:20'),(1017,472,1010,100,NULL,NULL,NULL,'2021-05-23 14:32:20','2021-05-23 14:32:20'),(1018,472,1011,100,NULL,NULL,NULL,'2021-05-23 14:32:20','2021-05-23 14:32:20'),(1019,472,1012,100,NULL,NULL,NULL,'2021-05-23 14:32:20','2021-05-23 14:32:20'),(1020,472,1013,100,NULL,NULL,NULL,'2021-05-23 14:32:20','2021-05-23 14:32:20'),(1021,472,1014,100,NULL,NULL,NULL,'2021-05-23 14:32:20','2021-05-23 14:32:20'),(1022,472,1015,100,NULL,NULL,NULL,'2021-05-23 14:32:20','2021-05-23 14:32:20'),(1023,472,1016,100,NULL,NULL,NULL,'2021-05-23 14:32:20','2021-05-23 14:32:20'),(1024,504,993,100,NULL,NULL,NULL,'2021-05-23 14:32:20','2021-05-23 14:32:20'),(1025,504,994,100,NULL,NULL,NULL,'2021-05-23 14:32:20','2021-05-23 14:32:20'),(1026,504,995,100,NULL,NULL,NULL,'2021-05-23 14:32:20','2021-05-23 14:32:20'),(1027,504,996,100,NULL,NULL,NULL,'2021-05-23 14:32:20','2021-05-23 14:32:20'),(1028,504,997,100,NULL,NULL,NULL,'2021-05-23 14:32:20','2021-05-23 14:32:20'),(1029,504,998,100,NULL,NULL,NULL,'2021-05-23 14:32:20','2021-05-23 14:32:20'),(1030,504,999,100,NULL,NULL,NULL,'2021-05-23 14:32:20','2021-05-23 14:32:20'),(1031,504,1000,100,NULL,NULL,NULL,'2021-05-23 14:32:20','2021-05-23 14:32:20'),(1032,504,1001,100,NULL,NULL,NULL,'2021-05-23 14:32:20','2021-05-23 14:32:20'),(1033,504,1002,100,NULL,NULL,NULL,'2021-05-23 14:32:20','2021-05-23 14:32:20'),(1034,504,1004,100,NULL,NULL,NULL,'2021-05-23 14:32:20','2021-05-23 14:32:20'),(1035,504,1005,100,NULL,NULL,NULL,'2021-05-23 14:32:20','2021-05-23 14:32:20'),(1036,504,1006,100,NULL,NULL,NULL,'2021-05-23 14:32:20','2021-05-23 14:32:20'),(1037,504,1007,100,NULL,NULL,NULL,'2021-05-23 14:32:20','2021-05-23 14:32:20'),(1038,504,1008,100,NULL,NULL,NULL,'2021-05-23 14:32:20','2021-05-23 14:32:20'),(1039,504,1009,100,NULL,NULL,NULL,'2021-05-23 14:32:20','2021-05-23 14:32:20'),(1040,504,1010,100,NULL,NULL,NULL,'2021-05-23 14:32:20','2021-05-23 14:32:20'),(1041,504,1011,100,NULL,NULL,NULL,'2021-05-23 14:32:20','2021-05-23 14:32:20'),(1042,504,1012,100,NULL,NULL,NULL,'2021-05-23 14:32:20','2021-05-23 14:32:20'),(1043,504,1013,100,NULL,NULL,NULL,'2021-05-23 14:32:20','2021-05-23 14:32:20'),(1044,504,1014,100,NULL,NULL,NULL,'2021-05-23 14:32:20','2021-05-23 14:32:20'),(1045,504,1015,100,NULL,NULL,NULL,'2021-05-23 14:32:20','2021-05-23 14:32:20'),(1046,504,1016,100,NULL,NULL,NULL,'2021-05-23 14:32:20','2021-05-23 14:32:20'),(1047,592,995,100,NULL,NULL,NULL,'2021-05-23 14:32:20','2021-05-23 14:32:20'),(1048,592,996,100,NULL,NULL,NULL,'2021-05-23 14:32:20','2021-05-23 14:32:20'),(1049,4599,995,100,NULL,NULL,NULL,'2021-05-23 14:32:20','2021-05-23 14:32:20'),(1050,4599,996,100,NULL,NULL,NULL,'2021-05-23 14:32:20','2021-05-23 14:32:20'),(1051,632,989,100,NULL,NULL,NULL,'2021-05-23 14:32:20','2021-05-23 14:32:20'),(1052,632,990,100,NULL,NULL,NULL,'2021-05-23 14:32:20','2021-05-23 14:32:20'),(1053,632,991,100,NULL,NULL,NULL,'2021-05-23 14:32:20','2021-05-23 14:32:20'),(1054,632,992,100,NULL,NULL,NULL,'2021-05-23 14:32:20','2021-05-23 14:32:20'),(1055,632,993,100,NULL,NULL,NULL,'2021-05-23 14:32:20','2021-05-23 14:32:20'),(1056,632,994,100,NULL,NULL,NULL,'2021-05-23 14:32:20','2021-05-23 14:32:20'),(1057,632,995,100,NULL,NULL,NULL,'2021-05-23 14:32:20','2021-05-23 14:32:20'),(1058,632,996,100,NULL,NULL,NULL,'2021-05-23 14:32:20','2021-05-23 14:32:20'),(1059,632,997,100,NULL,NULL,NULL,'2021-05-23 14:32:20','2021-05-23 14:32:20'),(1060,632,998,100,NULL,NULL,NULL,'2021-05-23 14:32:20','2021-05-23 14:32:20'),(1061,632,999,100,NULL,NULL,NULL,'2021-05-23 14:32:20','2021-05-23 14:32:20'),(1062,632,1000,100,NULL,NULL,NULL,'2021-05-23 14:32:20','2021-05-23 14:32:20'),(1063,632,1001,100,NULL,NULL,NULL,'2021-05-23 14:32:20','2021-05-23 14:32:20'),(1064,632,1002,100,NULL,NULL,NULL,'2021-05-23 14:32:20','2021-05-23 14:32:20'),(1065,657,995,100,NULL,NULL,NULL,'2021-05-23 14:32:20','2021-05-23 14:32:20'),(1066,657,996,100,NULL,NULL,NULL,'2021-05-23 14:32:20','2021-05-23 14:32:20'),(1067,657,997,100,NULL,NULL,NULL,'2021-05-23 14:32:20','2021-05-23 14:32:20'),(1068,657,998,100,NULL,NULL,NULL,'2021-05-23 14:32:20','2021-05-23 14:32:20'),(1069,657,999,100,NULL,NULL,NULL,'2021-05-23 14:32:20','2021-05-23 14:32:20'),(1070,657,1000,100,NULL,NULL,NULL,'2021-05-23 14:32:20','2021-05-23 14:32:20'),(1071,657,1001,100,NULL,NULL,NULL,'2021-05-23 14:32:20','2021-05-23 14:32:20'),(1072,657,1002,100,NULL,NULL,NULL,'2021-05-23 14:32:20','2021-05-23 14:32:20'),(1073,657,1004,100,NULL,NULL,NULL,'2021-05-23 14:32:20','2021-05-23 14:32:20'),(1074,657,1005,100,NULL,NULL,NULL,'2021-05-23 14:32:20','2021-05-23 14:32:20'),(1075,657,1006,100,NULL,NULL,NULL,'2021-05-23 14:32:20','2021-05-23 14:32:20'),(1076,657,1007,100,NULL,NULL,NULL,'2021-05-23 14:32:20','2021-05-23 14:32:20'),(1077,657,1008,100,NULL,NULL,NULL,'2021-05-23 14:32:20','2021-05-23 14:32:20'),(1078,657,1009,100,NULL,NULL,NULL,'2021-05-23 14:32:20','2021-05-23 14:32:20'),(1079,657,1010,100,NULL,NULL,NULL,'2021-05-23 14:32:20','2021-05-23 14:32:20'),(1080,657,1011,100,NULL,NULL,NULL,'2021-05-23 14:32:20','2021-05-23 14:32:20'),(1081,657,1012,100,NULL,NULL,NULL,'2021-05-23 14:32:20','2021-05-23 14:32:20'),(1082,657,1013,100,NULL,NULL,NULL,'2021-05-23 14:32:20','2021-05-23 14:32:20'),(1083,657,1014,100,NULL,NULL,NULL,'2021-05-23 14:32:20','2021-05-23 14:32:20'),(1084,657,1015,100,NULL,NULL,NULL,'2021-05-23 14:32:20','2021-05-23 14:32:20'),(1085,657,1016,100,NULL,NULL,NULL,'2021-05-23 14:32:20','2021-05-23 14:32:20'),(1086,1540,993,100,NULL,NULL,NULL,'2021-05-23 14:32:20','2021-05-23 14:32:20'),(1087,1540,994,100,NULL,NULL,NULL,'2021-05-23 14:32:20','2021-05-23 14:32:20'),(1088,1540,995,100,NULL,NULL,NULL,'2021-05-23 14:32:20','2021-05-23 14:32:20'),(1089,1540,996,100,NULL,NULL,NULL,'2021-05-23 14:32:20','2021-05-23 14:32:20'),(1090,1540,997,100,NULL,NULL,NULL,'2021-05-23 14:32:20','2021-05-23 14:32:20'),(1091,1540,998,100,NULL,NULL,NULL,'2021-05-23 14:32:20','2021-05-23 14:32:20'),(1092,1540,999,100,NULL,NULL,NULL,'2021-05-23 14:32:20','2021-05-23 14:32:20'),(1093,1540,1000,100,NULL,NULL,NULL,'2021-05-23 14:32:20','2021-05-23 14:32:20'),(1094,1540,1001,100,NULL,NULL,NULL,'2021-05-23 14:32:20','2021-05-23 14:32:20'),(1095,1540,1002,100,NULL,NULL,NULL,'2021-05-23 14:32:20','2021-05-23 14:32:20'),(1096,4839,993,100,NULL,NULL,NULL,'2021-05-23 14:32:20','2021-05-23 14:32:20'),(1097,4839,994,100,NULL,NULL,NULL,'2021-05-23 14:32:20','2021-05-23 14:32:20'),(1098,4839,995,100,NULL,NULL,NULL,'2021-05-23 14:32:20','2021-05-23 14:32:20'),(1099,4839,996,100,NULL,NULL,NULL,'2021-05-23 14:32:20','2021-05-23 14:32:20'),(1100,4839,997,100,NULL,NULL,NULL,'2021-05-23 14:32:20','2021-05-23 14:32:20'),(1101,4839,998,100,NULL,NULL,NULL,'2021-05-23 14:32:20','2021-05-23 14:32:20'),(1102,4839,999,100,NULL,NULL,NULL,'2021-05-23 14:32:20','2021-05-23 14:32:20'),(1103,4839,1000,100,NULL,NULL,NULL,'2021-05-23 14:32:20','2021-05-23 14:32:20'),(1104,4839,1001,100,NULL,NULL,NULL,'2021-05-23 14:32:20','2021-05-23 14:32:20'),(1105,4839,1002,100,NULL,NULL,NULL,'2021-05-23 14:32:20','2021-05-23 14:32:20'),(1106,1690,993,100,NULL,NULL,NULL,'2021-05-23 14:32:20','2021-05-23 14:32:20'),(1107,1690,994,100,NULL,NULL,NULL,'2021-05-23 14:32:20','2021-05-23 14:32:20'),(1108,1690,995,100,NULL,NULL,NULL,'2021-05-23 14:32:20','2021-05-23 14:32:20'),(1109,1690,996,100,NULL,NULL,NULL,'2021-05-23 14:32:20','2021-05-23 14:32:20'),(1110,1690,997,100,NULL,NULL,NULL,'2021-05-23 14:32:20','2021-05-23 14:32:20'),(1111,1690,998,100,NULL,NULL,NULL,'2021-05-23 14:32:20','2021-05-23 14:32:20'),(1112,1690,999,100,NULL,NULL,NULL,'2021-05-23 14:32:20','2021-05-23 14:32:20'),(1113,1690,1000,100,NULL,NULL,NULL,'2021-05-23 14:32:20','2021-05-23 14:32:20'),(1114,1690,1001,100,NULL,NULL,NULL,'2021-05-23 14:32:20','2021-05-23 14:32:20'),(1115,1690,1002,100,NULL,NULL,NULL,'2021-05-23 14:32:20','2021-05-23 14:32:20'),(1116,1690,1004,100,NULL,NULL,NULL,'2021-05-23 14:32:21','2021-05-23 14:32:21'),(1117,1690,1005,100,NULL,NULL,NULL,'2021-05-23 14:32:21','2021-05-23 14:32:21'),(1118,1690,1006,100,NULL,NULL,NULL,'2021-05-23 14:32:21','2021-05-23 14:32:21'),(1119,1690,1007,100,NULL,NULL,NULL,'2021-05-23 14:32:21','2021-05-23 14:32:21'),(1120,1690,1008,100,NULL,NULL,NULL,'2021-05-23 14:32:21','2021-05-23 14:32:21'),(1121,1690,1009,100,NULL,NULL,NULL,'2021-05-23 14:32:21','2021-05-23 14:32:21'),(1122,1690,1010,100,NULL,NULL,NULL,'2021-05-23 14:32:21','2021-05-23 14:32:21'),(1123,1690,1011,100,NULL,NULL,NULL,'2021-05-23 14:32:21','2021-05-23 14:32:21'),(1124,1690,1012,100,NULL,NULL,NULL,'2021-05-23 14:32:21','2021-05-23 14:32:21'),(1125,1690,1013,100,NULL,NULL,NULL,'2021-05-23 14:32:21','2021-05-23 14:32:21'),(1126,1690,1014,100,NULL,NULL,NULL,'2021-05-23 14:32:21','2021-05-23 14:32:21'),(1127,1690,1015,100,NULL,NULL,NULL,'2021-05-23 14:32:21','2021-05-23 14:32:21'),(1128,1690,1016,100,NULL,NULL,NULL,'2021-05-23 14:32:21','2021-05-23 14:32:21'),(1129,1701,989,100,NULL,NULL,NULL,'2021-05-23 14:32:21','2021-05-23 14:32:21'),(1130,1701,992,100,NULL,NULL,NULL,'2021-05-23 14:32:21','2021-05-23 14:32:21'),(1131,1701,993,100,NULL,NULL,NULL,'2021-05-23 14:32:21','2021-05-23 14:32:21'),(1132,1701,994,100,NULL,NULL,NULL,'2021-05-23 14:32:21','2021-05-23 14:32:21'),(1133,1702,995,100,NULL,NULL,NULL,'2021-05-23 14:32:21','2021-05-23 14:32:21'),(1134,1702,996,100,NULL,NULL,NULL,'2021-05-23 14:32:21','2021-05-23 14:32:21'),(1135,1702,997,100,NULL,NULL,NULL,'2021-05-23 14:32:21','2021-05-23 14:32:21'),(1136,1702,998,100,NULL,NULL,NULL,'2021-05-23 14:32:21','2021-05-23 14:32:21'),(1137,1702,999,100,NULL,NULL,NULL,'2021-05-23 14:32:21','2021-05-23 14:32:21'),(1138,1702,1000,100,NULL,NULL,NULL,'2021-05-23 14:32:21','2021-05-23 14:32:21'),(1139,1702,1001,100,NULL,NULL,NULL,'2021-05-23 14:32:21','2021-05-23 14:32:21'),(1140,1702,1002,100,NULL,NULL,NULL,'2021-05-23 14:32:21','2021-05-23 14:32:21'),(1141,1702,1004,100,NULL,NULL,NULL,'2021-05-23 14:32:21','2021-05-23 14:32:21'),(1142,1702,1005,100,NULL,NULL,NULL,'2021-05-23 14:32:21','2021-05-23 14:32:21'),(1143,1702,1006,100,NULL,NULL,NULL,'2021-05-23 14:32:21','2021-05-23 14:32:21'),(1144,1702,1007,100,NULL,NULL,NULL,'2021-05-23 14:32:21','2021-05-23 14:32:21'),(1145,1702,1008,100,NULL,NULL,NULL,'2021-05-23 14:32:21','2021-05-23 14:32:21'),(1146,1702,1009,100,NULL,NULL,NULL,'2021-05-23 14:32:21','2021-05-23 14:32:21'),(1147,1702,1010,100,NULL,NULL,NULL,'2021-05-23 14:32:21','2021-05-23 14:32:21'),(1148,1702,1011,100,NULL,NULL,NULL,'2021-05-23 14:32:21','2021-05-23 14:32:21'),(1149,1702,1012,100,NULL,NULL,NULL,'2021-05-23 14:32:21','2021-05-23 14:32:21'),(1150,1702,1013,100,NULL,NULL,NULL,'2021-05-23 14:32:21','2021-05-23 14:32:21'),(1151,1702,1014,100,NULL,NULL,NULL,'2021-05-23 14:32:21','2021-05-23 14:32:21'),(1152,1702,1015,100,NULL,NULL,NULL,'2021-05-23 14:32:21','2021-05-23 14:32:21'),(1153,1702,1016,100,NULL,NULL,NULL,'2021-05-23 14:32:21','2021-05-23 14:32:21'),(1154,2807,995,100,NULL,NULL,NULL,'2021-05-23 14:32:21','2021-05-23 14:32:21'),(1155,2807,996,100,NULL,NULL,NULL,'2021-05-23 14:32:21','2021-05-23 14:32:21'),(1156,2802,995,100,NULL,NULL,NULL,'2021-05-23 14:32:21','2021-05-23 14:32:21'),(1157,2802,996,100,NULL,NULL,NULL,'2021-05-23 14:32:21','2021-05-23 14:32:21'),(1158,3050,989,100,NULL,NULL,NULL,'2021-05-23 14:32:21','2021-05-23 14:32:21'),(1159,3050,992,100,NULL,NULL,NULL,'2021-05-23 14:32:21','2021-05-23 14:32:21'),(1160,3050,993,100,NULL,NULL,NULL,'2021-05-23 14:32:21','2021-05-23 14:32:21'),(1161,3050,994,100,NULL,NULL,NULL,'2021-05-23 14:32:21','2021-05-23 14:32:21'),(1162,3050,997,100,NULL,NULL,NULL,'2021-05-23 14:32:21','2021-05-23 14:32:21'),(1163,3050,998,100,NULL,NULL,NULL,'2021-05-23 14:32:21','2021-05-23 14:32:21'),(1164,3050,999,100,NULL,NULL,NULL,'2021-05-23 14:32:21','2021-05-23 14:32:21'),(1165,3050,1000,100,NULL,NULL,NULL,'2021-05-23 14:32:21','2021-05-23 14:32:21'),(1166,3050,1001,100,NULL,NULL,NULL,'2021-05-23 14:32:21','2021-05-23 14:32:21'),(1167,3050,1002,100,NULL,NULL,NULL,'2021-05-23 14:32:21','2021-05-23 14:32:21'),(1168,3324,995,100,NULL,NULL,NULL,'2021-05-23 14:32:21','2021-05-23 14:32:21'),(1169,3324,996,100,NULL,NULL,NULL,'2021-05-23 14:32:21','2021-05-23 14:32:21'),(1170,3324,997,100,NULL,NULL,NULL,'2021-05-23 14:32:21','2021-05-23 14:32:21'),(1171,3324,998,100,NULL,NULL,NULL,'2021-05-23 14:32:21','2021-05-23 14:32:21'),(1172,3324,999,100,NULL,NULL,NULL,'2021-05-23 14:32:21','2021-05-23 14:32:21'),(1173,3324,1000,100,NULL,NULL,NULL,'2021-05-23 14:32:21','2021-05-23 14:32:21'),(1174,3324,1001,100,NULL,NULL,NULL,'2021-05-23 14:32:21','2021-05-23 14:32:21'),(1175,3324,1002,100,NULL,NULL,NULL,'2021-05-23 14:32:21','2021-05-23 14:32:21'),(1176,3324,1004,100,NULL,NULL,NULL,'2021-05-23 14:32:21','2021-05-23 14:32:21'),(1177,3324,1005,100,NULL,NULL,NULL,'2021-05-23 14:32:21','2021-05-23 14:32:21'),(1178,3324,1006,100,NULL,NULL,NULL,'2021-05-23 14:32:21','2021-05-23 14:32:21'),(1179,3324,1007,100,NULL,NULL,NULL,'2021-05-23 14:32:21','2021-05-23 14:32:21'),(1180,3324,1008,100,NULL,NULL,NULL,'2021-05-23 14:32:21','2021-05-23 14:32:21'),(1181,3324,1009,100,NULL,NULL,NULL,'2021-05-23 14:32:21','2021-05-23 14:32:21'),(1182,3324,1010,100,NULL,NULL,NULL,'2021-05-23 14:32:21','2021-05-23 14:32:21'),(1183,3324,1011,100,NULL,NULL,NULL,'2021-05-23 14:32:21','2021-05-23 14:32:21'),(1184,3324,1012,100,NULL,NULL,NULL,'2021-05-23 14:32:21','2021-05-23 14:32:21'),(1185,3324,1013,100,NULL,NULL,NULL,'2021-05-23 14:32:21','2021-05-23 14:32:21'),(1186,3324,1014,100,NULL,NULL,NULL,'2021-05-23 14:32:21','2021-05-23 14:32:21'),(1187,3324,1015,100,NULL,NULL,NULL,'2021-05-23 14:32:21','2021-05-23 14:32:21'),(1188,3324,1016,100,NULL,NULL,NULL,'2021-05-23 14:32:21','2021-05-23 14:32:21'),(1189,4422,997,100,NULL,NULL,NULL,'2021-05-23 14:32:21','2021-05-23 14:32:21'),(1190,4422,998,100,NULL,NULL,NULL,'2021-05-23 14:32:21','2021-05-23 14:32:21'),(1191,4422,999,100,NULL,NULL,NULL,'2021-05-23 14:32:21','2021-05-23 14:32:21'),(1192,4422,1000,100,NULL,NULL,NULL,'2021-05-23 14:32:21','2021-05-23 14:32:21'),(1193,4422,1001,100,NULL,NULL,NULL,'2021-05-23 14:32:21','2021-05-23 14:32:21'),(1194,4422,1002,100,NULL,NULL,NULL,'2021-05-23 14:32:21','2021-05-23 14:32:21'),(1195,4422,1004,100,NULL,NULL,NULL,'2021-05-23 14:32:21','2021-05-23 14:32:21'),(1196,4422,1005,100,NULL,NULL,NULL,'2021-05-23 14:32:21','2021-05-23 14:32:21'),(1197,4422,1006,100,NULL,NULL,NULL,'2021-05-23 14:32:21','2021-05-23 14:32:21'),(1198,4422,1007,100,NULL,NULL,NULL,'2021-05-23 14:32:21','2021-05-23 14:32:21'),(1199,4422,1008,100,NULL,NULL,NULL,'2021-05-23 14:32:21','2021-05-23 14:32:21'),(1200,4422,1009,100,NULL,NULL,NULL,'2021-05-23 14:32:21','2021-05-23 14:32:21'),(1201,4422,1010,100,NULL,NULL,NULL,'2021-05-23 14:32:21','2021-05-23 14:32:21'),(1202,4422,1011,100,NULL,NULL,NULL,'2021-05-23 14:32:21','2021-05-23 14:32:21'),(1203,4422,1012,100,NULL,NULL,NULL,'2021-05-23 14:32:21','2021-05-23 14:32:21'),(1204,4422,1013,100,NULL,NULL,NULL,'2021-05-23 14:32:21','2021-05-23 14:32:21'),(1205,4422,1014,100,NULL,NULL,NULL,'2021-05-23 14:32:21','2021-05-23 14:32:21'),(1206,4422,1015,100,NULL,NULL,NULL,'2021-05-23 14:32:21','2021-05-23 14:32:21'),(1207,4422,1016,100,NULL,NULL,NULL,'2021-05-23 14:32:21','2021-05-23 14:32:21'),(1208,5171,995,100,NULL,NULL,NULL,'2021-05-23 14:32:21','2021-05-23 14:32:21'),(1209,5171,996,100,NULL,NULL,NULL,'2021-05-23 14:32:21','2021-05-23 14:32:21'),(1210,5171,997,100,NULL,NULL,NULL,'2021-05-23 14:32:21','2021-05-23 14:32:21'),(1211,5171,998,100,NULL,NULL,NULL,'2021-05-23 14:32:21','2021-05-23 14:32:21'),(1212,5171,999,100,NULL,NULL,NULL,'2021-05-23 14:32:21','2021-05-23 14:32:21'),(1213,5171,1000,100,NULL,NULL,NULL,'2021-05-23 14:32:21','2021-05-23 14:32:21'),(1214,5171,1001,100,NULL,NULL,NULL,'2021-05-23 14:32:21','2021-05-23 14:32:21'),(1215,5171,1002,100,NULL,NULL,NULL,'2021-05-23 14:32:21','2021-05-23 14:32:21'),(1216,5171,1004,100,NULL,NULL,NULL,'2021-05-23 14:32:21','2021-05-23 14:32:21'),(1217,5171,1005,100,NULL,NULL,NULL,'2021-05-23 14:32:21','2021-05-23 14:32:21'),(1218,5171,1006,100,NULL,NULL,NULL,'2021-05-23 14:32:21','2021-05-23 14:32:21'),(1219,5171,1007,100,NULL,NULL,NULL,'2021-05-23 14:32:21','2021-05-23 14:32:21'),(1220,5171,1008,100,NULL,NULL,NULL,'2021-05-23 14:32:21','2021-05-23 14:32:21'),(1221,5171,1009,100,NULL,NULL,NULL,'2021-05-23 14:32:21','2021-05-23 14:32:21'),(1222,5171,1010,100,NULL,NULL,NULL,'2021-05-23 14:32:21','2021-05-23 14:32:21'),(1223,5171,1011,100,NULL,NULL,NULL,'2021-05-23 14:32:21','2021-05-23 14:32:21'),(1224,5171,1012,100,NULL,NULL,NULL,'2021-05-23 14:32:21','2021-05-23 14:32:21'),(1225,5171,1013,100,NULL,NULL,NULL,'2021-05-23 14:32:21','2021-05-23 14:32:21'),(1226,5171,1014,100,NULL,NULL,NULL,'2021-05-23 14:32:21','2021-05-23 14:32:21'),(1227,5171,1015,100,NULL,NULL,NULL,'2021-05-23 14:32:21','2021-05-23 14:32:21'),(1228,5171,1016,100,NULL,NULL,NULL,'2021-05-23 14:32:21','2021-05-23 14:32:21'),(1229,5534,995,100,NULL,NULL,NULL,'2021-05-23 14:32:21','2021-05-23 14:32:21'),(1230,5534,996,100,NULL,NULL,NULL,'2021-05-23 14:32:21','2021-05-23 14:32:21'),(1231,5534,997,100,NULL,NULL,NULL,'2021-05-23 14:32:21','2021-05-23 14:32:21'),(1232,5534,998,100,NULL,NULL,NULL,'2021-05-23 14:32:21','2021-05-23 14:32:21'),(1233,5534,999,100,NULL,NULL,NULL,'2021-05-23 14:32:21','2021-05-23 14:32:21'),(1234,5534,1000,100,NULL,NULL,NULL,'2021-05-23 14:32:21','2021-05-23 14:32:21'),(1235,5534,1001,100,NULL,NULL,NULL,'2021-05-23 14:32:21','2021-05-23 14:32:21'),(1236,5534,1002,100,NULL,NULL,NULL,'2021-05-23 14:32:21','2021-05-23 14:32:21'),(1237,5534,1004,100,NULL,NULL,NULL,'2021-05-23 14:32:21','2021-05-23 14:32:21'),(1238,5534,1005,100,NULL,NULL,NULL,'2021-05-23 14:32:21','2021-05-23 14:32:21'),(1239,5534,1006,100,NULL,NULL,NULL,'2021-05-23 14:32:21','2021-05-23 14:32:21'),(1240,5534,1007,100,NULL,NULL,NULL,'2021-05-23 14:32:21','2021-05-23 14:32:21'),(1241,5534,1008,100,NULL,NULL,NULL,'2021-05-23 14:32:21','2021-05-23 14:32:21'),(1242,5534,1009,100,NULL,NULL,NULL,'2021-05-23 14:32:21','2021-05-23 14:32:21'),(1243,5534,1010,100,NULL,NULL,NULL,'2021-05-23 14:32:21','2021-05-23 14:32:21'),(1244,5534,1011,100,NULL,NULL,NULL,'2021-05-23 14:32:21','2021-05-23 14:32:21'),(1245,5534,1012,100,NULL,NULL,NULL,'2021-05-23 14:32:21','2021-05-23 14:32:21'),(1246,5534,1013,100,NULL,NULL,NULL,'2021-05-23 14:32:21','2021-05-23 14:32:21'),(1247,5534,1014,100,NULL,NULL,NULL,'2021-05-23 14:32:21','2021-05-23 14:32:21'),(1248,5534,1015,100,NULL,NULL,NULL,'2021-05-23 14:32:21','2021-05-23 14:32:21'),(1249,5534,1016,100,NULL,NULL,NULL,'2021-05-23 14:32:21','2021-05-23 14:32:21'),(1250,156,1041,100,NULL,NULL,NULL,'2021-05-23 14:32:21','2021-05-23 14:32:21'),(1251,592,1032,100,NULL,NULL,NULL,'2021-05-23 14:32:21','2021-05-23 14:32:21'),(1252,592,1033,100,NULL,NULL,NULL,'2021-05-23 14:32:21','2021-05-23 14:32:21'),(1253,4599,1032,100,NULL,NULL,NULL,'2021-05-23 14:32:21','2021-05-23 14:32:21'),(1254,4599,1033,100,NULL,NULL,NULL,'2021-05-23 14:32:21','2021-05-23 14:32:21'),(1255,632,1030,100,NULL,NULL,NULL,'2021-05-23 14:32:21','2021-05-23 14:32:21'),(1256,632,1031,100,NULL,NULL,NULL,'2021-05-23 14:32:21','2021-05-23 14:32:21'),(1257,1690,1035,100,NULL,NULL,NULL,'2021-05-23 14:32:21','2021-05-23 14:32:21'),(1258,1690,1036,100,NULL,NULL,NULL,'2021-05-23 14:32:21','2021-05-23 14:32:21'),(1259,1690,1037,100,NULL,NULL,NULL,'2021-05-23 14:32:21','2021-05-23 14:32:21'),(1260,1690,1038,100,NULL,NULL,NULL,'2021-05-23 14:32:21','2021-05-23 14:32:21'),(1261,1690,1039,100,NULL,NULL,NULL,'2021-05-23 14:32:21','2021-05-23 14:32:21'),(1262,1690,1040,100,NULL,NULL,NULL,'2021-05-23 14:32:21','2021-05-23 14:32:21'),(1263,1690,1041,100,NULL,NULL,NULL,'2021-05-23 14:32:21','2021-05-23 14:32:21'),(1264,1701,1048,100,NULL,NULL,NULL,'2021-05-23 14:32:21','2021-05-23 14:32:21'),(1265,1701,1060,100,NULL,NULL,NULL,'2021-05-23 14:32:21','2021-05-23 14:32:21'),(1266,1701,1059,100,NULL,NULL,NULL,'2021-05-23 14:32:21','2021-05-23 14:32:21'),(1267,1701,1061,100,NULL,NULL,NULL,'2021-05-23 14:32:21','2021-05-23 14:32:21'),(1268,1702,1033,100,NULL,NULL,NULL,'2021-05-23 14:32:21','2021-05-23 14:32:21'),(1269,1702,1034,100,NULL,NULL,NULL,'2021-05-23 14:32:21','2021-05-23 14:32:21'),(1270,1702,1035,100,NULL,NULL,NULL,'2021-05-23 14:32:21','2021-05-23 14:32:21'),(1271,2807,1039,100,NULL,NULL,NULL,'2021-05-23 14:32:21','2021-05-23 14:32:21'),(1272,4422,1031,100,'EG',NULL,NULL,'2021-05-23 14:32:21','2021-05-23 14:32:21'),(1273,4422,1031,100,'EI',NULL,NULL,'2021-05-23 14:32:21','2021-05-23 14:32:21'),(1274,4422,1033,100,NULL,NULL,NULL,'2021-05-23 14:32:21','2021-05-23 14:32:21'),(1275,4422,1034,100,NULL,NULL,NULL,'2021-05-23 14:32:21','2021-05-23 14:32:21'),(1276,4422,1035,100,NULL,NULL,NULL,'2021-05-23 14:32:21','2021-05-23 14:32:21'),(1277,5008,1035,100,NULL,NULL,NULL,'2021-05-23 14:32:21','2021-05-23 14:32:21'),(1278,5008,1036,100,NULL,NULL,NULL,'2021-05-23 14:32:21','2021-05-23 14:32:21'),(1279,5008,1037,100,NULL,NULL,NULL,'2021-05-23 14:32:21','2021-05-23 14:32:21'),(1280,5008,1038,100,NULL,NULL,NULL,'2021-05-23 14:32:21','2021-05-23 14:32:21'),(1281,5008,1039,100,NULL,NULL,NULL,'2021-05-23 14:32:21','2021-05-23 14:32:21'),(1282,5008,1040,100,NULL,NULL,NULL,'2021-05-23 14:32:21','2021-05-23 14:32:21'),(1283,5008,1041,100,NULL,NULL,NULL,'2021-05-23 14:32:21','2021-05-23 14:32:21'),(1284,5171,1035,100,NULL,NULL,NULL,'2021-05-23 14:32:21','2021-05-23 14:32:21'),(1285,5171,1036,100,NULL,NULL,NULL,'2021-05-23 14:32:21','2021-05-23 14:32:21'),(1286,5171,1037,100,NULL,NULL,NULL,'2021-05-23 14:32:21','2021-05-23 14:32:21'),(1287,5171,1038,100,NULL,NULL,NULL,'2021-05-23 14:32:21','2021-05-23 14:32:21'),(1288,5171,1039,100,NULL,NULL,NULL,'2021-05-23 14:32:21','2021-05-23 14:32:21'),(1289,5171,1040,100,NULL,NULL,NULL,'2021-05-23 14:32:21','2021-05-23 14:32:21'),(1290,5171,1041,100,NULL,NULL,NULL,'2021-05-23 14:32:21','2021-05-23 14:32:21'),(1291,5171,1045,100,NULL,NULL,NULL,'2021-05-23 14:32:21','2021-05-23 14:32:21'),(1292,5336,1057,100,NULL,NULL,NULL,'2021-05-23 14:32:21','2021-05-23 14:32:21'),(1293,5343,1039,100,NULL,NULL,NULL,'2021-05-23 14:32:21','2021-05-23 14:32:21'),(1294,5534,1039,100,NULL,NULL,NULL,'2021-05-23 14:32:21','2021-05-23 14:32:21'),(1295,2807,1465,100,NULL,NULL,NULL,'2021-05-23 14:32:21','2021-05-23 14:32:21'),(1296,632,1466,100,NULL,NULL,NULL,'2021-05-23 14:32:21','2021-05-23 14:32:21'),(1297,1701,1466,100,NULL,NULL,NULL,'2021-05-23 14:32:21','2021-05-23 14:32:21'),(1298,1701,1467,100,NULL,NULL,NULL,'2021-05-23 14:32:21','2021-05-23 14:32:21'),(1299,632,1193,100,NULL,NULL,NULL,'2021-05-23 14:32:21','2021-05-23 14:32:21'),(1300,632,1194,100,NULL,NULL,NULL,'2021-05-23 14:32:21','2021-05-23 14:32:21'),(1301,632,1195,100,NULL,NULL,NULL,'2021-05-23 14:32:21','2021-05-23 14:32:21'),(1302,632,1197,100,NULL,NULL,NULL,'2021-05-23 14:32:21','2021-05-23 14:32:21'),(1303,632,1199,100,NULL,NULL,NULL,'2021-05-23 14:32:21','2021-05-23 14:32:21'),(1304,962,1196,100,NULL,NULL,NULL,'2021-05-23 14:32:21','2021-05-23 14:32:21'),(1305,962,1199,100,NULL,NULL,NULL,'2021-05-23 14:32:21','2021-05-23 14:32:21'),(1306,962,1202,100,NULL,NULL,NULL,'2021-05-23 14:32:21','2021-05-23 14:32:21'),(1307,1673,1206,100,NULL,NULL,NULL,'2021-05-23 14:32:22','2021-05-23 14:32:22'),(1308,1673,1207,100,NULL,NULL,NULL,'2021-05-23 14:32:22','2021-05-23 14:32:22'),(1309,1673,1208,100,NULL,NULL,NULL,'2021-05-23 14:32:22','2021-05-23 14:32:22'),(1310,1673,1211,100,NULL,NULL,NULL,'2021-05-23 14:32:22','2021-05-23 14:32:22'),(1311,1673,1212,100,NULL,NULL,NULL,'2021-05-23 14:32:22','2021-05-23 14:32:22'),(1312,1673,1213,100,NULL,NULL,NULL,'2021-05-23 14:32:22','2021-05-23 14:32:22'),(1313,1673,1214,100,NULL,NULL,NULL,'2021-05-23 14:32:22','2021-05-23 14:32:22'),(1314,1673,1215,100,NULL,NULL,NULL,'2021-05-23 14:32:22','2021-05-23 14:32:22'),(1315,1690,1202,100,NULL,NULL,NULL,'2021-05-23 14:32:22','2021-05-23 14:32:22'),(1316,1690,1203,100,NULL,NULL,NULL,'2021-05-23 14:32:22','2021-05-23 14:32:22'),(1317,1690,1204,100,NULL,NULL,NULL,'2021-05-23 14:32:22','2021-05-23 14:32:22'),(1318,1690,1205,100,NULL,NULL,NULL,'2021-05-23 14:32:22','2021-05-23 14:32:22'),(1319,1702,1182,100,NULL,NULL,NULL,'2021-05-23 14:32:22','2021-05-23 14:32:22'),(1320,1702,1183,100,NULL,NULL,NULL,'2021-05-23 14:32:22','2021-05-23 14:32:22'),(1321,1702,1184,100,NULL,NULL,NULL,'2021-05-23 14:32:22','2021-05-23 14:32:22'),(1322,1702,1190,100,NULL,NULL,NULL,'2021-05-23 14:32:22','2021-05-23 14:32:22'),(1323,1702,1191,100,NULL,NULL,NULL,'2021-05-23 14:32:22','2021-05-23 14:32:22'),(1324,1702,1215,100,NULL,NULL,NULL,'2021-05-23 14:32:22','2021-05-23 14:32:22'),(1325,1757,1224,100,NULL,NULL,NULL,'2021-05-23 14:32:22','2021-05-23 14:32:22'),(1326,2414,1206,100,NULL,NULL,NULL,'2021-05-23 14:32:22','2021-05-23 14:32:22'),(1327,2414,1207,100,NULL,NULL,NULL,'2021-05-23 14:32:22','2021-05-23 14:32:22'),(1328,2414,1208,100,NULL,NULL,NULL,'2021-05-23 14:32:22','2021-05-23 14:32:22'),(1329,2414,1211,100,NULL,NULL,NULL,'2021-05-23 14:32:22','2021-05-23 14:32:22'),(1330,2414,1212,100,NULL,NULL,NULL,'2021-05-23 14:32:22','2021-05-23 14:32:22'),(1331,2414,1213,100,NULL,NULL,NULL,'2021-05-23 14:32:22','2021-05-23 14:32:22'),(1332,2414,1214,100,NULL,NULL,NULL,'2021-05-23 14:32:22','2021-05-23 14:32:22'),(1333,2414,1215,100,NULL,NULL,NULL,'2021-05-23 14:32:22','2021-05-23 14:32:22'),(1334,2807,1206,100,NULL,NULL,NULL,'2021-05-23 14:32:22','2021-05-23 14:32:22'),(1335,2807,1207,100,NULL,NULL,NULL,'2021-05-23 14:32:22','2021-05-23 14:32:22'),(1336,2807,1208,100,NULL,NULL,NULL,'2021-05-23 14:32:22','2021-05-23 14:32:22'),(1337,2807,1211,100,NULL,NULL,NULL,'2021-05-23 14:32:22','2021-05-23 14:32:22'),(1338,2807,1212,100,NULL,NULL,NULL,'2021-05-23 14:32:22','2021-05-23 14:32:22'),(1339,2807,1213,100,NULL,NULL,NULL,'2021-05-23 14:32:22','2021-05-23 14:32:22'),(1340,2807,1214,100,NULL,NULL,NULL,'2021-05-23 14:32:22','2021-05-23 14:32:22'),(1341,2807,1215,100,NULL,NULL,NULL,'2021-05-23 14:32:22','2021-05-23 14:32:22'),(1342,3050,1179,100,NULL,NULL,NULL,'2021-05-23 14:32:22','2021-05-23 14:32:22'),(1343,3050,1181,100,NULL,NULL,NULL,'2021-05-23 14:32:22','2021-05-23 14:32:22'),(1344,3050,1191,100,NULL,NULL,NULL,'2021-05-23 14:32:22','2021-05-23 14:32:22'),(1345,3050,1192,100,NULL,NULL,NULL,'2021-05-23 14:32:22','2021-05-23 14:32:22'),(1346,4422,1184,100,NULL,NULL,NULL,'2021-05-23 14:32:22','2021-05-23 14:32:22'),(1347,4422,1188,100,NULL,NULL,NULL,'2021-05-23 14:32:22','2021-05-23 14:32:22'),(1348,4422,1211,100,NULL,NULL,NULL,'2021-05-23 14:32:22','2021-05-23 14:32:22'),(1349,4422,1212,100,NULL,NULL,NULL,'2021-05-23 14:32:22','2021-05-23 14:32:22'),(1350,4422,1213,100,NULL,NULL,NULL,'2021-05-23 14:32:22','2021-05-23 14:32:22'),(1351,4422,1214,100,NULL,NULL,NULL,'2021-05-23 14:32:22','2021-05-23 14:32:22'),(1352,4422,1215,100,NULL,NULL,NULL,'2021-05-23 14:32:22','2021-05-23 14:32:22'),(1353,4599,1198,100,'EGKK',NULL,NULL,'2021-05-23 14:32:22','2021-05-23 14:32:22'),(1354,4599,1200,100,'EGLL',NULL,NULL,'2021-05-23 14:32:22','2021-05-23 14:32:22'),(1355,592,1198,100,'EGKK',NULL,NULL,'2021-05-23 14:32:22','2021-05-23 14:32:22'),(1356,592,1200,100,'EGLL',NULL,NULL,'2021-05-23 14:32:22','2021-05-23 14:32:22'),(1357,4839,1196,100,NULL,NULL,NULL,'2021-05-23 14:32:22','2021-05-23 14:32:22'),(1358,4839,1197,100,NULL,NULL,NULL,'2021-05-23 14:32:22','2021-05-23 14:32:22'),(1359,5008,1206,100,NULL,NULL,NULL,'2021-05-23 14:32:22','2021-05-23 14:32:22'),(1360,5008,1207,100,NULL,NULL,NULL,'2021-05-23 14:32:22','2021-05-23 14:32:22'),(1361,5008,1208,100,NULL,NULL,NULL,'2021-05-23 14:32:22','2021-05-23 14:32:22'),(1362,5008,1211,100,NULL,NULL,NULL,'2021-05-23 14:32:22','2021-05-23 14:32:22'),(1363,5008,1212,100,NULL,NULL,NULL,'2021-05-23 14:32:22','2021-05-23 14:32:22'),(1364,5008,1213,100,NULL,NULL,NULL,'2021-05-23 14:32:22','2021-05-23 14:32:22'),(1365,5008,1214,100,NULL,NULL,NULL,'2021-05-23 14:32:22','2021-05-23 14:32:22'),(1366,5008,1215,100,NULL,NULL,NULL,'2021-05-23 14:32:22','2021-05-23 14:32:22'),(1367,5231,1207,100,NULL,NULL,NULL,'2021-05-23 14:32:22','2021-05-23 14:32:22'),(1368,5231,1208,100,NULL,NULL,NULL,'2021-05-23 14:32:22','2021-05-23 14:32:22'),(1369,5231,1209,100,NULL,NULL,NULL,'2021-05-23 14:32:22','2021-05-23 14:32:22'),(1370,5231,1212,100,NULL,NULL,NULL,'2021-05-23 14:32:22','2021-05-23 14:32:22'),(1371,5231,1213,100,NULL,NULL,NULL,'2021-05-23 14:32:22','2021-05-23 14:32:22'),(1372,5171,1206,100,NULL,NULL,NULL,'2021-05-23 14:32:22','2021-05-23 14:32:22'),(1373,5171,1207,100,NULL,NULL,NULL,'2021-05-23 14:32:22','2021-05-23 14:32:22'),(1374,5171,1208,100,NULL,NULL,NULL,'2021-05-23 14:32:22','2021-05-23 14:32:22'),(1375,5171,1209,100,NULL,NULL,NULL,'2021-05-23 14:32:22','2021-05-23 14:32:22'),(1376,5171,1211,100,NULL,NULL,NULL,'2021-05-23 14:32:22','2021-05-23 14:32:22'),(1377,5171,1212,100,NULL,NULL,NULL,'2021-05-23 14:32:22','2021-05-23 14:32:22'),(1378,5171,1213,100,NULL,NULL,NULL,'2021-05-23 14:32:22','2021-05-23 14:32:22'),(1379,5171,1214,100,NULL,NULL,NULL,'2021-05-23 14:32:22','2021-05-23 14:32:22'),(1380,5171,1215,100,NULL,NULL,NULL,'2021-05-23 14:32:22','2021-05-23 14:32:22'),(1381,5269,1206,100,NULL,NULL,NULL,'2021-05-23 14:32:22','2021-05-23 14:32:22'),(1382,5269,1207,100,NULL,NULL,NULL,'2021-05-23 14:32:22','2021-05-23 14:32:22'),(1383,5269,1208,100,NULL,NULL,NULL,'2021-05-23 14:32:22','2021-05-23 14:32:22'),(1384,5269,1209,100,NULL,NULL,NULL,'2021-05-23 14:32:22','2021-05-23 14:32:22'),(1385,5269,1211,100,NULL,NULL,NULL,'2021-05-23 14:32:22','2021-05-23 14:32:22'),(1386,5269,1212,100,NULL,NULL,NULL,'2021-05-23 14:32:22','2021-05-23 14:32:22'),(1387,5269,1213,100,NULL,NULL,NULL,'2021-05-23 14:32:22','2021-05-23 14:32:22'),(1388,5269,1214,100,NULL,NULL,NULL,'2021-05-23 14:32:22','2021-05-23 14:32:22'),(1389,5269,1215,100,NULL,NULL,NULL,'2021-05-23 14:32:22','2021-05-23 14:32:22'),(1390,5336,1209,100,NULL,NULL,NULL,'2021-05-23 14:32:22','2021-05-23 14:32:22'),(1391,5343,1206,100,NULL,NULL,NULL,'2021-05-23 14:32:22','2021-05-23 14:32:22'),(1392,5343,1207,100,NULL,NULL,NULL,'2021-05-23 14:32:22','2021-05-23 14:32:22'),(1393,5343,1208,100,NULL,NULL,NULL,'2021-05-23 14:32:22','2021-05-23 14:32:22'),(1394,5343,1211,100,NULL,NULL,NULL,'2021-05-23 14:32:22','2021-05-23 14:32:22'),(1395,5343,1212,100,NULL,NULL,NULL,'2021-05-23 14:32:22','2021-05-23 14:32:22'),(1396,5343,1213,100,NULL,NULL,NULL,'2021-05-23 14:32:22','2021-05-23 14:32:22'),(1397,1290,1206,100,NULL,NULL,NULL,'2021-05-23 14:32:22','2021-05-23 14:32:22'),(1398,1290,1207,100,NULL,NULL,NULL,'2021-05-23 14:32:22','2021-05-23 14:32:22'),(1399,1290,1208,100,NULL,NULL,NULL,'2021-05-23 14:32:22','2021-05-23 14:32:22'),(1400,1290,1211,100,NULL,NULL,NULL,'2021-05-23 14:32:22','2021-05-23 14:32:22'),(1401,1290,1212,100,NULL,NULL,NULL,'2021-05-23 14:32:22','2021-05-23 14:32:22'),(1402,1290,1213,100,NULL,NULL,NULL,'2021-05-23 14:32:22','2021-05-23 14:32:22'),(1403,29,1206,100,NULL,NULL,NULL,'2021-05-23 14:32:22','2021-05-23 14:32:22'),(1404,29,1207,100,NULL,NULL,NULL,'2021-05-23 14:32:22','2021-05-23 14:32:22'),(1405,29,1208,100,NULL,NULL,NULL,'2021-05-23 14:32:22','2021-05-23 14:32:22'),(1406,29,1211,100,NULL,NULL,NULL,'2021-05-23 14:32:22','2021-05-23 14:32:22'),(1407,29,1212,100,NULL,NULL,NULL,'2021-05-23 14:32:22','2021-05-23 14:32:22'),(1408,29,1213,100,NULL,NULL,NULL,'2021-05-23 14:32:22','2021-05-23 14:32:22'),(1409,5519,1212,100,NULL,NULL,NULL,'2021-05-23 14:32:22','2021-05-23 14:32:22'),(1410,5519,1214,100,NULL,NULL,NULL,'2021-05-23 14:32:22','2021-05-23 14:32:22'),(1411,5757,1206,100,NULL,NULL,NULL,'2021-05-23 14:32:22','2021-05-23 14:32:22'),(1412,5757,1207,100,NULL,NULL,NULL,'2021-05-23 14:32:22','2021-05-23 14:32:22'),(1413,5757,1208,100,NULL,NULL,NULL,'2021-05-23 14:32:22','2021-05-23 14:32:22'),(1414,5757,1211,100,NULL,NULL,NULL,'2021-05-23 14:32:22','2021-05-23 14:32:22'),(1415,5757,1212,100,NULL,NULL,NULL,'2021-05-23 14:32:22','2021-05-23 14:32:22'),(1416,5757,1213,100,NULL,NULL,NULL,'2021-05-23 14:32:22','2021-05-23 14:32:22'),(1417,5757,1214,100,NULL,NULL,NULL,'2021-05-23 14:32:22','2021-05-23 14:32:22'),(1418,5757,1215,100,NULL,NULL,NULL,'2021-05-23 14:32:22','2021-05-23 14:32:22'),(1419,5701,1206,100,NULL,NULL,NULL,'2021-05-23 14:32:22','2021-05-23 14:32:22'),(1420,5701,1207,100,NULL,NULL,NULL,'2021-05-23 14:32:22','2021-05-23 14:32:22'),(1421,5701,1208,100,NULL,NULL,NULL,'2021-05-23 14:32:22','2021-05-23 14:32:22'),(1422,5701,1211,100,NULL,NULL,NULL,'2021-05-23 14:32:22','2021-05-23 14:32:22'),(1423,5701,1212,100,NULL,NULL,NULL,'2021-05-23 14:32:22','2021-05-23 14:32:22'),(1424,5701,1213,100,NULL,NULL,NULL,'2021-05-23 14:32:22','2021-05-23 14:32:22'),(1425,5701,1214,100,NULL,NULL,NULL,'2021-05-23 14:32:22','2021-05-23 14:32:22'),(1426,5701,1215,100,NULL,NULL,NULL,'2021-05-23 14:32:22','2021-05-23 14:32:22'),(1427,4599,1237,100,NULL,NULL,NULL,'2021-05-23 14:32:22','2021-05-23 14:32:22'),(1428,4599,1238,100,NULL,NULL,NULL,'2021-05-23 14:32:22','2021-05-23 14:32:22'),(1429,4599,1239,100,NULL,NULL,NULL,'2021-05-23 14:32:22','2021-05-23 14:32:22'),(1430,4599,1240,100,NULL,NULL,NULL,'2021-05-23 14:32:22','2021-05-23 14:32:22'),(1431,4599,1531,100,NULL,NULL,NULL,'2021-05-23 14:32:22','2021-05-23 14:32:22'),(1432,4599,1241,100,NULL,NULL,NULL,'2021-05-23 14:32:22','2021-05-23 14:32:22'),(1433,4599,1532,100,NULL,NULL,NULL,'2021-05-23 14:32:22','2021-05-23 14:32:22'),(1434,4599,1242,100,NULL,NULL,NULL,'2021-05-23 14:32:22','2021-05-23 14:32:22'),(1435,4599,1243,100,NULL,NULL,NULL,'2021-05-23 14:32:22','2021-05-23 14:32:22'),(1436,4599,1244,100,NULL,NULL,NULL,'2021-05-23 14:32:22','2021-05-23 14:32:22'),(1437,1702,1231,100,NULL,NULL,NULL,'2021-05-23 14:32:22','2021-05-23 14:32:22'),(1438,1702,1230,100,NULL,NULL,NULL,'2021-05-23 14:32:22','2021-05-23 14:32:22'),(1439,1702,1232,100,NULL,NULL,NULL,'2021-05-23 14:32:22','2021-05-23 14:32:22'),(1440,1702,1233,100,NULL,NULL,NULL,'2021-05-23 14:32:22','2021-05-23 14:32:22'),(1441,1702,1234,100,NULL,NULL,NULL,'2021-05-23 14:32:22','2021-05-23 14:32:22'),(1442,1702,1235,100,NULL,NULL,NULL,'2021-05-23 14:32:22','2021-05-23 14:32:22'),(1443,1702,1236,100,NULL,NULL,NULL,'2021-05-23 14:32:22','2021-05-23 14:32:22'),(1444,1702,1237,100,NULL,NULL,NULL,'2021-05-23 14:32:22','2021-05-23 14:32:22'),(1445,1702,1238,100,NULL,NULL,NULL,'2021-05-23 14:32:22','2021-05-23 14:32:22'),(1446,1702,1239,100,NULL,NULL,NULL,'2021-05-23 14:32:22','2021-05-23 14:32:22'),(1447,1702,1240,100,NULL,NULL,NULL,'2021-05-23 14:32:22','2021-05-23 14:32:22'),(1448,1702,1531,100,NULL,NULL,NULL,'2021-05-23 14:32:22','2021-05-23 14:32:22'),(1449,1702,1241,100,NULL,NULL,NULL,'2021-05-23 14:32:22','2021-05-23 14:32:22'),(1450,1702,1532,100,NULL,NULL,NULL,'2021-05-23 14:32:22','2021-05-23 14:32:22'),(1451,1702,1242,100,NULL,NULL,NULL,'2021-05-23 14:32:22','2021-05-23 14:32:22'),(1452,1702,1243,100,NULL,NULL,NULL,'2021-05-23 14:32:22','2021-05-23 14:32:22'),(1453,1702,1244,100,NULL,NULL,NULL,'2021-05-23 14:32:22','2021-05-23 14:32:22'),(1454,1702,1250,100,NULL,NULL,NULL,'2021-05-23 14:32:22','2021-05-23 14:32:22'),(1455,1702,1249,100,NULL,NULL,NULL,'2021-05-23 14:32:22','2021-05-23 14:32:22'),(1456,1702,1248,100,NULL,NULL,NULL,'2021-05-23 14:32:22','2021-05-23 14:32:22'),(1457,1702,1251,100,NULL,NULL,NULL,'2021-05-23 14:32:22','2021-05-23 14:32:22'),(1458,1702,1252,100,NULL,NULL,NULL,'2021-05-23 14:32:22','2021-05-23 14:32:22'),(1459,1702,1253,100,NULL,NULL,NULL,'2021-05-23 14:32:22','2021-05-23 14:32:22'),(1460,1702,1254,100,NULL,NULL,NULL,'2021-05-23 14:32:22','2021-05-23 14:32:22'),(1461,1702,1255,100,NULL,NULL,NULL,'2021-05-23 14:32:22','2021-05-23 14:32:22'),(1462,1702,1256,100,NULL,NULL,NULL,'2021-05-23 14:32:22','2021-05-23 14:32:22'),(1463,1702,1257,100,NULL,NULL,NULL,'2021-05-23 14:32:22','2021-05-23 14:32:22'),(1464,1702,1533,100,NULL,NULL,NULL,'2021-05-23 14:32:22','2021-05-23 14:32:22'),(1465,1702,1258,100,NULL,NULL,NULL,'2021-05-23 14:32:22','2021-05-23 14:32:22'),(1466,1702,1259,100,NULL,NULL,NULL,'2021-05-23 14:32:22','2021-05-23 14:32:22'),(1467,1702,1260,100,NULL,NULL,NULL,'2021-05-23 14:32:22','2021-05-23 14:32:22'),(1468,1702,1261,100,NULL,NULL,NULL,'2021-05-23 14:32:22','2021-05-23 14:32:22'),(1469,1702,1262,100,NULL,NULL,NULL,'2021-05-23 14:32:22','2021-05-23 14:32:22'),(1470,1702,1263,100,NULL,NULL,NULL,'2021-05-23 14:32:22','2021-05-23 14:32:22'),(1471,1702,1264,100,NULL,NULL,NULL,'2021-05-23 14:32:22','2021-05-23 14:32:22'),(1472,1702,1265,100,NULL,NULL,NULL,'2021-05-23 14:32:22','2021-05-23 14:32:22'),(1473,1702,1266,100,NULL,NULL,NULL,'2021-05-23 14:32:22','2021-05-23 14:32:22'),(1474,1702,1267,100,NULL,NULL,NULL,'2021-05-23 14:32:22','2021-05-23 14:32:22'),(1475,632,1250,100,NULL,NULL,NULL,'2021-05-23 14:32:22','2021-05-23 14:32:22'),(1476,632,1249,100,NULL,NULL,NULL,'2021-05-23 14:32:22','2021-05-23 14:32:22'),(1477,632,1248,100,NULL,NULL,NULL,'2021-05-23 14:32:22','2021-05-23 14:32:22'),(1478,632,1251,100,NULL,NULL,NULL,'2021-05-23 14:32:22','2021-05-23 14:32:22'),(1479,632,1252,100,NULL,NULL,NULL,'2021-05-23 14:32:22','2021-05-23 14:32:22'),(1480,632,1253,100,NULL,NULL,NULL,'2021-05-23 14:32:22','2021-05-23 14:32:22'),(1481,632,1254,100,NULL,NULL,NULL,'2021-05-23 14:32:22','2021-05-23 14:32:22'),(1482,632,1255,100,NULL,NULL,NULL,'2021-05-23 14:32:22','2021-05-23 14:32:22'),(1483,632,1256,100,NULL,NULL,NULL,'2021-05-23 14:32:22','2021-05-23 14:32:22'),(1484,632,1257,100,NULL,NULL,NULL,'2021-05-23 14:32:22','2021-05-23 14:32:22'),(1485,632,1533,100,NULL,NULL,NULL,'2021-05-23 14:32:22','2021-05-23 14:32:22'),(1486,632,1258,100,NULL,NULL,NULL,'2021-05-23 14:32:22','2021-05-23 14:32:22'),(1487,632,1259,100,NULL,NULL,NULL,'2021-05-23 14:32:22','2021-05-23 14:32:22'),(1488,632,1260,100,NULL,NULL,NULL,'2021-05-23 14:32:22','2021-05-23 14:32:22'),(1489,632,1261,100,NULL,NULL,NULL,'2021-05-23 14:32:22','2021-05-23 14:32:22'),(1490,632,1262,100,NULL,NULL,NULL,'2021-05-23 14:32:22','2021-05-23 14:32:22'),(1491,632,1263,100,NULL,NULL,NULL,'2021-05-23 14:32:22','2021-05-23 14:32:22'),(1492,632,1264,100,NULL,NULL,NULL,'2021-05-23 14:32:23','2021-05-23 14:32:23'),(1493,632,1265,100,NULL,NULL,NULL,'2021-05-23 14:32:23','2021-05-23 14:32:23'),(1494,632,1266,100,NULL,NULL,NULL,'2021-05-23 14:32:23','2021-05-23 14:32:23'),(1495,632,1267,100,NULL,NULL,NULL,'2021-05-23 14:32:23','2021-05-23 14:32:23'),(1496,1690,1232,100,NULL,NULL,NULL,'2021-05-23 14:32:23','2021-05-23 14:32:23'),(1497,1690,1233,100,NULL,NULL,NULL,'2021-05-23 14:32:23','2021-05-23 14:32:23'),(1498,1690,1234,100,NULL,NULL,NULL,'2021-05-23 14:32:23','2021-05-23 14:32:23'),(1499,1690,1235,100,NULL,NULL,NULL,'2021-05-23 14:32:23','2021-05-23 14:32:23'),(1500,1690,1236,100,NULL,NULL,NULL,'2021-05-23 14:32:23','2021-05-23 14:32:23'),(1501,1690,1237,100,NULL,NULL,NULL,'2021-05-23 14:32:23','2021-05-23 14:32:23'),(1502,1690,1238,100,NULL,NULL,NULL,'2021-05-23 14:32:23','2021-05-23 14:32:23'),(1503,1690,1239,100,NULL,NULL,NULL,'2021-05-23 14:32:23','2021-05-23 14:32:23'),(1504,1690,1240,100,NULL,NULL,NULL,'2021-05-23 14:32:23','2021-05-23 14:32:23'),(1505,1690,1531,100,NULL,NULL,NULL,'2021-05-23 14:32:23','2021-05-23 14:32:23'),(1506,1690,1241,100,NULL,NULL,NULL,'2021-05-23 14:32:23','2021-05-23 14:32:23'),(1507,1690,1532,100,NULL,NULL,NULL,'2021-05-23 14:32:23','2021-05-23 14:32:23'),(1508,1690,1242,100,NULL,NULL,NULL,'2021-05-23 14:32:23','2021-05-23 14:32:23'),(1509,1690,1243,100,NULL,NULL,NULL,'2021-05-23 14:32:23','2021-05-23 14:32:23'),(1510,1690,1244,100,NULL,NULL,NULL,'2021-05-23 14:32:23','2021-05-23 14:32:23'),(1511,1690,1250,100,NULL,NULL,NULL,'2021-05-23 14:32:23','2021-05-23 14:32:23'),(1512,1690,1249,100,NULL,NULL,NULL,'2021-05-23 14:32:23','2021-05-23 14:32:23'),(1513,1690,1248,100,NULL,NULL,NULL,'2021-05-23 14:32:23','2021-05-23 14:32:23'),(1514,1690,1251,100,NULL,NULL,NULL,'2021-05-23 14:32:23','2021-05-23 14:32:23'),(1515,1690,1252,100,NULL,NULL,NULL,'2021-05-23 14:32:23','2021-05-23 14:32:23'),(1516,1690,1253,100,NULL,NULL,NULL,'2021-05-23 14:32:23','2021-05-23 14:32:23'),(1517,1690,1254,100,NULL,NULL,NULL,'2021-05-23 14:32:23','2021-05-23 14:32:23'),(1518,1690,1255,100,NULL,NULL,NULL,'2021-05-23 14:32:23','2021-05-23 14:32:23'),(1519,1690,1256,100,NULL,NULL,NULL,'2021-05-23 14:32:23','2021-05-23 14:32:23'),(1520,1690,1257,100,NULL,NULL,NULL,'2021-05-23 14:32:23','2021-05-23 14:32:23'),(1521,1690,1533,100,NULL,NULL,NULL,'2021-05-23 14:32:23','2021-05-23 14:32:23'),(1522,1690,1258,100,NULL,NULL,NULL,'2021-05-23 14:32:23','2021-05-23 14:32:23'),(1523,1690,1259,100,NULL,NULL,NULL,'2021-05-23 14:32:23','2021-05-23 14:32:23'),(1524,1690,1260,100,NULL,NULL,NULL,'2021-05-23 14:32:23','2021-05-23 14:32:23'),(1525,1690,1261,100,NULL,NULL,NULL,'2021-05-23 14:32:23','2021-05-23 14:32:23'),(1526,1690,1262,100,NULL,NULL,NULL,'2021-05-23 14:32:23','2021-05-23 14:32:23'),(1527,1690,1263,100,NULL,NULL,NULL,'2021-05-23 14:32:23','2021-05-23 14:32:23'),(1528,1690,1264,100,NULL,NULL,NULL,'2021-05-23 14:32:23','2021-05-23 14:32:23'),(1529,1690,1265,100,NULL,NULL,NULL,'2021-05-23 14:32:23','2021-05-23 14:32:23'),(1530,1690,1266,100,NULL,NULL,NULL,'2021-05-23 14:32:23','2021-05-23 14:32:23'),(1531,1690,1267,100,NULL,NULL,NULL,'2021-05-23 14:32:23','2021-05-23 14:32:23'),(1532,2807,1232,100,NULL,NULL,NULL,'2021-05-23 14:32:23','2021-05-23 14:32:23'),(1533,2807,1233,100,NULL,NULL,NULL,'2021-05-23 14:32:23','2021-05-23 14:32:23'),(1534,2807,1234,100,NULL,NULL,NULL,'2021-05-23 14:32:23','2021-05-23 14:32:23'),(1535,2807,1235,100,NULL,NULL,NULL,'2021-05-23 14:32:23','2021-05-23 14:32:23'),(1536,3477,1232,100,NULL,NULL,NULL,'2021-05-23 14:32:23','2021-05-23 14:32:23'),(1537,3477,1233,100,NULL,NULL,NULL,'2021-05-23 14:32:23','2021-05-23 14:32:23'),(1538,3477,1234,100,NULL,NULL,NULL,'2021-05-23 14:32:23','2021-05-23 14:32:23'),(1539,3477,1235,100,NULL,NULL,NULL,'2021-05-23 14:32:23','2021-05-23 14:32:23'),(1540,4422,1250,100,NULL,NULL,NULL,'2021-05-23 14:32:23','2021-05-23 14:32:23'),(1541,4422,1249,100,NULL,NULL,NULL,'2021-05-23 14:32:23','2021-05-23 14:32:23'),(1542,4422,1248,100,NULL,NULL,NULL,'2021-05-23 14:32:23','2021-05-23 14:32:23'),(1543,4422,1251,100,NULL,NULL,NULL,'2021-05-23 14:32:23','2021-05-23 14:32:23'),(1544,4422,1252,100,NULL,NULL,NULL,'2021-05-23 14:32:23','2021-05-23 14:32:23'),(1545,4422,1253,100,NULL,NULL,NULL,'2021-05-23 14:32:23','2021-05-23 14:32:23'),(1546,4422,1254,100,NULL,NULL,NULL,'2021-05-23 14:32:23','2021-05-23 14:32:23'),(1547,4422,1255,100,NULL,NULL,NULL,'2021-05-23 14:32:23','2021-05-23 14:32:23'),(1548,4422,1256,100,NULL,NULL,NULL,'2021-05-23 14:32:23','2021-05-23 14:32:23'),(1549,4422,1257,100,NULL,NULL,NULL,'2021-05-23 14:32:23','2021-05-23 14:32:23'),(1550,4422,1533,100,NULL,NULL,NULL,'2021-05-23 14:32:23','2021-05-23 14:32:23'),(1551,4422,1258,100,NULL,NULL,NULL,'2021-05-23 14:32:23','2021-05-23 14:32:23'),(1552,4422,1259,100,NULL,NULL,NULL,'2021-05-23 14:32:23','2021-05-23 14:32:23'),(1553,4422,1260,100,NULL,NULL,NULL,'2021-05-23 14:32:23','2021-05-23 14:32:23'),(1554,4422,1261,100,NULL,NULL,NULL,'2021-05-23 14:32:23','2021-05-23 14:32:23'),(1555,4422,1262,100,NULL,NULL,NULL,'2021-05-23 14:32:23','2021-05-23 14:32:23'),(1556,4422,1263,100,NULL,NULL,NULL,'2021-05-23 14:32:23','2021-05-23 14:32:23'),(1557,4422,1264,100,NULL,NULL,NULL,'2021-05-23 14:32:23','2021-05-23 14:32:23'),(1558,4422,1265,100,NULL,NULL,NULL,'2021-05-23 14:32:23','2021-05-23 14:32:23'),(1559,4422,1266,100,NULL,NULL,NULL,'2021-05-23 14:32:23','2021-05-23 14:32:23'),(1560,4422,1267,100,NULL,NULL,NULL,'2021-05-23 14:32:23','2021-05-23 14:32:23'),(1561,4422,1230,100,'EIDW',NULL,NULL,'2021-05-23 14:32:23','2021-05-23 14:32:23'),(1562,4422,1231,100,'EIDW',NULL,NULL,'2021-05-23 14:32:23','2021-05-23 14:32:23'),(1563,592,1340,100,NULL,NULL,NULL,'2021-05-23 14:32:23','2021-05-23 14:32:23'),(1564,592,1341,101,NULL,NULL,NULL,'2021-05-23 14:32:23','2021-05-23 14:32:23'),(1565,592,1342,101,NULL,NULL,NULL,'2021-05-23 14:32:23','2021-05-23 14:32:23'),(1566,592,1343,101,NULL,NULL,NULL,'2021-05-23 14:32:23','2021-05-23 14:32:23'),(1567,592,1344,100,NULL,NULL,NULL,'2021-05-23 14:32:23','2021-05-23 14:32:23'),(1568,592,1345,101,NULL,NULL,NULL,'2021-05-23 14:32:23','2021-05-23 14:32:23'),(1569,4599,1340,100,NULL,NULL,NULL,'2021-05-23 14:32:23','2021-05-23 14:32:23'),(1570,4599,1341,101,NULL,NULL,NULL,'2021-05-23 14:32:23','2021-05-23 14:32:23'),(1571,4599,1342,101,NULL,NULL,NULL,'2021-05-23 14:32:23','2021-05-23 14:32:23'),(1572,4599,1343,101,NULL,NULL,NULL,'2021-05-23 14:32:23','2021-05-23 14:32:23'),(1573,4599,1344,100,NULL,NULL,NULL,'2021-05-23 14:32:23','2021-05-23 14:32:23'),(1574,4599,1345,101,NULL,NULL,NULL,'2021-05-23 14:32:23','2021-05-23 14:32:23'),(1575,1690,1340,1,NULL,NULL,NULL,'2021-05-23 14:32:23','2022-01-03 13:49:14'),(1576,1690,1341,1,NULL,NULL,NULL,'2021-05-23 14:32:23','2022-01-03 13:49:14'),(1577,1690,1342,1,NULL,NULL,NULL,'2021-05-23 14:32:23','2022-01-03 13:49:14'),(1578,1690,1343,1,NULL,NULL,NULL,'2021-05-23 14:32:23','2022-01-03 13:49:14'),(1579,1690,1344,1,NULL,NULL,NULL,'2021-05-23 14:32:23','2022-01-03 13:49:14'),(1580,1690,1345,1,NULL,NULL,NULL,'2021-05-23 14:32:23','2022-01-03 13:49:14'),(1581,1690,1346,1,NULL,NULL,NULL,'2021-05-23 14:32:23','2022-01-03 13:49:14'),(1582,1690,1347,1,NULL,NULL,NULL,'2021-05-23 14:32:23','2022-01-03 13:49:14'),(1583,1690,1348,1,NULL,NULL,NULL,'2021-05-23 14:32:23','2022-01-03 13:49:14'),(1584,1690,1349,1,NULL,NULL,NULL,'2021-05-23 14:32:23','2022-01-03 13:49:14'),(1585,1690,1350,1,NULL,NULL,NULL,'2021-05-23 14:32:23','2022-01-03 13:49:14'),(1586,1690,1351,1,NULL,NULL,NULL,'2021-05-23 14:32:23','2022-01-03 13:49:14'),(1587,1690,1352,1,NULL,NULL,NULL,'2021-05-23 14:32:23','2022-01-03 13:49:14'),(1599,4422,1346,1,NULL,NULL,NULL,'2021-05-23 14:32:23','2022-01-03 13:49:14'),(1600,4422,1347,1,NULL,NULL,NULL,'2021-05-23 14:32:23','2022-01-03 13:49:14'),(1601,4422,1348,1,NULL,NULL,NULL,'2021-05-23 14:32:23','2022-01-03 13:49:14'),(1602,4422,1349,1,NULL,NULL,NULL,'2021-05-23 14:32:23','2022-01-03 13:49:14'),(1603,4422,1350,1,NULL,NULL,NULL,'2021-05-23 14:32:23','2022-01-03 13:49:14'),(1604,4422,1351,1,NULL,NULL,NULL,'2021-05-23 14:32:23','2022-01-03 13:49:14'),(1605,4422,1352,1,NULL,NULL,NULL,'2021-05-23 14:32:23','2022-01-03 13:49:14'),(1606,4422,1353,1,NULL,NULL,NULL,'2021-05-23 14:32:23','2022-01-03 13:49:14'),(1607,4422,1354,1,NULL,NULL,NULL,'2021-05-23 14:32:23','2022-01-03 13:49:14'),(1608,4422,1355,1,NULL,NULL,NULL,'2021-05-23 14:32:23','2022-01-03 13:49:14'),(1609,4422,1356,1,NULL,NULL,NULL,'2021-05-23 14:32:23','2022-01-03 13:49:14'),(1610,4422,1359,1,NULL,NULL,NULL,'2021-05-23 14:32:23','2022-01-03 13:49:14'),(1611,4422,1362,1,NULL,NULL,NULL,'2021-05-23 14:32:23','2022-01-03 13:49:14'),(1612,4422,1363,1,NULL,NULL,NULL,'2021-05-23 14:32:23','2022-01-03 13:49:14'),(1613,4422,1364,1,NULL,NULL,NULL,'2021-05-23 14:32:23','2022-01-03 13:49:14'),(1614,4422,1365,1,NULL,NULL,NULL,'2021-05-23 14:32:23','2022-01-03 13:49:14'),(1615,4422,1366,1,NULL,NULL,NULL,'2021-05-23 14:32:23','2022-01-03 13:49:14'),(1616,4422,1367,1,NULL,NULL,NULL,'2021-05-23 14:32:23','2022-01-03 13:49:14'),(1617,4422,1368,1,NULL,NULL,NULL,'2021-05-23 14:32:23','2022-01-03 13:49:14'),(1618,4422,1369,1,'EG',NULL,NULL,'2021-05-23 14:32:23','2022-01-03 13:49:14'),(1619,4422,1370,1,NULL,NULL,NULL,'2021-05-23 14:32:23','2022-01-03 13:49:14'),(1620,4422,1371,1,NULL,NULL,NULL,'2021-05-23 14:32:23','2022-01-03 13:49:14'),(1621,4422,1372,1,NULL,NULL,NULL,'2021-05-23 14:32:23','2022-01-03 13:49:14'),(1622,5336,1331,101,NULL,NULL,NULL,'2021-05-23 14:32:23','2021-05-23 14:32:23'),(1623,5336,1332,100,NULL,NULL,NULL,'2021-05-23 14:32:23','2021-05-23 14:32:23'),(1624,5336,1339,101,NULL,NULL,NULL,'2021-05-23 14:32:23','2021-05-23 14:32:23'),(1625,1076,1331,101,NULL,NULL,NULL,'2021-05-23 14:32:23','2021-05-23 14:32:23'),(1626,1076,1332,100,NULL,NULL,NULL,'2021-05-23 14:32:23','2021-05-23 14:32:23'),(1627,1076,1333,100,NULL,NULL,NULL,'2021-05-23 14:32:23','2021-05-23 14:32:23'),(1628,1076,1334,100,NULL,NULL,NULL,'2021-05-23 14:32:23','2021-05-23 14:32:23'),(1629,1076,1335,100,NULL,NULL,NULL,'2021-05-23 14:32:23','2021-05-23 14:32:23'),(1630,1076,1336,100,NULL,NULL,NULL,'2021-05-23 14:32:23','2021-05-23 14:32:23'),(1631,1076,1337,100,NULL,NULL,NULL,'2021-05-23 14:32:23','2021-05-23 14:32:23'),(1632,1076,1338,100,NULL,NULL,NULL,'2021-05-23 14:32:23','2021-05-23 14:32:23'),(1633,1076,1339,101,NULL,NULL,NULL,'2021-05-23 14:32:23','2021-05-23 14:32:23'),(1634,1646,1331,101,NULL,NULL,NULL,'2021-05-23 14:32:23','2021-05-23 14:32:23'),(1635,1646,1332,100,NULL,NULL,NULL,'2021-05-23 14:32:23','2021-05-23 14:32:23'),(1636,1646,1333,100,NULL,NULL,NULL,'2021-05-23 14:32:23','2021-05-23 14:32:23'),(1637,1646,1334,100,NULL,NULL,NULL,'2021-05-23 14:32:23','2021-05-23 14:32:23'),(1638,1646,1335,100,NULL,NULL,NULL,'2021-05-23 14:32:23','2021-05-23 14:32:23'),(1639,1646,1336,100,NULL,NULL,NULL,'2021-05-23 14:32:23','2021-05-23 14:32:23'),(1640,1646,1337,100,NULL,NULL,NULL,'2021-05-23 14:32:23','2021-05-23 14:32:23'),(1641,1646,1338,100,NULL,NULL,NULL,'2021-05-23 14:32:23','2021-05-23 14:32:23'),(1642,1646,1339,101,NULL,NULL,NULL,'2021-05-23 14:32:23','2021-05-23 14:32:23'),(1643,1757,1402,100,NULL,NULL,NULL,'2021-05-23 14:32:23','2021-05-23 14:32:23'),(1644,1757,1403,100,NULL,NULL,NULL,'2021-05-23 14:32:23','2021-05-23 14:32:23'),(1645,1757,1404,100,NULL,NULL,NULL,'2021-05-23 14:32:23','2021-05-23 14:32:23'),(1646,1757,1405,100,NULL,NULL,NULL,'2021-05-23 14:32:23','2021-05-23 14:32:23'),(1647,3334,1331,101,NULL,NULL,NULL,'2021-05-23 14:32:23','2021-05-23 14:32:23'),(1648,3334,1332,100,NULL,NULL,NULL,'2021-05-23 14:32:23','2021-05-23 14:32:23'),(1649,3334,1333,100,NULL,NULL,NULL,'2021-05-23 14:32:23','2021-05-23 14:32:23'),(1650,3334,1334,100,NULL,NULL,NULL,'2021-05-23 14:32:23','2021-05-23 14:32:23'),(1651,3334,1335,100,NULL,NULL,NULL,'2021-05-23 14:32:23','2021-05-23 14:32:23'),(1652,3334,1336,100,NULL,NULL,NULL,'2021-05-23 14:32:23','2021-05-23 14:32:23'),(1653,3334,1337,100,NULL,NULL,NULL,'2021-05-23 14:32:23','2021-05-23 14:32:23'),(1654,3334,1338,100,NULL,NULL,NULL,'2021-05-23 14:32:23','2021-05-23 14:32:23'),(1655,3334,1339,101,NULL,NULL,NULL,'2021-05-23 14:32:23','2021-05-23 14:32:23'),(1656,5407,1331,101,NULL,NULL,NULL,'2021-05-23 14:32:23','2021-05-23 14:32:23'),(1657,5407,1332,100,NULL,NULL,NULL,'2021-05-23 14:32:23','2021-05-23 14:32:23'),(1658,5407,1333,100,NULL,NULL,NULL,'2021-05-23 14:32:23','2021-05-23 14:32:23'),(1659,5407,1334,100,NULL,NULL,NULL,'2021-05-23 14:32:23','2021-05-23 14:32:23'),(1660,5407,1335,100,NULL,NULL,NULL,'2021-05-23 14:32:23','2021-05-23 14:32:23'),(1661,5407,1336,100,NULL,NULL,NULL,'2021-05-23 14:32:23','2021-05-23 14:32:23'),(1662,5407,1337,100,NULL,NULL,NULL,'2021-05-23 14:32:23','2021-05-23 14:32:23'),(1663,5407,1338,100,NULL,NULL,NULL,'2021-05-23 14:32:23','2021-05-23 14:32:23'),(1664,5407,1339,101,NULL,NULL,NULL,'2021-05-23 14:32:23','2021-05-23 14:32:23'),(1707,312,822,100,NULL,NULL,NULL,'2021-05-23 14:32:24','2021-05-23 14:32:24'),(1710,334,724,100,NULL,NULL,NULL,'2021-05-23 14:32:24','2021-05-23 14:32:24'),(1711,334,728,100,NULL,NULL,NULL,'2021-05-23 14:32:24','2021-05-23 14:32:24'),(1712,334,731,100,NULL,NULL,NULL,'2021-05-23 14:32:24','2021-05-23 14:32:24'),(1713,334,735,100,NULL,NULL,NULL,'2021-05-23 14:32:24','2021-05-23 14:32:24'),(1714,419,819,100,NULL,NULL,NULL,'2021-05-23 14:32:24','2021-05-23 14:32:24'),(1715,419,821,100,NULL,NULL,NULL,'2021-05-23 14:32:24','2021-05-23 14:32:24'),(1721,552,815,100,NULL,NULL,NULL,'2021-05-23 14:32:24','2021-05-23 14:32:24'),(1722,552,816,100,NULL,NULL,NULL,'2021-05-23 14:32:24','2021-05-23 14:32:24'),(1723,552,819,100,NULL,NULL,NULL,'2021-05-23 14:32:24','2021-05-23 14:32:24'),(1724,552,820,100,NULL,NULL,NULL,'2021-05-23 14:32:24','2021-05-23 14:32:24'),(1746,5881,780,100,NULL,NULL,NULL,'2021-05-23 14:32:24','2021-05-23 14:32:24'),(1747,5881,783,100,NULL,NULL,NULL,'2021-05-23 14:32:24','2021-05-23 14:32:24'),(1748,5881,785,100,NULL,NULL,NULL,'2021-05-23 14:32:24','2021-05-23 14:32:24'),(1749,5881,788,100,NULL,NULL,NULL,'2021-05-23 14:32:24','2021-05-23 14:32:24'),(1766,1202,728,100,NULL,NULL,NULL,'2021-05-23 14:32:24','2021-05-23 14:32:24'),(1767,1202,733,100,NULL,NULL,NULL,'2021-05-23 14:32:24','2021-05-23 14:32:24'),(1768,1202,735,100,NULL,NULL,NULL,'2021-05-23 14:32:24','2021-05-23 14:32:24'),(1769,1202,745,100,NULL,NULL,NULL,'2021-05-23 14:32:24','2021-05-23 14:32:24'),(1770,1202,746,100,NULL,NULL,NULL,'2021-05-23 14:32:24','2021-05-23 14:32:24'),(1778,1288,802,100,NULL,NULL,NULL,'2021-05-23 14:32:24','2021-05-23 14:32:24'),(1779,1288,803,100,NULL,NULL,NULL,'2021-05-23 14:32:24','2021-05-23 14:32:24'),(1780,1288,804,100,NULL,NULL,NULL,'2021-05-23 14:32:24','2021-05-23 14:32:24'),(1833,1985,780,100,NULL,NULL,NULL,'2021-05-23 14:32:24','2021-05-23 14:32:24'),(1834,1985,781,100,NULL,NULL,NULL,'2021-05-23 14:32:24','2021-05-23 14:32:24'),(1835,1985,782,100,NULL,NULL,NULL,'2021-05-23 14:32:24','2021-05-23 14:32:24'),(1836,1985,785,100,NULL,NULL,NULL,'2021-05-23 14:32:24','2021-05-23 14:32:24'),(1837,1985,786,100,NULL,NULL,NULL,'2021-05-23 14:32:24','2021-05-23 14:32:24'),(1838,1985,787,100,NULL,NULL,NULL,'2021-05-23 14:32:24','2021-05-23 14:32:24'),(1839,1985,788,100,NULL,NULL,NULL,'2021-05-23 14:32:24','2021-05-23 14:32:24'),(1840,1985,789,100,NULL,NULL,NULL,'2021-05-23 14:32:24','2021-05-23 14:32:24'),(1843,2039,803,100,NULL,NULL,NULL,'2021-05-23 14:32:24','2021-05-23 14:32:24'),(1844,2039,805,100,NULL,NULL,NULL,'2021-05-23 14:32:24','2021-05-23 14:32:24'),(1845,2368,814,100,NULL,NULL,NULL,'2021-05-23 14:32:24','2021-05-23 14:32:24'),(1854,2589,763,100,NULL,NULL,NULL,'2021-05-23 14:32:24','2021-05-23 14:32:24'),(1855,2589,764,100,NULL,NULL,NULL,'2021-05-23 14:32:24','2021-05-23 14:32:24'),(1856,2589,773,100,NULL,NULL,NULL,'2021-05-23 14:32:24','2021-05-23 14:32:24'),(1857,2589,774,100,NULL,NULL,NULL,'2021-05-23 14:32:24','2021-05-23 14:32:24'),(1858,2589,776,100,NULL,NULL,NULL,'2021-05-23 14:32:24','2021-05-23 14:32:24'),(1859,2589,780,100,NULL,NULL,NULL,'2021-05-23 14:32:24','2021-05-23 14:32:24'),(1860,2589,784,100,NULL,NULL,NULL,'2021-05-23 14:32:24','2021-05-23 14:32:24'),(1874,2898,802,100,NULL,NULL,NULL,'2021-05-23 14:32:25','2021-05-23 14:32:25'),(1875,2898,815,100,NULL,NULL,NULL,'2021-05-23 14:32:25','2021-05-23 14:32:25'),(1876,2898,821,100,NULL,NULL,NULL,'2021-05-23 14:32:25','2021-05-23 14:32:25'),(1903,3910,770,100,NULL,NULL,NULL,'2021-05-23 14:32:25','2021-05-23 14:32:25'),(1904,3910,776,100,NULL,NULL,NULL,'2021-05-23 14:32:25','2021-05-23 14:32:25'),(1905,3910,779,100,NULL,NULL,NULL,'2021-05-23 14:32:25','2021-05-23 14:32:25'),(1906,3910,780,100,NULL,NULL,NULL,'2021-05-23 14:32:25','2021-05-23 14:32:25'),(1907,3910,781,100,NULL,NULL,NULL,'2021-05-23 14:32:25','2021-05-23 14:32:25'),(1908,3910,784,100,NULL,NULL,NULL,'2021-05-23 14:32:25','2021-05-23 14:32:25'),(1916,4135,802,100,NULL,NULL,NULL,'2021-05-23 14:32:25','2021-05-23 14:32:25'),(1917,4135,804,100,NULL,NULL,NULL,'2021-05-23 14:32:25','2021-05-23 14:32:25'),(1918,4148,804,100,NULL,NULL,NULL,'2021-05-23 14:32:25','2021-05-23 14:32:25'),(1919,4148,809,100,NULL,NULL,NULL,'2021-05-23 14:32:25','2021-05-23 14:32:25'),(1920,4148,815,100,NULL,NULL,NULL,'2021-05-23 14:32:25','2021-05-23 14:32:25'),(1925,4434,728,100,NULL,NULL,NULL,'2021-05-23 14:32:25','2021-05-23 14:32:25'),(1926,4434,731,100,NULL,NULL,NULL,'2021-05-23 14:32:25','2021-05-23 14:32:25'),(1927,4434,732,100,NULL,NULL,NULL,'2021-05-23 14:32:25','2021-05-23 14:32:25'),(1948,4910,709,100,NULL,NULL,NULL,'2021-05-23 14:32:25','2021-05-23 14:32:25'),(1949,4910,710,100,NULL,NULL,NULL,'2021-05-23 14:32:25','2021-05-23 14:32:25'),(1950,4910,712,100,NULL,NULL,NULL,'2021-05-23 14:32:25','2021-05-23 14:32:25'),(1951,4910,713,100,NULL,NULL,NULL,'2021-05-23 14:32:25','2021-05-23 14:32:25'),(1952,4910,714,100,NULL,NULL,NULL,'2021-05-23 14:32:25','2021-05-23 14:32:25'),(1953,4910,715,100,NULL,NULL,NULL,'2021-05-23 14:32:25','2021-05-23 14:32:25'),(1993,5534,767,100,NULL,NULL,NULL,'2021-05-23 14:32:25','2021-05-23 14:32:25'),(1994,5534,767,100,NULL,NULL,NULL,'2021-05-23 14:32:25','2021-05-23 14:32:25'),(1995,5534,787,100,NULL,NULL,NULL,'2021-05-23 14:32:25','2021-05-23 14:32:25'),(2257,4910,711,100,NULL,NULL,NULL,'2021-05-23 14:32:30',NULL),(2264,5336,1556,100,NULL,NULL,NULL,'2021-05-23 14:32:36',NULL),(2265,1076,1556,100,NULL,NULL,NULL,'2021-05-23 14:32:36',NULL),(2266,1646,1556,100,NULL,NULL,NULL,'2021-05-23 14:32:36',NULL),(2267,3334,1556,100,NULL,NULL,NULL,'2021-05-23 14:32:36',NULL),(2268,5407,1556,100,NULL,NULL,NULL,'2021-05-23 14:32:36',NULL),(2269,5336,1557,100,NULL,NULL,NULL,'2021-05-23 14:32:36',NULL),(2270,1076,1557,100,NULL,NULL,NULL,'2021-05-23 14:32:36',NULL),(2271,1646,1557,100,NULL,NULL,NULL,'2021-05-23 14:32:36',NULL),(2272,3334,1557,100,NULL,NULL,NULL,'2021-05-23 14:32:36',NULL),(2273,5407,1557,100,NULL,NULL,NULL,'2021-05-23 14:32:36',NULL),(2274,5336,1558,100,NULL,NULL,NULL,'2021-05-23 14:32:36',NULL),(2275,1076,1558,100,NULL,NULL,NULL,'2021-05-23 14:32:36',NULL),(2276,1646,1558,100,NULL,NULL,NULL,'2021-05-23 14:32:36',NULL),(2277,3334,1558,100,NULL,NULL,NULL,'2021-05-23 14:32:36',NULL),(2278,5407,1558,100,NULL,NULL,NULL,'2021-05-23 14:32:36',NULL),(2279,5336,1559,100,NULL,NULL,NULL,'2021-05-23 14:32:36',NULL),(2280,1076,1559,100,NULL,NULL,NULL,'2021-05-23 14:32:36',NULL),(2281,1646,1559,100,NULL,NULL,NULL,'2021-05-23 14:32:36',NULL),(2282,3334,1559,100,NULL,NULL,NULL,'2021-05-23 14:32:36',NULL),(2283,5407,1559,100,NULL,NULL,NULL,'2021-05-23 14:32:36',NULL),(2284,592,1560,100,NULL,NULL,NULL,'2021-05-23 14:32:36',NULL),(2285,4599,1560,100,NULL,NULL,NULL,'2021-05-23 14:32:36',NULL),(2286,1690,1560,1,NULL,NULL,NULL,'2021-05-23 14:32:36','2022-01-03 13:49:14'),(2287,592,1561,100,NULL,NULL,NULL,'2021-05-23 14:32:36',NULL),(2288,4599,1561,100,NULL,NULL,NULL,'2021-05-23 14:32:36',NULL),(2289,1690,1561,1,NULL,NULL,NULL,'2021-05-23 14:32:36','2022-01-03 13:49:14'),(2290,592,1562,100,NULL,NULL,NULL,'2021-05-23 14:32:36',NULL),(2291,4599,1562,100,NULL,NULL,NULL,'2021-05-23 14:32:36',NULL),(2292,1690,1562,1,NULL,NULL,NULL,'2021-05-23 14:32:36','2022-01-03 13:49:14'),(2293,592,1563,100,NULL,NULL,NULL,'2021-05-23 14:32:36',NULL),(2294,4599,1563,100,NULL,NULL,NULL,'2021-05-23 14:32:36',NULL),(2295,1690,1563,1,NULL,NULL,NULL,'2021-05-23 14:32:36','2022-01-03 13:49:14'),(2296,592,1564,100,NULL,NULL,NULL,'2021-05-23 14:32:36',NULL),(2297,4599,1564,100,NULL,NULL,NULL,'2021-05-23 14:32:36',NULL),(2298,1690,1564,1,NULL,NULL,NULL,'2021-05-23 14:32:36','2022-01-03 13:49:14'),(2299,592,1565,100,NULL,NULL,NULL,'2021-05-23 14:32:36',NULL),(2300,4599,1565,100,NULL,NULL,NULL,'2021-05-23 14:32:36',NULL),(2301,1690,1565,1,NULL,NULL,NULL,'2021-05-23 14:32:36','2022-01-03 13:49:14'),(2302,592,1566,100,NULL,NULL,NULL,'2021-05-23 14:32:36',NULL),(2303,4599,1566,100,NULL,NULL,NULL,'2021-05-23 14:32:36',NULL),(2304,1690,1566,1,NULL,NULL,NULL,'2021-05-23 14:32:36','2022-01-03 13:49:14'),(2305,592,1567,100,NULL,NULL,NULL,'2021-05-23 14:32:36',NULL),(2306,4599,1567,100,NULL,NULL,NULL,'2021-05-23 14:32:36',NULL),(2307,1690,1567,1,NULL,NULL,NULL,'2021-05-23 14:32:36','2022-01-03 13:49:14'),(2308,1690,1568,1,NULL,NULL,NULL,'2021-05-23 14:32:36','2022-01-03 13:49:14'),(2309,4422,1568,1,NULL,NULL,NULL,'2021-05-23 14:32:36','2022-01-03 13:49:14'),(2310,1690,1569,1,NULL,NULL,NULL,'2021-05-23 14:32:36','2022-01-03 13:49:14'),(2311,4422,1569,1,NULL,NULL,NULL,'2021-05-23 14:32:36','2022-01-03 13:49:14'),(2312,1690,1570,1,NULL,NULL,NULL,'2021-05-23 14:32:36','2022-01-03 13:49:14'),(2313,4422,1570,1,NULL,NULL,NULL,'2021-05-23 14:32:36','2022-01-03 13:49:14'),(2314,1690,1571,1,NULL,NULL,NULL,'2021-05-23 14:32:36','2022-01-03 13:49:14'),(2315,4422,1571,1,NULL,NULL,NULL,'2021-05-23 14:32:36','2022-01-03 13:49:14'),(2316,1690,1572,1,NULL,NULL,NULL,'2021-05-23 14:32:36','2022-01-03 13:49:14'),(2317,4422,1572,1,NULL,NULL,NULL,'2021-05-23 14:32:36','2022-01-03 13:49:14'),(2318,1690,1573,1,NULL,NULL,NULL,'2021-05-23 14:32:36','2022-01-03 13:49:14'),(2319,4422,1573,1,NULL,NULL,NULL,'2021-05-23 14:32:36','2022-01-03 13:49:14'),(2321,4422,1574,1,NULL,NULL,NULL,'2021-05-23 14:32:36','2022-01-03 13:49:14'),(2323,4422,1575,1,NULL,NULL,NULL,'2021-05-23 14:32:36','2022-01-03 13:49:14'),(2325,4422,1576,1,NULL,NULL,NULL,'2021-05-23 14:32:36','2022-01-03 13:49:14'),(2327,4422,1577,1,NULL,NULL,NULL,'2021-05-23 14:32:36','2022-01-03 13:49:14'),(2329,4422,1578,1,NULL,NULL,NULL,'2021-05-23 14:32:36','2022-01-03 13:49:14'),(2331,4422,1579,1,NULL,NULL,NULL,'2021-05-23 14:32:36','2022-01-03 13:49:14'),(2333,4422,1580,1,NULL,NULL,NULL,'2021-05-23 14:32:36','2022-01-03 13:49:14'),(2335,4422,1581,1,NULL,NULL,NULL,'2021-05-23 14:32:36','2022-01-03 13:49:14'),(2336,4422,1582,1,'EG',NULL,NULL,'2021-05-23 14:32:36','2022-01-03 13:49:14'),(2337,4422,1583,1,'EG',NULL,NULL,'2021-05-23 14:32:36','2022-01-03 13:49:14'),(2338,4422,1584,1,NULL,NULL,NULL,'2021-05-23 14:32:36','2022-01-03 13:49:14'),(2339,4422,1585,1,NULL,NULL,NULL,'2021-05-23 14:32:36','2022-01-03 13:49:14'),(2340,4422,1586,1,NULL,NULL,NULL,'2021-05-23 14:32:36','2022-01-03 13:49:14'),(2341,4422,1587,1,NULL,NULL,NULL,'2021-05-23 14:32:36','2022-01-03 13:49:14'),(2342,4422,1588,1,NULL,NULL,NULL,'2021-05-23 14:32:36','2022-01-03 13:49:14'),(2343,4422,1589,1,NULL,NULL,NULL,'2021-05-23 14:32:36','2022-01-03 13:49:14'),(2347,5882,833,100,NULL,NULL,NULL,'2022-01-03 13:49:12',NULL),(2348,5882,834,101,NULL,NULL,NULL,'2022-01-03 13:49:12',NULL),(2349,5882,835,99,NULL,NULL,NULL,'2022-01-03 13:49:12',NULL),(2350,5882,836,98,NULL,NULL,NULL,'2022-01-03 13:49:12',NULL),(2351,5882,837,97,NULL,NULL,NULL,'2022-01-03 13:49:12',NULL),(2352,5882,838,96,NULL,NULL,NULL,'2022-01-03 13:49:12',NULL),(2353,5882,839,95,NULL,NULL,NULL,'2022-01-03 13:49:12',NULL),(2354,5882,840,94,NULL,NULL,NULL,'2022-01-03 13:49:12',NULL),(2355,5882,842,94,NULL,NULL,NULL,'2022-01-03 13:49:12',NULL),(2356,5882,841,94,NULL,NULL,NULL,'2022-01-03 13:49:12',NULL),(2357,577,833,100,NULL,NULL,NULL,'2022-01-03 13:49:12',NULL),(2358,577,834,101,NULL,NULL,NULL,'2022-01-03 13:49:12',NULL),(2359,577,835,99,NULL,NULL,NULL,'2022-01-03 13:49:12',NULL),(2360,577,836,98,NULL,NULL,NULL,'2022-01-03 13:49:12',NULL),(2361,577,837,97,NULL,NULL,NULL,'2022-01-03 13:49:12',NULL),(2362,577,838,96,NULL,NULL,NULL,'2022-01-03 13:49:12',NULL),(2363,577,839,95,NULL,NULL,NULL,'2022-01-03 13:49:12',NULL),(2364,577,840,94,NULL,NULL,NULL,'2022-01-03 13:49:12',NULL),(2365,577,842,94,NULL,NULL,NULL,'2022-01-03 13:49:12',NULL),(2366,577,841,94,NULL,NULL,NULL,'2022-01-03 13:49:12',NULL),(2367,786,833,100,NULL,NULL,NULL,'2022-01-03 13:49:12',NULL),(2368,786,834,101,NULL,NULL,NULL,'2022-01-03 13:49:12',NULL),(2369,786,835,99,NULL,NULL,NULL,'2022-01-03 13:49:12',NULL),(2370,786,836,98,NULL,NULL,NULL,'2022-01-03 13:49:12',NULL),(2371,786,837,97,NULL,NULL,NULL,'2022-01-03 13:49:12',NULL),(2372,786,838,96,NULL,NULL,NULL,'2022-01-03 13:49:12',NULL),(2373,786,839,95,NULL,NULL,NULL,'2022-01-03 13:49:12',NULL),(2374,786,840,94,NULL,NULL,NULL,'2022-01-03 13:49:12',NULL),(2375,786,842,94,NULL,NULL,NULL,'2022-01-03 13:49:12',NULL),(2376,786,841,94,NULL,NULL,NULL,'2022-01-03 13:49:12',NULL),(2377,1060,833,100,NULL,NULL,NULL,'2022-01-03 13:49:12',NULL),(2378,1060,834,101,NULL,NULL,NULL,'2022-01-03 13:49:12',NULL),(2379,1060,835,99,NULL,NULL,NULL,'2022-01-03 13:49:12',NULL),(2380,1060,836,98,NULL,NULL,NULL,'2022-01-03 13:49:12',NULL),(2381,1060,837,97,NULL,NULL,NULL,'2022-01-03 13:49:12',NULL),(2382,1060,838,96,NULL,NULL,NULL,'2022-01-03 13:49:12',NULL),(2383,1060,839,95,NULL,NULL,NULL,'2022-01-03 13:49:12',NULL),(2384,1060,840,94,NULL,NULL,NULL,'2022-01-03 13:49:12',NULL),(2385,1060,842,94,NULL,NULL,NULL,'2022-01-03 13:49:12',NULL),(2386,1060,841,94,NULL,NULL,NULL,'2022-01-03 13:49:12',NULL),(2387,1176,833,100,NULL,NULL,NULL,'2022-01-03 13:49:12',NULL),(2388,1176,834,101,NULL,NULL,NULL,'2022-01-03 13:49:12',NULL),(2389,1176,835,99,NULL,NULL,NULL,'2022-01-03 13:49:12',NULL),(2390,1176,836,98,NULL,NULL,NULL,'2022-01-03 13:49:12',NULL),(2391,1176,837,97,NULL,NULL,NULL,'2022-01-03 13:49:12',NULL),(2392,1176,838,96,NULL,NULL,NULL,'2022-01-03 13:49:12',NULL),(2393,1176,839,95,NULL,NULL,NULL,'2022-01-03 13:49:12',NULL),(2394,1176,840,94,NULL,NULL,NULL,'2022-01-03 13:49:12',NULL),(2395,1176,842,94,NULL,NULL,NULL,'2022-01-03 13:49:12',NULL),(2396,1176,841,94,NULL,NULL,NULL,'2022-01-03 13:49:12',NULL),(2397,1501,833,100,NULL,NULL,NULL,'2022-01-03 13:49:12',NULL),(2398,1501,834,101,NULL,NULL,NULL,'2022-01-03 13:49:12',NULL),(2399,1501,835,99,NULL,NULL,NULL,'2022-01-03 13:49:12',NULL),(2400,1501,836,98,NULL,NULL,NULL,'2022-01-03 13:49:12',NULL),(2401,1501,837,97,NULL,NULL,NULL,'2022-01-03 13:49:12',NULL),(2402,1501,838,96,NULL,NULL,NULL,'2022-01-03 13:49:12',NULL),(2403,1501,839,95,NULL,NULL,NULL,'2022-01-03 13:49:12',NULL),(2404,1501,840,94,NULL,NULL,NULL,'2022-01-03 13:49:12',NULL),(2405,1501,842,94,NULL,NULL,NULL,'2022-01-03 13:49:12',NULL),(2406,1501,841,94,NULL,NULL,NULL,'2022-01-03 13:49:12',NULL),(2407,5883,833,100,NULL,NULL,NULL,'2022-01-03 13:49:12',NULL),(2408,5883,834,101,NULL,NULL,NULL,'2022-01-03 13:49:12',NULL),(2409,5883,835,99,NULL,NULL,NULL,'2022-01-03 13:49:12',NULL),(2410,5883,836,98,NULL,NULL,NULL,'2022-01-03 13:49:12',NULL),(2411,5883,837,97,NULL,NULL,NULL,'2022-01-03 13:49:12',NULL),(2412,5883,838,96,NULL,NULL,NULL,'2022-01-03 13:49:12',NULL),(2413,5883,839,95,NULL,NULL,NULL,'2022-01-03 13:49:12',NULL),(2414,5883,840,94,NULL,NULL,NULL,'2022-01-03 13:49:12',NULL),(2415,5883,842,94,NULL,NULL,NULL,'2022-01-03 13:49:12',NULL),(2416,5883,841,94,NULL,NULL,NULL,'2022-01-03 13:49:12',NULL),(2417,2075,833,100,NULL,NULL,NULL,'2022-01-03 13:49:12',NULL),(2418,2075,834,101,NULL,NULL,NULL,'2022-01-03 13:49:12',NULL),(2419,2075,835,99,NULL,NULL,NULL,'2022-01-03 13:49:12',NULL),(2420,2075,836,98,NULL,NULL,NULL,'2022-01-03 13:49:12',NULL),(2421,2075,837,97,NULL,NULL,NULL,'2022-01-03 13:49:12',NULL),(2422,2075,838,96,NULL,NULL,NULL,'2022-01-03 13:49:12',NULL),(2423,2075,839,95,NULL,NULL,NULL,'2022-01-03 13:49:12',NULL),(2424,2075,840,94,NULL,NULL,NULL,'2022-01-03 13:49:12',NULL),(2425,2075,842,94,NULL,NULL,NULL,'2022-01-03 13:49:12',NULL),(2426,2075,841,94,NULL,NULL,NULL,'2022-01-03 13:49:12',NULL),(2427,2849,833,100,NULL,NULL,NULL,'2022-01-03 13:49:12',NULL),(2428,2849,834,101,NULL,NULL,NULL,'2022-01-03 13:49:12',NULL),(2429,2849,835,99,NULL,NULL,NULL,'2022-01-03 13:49:12',NULL),(2430,2849,836,98,NULL,NULL,NULL,'2022-01-03 13:49:12',NULL),(2431,2849,837,97,NULL,NULL,NULL,'2022-01-03 13:49:12',NULL),(2432,2849,838,96,NULL,NULL,NULL,'2022-01-03 13:49:12',NULL),(2433,2849,839,95,NULL,NULL,NULL,'2022-01-03 13:49:12',NULL),(2434,2849,840,94,NULL,NULL,NULL,'2022-01-03 13:49:12',NULL),(2435,2849,842,94,NULL,NULL,NULL,'2022-01-03 13:49:12',NULL),(2436,2849,841,94,NULL,NULL,NULL,'2022-01-03 13:49:12',NULL),(2437,2851,833,100,NULL,NULL,NULL,'2022-01-03 13:49:12',NULL),(2438,2851,834,101,NULL,NULL,NULL,'2022-01-03 13:49:12',NULL),(2439,2851,835,99,NULL,NULL,NULL,'2022-01-03 13:49:12',NULL),(2440,2851,836,98,NULL,NULL,NULL,'2022-01-03 13:49:12',NULL),(2441,2851,837,97,NULL,NULL,NULL,'2022-01-03 13:49:12',NULL),(2442,2851,838,96,NULL,NULL,NULL,'2022-01-03 13:49:12',NULL),(2443,2851,839,95,NULL,NULL,NULL,'2022-01-03 13:49:12',NULL),(2444,2851,840,94,NULL,NULL,NULL,'2022-01-03 13:49:12',NULL),(2445,2851,842,94,NULL,NULL,NULL,'2022-01-03 13:49:12',NULL),(2446,2851,841,94,NULL,NULL,NULL,'2022-01-03 13:49:12',NULL),(2447,2943,833,100,NULL,NULL,NULL,'2022-01-03 13:49:12',NULL),(2448,2943,834,101,NULL,NULL,NULL,'2022-01-03 13:49:12',NULL),(2449,2943,835,99,NULL,NULL,NULL,'2022-01-03 13:49:12',NULL),(2450,2943,836,98,NULL,NULL,NULL,'2022-01-03 13:49:12',NULL),(2451,2943,837,97,NULL,NULL,NULL,'2022-01-03 13:49:12',NULL),(2452,2943,838,96,NULL,NULL,NULL,'2022-01-03 13:49:12',NULL),(2453,2943,839,95,NULL,NULL,NULL,'2022-01-03 13:49:12',NULL),(2454,2943,840,94,NULL,NULL,NULL,'2022-01-03 13:49:12',NULL),(2455,2943,842,94,NULL,NULL,NULL,'2022-01-03 13:49:12',NULL),(2456,2943,841,94,NULL,NULL,NULL,'2022-01-03 13:49:12',NULL),(2457,3046,833,100,NULL,NULL,NULL,'2022-01-03 13:49:12',NULL),(2458,3046,834,101,NULL,NULL,NULL,'2022-01-03 13:49:12',NULL),(2459,3046,835,99,NULL,NULL,NULL,'2022-01-03 13:49:12',NULL),(2460,3046,836,98,NULL,NULL,NULL,'2022-01-03 13:49:12',NULL),(2461,3046,837,97,NULL,NULL,NULL,'2022-01-03 13:49:12',NULL),(2462,3046,838,96,NULL,NULL,NULL,'2022-01-03 13:49:12',NULL),(2463,3046,839,95,NULL,NULL,NULL,'2022-01-03 13:49:12',NULL),(2464,3046,840,94,NULL,NULL,NULL,'2022-01-03 13:49:12',NULL),(2465,3046,842,94,NULL,NULL,NULL,'2022-01-03 13:49:12',NULL),(2466,3046,841,94,NULL,NULL,NULL,'2022-01-03 13:49:12',NULL),(2467,5884,833,100,NULL,NULL,NULL,'2022-01-03 13:49:12',NULL),(2468,5884,834,101,NULL,NULL,NULL,'2022-01-03 13:49:12',NULL),(2469,5884,835,99,NULL,NULL,NULL,'2022-01-03 13:49:12',NULL),(2470,5884,836,98,NULL,NULL,NULL,'2022-01-03 13:49:12',NULL),(2471,5884,837,97,NULL,NULL,NULL,'2022-01-03 13:49:12',NULL),(2472,5884,838,96,NULL,NULL,NULL,'2022-01-03 13:49:12',NULL),(2473,5884,839,95,NULL,NULL,NULL,'2022-01-03 13:49:12',NULL),(2474,5884,840,94,NULL,NULL,NULL,'2022-01-03 13:49:12',NULL),(2475,5884,842,94,NULL,NULL,NULL,'2022-01-03 13:49:12',NULL),(2476,5884,841,94,NULL,NULL,NULL,'2022-01-03 13:49:12',NULL),(2477,5885,833,100,NULL,NULL,NULL,'2022-01-03 13:49:12',NULL),(2478,5885,834,101,NULL,NULL,NULL,'2022-01-03 13:49:12',NULL),(2479,5885,835,99,NULL,NULL,NULL,'2022-01-03 13:49:12',NULL),(2480,5885,836,98,NULL,NULL,NULL,'2022-01-03 13:49:12',NULL),(2481,5885,837,97,NULL,NULL,NULL,'2022-01-03 13:49:12',NULL),(2482,5885,838,96,NULL,NULL,NULL,'2022-01-03 13:49:12',NULL),(2483,5885,839,95,NULL,NULL,NULL,'2022-01-03 13:49:12',NULL),(2484,5885,840,94,NULL,NULL,NULL,'2022-01-03 13:49:12',NULL),(2485,5885,842,94,NULL,NULL,NULL,'2022-01-03 13:49:12',NULL),(2486,5885,841,94,NULL,NULL,NULL,'2022-01-03 13:49:12',NULL),(2487,3578,833,100,NULL,NULL,NULL,'2022-01-03 13:49:12',NULL),(2488,3578,834,101,NULL,NULL,NULL,'2022-01-03 13:49:12',NULL),(2489,3578,835,99,NULL,NULL,NULL,'2022-01-03 13:49:12',NULL),(2490,3578,836,98,NULL,NULL,NULL,'2022-01-03 13:49:12',NULL),(2491,3578,837,97,NULL,NULL,NULL,'2022-01-03 13:49:12',NULL),(2492,3578,838,96,NULL,NULL,NULL,'2022-01-03 13:49:12',NULL),(2493,3578,839,95,NULL,NULL,NULL,'2022-01-03 13:49:12',NULL),(2494,3578,840,94,NULL,NULL,NULL,'2022-01-03 13:49:12',NULL),(2495,3578,842,94,NULL,NULL,NULL,'2022-01-03 13:49:12',NULL),(2496,3578,841,94,NULL,NULL,NULL,'2022-01-03 13:49:12',NULL),(2497,4337,833,100,NULL,NULL,NULL,'2022-01-03 13:49:12',NULL),(2498,4337,834,101,NULL,NULL,NULL,'2022-01-03 13:49:12',NULL),(2499,4337,835,99,NULL,NULL,NULL,'2022-01-03 13:49:12',NULL),(2500,4337,836,98,NULL,NULL,NULL,'2022-01-03 13:49:12',NULL),(2501,4337,837,97,NULL,NULL,NULL,'2022-01-03 13:49:12',NULL),(2502,4337,838,96,NULL,NULL,NULL,'2022-01-03 13:49:12',NULL),(2503,4337,839,95,NULL,NULL,NULL,'2022-01-03 13:49:12',NULL),(2504,4337,840,94,NULL,NULL,NULL,'2022-01-03 13:49:12',NULL),(2505,4337,842,94,NULL,NULL,NULL,'2022-01-03 13:49:12',NULL),(2506,4337,841,94,NULL,NULL,NULL,'2022-01-03 13:49:12',NULL),(2507,4341,833,100,NULL,NULL,NULL,'2022-01-03 13:49:12',NULL),(2508,4341,834,101,NULL,NULL,NULL,'2022-01-03 13:49:12',NULL),(2509,4341,835,99,NULL,NULL,NULL,'2022-01-03 13:49:12',NULL),(2510,4341,836,98,NULL,NULL,NULL,'2022-01-03 13:49:12',NULL),(2511,4341,837,97,NULL,NULL,NULL,'2022-01-03 13:49:12',NULL),(2512,4341,838,96,NULL,NULL,NULL,'2022-01-03 13:49:12',NULL),(2513,4341,839,95,NULL,NULL,NULL,'2022-01-03 13:49:12',NULL),(2514,4341,840,94,NULL,NULL,NULL,'2022-01-03 13:49:12',NULL),(2515,4341,842,94,NULL,NULL,NULL,'2022-01-03 13:49:12',NULL),(2516,4341,841,94,NULL,NULL,NULL,'2022-01-03 13:49:12',NULL),(2517,4934,833,100,NULL,NULL,NULL,'2022-01-03 13:49:12',NULL),(2518,4934,834,101,NULL,NULL,NULL,'2022-01-03 13:49:12',NULL),(2519,4934,835,99,NULL,NULL,NULL,'2022-01-03 13:49:12',NULL),(2520,4934,836,98,NULL,NULL,NULL,'2022-01-03 13:49:12',NULL),(2521,4934,837,97,NULL,NULL,NULL,'2022-01-03 13:49:12',NULL),(2522,4934,838,96,NULL,NULL,NULL,'2022-01-03 13:49:12',NULL),(2523,4934,839,95,NULL,NULL,NULL,'2022-01-03 13:49:12',NULL),(2524,4934,840,94,NULL,NULL,NULL,'2022-01-03 13:49:12',NULL),(2525,4934,842,94,NULL,NULL,NULL,'2022-01-03 13:49:12',NULL),(2526,4934,841,94,NULL,NULL,NULL,'2022-01-03 13:49:12',NULL),(2527,5886,833,100,NULL,NULL,NULL,'2022-01-03 13:49:12',NULL),(2528,5886,834,101,NULL,NULL,NULL,'2022-01-03 13:49:12',NULL),(2529,5886,835,99,NULL,NULL,NULL,'2022-01-03 13:49:12',NULL),(2530,5886,836,98,NULL,NULL,NULL,'2022-01-03 13:49:12',NULL),(2531,5886,837,97,NULL,NULL,NULL,'2022-01-03 13:49:12',NULL),(2532,5886,838,96,NULL,NULL,NULL,'2022-01-03 13:49:12',NULL),(2533,5886,839,95,NULL,NULL,NULL,'2022-01-03 13:49:12',NULL),(2534,5886,840,94,NULL,NULL,NULL,'2022-01-03 13:49:12',NULL),(2535,5886,842,94,NULL,NULL,NULL,'2022-01-03 13:49:12',NULL),(2536,5886,841,94,NULL,NULL,NULL,'2022-01-03 13:49:12',NULL),(2537,5887,833,100,NULL,NULL,NULL,'2022-01-03 13:49:12',NULL),(2538,5887,834,101,NULL,NULL,NULL,'2022-01-03 13:49:12',NULL),(2539,5887,835,99,NULL,NULL,NULL,'2022-01-03 13:49:12',NULL),(2540,5887,836,98,NULL,NULL,NULL,'2022-01-03 13:49:12',NULL),(2541,5887,837,97,NULL,NULL,NULL,'2022-01-03 13:49:12',NULL),(2542,5887,838,96,NULL,NULL,NULL,'2022-01-03 13:49:12',NULL),(2543,5887,839,95,NULL,NULL,NULL,'2022-01-03 13:49:12',NULL),(2544,5887,840,94,NULL,NULL,NULL,'2022-01-03 13:49:12',NULL),(2545,5887,842,94,NULL,NULL,NULL,'2022-01-03 13:49:12',NULL),(2546,5887,841,94,NULL,NULL,NULL,'2022-01-03 13:49:12',NULL),(2547,5518,833,100,NULL,NULL,NULL,'2022-01-03 13:49:12',NULL),(2548,5518,834,101,NULL,NULL,NULL,'2022-01-03 13:49:12',NULL),(2549,5518,835,99,NULL,NULL,NULL,'2022-01-03 13:49:12',NULL),(2550,5518,836,98,NULL,NULL,NULL,'2022-01-03 13:49:12',NULL),(2551,5518,837,97,NULL,NULL,NULL,'2022-01-03 13:49:12',NULL),(2552,5518,838,96,NULL,NULL,NULL,'2022-01-03 13:49:12',NULL),(2553,5518,839,95,NULL,NULL,NULL,'2022-01-03 13:49:12',NULL),(2554,5518,840,94,NULL,NULL,NULL,'2022-01-03 13:49:12',NULL),(2555,5518,842,94,NULL,NULL,NULL,'2022-01-03 13:49:12',NULL),(2556,5518,841,94,NULL,NULL,NULL,'2022-01-03 13:49:12',NULL),(2557,5527,833,100,NULL,NULL,NULL,'2022-01-03 13:49:12',NULL),(2558,5527,834,101,NULL,NULL,NULL,'2022-01-03 13:49:12',NULL),(2559,5527,835,99,NULL,NULL,NULL,'2022-01-03 13:49:12',NULL),(2560,5527,836,98,NULL,NULL,NULL,'2022-01-03 13:49:12',NULL),(2561,5527,837,97,NULL,NULL,NULL,'2022-01-03 13:49:12',NULL),(2562,5527,838,96,NULL,NULL,NULL,'2022-01-03 13:49:12',NULL),(2563,5527,839,95,NULL,NULL,NULL,'2022-01-03 13:49:12',NULL),(2564,5527,840,94,NULL,NULL,NULL,'2022-01-03 13:49:12',NULL),(2565,5527,842,94,NULL,NULL,NULL,'2022-01-03 13:49:12',NULL),(2566,5527,841,94,NULL,NULL,NULL,'2022-01-03 13:49:12',NULL),(2576,1702,1353,1,'EG',NULL,NULL,'2022-01-03 13:49:14','2022-01-03 13:49:14'),(2577,1702,1354,1,NULL,NULL,NULL,'2022-01-03 13:49:14','2022-01-03 13:49:14'),(2578,1702,1355,1,NULL,NULL,NULL,'2022-01-03 13:49:14','2022-01-03 13:49:14'),(2579,1702,1575,1,NULL,NULL,NULL,'2022-01-03 13:49:14','2022-01-03 13:49:14'),(2580,1702,1574,1,NULL,NULL,NULL,'2022-01-03 13:49:14','2022-01-03 13:49:14'),(2581,1702,1356,1,NULL,NULL,NULL,'2022-01-03 13:49:14','2022-01-03 13:49:14'),(2582,1702,1358,1,NULL,NULL,NULL,'2022-01-03 13:49:14','2022-01-03 13:49:14'),(2583,1702,1357,1,NULL,NULL,NULL,'2022-01-03 13:49:14','2022-01-03 13:49:14'),(2584,1702,1359,1,NULL,NULL,NULL,'2022-01-03 13:49:14','2022-01-03 13:49:14'),(2585,1702,1361,1,NULL,NULL,NULL,'2022-01-03 13:49:14','2022-01-03 13:49:14'),(2586,1702,1360,1,NULL,NULL,NULL,'2022-01-03 13:49:14','2022-01-03 13:49:14'),(2587,1702,1346,5,NULL,NULL,NULL,'2022-01-03 13:49:14','2022-01-03 13:49:14'),(2588,1702,1347,5,NULL,NULL,NULL,'2022-01-03 13:49:14','2022-01-03 13:49:14'),(2589,1702,1348,5,NULL,NULL,NULL,'2022-01-03 13:49:14','2022-01-03 13:49:14'),(2590,1702,1568,5,NULL,NULL,NULL,'2022-01-03 13:49:14','2022-01-03 13:49:14'),(2591,1702,1569,5,NULL,NULL,NULL,'2022-01-03 13:49:14','2022-01-03 13:49:14'),(2592,1702,1349,5,NULL,NULL,NULL,'2022-01-03 13:49:14','2022-01-03 13:49:14'),(2593,1702,1570,5,NULL,NULL,NULL,'2022-01-03 13:49:14','2022-01-03 13:49:14'),(2594,1702,1571,5,NULL,NULL,NULL,'2022-01-03 13:49:14','2022-01-03 13:49:14'),(2595,1702,1350,5,NULL,NULL,NULL,'2022-01-03 13:49:14','2022-01-03 13:49:14'),(2596,1702,1572,5,NULL,NULL,NULL,'2022-01-03 13:49:14','2022-01-03 13:49:14'),(2597,1702,1573,5,NULL,NULL,NULL,'2022-01-03 13:49:14','2022-01-03 13:49:14'),(2598,1702,1351,5,NULL,NULL,NULL,'2022-01-03 13:49:14','2022-01-03 13:49:14'),(2599,1702,1352,5,NULL,NULL,NULL,'2022-01-03 13:49:14','2022-01-03 13:49:14'),(2600,4422,1394,5,NULL,NULL,NULL,'2022-01-03 13:49:14','2022-01-03 13:49:14'),(2601,4422,1395,5,NULL,NULL,NULL,'2022-01-03 13:49:14','2022-01-03 13:49:14'),(2602,4422,1396,5,NULL,NULL,NULL,'2022-01-03 13:49:14','2022-01-03 13:49:14'),(2603,4422,1397,5,NULL,NULL,NULL,'2022-01-03 13:49:14','2022-01-03 13:49:14'),(2604,4422,1398,5,NULL,NULL,NULL,'2022-01-03 13:49:14','2022-01-03 13:49:14'),(2605,4422,1399,5,NULL,NULL,NULL,'2022-01-03 13:49:14','2022-01-03 13:49:14'),(2606,4422,1400,5,NULL,NULL,NULL,'2022-01-03 13:49:14','2022-01-03 13:49:14'),(2607,4422,1401,5,NULL,NULL,NULL,'2022-01-03 13:49:14','2022-01-03 13:49:14'),(2608,1690,1384,5,NULL,NULL,NULL,'2022-01-03 13:49:14','2022-01-03 13:49:14'),(2609,1690,1385,5,NULL,NULL,NULL,'2022-01-03 13:49:14','2022-01-03 13:49:14'),(2610,1690,1386,5,NULL,NULL,NULL,'2022-01-03 13:49:14','2022-01-03 13:49:14'),(2611,1690,1387,5,NULL,NULL,NULL,'2022-01-03 13:49:14','2022-01-03 13:49:14'),(2612,1690,1388,5,NULL,NULL,NULL,'2022-01-03 13:49:14','2022-01-03 13:49:14'),(2613,1690,1389,5,NULL,NULL,NULL,'2022-01-03 13:49:14','2022-01-03 13:49:14'),(2614,1690,1390,5,NULL,NULL,NULL,'2022-01-03 13:49:14','2022-01-03 13:49:14'),(2615,1690,1391,5,NULL,NULL,NULL,'2022-01-03 13:49:14','2022-01-03 13:49:14'),(2616,1690,1392,5,NULL,NULL,NULL,'2022-01-03 13:49:14','2022-01-03 13:49:14'),(2617,1690,1393,5,NULL,NULL,NULL,'2022-01-03 13:49:14','2022-01-03 13:49:14'),(2618,5888,793,100,NULL,NULL,NULL,'2022-01-03 13:49:20',NULL),(2619,5888,794,100,NULL,NULL,NULL,'2022-01-03 13:49:20',NULL),(2620,5888,795,100,NULL,NULL,NULL,'2022-01-03 13:49:20',NULL),(2621,5888,797,100,NULL,NULL,NULL,'2022-01-03 13:49:20',NULL),(2622,5888,798,100,NULL,NULL,NULL,'2022-01-03 13:49:20',NULL),(2623,5888,791,100,NULL,NULL,NULL,'2022-01-03 13:49:20',NULL),(2624,5888,790,100,NULL,NULL,NULL,'2022-01-03 13:49:20',NULL),(2625,5888,769,100,NULL,NULL,NULL,'2022-01-03 13:49:20',NULL),(2626,5888,767,100,NULL,NULL,NULL,'2022-01-03 13:49:20',NULL),(2627,5888,768,100,NULL,NULL,NULL,'2022-01-03 13:49:20',NULL),(2628,5888,793,100,NULL,NULL,NULL,'2022-01-03 13:49:20',NULL),(2629,5888,794,100,NULL,NULL,NULL,'2022-01-03 13:49:20',NULL),(2630,5888,795,100,NULL,NULL,NULL,'2022-01-03 13:49:20',NULL),(2631,5888,797,100,NULL,NULL,NULL,'2022-01-03 13:49:20',NULL),(2632,5888,798,100,NULL,NULL,NULL,'2022-01-03 13:49:20',NULL),(2633,5888,777,100,NULL,NULL,NULL,'2022-01-03 13:49:20',NULL),(2634,5888,778,100,NULL,NULL,NULL,'2022-01-03 13:49:20',NULL),(2635,5888,780,100,NULL,NULL,NULL,'2022-01-03 13:49:20',NULL),(2636,5888,782,100,NULL,NULL,NULL,'2022-01-03 13:49:20',NULL),(2637,5888,784,100,NULL,NULL,NULL,'2022-01-03 13:49:20',NULL),(2638,5888,772,100,NULL,NULL,NULL,'2022-01-03 13:49:20',NULL),(2639,5888,800,100,NULL,NULL,NULL,'2022-01-03 13:49:20',NULL),(2640,5888,799,100,NULL,NULL,NULL,'2022-01-03 13:49:20',NULL),(2641,5888,775,100,NULL,NULL,NULL,'2022-01-03 13:49:20',NULL),(2642,5888,773,100,NULL,NULL,NULL,'2022-01-03 13:49:20',NULL),(2643,5888,771,100,NULL,NULL,NULL,'2022-01-03 13:49:20',NULL),(2644,5888,770,100,NULL,NULL,NULL,'2022-01-03 13:49:20',NULL),(2645,5888,774,100,NULL,NULL,NULL,'2022-01-03 13:49:20',NULL),(2646,5888,776,100,NULL,NULL,NULL,'2022-01-03 13:49:20',NULL),(2647,5888,801,100,NULL,NULL,NULL,'2022-01-03 13:49:20',NULL),(2648,5888,787,100,NULL,NULL,NULL,'2022-01-03 13:49:20',NULL),(2649,5888,792,100,NULL,NULL,NULL,'2022-01-03 13:49:20',NULL),(2650,5888,858,100,NULL,NULL,NULL,'2022-01-03 13:49:20',NULL),(2651,5888,857,100,NULL,NULL,NULL,'2022-01-03 13:49:20',NULL),(2652,5888,856,100,NULL,NULL,NULL,'2022-01-03 13:49:20',NULL),(2655,592,1163,100,NULL,NULL,NULL,'2022-01-03 13:49:21','2022-01-03 13:49:21'),(2656,3050,1166,100,'EG',NULL,NULL,'2022-01-03 13:49:21','2022-01-03 13:49:21'),(2657,1701,1166,100,'EG',NULL,NULL,'2022-01-03 13:49:21','2022-01-03 13:49:21'),(2658,3050,1170,100,'EG',NULL,NULL,'2022-01-03 13:49:21','2022-01-03 13:49:21'),(2659,1701,1170,100,'EG',NULL,NULL,'2022-01-03 13:49:21','2022-01-03 13:49:21'),(2660,3050,1171,100,'EG',NULL,NULL,'2022-01-03 13:49:21','2022-01-03 13:49:21'),(2661,1701,1171,100,'EG',NULL,NULL,'2022-01-03 13:49:21','2022-01-03 13:49:21'),(2662,3050,1172,100,'EG',NULL,NULL,'2022-01-03 13:49:21','2022-01-03 13:49:21'),(2663,1701,1172,100,'EG',NULL,NULL,'2022-01-03 13:49:21','2022-01-03 13:49:21'),(2664,3050,1173,100,'EG',NULL,NULL,'2022-01-03 13:49:21','2022-01-03 13:49:21'),(2665,1701,1173,100,'EG',NULL,NULL,'2022-01-03 13:49:21','2022-01-03 13:49:21'),(2666,3050,1164,100,'EG',NULL,NULL,'2022-01-03 13:49:21','2022-01-03 13:49:21'),(2667,1701,1164,100,'EG',NULL,NULL,'2022-01-03 13:49:21','2022-01-03 13:49:21'),(2668,3050,1156,100,NULL,NULL,NULL,'2022-01-03 13:49:21','2022-01-03 13:49:21'),(2669,1701,1156,100,NULL,NULL,NULL,'2022-01-03 13:49:21','2022-01-03 13:49:21'),(2670,3050,1604,100,NULL,NULL,NULL,'2022-01-03 13:49:21','2022-01-03 13:49:21'),(2671,1701,1604,100,NULL,NULL,NULL,'2022-01-03 13:49:22','2022-01-03 13:49:22'),(2672,3050,1158,100,NULL,NULL,NULL,'2022-01-03 13:49:22','2022-01-03 13:49:22'),(2673,1701,1158,100,NULL,NULL,NULL,'2022-01-03 13:49:22','2022-01-03 13:49:22'),(2674,3050,1159,100,NULL,NULL,NULL,'2022-01-03 13:49:22','2022-01-03 13:49:22'),(2675,1701,1159,100,NULL,NULL,NULL,'2022-01-03 13:49:22','2022-01-03 13:49:22'),(2676,3050,1160,100,NULL,NULL,NULL,'2022-01-03 13:49:22','2022-01-03 13:49:22'),(2677,1701,1160,100,NULL,NULL,NULL,'2022-01-03 13:49:22','2022-01-03 13:49:22'),(2678,3050,1161,100,NULL,NULL,NULL,'2022-01-03 13:49:22','2022-01-03 13:49:22'),(2679,1701,1161,100,NULL,NULL,NULL,'2022-01-03 13:49:22','2022-01-03 13:49:22'),(2680,3050,1162,100,NULL,NULL,NULL,'2022-01-03 13:49:22','2022-01-03 13:49:22'),(2681,1701,1162,100,NULL,NULL,NULL,'2022-01-03 13:49:22','2022-01-03 13:49:22'),(2682,5889,543,100,NULL,NULL,NULL,'2022-07-30 16:23:18','2022-07-30 16:23:18'),(2683,5889,544,100,NULL,NULL,NULL,'2022-07-30 16:23:18','2022-07-30 16:23:18'),(2684,5889,545,100,NULL,NULL,NULL,'2022-07-30 16:23:18','2022-07-30 16:23:18'),(2685,5889,546,100,NULL,NULL,NULL,'2022-07-30 16:23:18','2022-07-30 16:23:18'),(2686,5889,547,100,NULL,NULL,NULL,'2022-07-30 16:23:18','2022-07-30 16:23:18'),(2687,5889,548,100,NULL,NULL,NULL,'2022-07-30 16:23:18','2022-07-30 16:23:18'),(2688,5889,549,100,NULL,NULL,NULL,'2022-07-30 16:23:18','2022-07-30 16:23:18'),(2689,5889,550,100,NULL,NULL,NULL,'2022-07-30 16:23:18','2022-07-30 16:23:18'),(2690,5889,551,100,NULL,NULL,NULL,'2022-07-30 16:23:18','2022-07-30 16:23:18'),(2691,5889,552,100,NULL,NULL,NULL,'2022-07-30 16:23:18','2022-07-30 16:23:18'),(2692,5889,553,100,NULL,NULL,NULL,'2022-07-30 16:23:18','2022-07-30 16:23:18'),(2693,5889,554,100,NULL,NULL,NULL,'2022-07-30 16:23:18','2022-07-30 16:23:18'),(2694,5889,555,100,NULL,NULL,NULL,'2022-07-30 16:23:18','2022-07-30 16:23:18'),(2695,5889,556,100,NULL,NULL,NULL,'2022-07-30 16:23:18','2022-07-30 16:23:18'),(2696,5889,513,100,NULL,NULL,NULL,'2022-07-30 16:23:18','2022-07-30 16:23:18'),(2697,5889,514,100,NULL,NULL,NULL,'2022-07-30 16:23:18','2022-07-30 16:23:18'),(2698,5889,515,100,NULL,NULL,NULL,'2022-07-30 16:23:18','2022-07-30 16:23:18'),(2699,5889,516,100,NULL,NULL,NULL,'2022-07-30 16:23:18','2022-07-30 16:23:18'),(2700,5889,517,100,NULL,NULL,NULL,'2022-07-30 16:23:18','2022-07-30 16:23:18'),(2701,5889,519,100,NULL,NULL,NULL,'2022-07-30 16:23:18','2022-07-30 16:23:18'),(2702,5889,518,100,NULL,NULL,NULL,'2022-07-30 16:23:18','2022-07-30 16:23:18'),(2703,5889,520,100,NULL,NULL,NULL,'2022-07-30 16:23:18','2022-07-30 16:23:18'),(2704,5889,522,100,NULL,NULL,NULL,'2022-07-30 16:23:18','2022-07-30 16:23:18'),(2705,5889,521,100,NULL,NULL,NULL,'2022-07-30 16:23:18','2022-07-30 16:23:18'),(2706,5889,523,100,NULL,NULL,NULL,'2022-07-30 16:23:18','2022-07-30 16:23:18'),(2707,5889,524,100,NULL,NULL,NULL,'2022-07-30 16:23:18','2022-07-30 16:23:18'),(2708,5889,526,100,NULL,NULL,NULL,'2022-07-30 16:23:18','2022-07-30 16:23:18'),(2709,5889,525,100,NULL,NULL,NULL,'2022-07-30 16:23:18','2022-07-30 16:23:18'),(2710,5889,527,100,NULL,NULL,NULL,'2022-07-30 16:23:18','2022-07-30 16:23:18'),(2711,5889,528,100,NULL,NULL,NULL,'2022-07-30 16:23:18','2022-07-30 16:23:18'),(2712,5889,529,100,NULL,NULL,NULL,'2022-07-30 16:23:18','2022-07-30 16:23:18'),(2713,5889,530,100,NULL,NULL,NULL,'2022-07-30 16:23:18','2022-07-30 16:23:18'),(2714,5889,531,100,NULL,NULL,NULL,'2022-07-30 16:23:18','2022-07-30 16:23:18'),(2715,5889,139,100,NULL,NULL,NULL,'2022-07-30 16:23:18','2022-07-30 16:23:18'),(2716,5889,140,100,NULL,NULL,NULL,'2022-07-30 16:23:18','2022-07-30 16:23:18'),(2717,5889,141,100,NULL,NULL,NULL,'2022-07-30 16:23:18','2022-07-30 16:23:18'),(2718,5889,142,100,NULL,NULL,NULL,'2022-07-30 16:23:18','2022-07-30 16:23:18'),(2719,5889,1241,100,NULL,NULL,NULL,'2022-07-30 16:23:18','2022-07-30 16:23:18'),(2720,5889,1235,100,NULL,NULL,NULL,'2022-07-30 16:23:18','2022-07-30 16:23:18'),(2721,5889,1236,100,NULL,NULL,NULL,'2022-07-30 16:23:18','2022-07-30 16:23:18'),(2722,5889,1237,100,NULL,NULL,NULL,'2022-07-30 16:23:18','2022-07-30 16:23:18'),(2723,5889,1238,100,NULL,NULL,NULL,'2022-07-30 16:23:18','2022-07-30 16:23:18'),(2724,5889,1239,100,NULL,NULL,NULL,'2022-07-30 16:23:18','2022-07-30 16:23:18'),(2725,5889,1240,100,NULL,NULL,NULL,'2022-07-30 16:23:18','2022-07-30 16:23:18'),(2726,5889,664,100,NULL,NULL,NULL,'2022-07-30 16:23:18','2022-07-30 16:23:18'),(2727,5889,665,100,NULL,NULL,NULL,'2022-07-30 16:23:18','2022-07-30 16:23:18'),(2728,5889,666,100,NULL,NULL,NULL,'2022-07-30 16:23:18','2022-07-30 16:23:18'),(2729,5889,663,100,NULL,NULL,NULL,'2022-07-30 16:23:18','2022-07-30 16:23:18'),(2730,5889,69,100,NULL,NULL,NULL,'2022-07-30 16:23:18','2022-07-30 16:23:18'),(2731,5889,70,100,NULL,NULL,NULL,'2022-07-30 16:23:18','2022-07-30 16:23:18'),(2732,5889,71,100,NULL,NULL,NULL,'2022-07-30 16:23:18','2022-07-30 16:23:18'),(2733,5889,73,100,NULL,NULL,NULL,'2022-07-30 16:23:18','2022-07-30 16:23:18'),(2734,5889,72,100,NULL,NULL,NULL,'2022-07-30 16:23:18','2022-07-30 16:23:18'),(2735,5889,74,100,NULL,NULL,NULL,'2022-07-30 16:23:18','2022-07-30 16:23:18'),(2736,5889,76,100,NULL,NULL,NULL,'2022-07-30 16:23:18','2022-07-30 16:23:18'),(2737,5889,75,100,NULL,NULL,NULL,'2022-07-30 16:23:18','2022-07-30 16:23:18'),(2738,5889,77,100,NULL,NULL,NULL,'2022-07-30 16:23:18','2022-07-30 16:23:18'),(2739,5889,79,100,NULL,NULL,NULL,'2022-07-30 16:23:18','2022-07-30 16:23:18'),(2740,5889,78,100,NULL,NULL,NULL,'2022-07-30 16:23:18','2022-07-30 16:23:18'),(2741,5889,80,100,NULL,NULL,NULL,'2022-07-30 16:23:18','2022-07-30 16:23:18'),(2742,5889,82,100,NULL,NULL,NULL,'2022-07-30 16:23:18','2022-07-30 16:23:18'),(2743,5889,81,100,NULL,NULL,NULL,'2022-07-30 16:23:18','2022-07-30 16:23:18'),(2744,5889,83,100,NULL,NULL,NULL,'2022-07-30 16:23:18','2022-07-30 16:23:18'),(2745,5889,85,100,NULL,NULL,NULL,'2022-07-30 16:23:18','2022-07-30 16:23:18'),(2746,5889,84,100,NULL,NULL,NULL,'2022-07-30 16:23:18','2022-07-30 16:23:18'),(2747,5889,394,100,NULL,NULL,NULL,'2022-07-30 16:23:18','2022-07-30 16:23:18'),(2748,5889,395,100,NULL,NULL,NULL,'2022-07-30 16:23:18','2022-07-30 16:23:18'),(2749,5889,396,100,NULL,NULL,NULL,'2022-07-30 16:23:18','2022-07-30 16:23:18'),(2750,5889,397,100,NULL,NULL,NULL,'2022-07-30 16:23:18','2022-07-30 16:23:18'),(2751,5889,398,100,NULL,NULL,NULL,'2022-07-30 16:23:18','2022-07-30 16:23:18'),(2752,5889,1346,100,NULL,NULL,NULL,'2022-07-30 16:23:18','2022-07-30 16:23:18'),(2753,5889,1347,100,NULL,NULL,NULL,'2022-07-30 16:23:18','2022-07-30 16:23:18'),(2754,5889,1348,100,NULL,NULL,NULL,'2022-07-30 16:23:18','2022-07-30 16:23:18'),(2755,5889,1568,100,NULL,NULL,NULL,'2022-07-30 16:23:18','2022-07-30 16:23:18'),(2756,5889,1569,100,NULL,NULL,NULL,'2022-07-30 16:23:18','2022-07-30 16:23:18'),(2757,5889,1349,100,NULL,NULL,NULL,'2022-07-30 16:23:18','2022-07-30 16:23:18'),(2758,5889,1570,100,NULL,NULL,NULL,'2022-07-30 16:23:18','2022-07-30 16:23:18'),(2759,5889,1571,100,NULL,NULL,NULL,'2022-07-30 16:23:18','2022-07-30 16:23:18'),(2760,5889,1206,100,NULL,NULL,NULL,'2022-07-30 16:23:18','2022-07-30 16:23:18'),(2761,5889,1207,100,NULL,NULL,NULL,'2022-07-30 16:23:18','2022-07-30 16:23:18'),(2762,5889,1208,100,NULL,NULL,NULL,'2022-07-30 16:23:18','2022-07-30 16:23:18'),(2763,5889,1209,100,NULL,NULL,NULL,'2022-07-30 16:23:18','2022-07-30 16:23:18'),(2764,5889,1210,100,NULL,NULL,NULL,'2022-07-30 16:23:18','2022-07-30 16:23:18'),(2765,5889,1211,100,NULL,NULL,NULL,'2022-07-30 16:23:18','2022-07-30 16:23:18'),(2766,5889,1212,100,NULL,NULL,NULL,'2022-07-30 16:23:18','2022-07-30 16:23:18'),(2767,5889,1213,100,NULL,NULL,NULL,'2022-07-30 16:23:18','2022-07-30 16:23:18'),(2768,5889,1214,100,NULL,NULL,NULL,'2022-07-30 16:23:18','2022-07-30 16:23:18'),(2769,5889,1215,100,NULL,NULL,NULL,'2022-07-30 16:23:18','2022-07-30 16:23:18'),(2770,5889,248,100,NULL,NULL,NULL,'2022-07-30 16:23:18','2022-07-30 16:23:18'),(2771,5889,249,100,NULL,NULL,NULL,'2022-07-30 16:23:18','2022-07-30 16:23:18'),(2772,5889,240,100,NULL,NULL,NULL,'2022-07-30 16:23:18','2022-07-30 16:23:18'),(2773,5889,239,100,NULL,NULL,NULL,'2022-07-30 16:23:18','2022-07-30 16:23:18'),(2774,5889,336,100,NULL,NULL,NULL,'2022-07-30 16:23:18','2022-07-30 16:23:18'),(2775,5889,337,100,NULL,NULL,NULL,'2022-07-30 16:23:18','2022-07-30 16:23:18'),(2776,5889,338,100,NULL,NULL,NULL,'2022-07-30 16:23:18','2022-07-30 16:23:18'),(2777,5889,339,100,NULL,NULL,NULL,'2022-07-30 16:23:18','2022-07-30 16:23:18'),(2778,5889,995,100,NULL,NULL,NULL,'2022-07-30 16:23:18','2022-07-30 16:23:18'),(2779,5889,996,100,NULL,NULL,NULL,'2022-07-30 16:23:18','2022-07-30 16:23:18'),(2780,5889,13,100,NULL,NULL,NULL,'2022-07-30 16:23:18','2022-07-30 16:23:18'),(2781,5889,14,100,NULL,NULL,NULL,'2022-07-30 16:23:18','2022-07-30 16:23:18'),(2782,5889,18,100,NULL,NULL,NULL,'2022-07-30 16:23:18','2022-07-30 16:23:18'),(2783,5889,19,100,NULL,NULL,NULL,'2022-07-30 16:23:18','2022-07-30 16:23:18'),(2784,5889,444,100,NULL,NULL,NULL,'2022-07-30 16:23:18','2022-07-30 16:23:18'),(2785,5889,443,100,NULL,NULL,NULL,'2022-07-30 16:23:18','2022-07-30 16:23:18'),(2786,5889,113,100,'EG',NULL,NULL,'2022-07-30 16:23:18','2022-07-30 16:23:18'),(2787,5889,110,100,'EG',NULL,NULL,'2022-07-30 16:23:18','2022-07-30 16:23:18'),(2788,5889,131,100,'EG',NULL,NULL,'2022-07-30 16:23:18','2022-07-30 16:23:18'),(2789,5889,122,100,'EG',NULL,NULL,'2022-07-30 16:23:18','2022-07-30 16:23:18'),(2790,5889,130,100,'EG',NULL,NULL,'2022-07-30 16:23:18','2022-07-30 16:23:18'),(2791,5889,123,100,'EG',NULL,NULL,'2022-07-30 16:23:18','2022-07-30 16:23:18'),(2792,5889,129,100,'EG',NULL,NULL,'2022-07-30 16:23:18','2022-07-30 16:23:18'),(2793,5889,124,100,'EG',NULL,NULL,'2022-07-30 16:23:18','2022-07-30 16:23:18'),(2794,5889,116,100,'EG',NULL,NULL,'2022-07-30 16:23:18','2022-07-30 16:23:18'),(2795,5889,107,100,'EG',NULL,NULL,'2022-07-30 16:23:18','2022-07-30 16:23:18'),(2796,5889,115,100,'EG',NULL,NULL,'2022-07-30 16:23:18','2022-07-30 16:23:18'),(2797,5889,108,100,'EG',NULL,NULL,'2022-07-30 16:23:18','2022-07-30 16:23:18'),(2798,5889,114,100,'EG',NULL,NULL,'2022-07-30 16:23:18','2022-07-30 16:23:18'),(2799,5889,109,100,'EG',NULL,NULL,'2022-07-30 16:23:18','2022-07-30 16:23:18'),(2800,5889,1253,100,'EG',NULL,NULL,'2022-07-30 16:23:18','2022-07-30 16:23:18'),(2801,5889,1254,100,'EG',NULL,NULL,'2022-07-30 16:23:18','2022-07-30 16:23:18'),(2802,5889,1255,100,'EG',NULL,NULL,'2022-07-30 16:23:18','2022-07-30 16:23:18'),(2803,5889,1256,100,'EG',NULL,NULL,'2022-07-30 16:23:18','2022-07-30 16:23:18'),(2804,5889,1257,100,'EG',NULL,NULL,'2022-07-30 16:23:18','2022-07-30 16:23:18'),(2805,5889,1533,100,'EG',NULL,NULL,'2022-07-30 16:23:18','2022-07-30 16:23:18'),(2806,5889,1193,100,'EG',NULL,NULL,'2022-07-30 16:23:18','2022-07-30 16:23:18'),(2807,5889,1194,100,'EG',NULL,NULL,'2022-07-30 16:23:18','2022-07-30 16:23:18'),(2808,5889,1195,100,'EG',NULL,NULL,'2022-07-30 16:23:18','2022-07-30 16:23:18'),(2809,5889,1196,100,'EG',NULL,NULL,'2022-07-30 16:23:18','2022-07-30 16:23:18'),(2810,5889,1197,100,'EG',NULL,NULL,'2022-07-30 16:23:18','2022-07-30 16:23:18'),(2811,5889,997,100,'EG',NULL,NULL,'2022-07-30 16:23:18','2022-07-30 16:23:18'),(2812,5889,173,100,NULL,'2',NULL,'2022-07-30 16:23:18','2022-07-30 16:23:18'),(2813,5889,175,100,NULL,'2',NULL,'2022-07-30 16:23:18','2022-07-30 16:23:18'),(2814,5889,177,100,NULL,'2',NULL,'2022-07-30 16:23:18','2022-07-30 16:23:18'),(2815,5889,178,100,NULL,'2',NULL,'2022-07-30 16:23:18','2022-07-30 16:23:18'),(2816,5889,179,100,NULL,'2',NULL,'2022-07-30 16:23:18','2022-07-30 16:23:18'),(2817,5889,180,100,NULL,'2',NULL,'2022-07-30 16:23:18','2022-07-30 16:23:18'),(2818,5889,181,100,NULL,'2',NULL,'2022-07-30 16:23:18','2022-07-30 16:23:18'),(2819,5889,182,100,NULL,'2',NULL,'2022-07-30 16:23:18','2022-07-30 16:23:18'),(2820,5889,183,100,NULL,'2',NULL,'2022-07-30 16:23:18','2022-07-30 16:23:18'),(2821,5889,184,100,NULL,'2',NULL,'2022-07-30 16:23:18','2022-07-30 16:23:18'),(2822,5889,185,100,NULL,'2',NULL,'2022-07-30 16:23:18','2022-07-30 16:23:18'),(2823,5889,186,100,NULL,'2',NULL,'2022-07-30 16:23:18','2022-07-30 16:23:18'),(2824,5889,187,100,NULL,'2',NULL,'2022-07-30 16:23:18','2022-07-30 16:23:18'),(2825,5889,195,100,NULL,'2',NULL,'2022-07-30 16:23:18','2022-07-30 16:23:18'),(2826,5889,196,100,NULL,'2',NULL,'2022-07-30 16:23:18','2022-07-30 16:23:18'),(2827,5889,65,100,NULL,'2',NULL,'2022-07-30 16:23:18','2022-07-30 16:23:18'),(2828,5889,66,100,NULL,'2',NULL,'2022-07-30 16:23:18','2022-07-30 16:23:18'),(2829,5889,67,100,NULL,'2',NULL,'2022-07-30 16:23:18','2022-07-30 16:23:18'),(2830,5889,1206,100,NULL,'2',NULL,'2022-07-30 16:23:18','2022-07-30 16:23:18'),(2831,5889,1207,100,NULL,'2',NULL,'2022-07-30 16:23:18','2022-07-30 16:23:18'),(2832,5889,1208,100,NULL,'2',NULL,'2022-07-30 16:23:18','2022-07-30 16:23:18'),(2833,5889,1209,100,NULL,'2',NULL,'2022-07-30 16:23:18','2022-07-30 16:23:18'),(2834,5889,1210,100,NULL,'2',NULL,'2022-07-30 16:23:18','2022-07-30 16:23:18'),(2835,5889,1211,100,NULL,'2',NULL,'2022-07-30 16:23:18','2022-07-30 16:23:18'),(2836,5889,1212,100,NULL,'2',NULL,'2022-07-30 16:23:18','2022-07-30 16:23:18'),(2837,5889,1213,100,NULL,'2',NULL,'2022-07-30 16:23:18','2022-07-30 16:23:18'),(2838,5889,1214,100,NULL,'2',NULL,'2022-07-30 16:23:18','2022-07-30 16:23:18'),(2839,5889,1215,100,NULL,'2',NULL,'2022-07-30 16:23:18','2022-07-30 16:23:18'),(2840,5889,998,100,NULL,'2',NULL,'2022-07-30 16:23:18','2022-07-30 16:23:18'),(2841,5889,999,100,NULL,'2',NULL,'2022-07-30 16:23:18','2022-07-30 16:23:18'),(2842,5889,995,100,NULL,'2',NULL,'2022-07-30 16:23:18','2022-07-30 16:23:18'),(2843,5889,996,100,NULL,'2',NULL,'2022-07-30 16:23:18','2022-07-30 16:23:18'),(2844,5889,1535,100,NULL,'4',NULL,'2022-07-30 16:23:18','2022-07-30 16:23:18'),(2845,5889,1269,100,NULL,'4',NULL,'2022-07-30 16:23:18','2022-07-30 16:23:18'),(2846,5889,1270,100,NULL,'4',NULL,'2022-07-30 16:23:18','2022-07-30 16:23:18'),(2847,5889,1271,100,NULL,'4',NULL,'2022-07-30 16:23:18','2022-07-30 16:23:18'),(2848,5889,1179,100,NULL,'4',NULL,'2022-07-30 16:23:18','2022-07-30 16:23:18'),(2849,5889,1192,100,NULL,'4',NULL,'2022-07-30 16:23:18','2022-07-30 16:23:18'),(2850,5889,1181,100,NULL,'4',NULL,'2022-07-30 16:23:18','2022-07-30 16:23:18'),(2851,5889,1331,100,NULL,'7',NULL,'2022-07-30 16:23:18','2022-07-30 16:23:18'),(2852,5889,1556,100,NULL,'7',NULL,'2022-07-30 16:23:18','2022-07-30 16:23:18'),(2853,5889,1557,100,NULL,'7',NULL,'2022-07-30 16:23:18','2022-07-30 16:23:18'),(2854,5889,1332,100,NULL,'7',NULL,'2022-07-30 16:23:18','2022-07-30 16:23:18'),(2855,5889,1333,100,NULL,'7',NULL,'2022-07-30 16:23:18','2022-07-30 16:23:18'),(2856,5889,1334,100,NULL,'7',NULL,'2022-07-30 16:23:18','2022-07-30 16:23:18'),(2857,1874,1362,100,NULL,NULL,NULL,'2022-07-30 16:23:30','2022-07-30 16:23:30'),(2858,1874,1363,100,NULL,NULL,NULL,'2022-07-30 16:23:30','2022-07-30 16:23:30'),(2859,1874,1364,100,NULL,NULL,NULL,'2022-07-30 16:23:30','2022-07-30 16:23:30'),(2860,1874,1576,100,NULL,NULL,NULL,'2022-07-30 16:23:30','2022-07-30 16:23:30'),(2861,1874,1577,100,NULL,NULL,NULL,'2022-07-30 16:23:30','2022-07-30 16:23:30'),(2862,1874,1365,100,NULL,NULL,NULL,'2022-07-30 16:23:30','2022-07-30 16:23:30'),(2863,1874,1578,100,NULL,NULL,NULL,'2022-07-30 16:23:30','2022-07-30 16:23:30'),(2864,1874,1579,100,NULL,NULL,NULL,'2022-07-30 16:23:30','2022-07-30 16:23:30'),(2865,1874,1366,100,NULL,NULL,NULL,'2022-07-30 16:23:30','2022-07-30 16:23:30'),(2866,1874,1580,100,NULL,NULL,NULL,'2022-07-30 16:23:30','2022-07-30 16:23:30'),(2867,1874,1581,100,NULL,NULL,NULL,'2022-07-30 16:23:30','2022-07-30 16:23:30'),(2868,29,885,100,'KDFW',NULL,NULL,'2022-07-30 16:23:32','2022-07-30 16:23:32'),(2869,29,885,100,'KJFK',NULL,NULL,'2022-07-30 16:23:32','2022-07-30 16:23:32'),(2870,29,885,100,'KLAX',NULL,NULL,'2022-07-30 16:23:32','2022-07-30 16:23:32'),(2871,29,885,100,'KMIA',NULL,NULL,'2022-07-30 16:23:32','2022-07-30 16:23:32'),(2872,29,886,100,'KDFW',NULL,NULL,'2022-07-30 16:23:32','2022-07-30 16:23:32'),(2873,29,886,100,'KJFK',NULL,NULL,'2022-07-30 16:23:32','2022-07-30 16:23:32'),(2874,29,886,100,'KLAX',NULL,NULL,'2022-07-30 16:23:32','2022-07-30 16:23:32'),(2875,29,886,100,'KMIA',NULL,NULL,'2022-07-30 16:23:32','2022-07-30 16:23:32'),(2876,29,887,100,'KDFW',NULL,NULL,'2022-07-30 16:23:32','2022-07-30 16:23:32'),(2877,29,887,100,'KJFK',NULL,NULL,'2022-07-30 16:23:32','2022-07-30 16:23:32'),(2878,29,887,100,'KLAX',NULL,NULL,'2022-07-30 16:23:32','2022-07-30 16:23:32'),(2879,29,887,100,'KMIA',NULL,NULL,'2022-07-30 16:23:32','2022-07-30 16:23:32'),(2880,29,888,100,'KDFW',NULL,NULL,'2022-07-30 16:23:32','2022-07-30 16:23:32'),(2881,29,888,100,'KJFK',NULL,NULL,'2022-07-30 16:23:32','2022-07-30 16:23:32'),(2882,29,888,100,'KLAX',NULL,NULL,'2022-07-30 16:23:32','2022-07-30 16:23:32'),(2883,29,888,100,'KMIA',NULL,NULL,'2022-07-30 16:23:32','2022-07-30 16:23:32'),(2884,29,889,100,'KDFW',NULL,NULL,'2022-07-30 16:23:32','2022-07-30 16:23:32'),(2885,29,889,100,'KJFK',NULL,NULL,'2022-07-30 16:23:32','2022-07-30 16:23:32'),(2886,29,889,100,'KLAX',NULL,NULL,'2022-07-30 16:23:32','2022-07-30 16:23:32'),(2887,29,889,100,'KMIA',NULL,NULL,'2022-07-30 16:23:32','2022-07-30 16:23:32'),(2888,29,890,100,'KDFW',NULL,NULL,'2022-07-30 16:23:32','2022-07-30 16:23:32'),(2889,29,890,100,'KJFK',NULL,NULL,'2022-07-30 16:23:32','2022-07-30 16:23:32'),(2890,29,890,100,'KLAX',NULL,NULL,'2022-07-30 16:23:32','2022-07-30 16:23:32'),(2891,29,890,100,'KMIA',NULL,NULL,'2022-07-30 16:23:32','2022-07-30 16:23:32'),(2892,29,891,100,'KDFW',NULL,NULL,'2022-07-30 16:23:32','2022-07-30 16:23:32'),(2893,29,891,100,'KJFK',NULL,NULL,'2022-07-30 16:23:32','2022-07-30 16:23:32'),(2894,29,891,100,'KLAX',NULL,NULL,'2022-07-30 16:23:32','2022-07-30 16:23:32'),(2895,29,891,100,'KMIA',NULL,NULL,'2022-07-30 16:23:32','2022-07-30 16:23:32'),(2896,29,892,100,'KDFW',NULL,NULL,'2022-07-30 16:23:32','2022-07-30 16:23:32'),(2897,29,892,100,'KJFK',NULL,NULL,'2022-07-30 16:23:32','2022-07-30 16:23:32'),(2898,29,892,100,'KLAX',NULL,NULL,'2022-07-30 16:23:32','2022-07-30 16:23:32'),(2899,29,892,100,'KMIA',NULL,NULL,'2022-07-30 16:23:32','2022-07-30 16:23:32'),(2900,29,905,100,'KDFW',NULL,NULL,'2022-07-30 16:23:32','2022-07-30 16:23:32'),(2901,29,905,100,'KJFK',NULL,NULL,'2022-07-30 16:23:32','2022-07-30 16:23:32'),(2902,29,905,100,'KLAX',NULL,NULL,'2022-07-30 16:23:32','2022-07-30 16:23:32'),(2903,29,905,100,'KMIA',NULL,NULL,'2022-07-30 16:23:32','2022-07-30 16:23:32'),(2904,29,908,100,'KDFW',NULL,NULL,'2022-07-30 16:23:32','2022-07-30 16:23:32'),(2905,29,908,100,'KJFK',NULL,NULL,'2022-07-30 16:23:32','2022-07-30 16:23:32'),(2906,29,908,100,'KLAX',NULL,NULL,'2022-07-30 16:23:32','2022-07-30 16:23:32'),(2907,29,908,100,'KMIA',NULL,NULL,'2022-07-30 16:23:32','2022-07-30 16:23:32'),(2908,35,725,100,NULL,NULL,NULL,'2022-07-30 16:23:32','2022-07-30 16:23:32'),(2909,71,728,100,NULL,NULL,NULL,'2022-07-30 16:23:32','2022-07-30 16:23:32'),(2910,71,731,100,NULL,NULL,NULL,'2022-07-30 16:23:32','2022-07-30 16:23:32'),(2911,71,732,100,NULL,NULL,NULL,'2022-07-30 16:23:32','2022-07-30 16:23:32'),(2912,71,733,100,NULL,NULL,NULL,'2022-07-30 16:23:32','2022-07-30 16:23:32'),(2913,71,734,100,NULL,NULL,NULL,'2022-07-30 16:23:32','2022-07-30 16:23:32'),(2914,71,735,100,NULL,NULL,NULL,'2022-07-30 16:23:32','2022-07-30 16:23:32'),(2915,71,738,100,NULL,NULL,NULL,'2022-07-30 16:23:32','2022-07-30 16:23:32'),(2916,120,709,100,NULL,NULL,NULL,'2022-07-30 16:23:32','2022-07-30 16:23:32'),(2917,120,710,100,NULL,NULL,NULL,'2022-07-30 16:23:32','2022-07-30 16:23:32'),(2918,120,713,100,NULL,NULL,NULL,'2022-07-30 16:23:32','2022-07-30 16:23:32'),(2919,120,720,100,NULL,NULL,NULL,'2022-07-30 16:23:32','2022-07-30 16:23:32'),(2920,152,723,100,NULL,NULL,NULL,'2022-07-30 16:23:32','2022-07-30 16:23:32'),(2921,152,724,100,NULL,NULL,NULL,'2022-07-30 16:23:32','2022-07-30 16:23:32'),(2922,152,725,100,NULL,NULL,NULL,'2022-07-30 16:23:32','2022-07-30 16:23:32'),(2923,152,728,100,NULL,NULL,NULL,'2022-07-30 16:23:32','2022-07-30 16:23:32'),(2924,152,731,100,NULL,NULL,NULL,'2022-07-30 16:23:32','2022-07-30 16:23:32'),(2925,152,732,100,NULL,NULL,NULL,'2022-07-30 16:23:32','2022-07-30 16:23:32'),(2926,152,734,100,NULL,NULL,NULL,'2022-07-30 16:23:32','2022-07-30 16:23:32'),(2927,152,735,100,NULL,NULL,NULL,'2022-07-30 16:23:32','2022-07-30 16:23:32'),(2928,152,738,100,NULL,NULL,NULL,'2022-07-30 16:23:32','2022-07-30 16:23:32'),(2929,152,739,100,NULL,NULL,NULL,'2022-07-30 16:23:32','2022-07-30 16:23:32'),(2930,152,742,100,NULL,NULL,NULL,'2022-07-30 16:23:32','2022-07-30 16:23:32'),(2931,152,746,100,NULL,NULL,NULL,'2022-07-30 16:23:32','2022-07-30 16:23:32'),(2932,156,1538,100,NULL,NULL,NULL,'2022-07-30 16:23:32','2022-07-30 16:23:32'),(2933,156,1539,100,NULL,NULL,NULL,'2022-07-30 16:23:32','2022-07-30 16:23:32'),(2934,156,1540,100,NULL,NULL,NULL,'2022-07-30 16:23:32','2022-07-30 16:23:32'),(2935,156,1541,100,NULL,NULL,NULL,'2022-07-30 16:23:32','2022-07-30 16:23:32'),(2936,156,767,100,NULL,NULL,NULL,'2022-07-30 16:23:32','2022-07-30 16:23:32'),(2937,156,768,100,NULL,NULL,NULL,'2022-07-30 16:23:32','2022-07-30 16:23:32'),(2938,156,777,100,NULL,NULL,NULL,'2022-07-30 16:23:32','2022-07-30 16:23:32'),(2939,156,778,100,NULL,NULL,NULL,'2022-07-30 16:23:32','2022-07-30 16:23:32'),(2940,156,780,100,NULL,NULL,NULL,'2022-07-30 16:23:32','2022-07-30 16:23:32'),(2941,156,782,100,NULL,NULL,NULL,'2022-07-30 16:23:32','2022-07-30 16:23:32'),(2942,202,723,100,NULL,NULL,NULL,'2022-07-30 16:23:32','2022-07-30 16:23:32'),(2943,202,724,100,NULL,NULL,NULL,'2022-07-30 16:23:32','2022-07-30 16:23:32'),(2944,202,725,100,NULL,NULL,NULL,'2022-07-30 16:23:32','2022-07-30 16:23:32'),(2945,202,728,100,NULL,NULL,NULL,'2022-07-30 16:23:32','2022-07-30 16:23:32'),(2946,202,731,100,NULL,NULL,NULL,'2022-07-30 16:23:32','2022-07-30 16:23:32'),(2947,202,732,100,NULL,NULL,NULL,'2022-07-30 16:23:32','2022-07-30 16:23:32'),(2948,202,734,100,NULL,NULL,NULL,'2022-07-30 16:23:32','2022-07-30 16:23:32'),(2949,202,735,100,NULL,NULL,NULL,'2022-07-30 16:23:32','2022-07-30 16:23:32'),(2950,202,738,100,NULL,NULL,NULL,'2022-07-30 16:23:32','2022-07-30 16:23:32'),(2951,202,739,100,NULL,NULL,NULL,'2022-07-30 16:23:32','2022-07-30 16:23:32'),(2952,202,742,100,NULL,NULL,NULL,'2022-07-30 16:23:32','2022-07-30 16:23:32'),(2953,202,746,100,NULL,NULL,NULL,'2022-07-30 16:23:32','2022-07-30 16:23:32'),(2954,206,735,100,NULL,NULL,NULL,'2022-07-30 16:23:32','2022-07-30 16:23:32'),(2955,206,738,100,NULL,NULL,NULL,'2022-07-30 16:23:32','2022-07-30 16:23:32'),(2956,206,739,100,NULL,NULL,NULL,'2022-07-30 16:23:32','2022-07-30 16:23:32'),(2957,274,778,100,NULL,NULL,NULL,'2022-07-30 16:23:32','2022-07-30 16:23:32'),(2958,274,780,100,NULL,NULL,NULL,'2022-07-30 16:23:32','2022-07-30 16:23:32'),(2959,291,719,100,NULL,NULL,NULL,'2022-07-30 16:23:32','2022-07-30 16:23:32'),(2960,291,720,100,NULL,NULL,NULL,'2022-07-30 16:23:32','2022-07-30 16:23:32'),(2961,291,721,100,NULL,NULL,NULL,'2022-07-30 16:23:32','2022-07-30 16:23:32'),(2962,291,722,100,NULL,NULL,NULL,'2022-07-30 16:23:32','2022-07-30 16:23:32'),(2963,315,739,100,NULL,NULL,NULL,'2022-07-30 16:23:32','2022-07-30 16:23:32'),(2964,315,742,100,NULL,NULL,NULL,'2022-07-30 16:23:32','2022-07-30 16:23:32'),(2965,420,714,100,NULL,NULL,NULL,'2022-07-30 16:23:32','2022-07-30 16:23:32'),(2966,420,719,100,NULL,NULL,NULL,'2022-07-30 16:23:32','2022-07-30 16:23:32'),(2967,458,709,100,NULL,NULL,NULL,'2022-07-30 16:23:32','2022-07-30 16:23:32'),(2968,458,710,100,NULL,NULL,NULL,'2022-07-30 16:23:32','2022-07-30 16:23:32'),(2969,458,711,100,NULL,NULL,NULL,'2022-07-30 16:23:32','2022-07-30 16:23:32'),(2970,458,712,100,NULL,NULL,NULL,'2022-07-30 16:23:32','2022-07-30 16:23:32'),(2971,458,713,100,NULL,NULL,NULL,'2022-07-30 16:23:32','2022-07-30 16:23:32'),(2972,458,715,100,NULL,NULL,NULL,'2022-07-30 16:23:32','2022-07-30 16:23:32'),(2973,479,732,100,NULL,NULL,NULL,'2022-07-30 16:23:32','2022-07-30 16:23:32'),(2974,598,779,100,NULL,NULL,NULL,'2022-07-30 16:23:32','2022-07-30 16:23:32'),(2975,598,782,100,NULL,NULL,NULL,'2022-07-30 16:23:32','2022-07-30 16:23:32'),(2976,598,784,100,NULL,NULL,NULL,'2022-07-30 16:23:32','2022-07-30 16:23:32'),(2977,636,714,100,NULL,NULL,NULL,'2022-07-30 16:23:32','2022-07-30 16:23:32'),(2978,636,715,100,NULL,NULL,NULL,'2022-07-30 16:23:32','2022-07-30 16:23:32'),(2979,636,719,100,NULL,NULL,NULL,'2022-07-30 16:23:32','2022-07-30 16:23:32'),(2980,636,720,100,NULL,NULL,NULL,'2022-07-30 16:23:32','2022-07-30 16:23:32'),(2981,636,721,100,NULL,NULL,NULL,'2022-07-30 16:23:32','2022-07-30 16:23:32'),(2982,636,722,100,NULL,NULL,NULL,'2022-07-30 16:23:32','2022-07-30 16:23:32'),(2983,632,749,100,NULL,NULL,NULL,'2022-07-30 16:23:32','2022-07-30 16:23:32'),(2984,632,750,100,NULL,NULL,NULL,'2022-07-30 16:23:32','2022-07-30 16:23:32'),(2985,632,751,100,NULL,NULL,NULL,'2022-07-30 16:23:32','2022-07-30 16:23:32'),(2986,702,710,100,NULL,NULL,NULL,'2022-07-30 16:23:32','2022-07-30 16:23:32'),(2987,702,711,100,NULL,NULL,NULL,'2022-07-30 16:23:32','2022-07-30 16:23:32'),(2988,702,712,100,NULL,NULL,NULL,'2022-07-30 16:23:32','2022-07-30 16:23:32'),(2989,702,713,100,NULL,NULL,NULL,'2022-07-30 16:23:32','2022-07-30 16:23:32'),(2990,702,719,100,NULL,NULL,NULL,'2022-07-30 16:23:32','2022-07-30 16:23:32'),(2991,702,720,100,NULL,NULL,NULL,'2022-07-30 16:23:32','2022-07-30 16:23:32'),(2992,702,721,100,NULL,NULL,NULL,'2022-07-30 16:23:32','2022-07-30 16:23:32'),(2993,702,722,100,NULL,NULL,NULL,'2022-07-30 16:23:32','2022-07-30 16:23:32'),(2994,911,1549,100,NULL,NULL,NULL,'2022-07-30 16:23:32','2022-07-30 16:23:32'),(2995,911,1550,100,NULL,NULL,NULL,'2022-07-30 16:23:32','2022-07-30 16:23:32'),(2996,911,1553,100,NULL,NULL,NULL,'2022-07-30 16:23:32','2022-07-30 16:23:32'),(2997,954,807,100,NULL,NULL,NULL,'2022-07-30 16:23:32','2022-07-30 16:23:32'),(2998,954,809,100,NULL,NULL,NULL,'2022-07-30 16:23:32','2022-07-30 16:23:32'),(2999,1006,1553,100,NULL,NULL,NULL,'2022-07-30 16:23:32','2022-07-30 16:23:32'),(3000,1006,752,100,NULL,NULL,NULL,'2022-07-30 16:23:32','2022-07-30 16:23:32'),(3001,1006,759,100,NULL,NULL,NULL,'2022-07-30 16:23:32','2022-07-30 16:23:32'),(3002,1134,765,100,NULL,NULL,NULL,'2022-07-30 16:23:32','2022-07-30 16:23:32'),(3003,1134,789,100,NULL,NULL,NULL,'2022-07-30 16:23:32','2022-07-30 16:23:32'),(3004,1134,792,100,NULL,NULL,NULL,'2022-07-30 16:23:32','2022-07-30 16:23:32'),(3005,1192,808,100,NULL,NULL,NULL,'2022-07-30 16:23:32','2022-07-30 16:23:32'),(3006,1192,809,100,NULL,NULL,NULL,'2022-07-30 16:23:32','2022-07-30 16:23:32'),(3007,1210,710,100,NULL,NULL,NULL,'2022-07-30 16:23:32','2022-07-30 16:23:32'),(3008,1210,714,100,NULL,NULL,NULL,'2022-07-30 16:23:32','2022-07-30 16:23:32'),(3009,1290,779,100,NULL,NULL,NULL,'2022-07-30 16:23:32','2022-07-30 16:23:32'),(3010,1290,781,100,NULL,NULL,NULL,'2022-07-30 16:23:32','2022-07-30 16:23:32'),(3011,1290,782,100,NULL,NULL,NULL,'2022-07-30 16:23:32','2022-07-30 16:23:32'),(3012,1290,784,100,NULL,NULL,NULL,'2022-07-30 16:23:32','2022-07-30 16:23:32'),(3013,1290,785,100,NULL,NULL,NULL,'2022-07-30 16:23:32','2022-07-30 16:23:32'),(3014,1290,786,100,NULL,NULL,NULL,'2022-07-30 16:23:32','2022-07-30 16:23:32'),(3015,1290,792,100,NULL,NULL,NULL,'2022-07-30 16:23:32','2022-07-30 16:23:32'),(3016,1364,709,100,NULL,NULL,NULL,'2022-07-30 16:23:32','2022-07-30 16:23:32'),(3017,1364,710,100,NULL,NULL,NULL,'2022-07-30 16:23:32','2022-07-30 16:23:32'),(3018,1364,713,100,NULL,NULL,NULL,'2022-07-30 16:23:32','2022-07-30 16:23:32'),(3019,1364,719,100,NULL,NULL,NULL,'2022-07-30 16:23:32','2022-07-30 16:23:32'),(3020,1364,720,100,NULL,NULL,NULL,'2022-07-30 16:23:32','2022-07-30 16:23:32'),(3021,1364,721,100,NULL,NULL,NULL,'2022-07-30 16:23:32','2022-07-30 16:23:32'),(3022,1364,722,100,NULL,NULL,NULL,'2022-07-30 16:23:32','2022-07-30 16:23:32'),(3023,1540,717,100,NULL,NULL,NULL,'2022-07-30 16:23:32','2022-07-30 16:23:32'),(3024,1540,718,100,NULL,NULL,NULL,'2022-07-30 16:23:32','2022-07-30 16:23:32'),(3025,1540,719,100,NULL,NULL,NULL,'2022-07-30 16:23:32','2022-07-30 16:23:32'),(3026,1573,731,100,NULL,NULL,NULL,'2022-07-30 16:23:32','2022-07-30 16:23:32'),(3027,1646,778,100,NULL,NULL,NULL,'2022-07-30 16:23:32','2022-07-30 16:23:32'),(3028,1646,779,100,NULL,NULL,NULL,'2022-07-30 16:23:32','2022-07-30 16:23:32'),(3029,1646,780,100,NULL,NULL,NULL,'2022-07-30 16:23:32','2022-07-30 16:23:32'),(3030,1646,781,100,NULL,NULL,NULL,'2022-07-30 16:23:32','2022-07-30 16:23:32'),(3031,1646,784,100,NULL,NULL,NULL,'2022-07-30 16:23:32','2022-07-30 16:23:32'),(3032,1646,785,100,NULL,NULL,NULL,'2022-07-30 16:23:32','2022-07-30 16:23:32'),(3033,1646,786,100,NULL,NULL,NULL,'2022-07-30 16:23:32','2022-07-30 16:23:32'),(3034,1646,787,100,NULL,NULL,NULL,'2022-07-30 16:23:32','2022-07-30 16:23:32'),(3035,1646,788,100,NULL,NULL,NULL,'2022-07-30 16:23:32','2022-07-30 16:23:32'),(3036,1648,738,100,NULL,NULL,NULL,'2022-07-30 16:23:32','2022-07-30 16:23:32'),(3037,1648,739,100,NULL,NULL,NULL,'2022-07-30 16:23:32','2022-07-30 16:23:32'),(3038,1648,746,100,NULL,NULL,NULL,'2022-07-30 16:23:32','2022-07-30 16:23:32'),(3039,1666,748,100,NULL,NULL,NULL,'2022-07-30 16:23:32','2022-07-30 16:23:32'),(3040,1666,749,100,NULL,NULL,NULL,'2022-07-30 16:23:32','2022-07-30 16:23:32'),(3041,1673,713,100,NULL,NULL,NULL,'2022-07-30 16:23:32','2022-07-30 16:23:32'),(3042,1673,714,100,NULL,NULL,NULL,'2022-07-30 16:23:32','2022-07-30 16:23:32'),(3043,1673,715,100,NULL,NULL,NULL,'2022-07-30 16:23:32','2022-07-30 16:23:32'),(3044,1673,719,100,NULL,NULL,NULL,'2022-07-30 16:23:32','2022-07-30 16:23:32'),(3045,1673,720,100,NULL,NULL,NULL,'2022-07-30 16:23:32','2022-07-30 16:23:32'),(3046,1673,721,100,NULL,NULL,NULL,'2022-07-30 16:23:32','2022-07-30 16:23:32'),(3047,1673,722,100,NULL,NULL,NULL,'2022-07-30 16:23:32','2022-07-30 16:23:32'),(3048,1803,767,100,NULL,NULL,NULL,'2022-07-30 16:23:32','2022-07-30 16:23:32'),(3049,1803,768,100,NULL,NULL,NULL,'2022-07-30 16:23:32','2022-07-30 16:23:32'),(3050,1803,777,100,NULL,NULL,NULL,'2022-07-30 16:23:32','2022-07-30 16:23:32'),(3051,1803,778,100,NULL,NULL,NULL,'2022-07-30 16:23:32','2022-07-30 16:23:32'),(3052,1803,780,100,NULL,NULL,NULL,'2022-07-30 16:23:32','2022-07-30 16:23:32'),(3053,1803,782,100,NULL,NULL,NULL,'2022-07-30 16:23:32','2022-07-30 16:23:32'),(3054,1803,784,100,NULL,NULL,NULL,'2022-07-30 16:23:32','2022-07-30 16:23:32'),(3055,2008,733,100,NULL,NULL,NULL,'2022-07-30 16:23:32','2022-07-30 16:23:32'),(3056,2008,742,100,NULL,NULL,NULL,'2022-07-30 16:23:32','2022-07-30 16:23:32'),(3057,2008,745,100,NULL,NULL,NULL,'2022-07-30 16:23:32','2022-07-30 16:23:32'),(3058,2414,711,100,NULL,NULL,NULL,'2022-07-30 16:23:32','2022-07-30 16:23:32'),(3059,2414,728,100,NULL,NULL,NULL,'2022-07-30 16:23:32','2022-07-30 16:23:32'),(3060,2414,731,100,NULL,NULL,NULL,'2022-07-30 16:23:32','2022-07-30 16:23:32'),(3061,2414,732,100,NULL,NULL,NULL,'2022-07-30 16:23:32','2022-07-30 16:23:32'),(3062,2414,733,100,NULL,NULL,NULL,'2022-07-30 16:23:32','2022-07-30 16:23:32'),(3063,2509,778,100,NULL,NULL,NULL,'2022-07-30 16:23:32','2022-07-30 16:23:32'),(3064,2509,779,100,NULL,NULL,NULL,'2022-07-30 16:23:32','2022-07-30 16:23:32'),(3065,2509,780,100,NULL,NULL,NULL,'2022-07-30 16:23:32','2022-07-30 16:23:32'),(3066,2509,781,100,NULL,NULL,NULL,'2022-07-30 16:23:32','2022-07-30 16:23:32'),(3067,2509,782,100,NULL,NULL,NULL,'2022-07-30 16:23:32','2022-07-30 16:23:32'),(3068,2509,783,100,NULL,NULL,NULL,'2022-07-30 16:23:32','2022-07-30 16:23:32'),(3069,2509,784,100,NULL,NULL,NULL,'2022-07-30 16:23:32','2022-07-30 16:23:32'),(3070,5890,714,100,NULL,NULL,NULL,'2022-07-30 16:23:32','2022-07-30 16:23:32'),(3071,5890,715,100,NULL,NULL,NULL,'2022-07-30 16:23:32','2022-07-30 16:23:32'),(3072,5890,719,100,NULL,NULL,NULL,'2022-07-30 16:23:32','2022-07-30 16:23:32'),(3073,5890,720,100,NULL,NULL,NULL,'2022-07-30 16:23:32','2022-07-30 16:23:32'),(3074,5890,721,100,NULL,NULL,NULL,'2022-07-30 16:23:32','2022-07-30 16:23:32'),(3075,5890,722,100,NULL,NULL,NULL,'2022-07-30 16:23:32','2022-07-30 16:23:32'),(3076,2590,764,100,NULL,NULL,NULL,'2022-07-30 16:23:32','2022-07-30 16:23:32'),(3077,2590,780,100,NULL,NULL,NULL,'2022-07-30 16:23:32','2022-07-30 16:23:32'),(3078,2590,784,100,NULL,NULL,NULL,'2022-07-30 16:23:32','2022-07-30 16:23:32'),(3079,2601,732,100,NULL,NULL,NULL,'2022-07-30 16:23:32','2022-07-30 16:23:32'),(3080,2601,733,100,NULL,NULL,NULL,'2022-07-30 16:23:32','2022-07-30 16:23:32'),(3081,2729,738,100,NULL,NULL,NULL,'2022-07-30 16:23:32','2022-07-30 16:23:32'),(3082,2729,742,100,NULL,NULL,NULL,'2022-07-30 16:23:32','2022-07-30 16:23:32'),(3083,2729,746,100,NULL,NULL,NULL,'2022-07-30 16:23:32','2022-07-30 16:23:32'),(3084,2735,780,100,NULL,NULL,NULL,'2022-07-30 16:23:32','2022-07-30 16:23:32'),(3085,2807,1538,100,NULL,NULL,NULL,'2022-07-30 16:23:32','2022-07-30 16:23:32'),(3086,2807,1539,100,NULL,NULL,NULL,'2022-07-30 16:23:32','2022-07-30 16:23:32'),(3087,2807,1540,100,NULL,NULL,NULL,'2022-07-30 16:23:32','2022-07-30 16:23:32'),(3088,2807,1541,100,NULL,NULL,NULL,'2022-07-30 16:23:32','2022-07-30 16:23:32'),(3089,2807,767,100,NULL,NULL,NULL,'2022-07-30 16:23:32','2022-07-30 16:23:32'),(3090,2807,768,100,NULL,NULL,NULL,'2022-07-30 16:23:32','2022-07-30 16:23:32'),(3091,2807,777,100,NULL,NULL,NULL,'2022-07-30 16:23:32','2022-07-30 16:23:32'),(3092,2807,778,100,NULL,NULL,NULL,'2022-07-30 16:23:32','2022-07-30 16:23:32'),(3093,2807,780,100,NULL,NULL,NULL,'2022-07-30 16:23:32','2022-07-30 16:23:32'),(3094,2807,782,100,NULL,NULL,NULL,'2022-07-30 16:23:32','2022-07-30 16:23:32'),(3095,2844,779,100,NULL,NULL,NULL,'2022-07-30 16:23:32','2022-07-30 16:23:32'),(3096,2844,780,100,NULL,NULL,NULL,'2022-07-30 16:23:32','2022-07-30 16:23:32'),(3097,2844,781,100,NULL,NULL,NULL,'2022-07-30 16:23:32','2022-07-30 16:23:32'),(3098,2844,782,100,NULL,NULL,NULL,'2022-07-30 16:23:32','2022-07-30 16:23:32'),(3099,2844,785,100,NULL,NULL,NULL,'2022-07-30 16:23:32','2022-07-30 16:23:32'),(3100,2844,800,100,NULL,NULL,NULL,'2022-07-30 16:23:32','2022-07-30 16:23:32'),(3101,3050,720,100,NULL,NULL,NULL,'2022-07-30 16:23:32','2022-07-30 16:23:32'),(3102,3050,721,100,NULL,NULL,NULL,'2022-07-30 16:23:32','2022-07-30 16:23:32'),(3103,3056,709,100,NULL,NULL,NULL,'2022-07-30 16:23:32','2022-07-30 16:23:32'),(3104,3056,710,100,NULL,NULL,NULL,'2022-07-30 16:23:32','2022-07-30 16:23:32'),(3105,3056,719,100,NULL,NULL,NULL,'2022-07-30 16:23:32','2022-07-30 16:23:32'),(3106,3056,720,100,NULL,NULL,NULL,'2022-07-30 16:23:32','2022-07-30 16:23:32'),(3107,3129,720,100,NULL,NULL,NULL,'2022-07-30 16:23:32','2022-07-30 16:23:32'),(3108,3129,721,100,NULL,NULL,NULL,'2022-07-30 16:23:32','2022-07-30 16:23:32'),(3109,3151,735,100,NULL,NULL,NULL,'2022-07-30 16:23:32','2022-07-30 16:23:32'),(3110,3151,738,100,NULL,NULL,NULL,'2022-07-30 16:23:32','2022-07-30 16:23:32'),(3111,3151,742,100,NULL,NULL,NULL,'2022-07-30 16:23:32','2022-07-30 16:23:32'),(3112,3153,725,100,NULL,NULL,NULL,'2022-07-30 16:23:32','2022-07-30 16:23:32'),(3113,3153,732,100,NULL,NULL,NULL,'2022-07-30 16:23:32','2022-07-30 16:23:32'),(3114,3153,742,100,NULL,NULL,NULL,'2022-07-30 16:23:32','2022-07-30 16:23:32'),(3115,3153,746,100,NULL,NULL,NULL,'2022-07-30 16:23:32','2022-07-30 16:23:32'),(3116,3208,780,100,NULL,NULL,NULL,'2022-07-30 16:23:32','2022-07-30 16:23:32'),(3117,3208,781,100,NULL,NULL,NULL,'2022-07-30 16:23:32','2022-07-30 16:23:32'),(3118,3208,782,100,NULL,NULL,NULL,'2022-07-30 16:23:32','2022-07-30 16:23:32'),(3119,3208,783,100,NULL,NULL,NULL,'2022-07-30 16:23:32','2022-07-30 16:23:32'),(3120,3208,784,100,NULL,NULL,NULL,'2022-07-30 16:23:32','2022-07-30 16:23:32'),(3121,3377,709,100,NULL,NULL,NULL,'2022-07-30 16:23:32','2022-07-30 16:23:32'),(3122,3377,710,100,NULL,NULL,NULL,'2022-07-30 16:23:32','2022-07-30 16:23:32'),(3123,3377,713,100,NULL,NULL,NULL,'2022-07-30 16:23:32','2022-07-30 16:23:32'),(3124,3377,739,100,NULL,NULL,NULL,'2022-07-30 16:23:32','2022-07-30 16:23:32'),(3125,3377,742,100,NULL,NULL,NULL,'2022-07-30 16:23:32','2022-07-30 16:23:32'),(3126,3736,728,100,NULL,NULL,NULL,'2022-07-30 16:23:32','2022-07-30 16:23:32'),(3127,3736,732,100,NULL,NULL,NULL,'2022-07-30 16:23:32','2022-07-30 16:23:32'),(3128,3736,745,100,NULL,NULL,NULL,'2022-07-30 16:23:32','2022-07-30 16:23:32'),(3129,3815,792,100,NULL,NULL,NULL,'2022-07-30 16:23:32','2022-07-30 16:23:32'),(3130,4101,764,100,NULL,NULL,NULL,'2022-07-30 16:23:32','2022-07-30 16:23:32'),(3131,4101,765,100,NULL,NULL,NULL,'2022-07-30 16:23:32','2022-07-30 16:23:32'),(3132,4101,766,100,NULL,NULL,NULL,'2022-07-30 16:23:32','2022-07-30 16:23:32'),(3133,4101,780,100,NULL,NULL,NULL,'2022-07-30 16:23:32','2022-07-30 16:23:32'),(3134,4113,885,100,NULL,NULL,NULL,'2022-07-30 16:23:32','2022-07-30 16:23:32'),(3135,4113,886,100,NULL,NULL,NULL,'2022-07-30 16:23:32','2022-07-30 16:23:32'),(3136,4113,887,100,NULL,NULL,NULL,'2022-07-30 16:23:32','2022-07-30 16:23:32'),(3137,4113,888,100,NULL,NULL,NULL,'2022-07-30 16:23:32','2022-07-30 16:23:32'),(3138,4113,917,100,NULL,NULL,NULL,'2022-07-30 16:23:32','2022-07-30 16:23:32'),(3139,4113,920,100,NULL,NULL,NULL,'2022-07-30 16:23:32','2022-07-30 16:23:32'),(3140,4113,922,100,NULL,NULL,NULL,'2022-07-30 16:23:32','2022-07-30 16:23:32'),(3141,4113,923,100,NULL,NULL,NULL,'2022-07-30 16:23:32','2022-07-30 16:23:32'),(3142,4249,781,100,NULL,NULL,NULL,'2022-07-30 16:23:32','2022-07-30 16:23:32'),(3143,4249,782,100,NULL,NULL,NULL,'2022-07-30 16:23:32','2022-07-30 16:23:32'),(3144,4249,784,100,NULL,NULL,NULL,'2022-07-30 16:23:32','2022-07-30 16:23:32'),(3145,4320,710,100,NULL,NULL,NULL,'2022-07-30 16:23:32','2022-07-30 16:23:32'),(3146,4320,721,100,NULL,NULL,NULL,'2022-07-30 16:23:32','2022-07-30 16:23:32'),(3147,4405,763,100,NULL,NULL,NULL,'2022-07-30 16:23:32','2022-07-30 16:23:32'),(3148,4405,764,100,NULL,NULL,NULL,'2022-07-30 16:23:32','2022-07-30 16:23:32'),(3149,4450,719,100,NULL,NULL,NULL,'2022-07-30 16:23:32','2022-07-30 16:23:32'),(3150,4450,720,100,NULL,NULL,NULL,'2022-07-30 16:23:32','2022-07-30 16:23:32'),(3151,4450,721,100,NULL,NULL,NULL,'2022-07-30 16:23:32','2022-07-30 16:23:32'),(3152,4450,722,100,NULL,NULL,NULL,'2022-07-30 16:23:32','2022-07-30 16:23:32'),(3153,4529,719,100,NULL,NULL,NULL,'2022-07-30 16:23:32','2022-07-30 16:23:32'),(3154,4529,720,100,NULL,NULL,NULL,'2022-07-30 16:23:32','2022-07-30 16:23:32'),(3155,4529,721,100,NULL,NULL,NULL,'2022-07-30 16:23:32','2022-07-30 16:23:32'),(3156,4529,722,100,NULL,NULL,NULL,'2022-07-30 16:23:32','2022-07-30 16:23:32'),(3157,4599,859,100,NULL,NULL,NULL,'2022-07-30 16:23:32','2022-07-30 16:23:32'),(3158,4599,860,100,NULL,NULL,NULL,'2022-07-30 16:23:32','2022-07-30 16:23:32'),(3159,4599,861,100,NULL,NULL,NULL,'2022-07-30 16:23:32','2022-07-30 16:23:32'),(3160,4599,862,100,NULL,NULL,NULL,'2022-07-30 16:23:32','2022-07-30 16:23:32'),(3161,4599,863,100,NULL,NULL,NULL,'2022-07-30 16:23:32','2022-07-30 16:23:32'),(3162,4605,731,100,NULL,NULL,NULL,'2022-07-30 16:23:32','2022-07-30 16:23:32'),(3163,4605,734,100,NULL,NULL,NULL,'2022-07-30 16:23:32','2022-07-30 16:23:32'),(3164,4605,739,100,NULL,NULL,NULL,'2022-07-30 16:23:32','2022-07-30 16:23:32'),(3165,4605,742,100,NULL,NULL,NULL,'2022-07-30 16:23:32','2022-07-30 16:23:32'),(3166,4874,728,100,NULL,NULL,NULL,'2022-07-30 16:23:32','2022-07-30 16:23:32'),(3167,4874,731,100,NULL,NULL,NULL,'2022-07-30 16:23:32','2022-07-30 16:23:32'),(3168,4874,732,100,NULL,NULL,NULL,'2022-07-30 16:23:32','2022-07-30 16:23:32'),(3169,4874,742,100,NULL,NULL,NULL,'2022-07-30 16:23:32','2022-07-30 16:23:32'),(3170,4874,745,100,NULL,NULL,NULL,'2022-07-30 16:23:32','2022-07-30 16:23:32'),(3171,4911,709,100,NULL,NULL,NULL,'2022-07-30 16:23:32','2022-07-30 16:23:32'),(3172,4911,710,100,NULL,NULL,NULL,'2022-07-30 16:23:32','2022-07-30 16:23:32'),(3173,4911,710,100,NULL,NULL,NULL,'2022-07-30 16:23:32','2022-07-30 16:23:32'),(3174,4911,711,100,NULL,NULL,NULL,'2022-07-30 16:23:32','2022-07-30 16:23:32'),(3175,4911,712,100,NULL,NULL,NULL,'2022-07-30 16:23:32','2022-07-30 16:23:32'),(3176,4911,713,100,NULL,NULL,NULL,'2022-07-30 16:23:32','2022-07-30 16:23:32'),(3177,4911,714,100,NULL,NULL,NULL,'2022-07-30 16:23:32','2022-07-30 16:23:32'),(3178,5891,719,100,NULL,NULL,NULL,'2022-07-30 16:23:32','2022-07-30 16:23:32'),(3179,5891,720,100,NULL,NULL,NULL,'2022-07-30 16:23:32','2022-07-30 16:23:32'),(3180,5891,721,100,NULL,NULL,NULL,'2022-07-30 16:23:32','2022-07-30 16:23:32'),(3181,5891,722,100,NULL,NULL,NULL,'2022-07-30 16:23:32','2022-07-30 16:23:32'),(3182,4963,786,100,NULL,NULL,NULL,'2022-07-30 16:23:32','2022-07-30 16:23:32'),(3183,4963,788,100,NULL,NULL,NULL,'2022-07-30 16:23:32','2022-07-30 16:23:32'),(3184,4963,789,100,NULL,NULL,NULL,'2022-07-30 16:23:32','2022-07-30 16:23:32'),(3185,4966,709,100,NULL,NULL,NULL,'2022-07-30 16:23:32','2022-07-30 16:23:32'),(3186,4966,710,100,NULL,NULL,NULL,'2022-07-30 16:23:32','2022-07-30 16:23:32'),(3187,4966,711,100,NULL,NULL,NULL,'2022-07-30 16:23:32','2022-07-30 16:23:32'),(3188,4966,714,100,NULL,NULL,NULL,'2022-07-30 16:23:32','2022-07-30 16:23:32'),(3189,4968,709,100,NULL,NULL,NULL,'2022-07-30 16:23:32','2022-07-30 16:23:32'),(3190,4968,710,100,NULL,NULL,NULL,'2022-07-30 16:23:32','2022-07-30 16:23:32'),(3191,4968,713,100,NULL,NULL,NULL,'2022-07-30 16:23:32','2022-07-30 16:23:32'),(3192,5065,735,100,NULL,NULL,NULL,'2022-07-30 16:23:32','2022-07-30 16:23:32'),(3193,5065,738,100,NULL,NULL,NULL,'2022-07-30 16:23:32','2022-07-30 16:23:32'),(3194,5065,739,100,NULL,NULL,NULL,'2022-07-30 16:23:32','2022-07-30 16:23:32'),(3195,5065,742,100,NULL,NULL,NULL,'2022-07-30 16:23:32','2022-07-30 16:23:32'),(3196,5082,709,100,NULL,NULL,NULL,'2022-07-30 16:23:32','2022-07-30 16:23:32'),(3197,5082,710,100,NULL,NULL,NULL,'2022-07-30 16:23:32','2022-07-30 16:23:32'),(3198,5082,713,100,NULL,NULL,NULL,'2022-07-30 16:23:32','2022-07-30 16:23:32'),(3199,5082,711,100,NULL,NULL,NULL,'2022-07-30 16:23:32','2022-07-30 16:23:32'),(3200,5082,712,100,NULL,NULL,NULL,'2022-07-30 16:23:32','2022-07-30 16:23:32'),(3201,5082,731,100,NULL,NULL,NULL,'2022-07-30 16:23:32','2022-07-30 16:23:32'),(3202,5082,732,100,NULL,NULL,NULL,'2022-07-30 16:23:32','2022-07-30 16:23:32'),(3203,5082,735,100,NULL,NULL,NULL,'2022-07-30 16:23:32','2022-07-30 16:23:32'),(3204,5082,738,100,NULL,NULL,NULL,'2022-07-30 16:23:32','2022-07-30 16:23:32'),(3205,5082,739,100,NULL,NULL,NULL,'2022-07-30 16:23:32','2022-07-30 16:23:32'),(3206,5082,742,100,NULL,NULL,NULL,'2022-07-30 16:23:32','2022-07-30 16:23:32'),(3207,5336,764,100,NULL,NULL,NULL,'2022-07-30 16:23:32','2022-07-30 16:23:32'),(3208,5336,765,100,NULL,NULL,NULL,'2022-07-30 16:23:32','2022-07-30 16:23:32'),(3209,5336,766,100,NULL,NULL,NULL,'2022-07-30 16:23:32','2022-07-30 16:23:32'),(3210,5343,723,100,NULL,NULL,NULL,'2022-07-30 16:23:32','2022-07-30 16:23:32'),(3211,5343,724,100,NULL,NULL,NULL,'2022-07-30 16:23:32','2022-07-30 16:23:32'),(3212,5343,725,100,NULL,NULL,NULL,'2022-07-30 16:23:32','2022-07-30 16:23:32'),(3213,5343,739,100,NULL,NULL,NULL,'2022-07-30 16:23:32','2022-07-30 16:23:32'),(3214,5343,742,100,NULL,NULL,NULL,'2022-07-30 16:23:32','2022-07-30 16:23:32'),(3215,5343,745,100,NULL,NULL,NULL,'2022-07-30 16:23:32','2022-07-30 16:23:32'),(3216,5343,746,100,NULL,NULL,NULL,'2022-07-30 16:23:32','2022-07-30 16:23:32'),(3217,5445,720,100,NULL,NULL,NULL,'2022-07-30 16:23:32','2022-07-30 16:23:32'),(3218,5445,721,100,NULL,NULL,NULL,'2022-07-30 16:23:32','2022-07-30 16:23:32'),(3219,5445,722,100,NULL,NULL,NULL,'2022-07-30 16:23:32','2022-07-30 16:23:32'),(3220,5445,732,100,NULL,NULL,NULL,'2022-07-30 16:23:32','2022-07-30 16:23:32'),(3221,5519,770,100,NULL,NULL,NULL,'2022-07-30 16:23:32','2022-07-30 16:23:32'),(3222,5519,771,100,NULL,NULL,NULL,'2022-07-30 16:23:32','2022-07-30 16:23:32'),(3223,5519,772,100,NULL,NULL,NULL,'2022-07-30 16:23:32','2022-07-30 16:23:32'),(3224,5519,774,100,NULL,NULL,NULL,'2022-07-30 16:23:32','2022-07-30 16:23:32'),(3225,5519,776,100,NULL,NULL,NULL,'2022-07-30 16:23:32','2022-07-30 16:23:32'),(3226,5519,777,100,NULL,NULL,NULL,'2022-07-30 16:23:32','2022-07-30 16:23:32'),(3227,5519,778,100,NULL,NULL,NULL,'2022-07-30 16:23:32','2022-07-30 16:23:32'),(3228,5519,779,100,NULL,NULL,NULL,'2022-07-30 16:23:32','2022-07-30 16:23:32'),(3229,5519,780,100,NULL,NULL,NULL,'2022-07-30 16:23:32','2022-07-30 16:23:32'),(3230,5519,781,100,NULL,NULL,NULL,'2022-07-30 16:23:32','2022-07-30 16:23:32'),(3231,5519,782,100,NULL,NULL,NULL,'2022-07-30 16:23:32','2022-07-30 16:23:32'),(3232,5519,783,100,NULL,NULL,NULL,'2022-07-30 16:23:32','2022-07-30 16:23:32'),(3233,5519,784,100,NULL,NULL,NULL,'2022-07-30 16:23:32','2022-07-30 16:23:32'),(3234,5519,785,100,NULL,NULL,NULL,'2022-07-30 16:23:32','2022-07-30 16:23:32'),(3235,5519,786,100,NULL,NULL,NULL,'2022-07-30 16:23:32','2022-07-30 16:23:32'),(3236,5519,787,100,NULL,NULL,NULL,'2022-07-30 16:23:32','2022-07-30 16:23:32'),(3237,5519,788,100,NULL,NULL,NULL,'2022-07-30 16:23:32','2022-07-30 16:23:32'),(3238,5519,792,100,NULL,NULL,NULL,'2022-07-30 16:23:32','2022-07-30 16:23:32'),(3239,5598,778,100,NULL,NULL,NULL,'2022-07-30 16:23:32','2022-07-30 16:23:32'),(3240,5693,720,100,NULL,NULL,NULL,'2022-07-30 16:23:32','2022-07-30 16:23:32'),(3241,592,1538,100,'BKPR',NULL,NULL,'2022-07-30 16:23:32','2022-07-30 16:23:32'),(3242,592,764,100,'BKPR',NULL,NULL,'2022-07-30 16:23:32','2022-07-30 16:23:32'),(3243,592,1539,100,'BKPR',NULL,NULL,'2022-07-30 16:23:32','2022-07-30 16:23:32'),(3244,592,1540,100,'BKPR',NULL,NULL,'2022-07-30 16:23:32','2022-07-30 16:23:32'),(3245,592,765,100,'BKPR',NULL,NULL,'2022-07-30 16:23:32','2022-07-30 16:23:32'),(3246,592,1541,100,'BKPR',NULL,NULL,'2022-07-30 16:23:32','2022-07-30 16:23:32'),(3247,592,767,100,'BKPR',NULL,NULL,'2022-07-30 16:23:32','2022-07-30 16:23:32'),(3248,592,768,100,'BKPR',NULL,NULL,'2022-07-30 16:23:32','2022-07-30 16:23:32'),(3249,592,777,100,'BKPR',NULL,NULL,'2022-07-30 16:23:32','2022-07-30 16:23:32'),(3250,592,779,100,'BKPR',NULL,NULL,'2022-07-30 16:23:32','2022-07-30 16:23:32'),(3251,592,781,100,'BKPR',NULL,NULL,'2022-07-30 16:23:32','2022-07-30 16:23:32'),(3252,592,783,100,'BKPR',NULL,NULL,'2022-07-30 16:23:32','2022-07-30 16:23:32'),(3253,592,785,100,'BKPR',NULL,NULL,'2022-07-30 16:23:32','2022-07-30 16:23:32'),(3254,592,786,100,'BKPR',NULL,NULL,'2022-07-30 16:23:32','2022-07-30 16:23:32'),(3255,592,787,100,'BKPR',NULL,NULL,'2022-07-30 16:23:32','2022-07-30 16:23:32'),(3256,592,788,100,'BKPR',NULL,NULL,'2022-07-30 16:23:32','2022-07-30 16:23:32'),(3257,592,793,100,'BKPR',NULL,NULL,'2022-07-30 16:23:32','2022-07-30 16:23:32'),(3258,592,794,100,'BKPR',NULL,NULL,'2022-07-30 16:23:32','2022-07-30 16:23:32'),(3259,592,795,100,'BKPR',NULL,NULL,'2022-07-30 16:23:32','2022-07-30 16:23:32'),(3260,592,763,100,'BKPR',NULL,NULL,'2022-07-30 16:23:32','2022-07-30 16:23:32'),(3261,592,780,100,'BKPR',NULL,NULL,'2022-07-30 16:23:32','2022-07-30 16:23:32'),(3262,592,784,100,'BKPR',NULL,NULL,'2022-07-30 16:23:32','2022-07-30 16:23:32'),(3263,592,789,100,'BKPR',NULL,NULL,'2022-07-30 16:23:32','2022-07-30 16:23:32'),(3264,592,792,100,'BKPR',NULL,NULL,'2022-07-30 16:23:32','2022-07-30 16:23:32'),(3265,592,1538,100,'DAAG',NULL,NULL,'2022-07-30 16:23:32','2022-07-30 16:23:32'),(3266,592,764,100,'DAAG',NULL,NULL,'2022-07-30 16:23:32','2022-07-30 16:23:32'),(3267,592,1539,100,'DAAG',NULL,NULL,'2022-07-30 16:23:32','2022-07-30 16:23:32'),(3268,592,1540,100,'DAAG',NULL,NULL,'2022-07-30 16:23:32','2022-07-30 16:23:32'),(3269,592,765,100,'DAAG',NULL,NULL,'2022-07-30 16:23:32','2022-07-30 16:23:32'),(3270,592,1541,100,'DAAG',NULL,NULL,'2022-07-30 16:23:32','2022-07-30 16:23:32'),(3271,592,767,100,'DAAG',NULL,NULL,'2022-07-30 16:23:32','2022-07-30 16:23:32'),(3272,592,768,100,'DAAG',NULL,NULL,'2022-07-30 16:23:32','2022-07-30 16:23:32'),(3273,592,777,100,'DAAG',NULL,NULL,'2022-07-30 16:23:32','2022-07-30 16:23:32'),(3274,592,779,100,'DAAG',NULL,NULL,'2022-07-30 16:23:32','2022-07-30 16:23:32'),(3275,592,781,100,'DAAG',NULL,NULL,'2022-07-30 16:23:32','2022-07-30 16:23:32'),(3276,592,783,100,'DAAG',NULL,NULL,'2022-07-30 16:23:32','2022-07-30 16:23:32'),(3277,592,785,100,'DAAG',NULL,NULL,'2022-07-30 16:23:32','2022-07-30 16:23:32'),(3278,592,786,100,'DAAG',NULL,NULL,'2022-07-30 16:23:32','2022-07-30 16:23:32'),(3279,592,787,100,'DAAG',NULL,NULL,'2022-07-30 16:23:32','2022-07-30 16:23:32'),(3280,592,788,100,'DAAG',NULL,NULL,'2022-07-30 16:23:32','2022-07-30 16:23:32'),(3281,592,793,100,'DAAG',NULL,NULL,'2022-07-30 16:23:32','2022-07-30 16:23:32'),(3282,592,794,100,'DAAG',NULL,NULL,'2022-07-30 16:23:32','2022-07-30 16:23:32'),(3283,592,795,100,'DAAG',NULL,NULL,'2022-07-30 16:23:32','2022-07-30 16:23:32'),(3284,592,763,100,'DAAG',NULL,NULL,'2022-07-30 16:23:32','2022-07-30 16:23:32'),(3285,592,780,100,'DAAG',NULL,NULL,'2022-07-30 16:23:32','2022-07-30 16:23:32'),(3286,592,784,100,'DAAG',NULL,NULL,'2022-07-30 16:23:32','2022-07-30 16:23:32'),(3287,592,789,100,'DAAG',NULL,NULL,'2022-07-30 16:23:32','2022-07-30 16:23:32'),(3288,592,792,100,'DAAG',NULL,NULL,'2022-07-30 16:23:32','2022-07-30 16:23:32'),(3289,592,1538,100,'DGAA',NULL,NULL,'2022-07-30 16:23:32','2022-07-30 16:23:32'),(3290,592,764,100,'DGAA',NULL,NULL,'2022-07-30 16:23:32','2022-07-30 16:23:32'),(3291,592,1539,100,'DGAA',NULL,NULL,'2022-07-30 16:23:32','2022-07-30 16:23:32'),(3292,592,1540,100,'DGAA',NULL,NULL,'2022-07-30 16:23:32','2022-07-30 16:23:32'),(3293,592,765,100,'DGAA',NULL,NULL,'2022-07-30 16:23:32','2022-07-30 16:23:32'),(3294,592,1541,100,'DGAA',NULL,NULL,'2022-07-30 16:23:32','2022-07-30 16:23:32'),(3295,592,767,100,'DGAA',NULL,NULL,'2022-07-30 16:23:32','2022-07-30 16:23:32'),(3296,592,768,100,'DGAA',NULL,NULL,'2022-07-30 16:23:32','2022-07-30 16:23:32'),(3297,592,777,100,'DGAA',NULL,NULL,'2022-07-30 16:23:32','2022-07-30 16:23:32'),(3298,592,779,100,'DGAA',NULL,NULL,'2022-07-30 16:23:32','2022-07-30 16:23:32'),(3299,592,781,100,'DGAA',NULL,NULL,'2022-07-30 16:23:32','2022-07-30 16:23:32'),(3300,592,783,100,'DGAA',NULL,NULL,'2022-07-30 16:23:32','2022-07-30 16:23:32'),(3301,592,785,100,'DGAA',NULL,NULL,'2022-07-30 16:23:32','2022-07-30 16:23:32'),(3302,592,786,100,'DGAA',NULL,NULL,'2022-07-30 16:23:32','2022-07-30 16:23:32'),(3303,592,787,100,'DGAA',NULL,NULL,'2022-07-30 16:23:32','2022-07-30 16:23:32'),(3304,592,788,100,'DGAA',NULL,NULL,'2022-07-30 16:23:32','2022-07-30 16:23:32'),(3305,592,793,100,'DGAA',NULL,NULL,'2022-07-30 16:23:32','2022-07-30 16:23:32'),(3306,592,794,100,'DGAA',NULL,NULL,'2022-07-30 16:23:32','2022-07-30 16:23:32'),(3307,592,795,100,'DGAA',NULL,NULL,'2022-07-30 16:23:32','2022-07-30 16:23:32'),(3308,592,763,100,'DGAA',NULL,NULL,'2022-07-30 16:23:32','2022-07-30 16:23:32'),(3309,592,780,100,'DGAA',NULL,NULL,'2022-07-30 16:23:32','2022-07-30 16:23:32'),(3310,592,784,100,'DGAA',NULL,NULL,'2022-07-30 16:23:32','2022-07-30 16:23:32'),(3311,592,789,100,'DGAA',NULL,NULL,'2022-07-30 16:23:32','2022-07-30 16:23:32'),(3312,592,792,100,'DGAA',NULL,NULL,'2022-07-30 16:23:32','2022-07-30 16:23:32'),(3313,592,1538,100,'EDDN',NULL,NULL,'2022-07-30 16:23:32','2022-07-30 16:23:32'),(3314,592,764,100,'EDDN',NULL,NULL,'2022-07-30 16:23:32','2022-07-30 16:23:32'),(3315,592,1539,100,'EDDN',NULL,NULL,'2022-07-30 16:23:32','2022-07-30 16:23:32'),(3316,592,1540,100,'EDDN',NULL,NULL,'2022-07-30 16:23:32','2022-07-30 16:23:32'),(3317,592,765,100,'EDDN',NULL,NULL,'2022-07-30 16:23:32','2022-07-30 16:23:32'),(3318,592,1541,100,'EDDN',NULL,NULL,'2022-07-30 16:23:32','2022-07-30 16:23:32'),(3319,592,767,100,'EDDN',NULL,NULL,'2022-07-30 16:23:32','2022-07-30 16:23:32'),(3320,592,768,100,'EDDN',NULL,NULL,'2022-07-30 16:23:32','2022-07-30 16:23:32'),(3321,592,777,100,'EDDN',NULL,NULL,'2022-07-30 16:23:32','2022-07-30 16:23:32'),(3322,592,779,100,'EDDN',NULL,NULL,'2022-07-30 16:23:32','2022-07-30 16:23:32'),(3323,592,781,100,'EDDN',NULL,NULL,'2022-07-30 16:23:32','2022-07-30 16:23:32'),(3324,592,783,100,'EDDN',NULL,NULL,'2022-07-30 16:23:32','2022-07-30 16:23:32'),(3325,592,785,100,'EDDN',NULL,NULL,'2022-07-30 16:23:32','2022-07-30 16:23:32'),(3326,592,786,100,'EDDN',NULL,NULL,'2022-07-30 16:23:32','2022-07-30 16:23:32'),(3327,592,787,100,'EDDN',NULL,NULL,'2022-07-30 16:23:32','2022-07-30 16:23:32'),(3328,592,788,100,'EDDN',NULL,NULL,'2022-07-30 16:23:32','2022-07-30 16:23:32'),(3329,592,793,100,'EDDN',NULL,NULL,'2022-07-30 16:23:32','2022-07-30 16:23:32'),(3330,592,794,100,'EDDN',NULL,NULL,'2022-07-30 16:23:32','2022-07-30 16:23:32'),(3331,592,795,100,'EDDN',NULL,NULL,'2022-07-30 16:23:32','2022-07-30 16:23:32'),(3332,592,763,100,'EDDN',NULL,NULL,'2022-07-30 16:23:32','2022-07-30 16:23:32'),(3333,592,780,100,'EDDN',NULL,NULL,'2022-07-30 16:23:32','2022-07-30 16:23:32'),(3334,592,784,100,'EDDN',NULL,NULL,'2022-07-30 16:23:32','2022-07-30 16:23:32'),(3335,592,789,100,'EDDN',NULL,NULL,'2022-07-30 16:23:32','2022-07-30 16:23:32'),(3336,592,792,100,'EDDN',NULL,NULL,'2022-07-30 16:23:32','2022-07-30 16:23:32'),(3337,592,1538,100,'EKBI',NULL,NULL,'2022-07-30 16:23:32','2022-07-30 16:23:32'),(3338,592,764,100,'EKBI',NULL,NULL,'2022-07-30 16:23:32','2022-07-30 16:23:32'),(3339,592,1539,100,'EKBI',NULL,NULL,'2022-07-30 16:23:32','2022-07-30 16:23:32'),(3340,592,1540,100,'EKBI',NULL,NULL,'2022-07-30 16:23:32','2022-07-30 16:23:32'),(3341,592,765,100,'EKBI',NULL,NULL,'2022-07-30 16:23:32','2022-07-30 16:23:32'),(3342,592,1541,100,'EKBI',NULL,NULL,'2022-07-30 16:23:32','2022-07-30 16:23:32'),(3343,592,767,100,'EKBI',NULL,NULL,'2022-07-30 16:23:32','2022-07-30 16:23:32'),(3344,592,768,100,'EKBI',NULL,NULL,'2022-07-30 16:23:32','2022-07-30 16:23:32'),(3345,592,777,100,'EKBI',NULL,NULL,'2022-07-30 16:23:32','2022-07-30 16:23:32'),(3346,592,779,100,'EKBI',NULL,NULL,'2022-07-30 16:23:32','2022-07-30 16:23:32'),(3347,592,781,100,'EKBI',NULL,NULL,'2022-07-30 16:23:32','2022-07-30 16:23:32'),(3348,592,783,100,'EKBI',NULL,NULL,'2022-07-30 16:23:32','2022-07-30 16:23:32'),(3349,592,785,100,'EKBI',NULL,NULL,'2022-07-30 16:23:32','2022-07-30 16:23:32'),(3350,592,786,100,'EKBI',NULL,NULL,'2022-07-30 16:23:32','2022-07-30 16:23:32'),(3351,592,787,100,'EKBI',NULL,NULL,'2022-07-30 16:23:32','2022-07-30 16:23:32'),(3352,592,788,100,'EKBI',NULL,NULL,'2022-07-30 16:23:32','2022-07-30 16:23:32'),(3353,592,793,100,'EKBI',NULL,NULL,'2022-07-30 16:23:32','2022-07-30 16:23:32'),(3354,592,794,100,'EKBI',NULL,NULL,'2022-07-30 16:23:32','2022-07-30 16:23:32'),(3355,592,795,100,'EKBI',NULL,NULL,'2022-07-30 16:23:32','2022-07-30 16:23:32'),(3356,592,763,100,'EKBI',NULL,NULL,'2022-07-30 16:23:32','2022-07-30 16:23:32'),(3357,592,780,100,'EKBI',NULL,NULL,'2022-07-30 16:23:32','2022-07-30 16:23:32'),(3358,592,784,100,'EKBI',NULL,NULL,'2022-07-30 16:23:32','2022-07-30 16:23:32'),(3359,592,789,100,'EKBI',NULL,NULL,'2022-07-30 16:23:32','2022-07-30 16:23:32'),(3360,592,792,100,'EKBI',NULL,NULL,'2022-07-30 16:23:32','2022-07-30 16:23:32'),(3361,592,1538,100,'ESGG',NULL,NULL,'2022-07-30 16:23:32','2022-07-30 16:23:32'),(3362,592,764,100,'ESGG',NULL,NULL,'2022-07-30 16:23:32','2022-07-30 16:23:32'),(3363,592,1539,100,'ESGG',NULL,NULL,'2022-07-30 16:23:32','2022-07-30 16:23:32'),(3364,592,1540,100,'ESGG',NULL,NULL,'2022-07-30 16:23:32','2022-07-30 16:23:32'),(3365,592,765,100,'ESGG',NULL,NULL,'2022-07-30 16:23:32','2022-07-30 16:23:32'),(3366,592,1541,100,'ESGG',NULL,NULL,'2022-07-30 16:23:32','2022-07-30 16:23:32'),(3367,592,767,100,'ESGG',NULL,NULL,'2022-07-30 16:23:32','2022-07-30 16:23:32'),(3368,592,768,100,'ESGG',NULL,NULL,'2022-07-30 16:23:32','2022-07-30 16:23:32'),(3369,592,777,100,'ESGG',NULL,NULL,'2022-07-30 16:23:32','2022-07-30 16:23:32'),(3370,592,779,100,'ESGG',NULL,NULL,'2022-07-30 16:23:32','2022-07-30 16:23:32'),(3371,592,781,100,'ESGG',NULL,NULL,'2022-07-30 16:23:32','2022-07-30 16:23:32'),(3372,592,783,100,'ESGG',NULL,NULL,'2022-07-30 16:23:32','2022-07-30 16:23:32'),(3373,592,785,100,'ESGG',NULL,NULL,'2022-07-30 16:23:32','2022-07-30 16:23:32'),(3374,592,786,100,'ESGG',NULL,NULL,'2022-07-30 16:23:32','2022-07-30 16:23:32'),(3375,592,787,100,'ESGG',NULL,NULL,'2022-07-30 16:23:32','2022-07-30 16:23:32'),(3376,592,788,100,'ESGG',NULL,NULL,'2022-07-30 16:23:32','2022-07-30 16:23:32'),(3377,592,793,100,'ESGG',NULL,NULL,'2022-07-30 16:23:32','2022-07-30 16:23:32'),(3378,592,794,100,'ESGG',NULL,NULL,'2022-07-30 16:23:32','2022-07-30 16:23:32'),(3379,592,795,100,'ESGG',NULL,NULL,'2022-07-30 16:23:32','2022-07-30 16:23:32'),(3380,592,763,100,'ESGG',NULL,NULL,'2022-07-30 16:23:32','2022-07-30 16:23:32'),(3381,592,780,100,'ESGG',NULL,NULL,'2022-07-30 16:23:32','2022-07-30 16:23:32'),(3382,592,784,100,'ESGG',NULL,NULL,'2022-07-30 16:23:32','2022-07-30 16:23:32'),(3383,592,789,100,'ESGG',NULL,NULL,'2022-07-30 16:23:32','2022-07-30 16:23:32'),(3384,592,792,100,'ESGG',NULL,NULL,'2022-07-30 16:23:32','2022-07-30 16:23:32'),(3385,592,1538,100,'HKJK',NULL,NULL,'2022-07-30 16:23:32','2022-07-30 16:23:32'),(3386,592,764,100,'HKJK',NULL,NULL,'2022-07-30 16:23:32','2022-07-30 16:23:32'),(3387,592,1539,100,'HKJK',NULL,NULL,'2022-07-30 16:23:32','2022-07-30 16:23:32'),(3388,592,1540,100,'HKJK',NULL,NULL,'2022-07-30 16:23:32','2022-07-30 16:23:32'),(3389,592,765,100,'HKJK',NULL,NULL,'2022-07-30 16:23:32','2022-07-30 16:23:32'),(3390,592,1541,100,'HKJK',NULL,NULL,'2022-07-30 16:23:32','2022-07-30 16:23:32'),(3391,592,767,100,'HKJK',NULL,NULL,'2022-07-30 16:23:32','2022-07-30 16:23:32'),(3392,592,768,100,'HKJK',NULL,NULL,'2022-07-30 16:23:32','2022-07-30 16:23:32'),(3393,592,777,100,'HKJK',NULL,NULL,'2022-07-30 16:23:32','2022-07-30 16:23:32'),(3394,592,779,100,'HKJK',NULL,NULL,'2022-07-30 16:23:32','2022-07-30 16:23:32'),(3395,592,781,100,'HKJK',NULL,NULL,'2022-07-30 16:23:32','2022-07-30 16:23:32'),(3396,592,783,100,'HKJK',NULL,NULL,'2022-07-30 16:23:32','2022-07-30 16:23:32'),(3397,592,793,100,'HKJK',NULL,NULL,'2022-07-30 16:23:32','2022-07-30 16:23:32'),(3398,592,794,100,'HKJK',NULL,NULL,'2022-07-30 16:23:32','2022-07-30 16:23:32'),(3399,592,795,100,'HKJK',NULL,NULL,'2022-07-30 16:23:32','2022-07-30 16:23:32'),(3400,592,763,100,'HKJK',NULL,NULL,'2022-07-30 16:23:32','2022-07-30 16:23:32'),(3401,592,780,100,'HKJK',NULL,NULL,'2022-07-30 16:23:32','2022-07-30 16:23:32'),(3402,592,784,100,'HKJK',NULL,NULL,'2022-07-30 16:23:32','2022-07-30 16:23:32'),(3403,592,785,100,'HKJK',NULL,NULL,'2022-07-30 16:23:32','2022-07-30 16:23:32'),(3404,592,786,100,'HKJK',NULL,NULL,'2022-07-30 16:23:32','2022-07-30 16:23:32'),(3405,592,787,100,'HKJK',NULL,NULL,'2022-07-30 16:23:32','2022-07-30 16:23:32'),(3406,592,788,100,'HKJK',NULL,NULL,'2022-07-30 16:23:32','2022-07-30 16:23:32'),(3407,592,789,100,'HKJK',NULL,NULL,'2022-07-30 16:23:32','2022-07-30 16:23:32'),(3408,592,792,100,'HKJK',NULL,NULL,'2022-07-30 16:23:32','2022-07-30 16:23:32'),(3409,592,1538,100,'KAUS',NULL,NULL,'2022-07-30 16:23:32','2022-07-30 16:23:32'),(3410,592,764,100,'KAUS',NULL,NULL,'2022-07-30 16:23:32','2022-07-30 16:23:32'),(3411,592,1539,100,'KAUS',NULL,NULL,'2022-07-30 16:23:32','2022-07-30 16:23:32'),(3412,592,1540,100,'KAUS',NULL,NULL,'2022-07-30 16:23:32','2022-07-30 16:23:32'),(3413,592,765,100,'KAUS',NULL,NULL,'2022-07-30 16:23:32','2022-07-30 16:23:32'),(3414,592,1541,100,'KAUS',NULL,NULL,'2022-07-30 16:23:32','2022-07-30 16:23:32'),(3415,592,767,100,'KAUS',NULL,NULL,'2022-07-30 16:23:32','2022-07-30 16:23:32'),(3416,592,768,100,'KAUS',NULL,NULL,'2022-07-30 16:23:32','2022-07-30 16:23:32'),(3417,592,777,100,'KAUS',NULL,NULL,'2022-07-30 16:23:32','2022-07-30 16:23:32'),(3418,592,779,100,'KAUS',NULL,NULL,'2022-07-30 16:23:32','2022-07-30 16:23:32'),(3419,592,781,100,'KAUS',NULL,NULL,'2022-07-30 16:23:32','2022-07-30 16:23:32'),(3420,592,783,100,'KAUS',NULL,NULL,'2022-07-30 16:23:32','2022-07-30 16:23:32'),(3421,592,793,100,'KAUS',NULL,NULL,'2022-07-30 16:23:32','2022-07-30 16:23:32'),(3422,592,794,100,'KAUS',NULL,NULL,'2022-07-30 16:23:32','2022-07-30 16:23:32'),(3423,592,795,100,'KAUS',NULL,NULL,'2022-07-30 16:23:32','2022-07-30 16:23:32'),(3424,592,763,100,'KAUS',NULL,NULL,'2022-07-30 16:23:32','2022-07-30 16:23:32'),(3425,592,780,100,'KAUS',NULL,NULL,'2022-07-30 16:23:32','2022-07-30 16:23:32'),(3426,592,784,100,'KAUS',NULL,NULL,'2022-07-30 16:23:32','2022-07-30 16:23:32'),(3427,592,785,100,'KAUS',NULL,NULL,'2022-07-30 16:23:32','2022-07-30 16:23:32'),(3428,592,786,100,'KAUS',NULL,NULL,'2022-07-30 16:23:32','2022-07-30 16:23:32'),(3429,592,787,100,'KAUS',NULL,NULL,'2022-07-30 16:23:32','2022-07-30 16:23:32'),(3430,592,788,100,'KAUS',NULL,NULL,'2022-07-30 16:23:32','2022-07-30 16:23:32'),(3431,592,789,100,'KAUS',NULL,NULL,'2022-07-30 16:23:32','2022-07-30 16:23:32'),(3432,592,792,100,'KAUS',NULL,NULL,'2022-07-30 16:23:32','2022-07-30 16:23:32'),(3433,592,1538,100,'KLAS',NULL,NULL,'2022-07-30 16:23:32','2022-07-30 16:23:32'),(3434,592,764,100,'KLAS',NULL,NULL,'2022-07-30 16:23:32','2022-07-30 16:23:32'),(3435,592,1539,100,'KLAS',NULL,NULL,'2022-07-30 16:23:32','2022-07-30 16:23:32'),(3436,592,1540,100,'KLAS',NULL,NULL,'2022-07-30 16:23:32','2022-07-30 16:23:32'),(3437,592,765,100,'KLAS',NULL,NULL,'2022-07-30 16:23:32','2022-07-30 16:23:32'),(3438,592,1541,100,'KLAS',NULL,NULL,'2022-07-30 16:23:32','2022-07-30 16:23:32'),(3439,592,767,100,'KLAS',NULL,NULL,'2022-07-30 16:23:32','2022-07-30 16:23:32'),(3440,592,768,100,'KLAS',NULL,NULL,'2022-07-30 16:23:32','2022-07-30 16:23:32'),(3441,592,777,100,'KLAS',NULL,NULL,'2022-07-30 16:23:32','2022-07-30 16:23:32'),(3442,592,779,100,'KLAS',NULL,NULL,'2022-07-30 16:23:32','2022-07-30 16:23:32'),(3443,592,781,100,'KLAS',NULL,NULL,'2022-07-30 16:23:32','2022-07-30 16:23:32'),(3444,592,783,100,'KLAS',NULL,NULL,'2022-07-30 16:23:32','2022-07-30 16:23:32'),(3445,592,793,100,'KLAS',NULL,NULL,'2022-07-30 16:23:32','2022-07-30 16:23:32'),(3446,592,794,100,'KLAS',NULL,NULL,'2022-07-30 16:23:32','2022-07-30 16:23:32'),(3447,592,795,100,'KLAS',NULL,NULL,'2022-07-30 16:23:32','2022-07-30 16:23:32'),(3448,592,763,100,'KLAS',NULL,NULL,'2022-07-30 16:23:32','2022-07-30 16:23:32'),(3449,592,780,100,'KLAS',NULL,NULL,'2022-07-30 16:23:32','2022-07-30 16:23:32'),(3450,592,784,100,'KLAS',NULL,NULL,'2022-07-30 16:23:32','2022-07-30 16:23:32'),(3451,592,785,100,'KLAS',NULL,NULL,'2022-07-30 16:23:32','2022-07-30 16:23:32'),(3452,592,786,100,'KLAS',NULL,NULL,'2022-07-30 16:23:32','2022-07-30 16:23:32'),(3453,592,787,100,'KLAS',NULL,NULL,'2022-07-30 16:23:32','2022-07-30 16:23:32'),(3454,592,788,100,'KLAS',NULL,NULL,'2022-07-30 16:23:32','2022-07-30 16:23:32'),(3455,592,789,100,'KLAS',NULL,NULL,'2022-07-30 16:23:32','2022-07-30 16:23:32'),(3456,592,792,100,'KLAS',NULL,NULL,'2022-07-30 16:23:32','2022-07-30 16:23:32'),(3457,592,1538,100,'KMCO',NULL,NULL,'2022-07-30 16:23:32','2022-07-30 16:23:32'),(3458,592,764,100,'KMCO',NULL,NULL,'2022-07-30 16:23:32','2022-07-30 16:23:32'),(3459,592,1539,100,'KMCO',NULL,NULL,'2022-07-30 16:23:32','2022-07-30 16:23:32'),(3460,592,1540,100,'KMCO',NULL,NULL,'2022-07-30 16:23:32','2022-07-30 16:23:32'),(3461,592,765,100,'KMCO',NULL,NULL,'2022-07-30 16:23:32','2022-07-30 16:23:32'),(3462,592,1541,100,'KMCO',NULL,NULL,'2022-07-30 16:23:32','2022-07-30 16:23:32'),(3463,592,767,100,'KMCO',NULL,NULL,'2022-07-30 16:23:32','2022-07-30 16:23:32'),(3464,592,768,100,'KMCO',NULL,NULL,'2022-07-30 16:23:32','2022-07-30 16:23:32'),(3465,592,777,100,'KMCO',NULL,NULL,'2022-07-30 16:23:32','2022-07-30 16:23:32'),(3466,592,779,100,'KMCO',NULL,NULL,'2022-07-30 16:23:32','2022-07-30 16:23:32'),(3467,592,781,100,'KMCO',NULL,NULL,'2022-07-30 16:23:32','2022-07-30 16:23:32'),(3468,592,783,100,'KMCO',NULL,NULL,'2022-07-30 16:23:32','2022-07-30 16:23:32'),(3469,592,793,100,'KMCO',NULL,NULL,'2022-07-30 16:23:32','2022-07-30 16:23:32'),(3470,592,794,100,'KMCO',NULL,NULL,'2022-07-30 16:23:32','2022-07-30 16:23:32'),(3471,592,795,100,'KMCO',NULL,NULL,'2022-07-30 16:23:32','2022-07-30 16:23:32'),(3472,592,763,100,'KMCO',NULL,NULL,'2022-07-30 16:23:32','2022-07-30 16:23:32'),(3473,592,780,100,'KMCO',NULL,NULL,'2022-07-30 16:23:32','2022-07-30 16:23:32'),(3474,592,784,100,'KMCO',NULL,NULL,'2022-07-30 16:23:32','2022-07-30 16:23:32'),(3475,592,785,100,'KMCO',NULL,NULL,'2022-07-30 16:23:32','2022-07-30 16:23:32'),(3476,592,786,100,'KMCO',NULL,NULL,'2022-07-30 16:23:32','2022-07-30 16:23:32'),(3477,592,787,100,'KMCO',NULL,NULL,'2022-07-30 16:23:32','2022-07-30 16:23:32'),(3478,592,788,100,'KMCO',NULL,NULL,'2022-07-30 16:23:32','2022-07-30 16:23:32'),(3479,592,789,100,'KMCO',NULL,NULL,'2022-07-30 16:23:32','2022-07-30 16:23:32'),(3480,592,792,100,'KMCO',NULL,NULL,'2022-07-30 16:23:32','2022-07-30 16:23:32'),(3481,592,1538,100,'KPHX',NULL,NULL,'2022-07-30 16:23:32','2022-07-30 16:23:32'),(3482,592,764,100,'KPHX',NULL,NULL,'2022-07-30 16:23:32','2022-07-30 16:23:32'),(3483,592,1539,100,'KPHX',NULL,NULL,'2022-07-30 16:23:32','2022-07-30 16:23:32'),(3484,592,1540,100,'KPHX',NULL,NULL,'2022-07-30 16:23:32','2022-07-30 16:23:32'),(3485,592,765,100,'KPHX',NULL,NULL,'2022-07-30 16:23:32','2022-07-30 16:23:32'),(3486,592,1541,100,'KPHX',NULL,NULL,'2022-07-30 16:23:32','2022-07-30 16:23:32'),(3487,592,767,100,'KPHX',NULL,NULL,'2022-07-30 16:23:32','2022-07-30 16:23:32'),(3488,592,768,100,'KPHX',NULL,NULL,'2022-07-30 16:23:32','2022-07-30 16:23:32'),(3489,592,777,100,'KPHX',NULL,NULL,'2022-07-30 16:23:32','2022-07-30 16:23:32'),(3490,592,779,100,'KPHX',NULL,NULL,'2022-07-30 16:23:32','2022-07-30 16:23:32'),(3491,592,781,100,'KPHX',NULL,NULL,'2022-07-30 16:23:32','2022-07-30 16:23:32'),(3492,592,783,100,'KPHX',NULL,NULL,'2022-07-30 16:23:32','2022-07-30 16:23:32'),(3493,592,793,100,'KPHX',NULL,NULL,'2022-07-30 16:23:32','2022-07-30 16:23:32'),(3494,592,794,100,'KPHX',NULL,NULL,'2022-07-30 16:23:32','2022-07-30 16:23:32'),(3495,592,795,100,'KPHX',NULL,NULL,'2022-07-30 16:23:32','2022-07-30 16:23:32'),(3496,592,763,100,'KPHX',NULL,NULL,'2022-07-30 16:23:32','2022-07-30 16:23:32'),(3497,592,780,100,'KPHX',NULL,NULL,'2022-07-30 16:23:32','2022-07-30 16:23:32'),(3498,592,784,100,'KPHX',NULL,NULL,'2022-07-30 16:23:32','2022-07-30 16:23:32'),(3499,592,785,100,'KPHX',NULL,NULL,'2022-07-30 16:23:32','2022-07-30 16:23:32'),(3500,592,786,100,'KPHX',NULL,NULL,'2022-07-30 16:23:32','2022-07-30 16:23:32'),(3501,592,787,100,'KPHX',NULL,NULL,'2022-07-30 16:23:32','2022-07-30 16:23:32'),(3502,592,788,100,'KPHX',NULL,NULL,'2022-07-30 16:23:32','2022-07-30 16:23:32'),(3503,592,789,100,'KPHX',NULL,NULL,'2022-07-30 16:23:32','2022-07-30 16:23:32'),(3504,592,792,100,'KPHX',NULL,NULL,'2022-07-30 16:23:32','2022-07-30 16:23:32'),(3505,592,1538,100,'LATI',NULL,NULL,'2022-07-30 16:23:32','2022-07-30 16:23:32'),(3506,592,764,100,'LATI',NULL,NULL,'2022-07-30 16:23:32','2022-07-30 16:23:32'),(3507,592,1539,100,'LATI',NULL,NULL,'2022-07-30 16:23:32','2022-07-30 16:23:32'),(3508,592,1540,100,'LATI',NULL,NULL,'2022-07-30 16:23:32','2022-07-30 16:23:32'),(3509,592,765,100,'LATI',NULL,NULL,'2022-07-30 16:23:32','2022-07-30 16:23:32'),(3510,592,1541,100,'LATI',NULL,NULL,'2022-07-30 16:23:32','2022-07-30 16:23:32'),(3511,592,767,100,'LATI',NULL,NULL,'2022-07-30 16:23:32','2022-07-30 16:23:32'),(3512,592,768,100,'LATI',NULL,NULL,'2022-07-30 16:23:32','2022-07-30 16:23:32'),(3513,592,777,100,'LATI',NULL,NULL,'2022-07-30 16:23:32','2022-07-30 16:23:32'),(3514,592,779,100,'LATI',NULL,NULL,'2022-07-30 16:23:32','2022-07-30 16:23:32'),(3515,592,781,100,'LATI',NULL,NULL,'2022-07-30 16:23:32','2022-07-30 16:23:32'),(3516,592,783,100,'LATI',NULL,NULL,'2022-07-30 16:23:32','2022-07-30 16:23:32'),(3517,592,785,100,'LATI',NULL,NULL,'2022-07-30 16:23:32','2022-07-30 16:23:32'),(3518,592,786,100,'LATI',NULL,NULL,'2022-07-30 16:23:32','2022-07-30 16:23:32'),(3519,592,787,100,'LATI',NULL,NULL,'2022-07-30 16:23:32','2022-07-30 16:23:32'),(3520,592,788,100,'LATI',NULL,NULL,'2022-07-30 16:23:32','2022-07-30 16:23:32'),(3521,592,793,100,'LATI',NULL,NULL,'2022-07-30 16:23:32','2022-07-30 16:23:32'),(3522,592,794,100,'LATI',NULL,NULL,'2022-07-30 16:23:32','2022-07-30 16:23:32'),(3523,592,795,100,'LATI',NULL,NULL,'2022-07-30 16:23:32','2022-07-30 16:23:32'),(3524,592,763,100,'LATI',NULL,NULL,'2022-07-30 16:23:32','2022-07-30 16:23:32'),(3525,592,780,100,'LATI',NULL,NULL,'2022-07-30 16:23:32','2022-07-30 16:23:32'),(3526,592,784,100,'LATI',NULL,NULL,'2022-07-30 16:23:32','2022-07-30 16:23:32'),(3527,592,789,100,'LATI',NULL,NULL,'2022-07-30 16:23:32','2022-07-30 16:23:32'),(3528,592,792,100,'LATI',NULL,NULL,'2022-07-30 16:23:32','2022-07-30 16:23:32'),(3529,592,1538,100,'LDPL',NULL,NULL,'2022-07-30 16:23:32','2022-07-30 16:23:32'),(3530,592,764,100,'LDPL',NULL,NULL,'2022-07-30 16:23:32','2022-07-30 16:23:32'),(3531,592,1539,100,'LDPL',NULL,NULL,'2022-07-30 16:23:32','2022-07-30 16:23:32'),(3532,592,1540,100,'LDPL',NULL,NULL,'2022-07-30 16:23:32','2022-07-30 16:23:32'),(3533,592,765,100,'LDPL',NULL,NULL,'2022-07-30 16:23:32','2022-07-30 16:23:32'),(3534,592,1541,100,'LDPL',NULL,NULL,'2022-07-30 16:23:32','2022-07-30 16:23:32'),(3535,592,767,100,'LDPL',NULL,NULL,'2022-07-30 16:23:32','2022-07-30 16:23:32'),(3536,592,768,100,'LDPL',NULL,NULL,'2022-07-30 16:23:32','2022-07-30 16:23:32'),(3537,592,777,100,'LDPL',NULL,NULL,'2022-07-30 16:23:32','2022-07-30 16:23:32'),(3538,592,779,100,'LDPL',NULL,NULL,'2022-07-30 16:23:32','2022-07-30 16:23:32'),(3539,592,781,100,'LDPL',NULL,NULL,'2022-07-30 16:23:32','2022-07-30 16:23:32'),(3540,592,783,100,'LDPL',NULL,NULL,'2022-07-30 16:23:32','2022-07-30 16:23:32'),(3541,592,785,100,'LDPL',NULL,NULL,'2022-07-30 16:23:32','2022-07-30 16:23:32'),(3542,592,786,100,'LDPL',NULL,NULL,'2022-07-30 16:23:32','2022-07-30 16:23:32'),(3543,592,787,100,'LDPL',NULL,NULL,'2022-07-30 16:23:32','2022-07-30 16:23:32'),(3544,592,788,100,'LDPL',NULL,NULL,'2022-07-30 16:23:32','2022-07-30 16:23:32'),(3545,592,793,100,'LDPL',NULL,NULL,'2022-07-30 16:23:32','2022-07-30 16:23:32'),(3546,592,794,100,'LDPL',NULL,NULL,'2022-07-30 16:23:32','2022-07-30 16:23:32'),(3547,592,795,100,'LDPL',NULL,NULL,'2022-07-30 16:23:32','2022-07-30 16:23:32'),(3548,592,763,100,'LDPL',NULL,NULL,'2022-07-30 16:23:32','2022-07-30 16:23:32'),(3549,592,780,100,'LDPL',NULL,NULL,'2022-07-30 16:23:32','2022-07-30 16:23:32'),(3550,592,784,100,'LDPL',NULL,NULL,'2022-07-30 16:23:32','2022-07-30 16:23:32'),(3551,592,789,100,'LDPL',NULL,NULL,'2022-07-30 16:23:32','2022-07-30 16:23:32'),(3552,592,792,100,'LDPL',NULL,NULL,'2022-07-30 16:23:32','2022-07-30 16:23:32'),(3553,592,1538,100,'LDSP',NULL,NULL,'2022-07-30 16:23:32','2022-07-30 16:23:32'),(3554,592,764,100,'LDSP',NULL,NULL,'2022-07-30 16:23:32','2022-07-30 16:23:32'),(3555,592,1539,100,'LDSP',NULL,NULL,'2022-07-30 16:23:32','2022-07-30 16:23:32'),(3556,592,1540,100,'LDSP',NULL,NULL,'2022-07-30 16:23:32','2022-07-30 16:23:32'),(3557,592,765,100,'LDSP',NULL,NULL,'2022-07-30 16:23:32','2022-07-30 16:23:32'),(3558,592,1541,100,'LDSP',NULL,NULL,'2022-07-30 16:23:32','2022-07-30 16:23:32'),(3559,592,767,100,'LDSP',NULL,NULL,'2022-07-30 16:23:32','2022-07-30 16:23:32'),(3560,592,768,100,'LDSP',NULL,NULL,'2022-07-30 16:23:32','2022-07-30 16:23:32'),(3561,592,777,100,'LDSP',NULL,NULL,'2022-07-30 16:23:32','2022-07-30 16:23:32'),(3562,592,779,100,'LDSP',NULL,NULL,'2022-07-30 16:23:32','2022-07-30 16:23:32'),(3563,592,781,100,'LDSP',NULL,NULL,'2022-07-30 16:23:32','2022-07-30 16:23:32'),(3564,592,783,100,'LDSP',NULL,NULL,'2022-07-30 16:23:32','2022-07-30 16:23:32'),(3565,592,785,100,'LDSP',NULL,NULL,'2022-07-30 16:23:32','2022-07-30 16:23:32'),(3566,592,786,100,'LDSP',NULL,NULL,'2022-07-30 16:23:32','2022-07-30 16:23:32'),(3567,592,787,100,'LDSP',NULL,NULL,'2022-07-30 16:23:32','2022-07-30 16:23:32'),(3568,592,788,100,'LDSP',NULL,NULL,'2022-07-30 16:23:32','2022-07-30 16:23:32'),(3569,592,793,100,'LDSP',NULL,NULL,'2022-07-30 16:23:32','2022-07-30 16:23:32'),(3570,592,794,100,'LDSP',NULL,NULL,'2022-07-30 16:23:32','2022-07-30 16:23:32'),(3571,592,795,100,'LDSP',NULL,NULL,'2022-07-30 16:23:32','2022-07-30 16:23:32'),(3572,592,763,100,'LDSP',NULL,NULL,'2022-07-30 16:23:32','2022-07-30 16:23:32'),(3573,592,780,100,'LDSP',NULL,NULL,'2022-07-30 16:23:32','2022-07-30 16:23:32'),(3574,592,784,100,'LDSP',NULL,NULL,'2022-07-30 16:23:32','2022-07-30 16:23:32'),(3575,592,789,100,'LDSP',NULL,NULL,'2022-07-30 16:23:32','2022-07-30 16:23:32'),(3576,592,792,100,'LDSP',NULL,NULL,'2022-07-30 16:23:32','2022-07-30 16:23:32'),(3577,592,1538,100,'LDZA',NULL,NULL,'2022-07-30 16:23:32','2022-07-30 16:23:32'),(3578,592,764,100,'LDZA',NULL,NULL,'2022-07-30 16:23:32','2022-07-30 16:23:32'),(3579,592,1539,100,'LDZA',NULL,NULL,'2022-07-30 16:23:32','2022-07-30 16:23:32'),(3580,592,1540,100,'LDZA',NULL,NULL,'2022-07-30 16:23:32','2022-07-30 16:23:32'),(3581,592,765,100,'LDZA',NULL,NULL,'2022-07-30 16:23:32','2022-07-30 16:23:32'),(3582,592,1541,100,'LDZA',NULL,NULL,'2022-07-30 16:23:32','2022-07-30 16:23:32'),(3583,592,767,100,'LDZA',NULL,NULL,'2022-07-30 16:23:32','2022-07-30 16:23:32'),(3584,592,768,100,'LDZA',NULL,NULL,'2022-07-30 16:23:32','2022-07-30 16:23:32'),(3585,592,777,100,'LDZA',NULL,NULL,'2022-07-30 16:23:32','2022-07-30 16:23:32'),(3586,592,779,100,'LDZA',NULL,NULL,'2022-07-30 16:23:32','2022-07-30 16:23:32'),(3587,592,781,100,'LDZA',NULL,NULL,'2022-07-30 16:23:32','2022-07-30 16:23:32'),(3588,592,783,100,'LDZA',NULL,NULL,'2022-07-30 16:23:32','2022-07-30 16:23:32'),(3589,592,785,100,'LDZA',NULL,NULL,'2022-07-30 16:23:32','2022-07-30 16:23:32'),(3590,592,786,100,'LDZA',NULL,NULL,'2022-07-30 16:23:32','2022-07-30 16:23:32'),(3591,592,787,100,'LDZA',NULL,NULL,'2022-07-30 16:23:32','2022-07-30 16:23:32'),(3592,592,788,100,'LDZA',NULL,NULL,'2022-07-30 16:23:32','2022-07-30 16:23:32'),(3593,592,793,100,'LDZA',NULL,NULL,'2022-07-30 16:23:32','2022-07-30 16:23:32'),(3594,592,794,100,'LDZA',NULL,NULL,'2022-07-30 16:23:32','2022-07-30 16:23:32'),(3595,592,795,100,'LDZA',NULL,NULL,'2022-07-30 16:23:32','2022-07-30 16:23:32'),(3596,592,763,100,'LDZA',NULL,NULL,'2022-07-30 16:23:32','2022-07-30 16:23:32'),(3597,592,780,100,'LDZA',NULL,NULL,'2022-07-30 16:23:32','2022-07-30 16:23:32'),(3598,592,784,100,'LDZA',NULL,NULL,'2022-07-30 16:23:32','2022-07-30 16:23:32'),(3599,592,789,100,'LDZA',NULL,NULL,'2022-07-30 16:23:32','2022-07-30 16:23:32'),(3600,592,792,100,'LDZA',NULL,NULL,'2022-07-30 16:23:32','2022-07-30 16:23:32'),(3601,592,1538,100,'LEVC',NULL,NULL,'2022-07-30 16:23:32','2022-07-30 16:23:32'),(3602,592,764,100,'LEVC',NULL,NULL,'2022-07-30 16:23:32','2022-07-30 16:23:32'),(3603,592,1539,100,'LEVC',NULL,NULL,'2022-07-30 16:23:32','2022-07-30 16:23:32'),(3604,592,1540,100,'LEVC',NULL,NULL,'2022-07-30 16:23:32','2022-07-30 16:23:32'),(3605,592,765,100,'LEVC',NULL,NULL,'2022-07-30 16:23:32','2022-07-30 16:23:32'),(3606,592,1541,100,'LEVC',NULL,NULL,'2022-07-30 16:23:32','2022-07-30 16:23:32'),(3607,592,767,100,'LEVC',NULL,NULL,'2022-07-30 16:23:32','2022-07-30 16:23:32'),(3608,592,768,100,'LEVC',NULL,NULL,'2022-07-30 16:23:32','2022-07-30 16:23:32'),(3609,592,777,100,'LEVC',NULL,NULL,'2022-07-30 16:23:32','2022-07-30 16:23:32'),(3610,592,779,100,'LEVC',NULL,NULL,'2022-07-30 16:23:32','2022-07-30 16:23:32'),(3611,592,781,100,'LEVC',NULL,NULL,'2022-07-30 16:23:32','2022-07-30 16:23:32'),(3612,592,783,100,'LEVC',NULL,NULL,'2022-07-30 16:23:32','2022-07-30 16:23:32'),(3613,592,785,100,'LEVC',NULL,NULL,'2022-07-30 16:23:32','2022-07-30 16:23:32'),(3614,592,786,100,'LEVC',NULL,NULL,'2022-07-30 16:23:32','2022-07-30 16:23:32'),(3615,592,787,100,'LEVC',NULL,NULL,'2022-07-30 16:23:32','2022-07-30 16:23:32'),(3616,592,788,100,'LEVC',NULL,NULL,'2022-07-30 16:23:32','2022-07-30 16:23:32'),(3617,592,793,100,'LEVC',NULL,NULL,'2022-07-30 16:23:32','2022-07-30 16:23:32'),(3618,592,794,100,'LEVC',NULL,NULL,'2022-07-30 16:23:32','2022-07-30 16:23:32'),(3619,592,795,100,'LEVC',NULL,NULL,'2022-07-30 16:23:32','2022-07-30 16:23:32'),(3620,592,763,100,'LEVC',NULL,NULL,'2022-07-30 16:23:32','2022-07-30 16:23:32'),(3621,592,780,100,'LEVC',NULL,NULL,'2022-07-30 16:23:32','2022-07-30 16:23:32'),(3622,592,784,100,'LEVC',NULL,NULL,'2022-07-30 16:23:32','2022-07-30 16:23:32'),(3623,592,789,100,'LEVC',NULL,NULL,'2022-07-30 16:23:32','2022-07-30 16:23:32'),(3624,592,792,100,'LEVC',NULL,NULL,'2022-07-30 16:23:32','2022-07-30 16:23:32'),(3625,592,1538,100,'LFBO',NULL,NULL,'2022-07-30 16:23:32','2022-07-30 16:23:32'),(3626,592,764,100,'LFBO',NULL,NULL,'2022-07-30 16:23:32','2022-07-30 16:23:32'),(3627,592,1539,100,'LFBO',NULL,NULL,'2022-07-30 16:23:32','2022-07-30 16:23:32'),(3628,592,1540,100,'LFBO',NULL,NULL,'2022-07-30 16:23:32','2022-07-30 16:23:32'),(3629,592,765,100,'LFBO',NULL,NULL,'2022-07-30 16:23:32','2022-07-30 16:23:32'),(3630,592,1541,100,'LFBO',NULL,NULL,'2022-07-30 16:23:32','2022-07-30 16:23:32'),(3631,592,767,100,'LFBO',NULL,NULL,'2022-07-30 16:23:32','2022-07-30 16:23:32'),(3632,592,768,100,'LFBO',NULL,NULL,'2022-07-30 16:23:32','2022-07-30 16:23:32'),(3633,592,777,100,'LFBO',NULL,NULL,'2022-07-30 16:23:32','2022-07-30 16:23:32'),(3634,592,779,100,'LFBO',NULL,NULL,'2022-07-30 16:23:32','2022-07-30 16:23:32'),(3635,592,781,100,'LFBO',NULL,NULL,'2022-07-30 16:23:32','2022-07-30 16:23:32'),(3636,592,783,100,'LFBO',NULL,NULL,'2022-07-30 16:23:32','2022-07-30 16:23:32'),(3637,592,785,100,'LFBO',NULL,NULL,'2022-07-30 16:23:32','2022-07-30 16:23:32'),(3638,592,786,100,'LFBO',NULL,NULL,'2022-07-30 16:23:32','2022-07-30 16:23:32'),(3639,592,787,100,'LFBO',NULL,NULL,'2022-07-30 16:23:32','2022-07-30 16:23:32'),(3640,592,788,100,'LFBO',NULL,NULL,'2022-07-30 16:23:32','2022-07-30 16:23:32'),(3641,592,793,100,'LFBO',NULL,NULL,'2022-07-30 16:23:32','2022-07-30 16:23:32'),(3642,592,794,100,'LFBO',NULL,NULL,'2022-07-30 16:23:32','2022-07-30 16:23:32'),(3643,592,795,100,'LFBO',NULL,NULL,'2022-07-30 16:23:32','2022-07-30 16:23:32'),(3644,592,763,100,'LFBO',NULL,NULL,'2022-07-30 16:23:32','2022-07-30 16:23:32'),(3645,592,780,100,'LFBO',NULL,NULL,'2022-07-30 16:23:32','2022-07-30 16:23:32'),(3646,592,784,100,'LFBO',NULL,NULL,'2022-07-30 16:23:32','2022-07-30 16:23:32'),(3647,592,789,100,'LFBO',NULL,NULL,'2022-07-30 16:23:32','2022-07-30 16:23:32'),(3648,592,792,100,'LFBO',NULL,NULL,'2022-07-30 16:23:32','2022-07-30 16:23:32'),(3649,592,1538,100,'LFKB',NULL,NULL,'2022-07-30 16:23:32','2022-07-30 16:23:32'),(3650,592,764,100,'LFKB',NULL,NULL,'2022-07-30 16:23:32','2022-07-30 16:23:32'),(3651,592,1539,100,'LFKB',NULL,NULL,'2022-07-30 16:23:32','2022-07-30 16:23:32'),(3652,592,1540,100,'LFKB',NULL,NULL,'2022-07-30 16:23:32','2022-07-30 16:23:32'),(3653,592,765,100,'LFKB',NULL,NULL,'2022-07-30 16:23:32','2022-07-30 16:23:32'),(3654,592,1541,100,'LFKB',NULL,NULL,'2022-07-30 16:23:32','2022-07-30 16:23:32'),(3655,592,767,100,'LFKB',NULL,NULL,'2022-07-30 16:23:32','2022-07-30 16:23:32'),(3656,592,768,100,'LFKB',NULL,NULL,'2022-07-30 16:23:32','2022-07-30 16:23:32'),(3657,592,777,100,'LFKB',NULL,NULL,'2022-07-30 16:23:32','2022-07-30 16:23:32'),(3658,592,779,100,'LFKB',NULL,NULL,'2022-07-30 16:23:32','2022-07-30 16:23:32'),(3659,592,781,100,'LFKB',NULL,NULL,'2022-07-30 16:23:32','2022-07-30 16:23:32'),(3660,592,783,100,'LFKB',NULL,NULL,'2022-07-30 16:23:32','2022-07-30 16:23:32'),(3661,592,785,100,'LFKB',NULL,NULL,'2022-07-30 16:23:32','2022-07-30 16:23:32'),(3662,592,786,100,'LFKB',NULL,NULL,'2022-07-30 16:23:32','2022-07-30 16:23:32'),(3663,592,787,100,'LFKB',NULL,NULL,'2022-07-30 16:23:32','2022-07-30 16:23:32'),(3664,592,788,100,'LFKB',NULL,NULL,'2022-07-30 16:23:32','2022-07-30 16:23:32'),(3665,592,793,100,'LFKB',NULL,NULL,'2022-07-30 16:23:32','2022-07-30 16:23:32'),(3666,592,794,100,'LFKB',NULL,NULL,'2022-07-30 16:23:32','2022-07-30 16:23:32'),(3667,592,795,100,'LFKB',NULL,NULL,'2022-07-30 16:23:32','2022-07-30 16:23:32'),(3668,592,763,100,'LFKB',NULL,NULL,'2022-07-30 16:23:32','2022-07-30 16:23:32'),(3669,592,780,100,'LFKB',NULL,NULL,'2022-07-30 16:23:32','2022-07-30 16:23:32'),(3670,592,784,100,'LFKB',NULL,NULL,'2022-07-30 16:23:32','2022-07-30 16:23:32'),(3671,592,789,100,'LFKB',NULL,NULL,'2022-07-30 16:23:32','2022-07-30 16:23:32'),(3672,592,792,100,'LFKB',NULL,NULL,'2022-07-30 16:23:32','2022-07-30 16:23:32'),(3673,592,1538,100,'LFLL',NULL,NULL,'2022-07-30 16:23:32','2022-07-30 16:23:32'),(3674,592,764,100,'LFLL',NULL,NULL,'2022-07-30 16:23:32','2022-07-30 16:23:32'),(3675,592,1539,100,'LFLL',NULL,NULL,'2022-07-30 16:23:32','2022-07-30 16:23:32'),(3676,592,1540,100,'LFLL',NULL,NULL,'2022-07-30 16:23:32','2022-07-30 16:23:32'),(3677,592,765,100,'LFLL',NULL,NULL,'2022-07-30 16:23:32','2022-07-30 16:23:32'),(3678,592,1541,100,'LFLL',NULL,NULL,'2022-07-30 16:23:32','2022-07-30 16:23:32'),(3679,592,767,100,'LFLL',NULL,NULL,'2022-07-30 16:23:32','2022-07-30 16:23:32'),(3680,592,768,100,'LFLL',NULL,NULL,'2022-07-30 16:23:32','2022-07-30 16:23:32'),(3681,592,777,100,'LFLL',NULL,NULL,'2022-07-30 16:23:32','2022-07-30 16:23:32'),(3682,592,779,100,'LFLL',NULL,NULL,'2022-07-30 16:23:32','2022-07-30 16:23:32'),(3683,592,781,100,'LFLL',NULL,NULL,'2022-07-30 16:23:32','2022-07-30 16:23:32'),(3684,592,783,100,'LFLL',NULL,NULL,'2022-07-30 16:23:32','2022-07-30 16:23:32'),(3685,592,785,100,'LFLL',NULL,NULL,'2022-07-30 16:23:32','2022-07-30 16:23:32'),(3686,592,786,100,'LFLL',NULL,NULL,'2022-07-30 16:23:32','2022-07-30 16:23:32'),(3687,592,787,100,'LFLL',NULL,NULL,'2022-07-30 16:23:32','2022-07-30 16:23:32'),(3688,592,788,100,'LFLL',NULL,NULL,'2022-07-30 16:23:32','2022-07-30 16:23:32'),(3689,592,793,100,'LFLL',NULL,NULL,'2022-07-30 16:23:32','2022-07-30 16:23:32'),(3690,592,794,100,'LFLL',NULL,NULL,'2022-07-30 16:23:32','2022-07-30 16:23:32'),(3691,592,795,100,'LFLL',NULL,NULL,'2022-07-30 16:23:32','2022-07-30 16:23:32'),(3692,592,763,100,'LFLL',NULL,NULL,'2022-07-30 16:23:32','2022-07-30 16:23:32'),(3693,592,780,100,'LFLL',NULL,NULL,'2022-07-30 16:23:32','2022-07-30 16:23:32'),(3694,592,784,100,'LFLL',NULL,NULL,'2022-07-30 16:23:32','2022-07-30 16:23:32'),(3695,592,789,100,'LFLL',NULL,NULL,'2022-07-30 16:23:32','2022-07-30 16:23:32'),(3696,592,792,100,'LFLL',NULL,NULL,'2022-07-30 16:23:32','2022-07-30 16:23:32'),(3697,592,1538,100,'LFML',NULL,NULL,'2022-07-30 16:23:32','2022-07-30 16:23:32'),(3698,592,764,100,'LFML',NULL,NULL,'2022-07-30 16:23:32','2022-07-30 16:23:32'),(3699,592,1539,100,'LFML',NULL,NULL,'2022-07-30 16:23:32','2022-07-30 16:23:32'),(3700,592,1540,100,'LFML',NULL,NULL,'2022-07-30 16:23:32','2022-07-30 16:23:32'),(3701,592,765,100,'LFML',NULL,NULL,'2022-07-30 16:23:32','2022-07-30 16:23:32'),(3702,592,1541,100,'LFML',NULL,NULL,'2022-07-30 16:23:32','2022-07-30 16:23:32'),(3703,592,767,100,'LFML',NULL,NULL,'2022-07-30 16:23:32','2022-07-30 16:23:32'),(3704,592,768,100,'LFML',NULL,NULL,'2022-07-30 16:23:32','2022-07-30 16:23:32'),(3705,592,777,100,'LFML',NULL,NULL,'2022-07-30 16:23:32','2022-07-30 16:23:32'),(3706,592,779,100,'LFML',NULL,NULL,'2022-07-30 16:23:32','2022-07-30 16:23:32'),(3707,592,781,100,'LFML',NULL,NULL,'2022-07-30 16:23:32','2022-07-30 16:23:32'),(3708,592,783,100,'LFML',NULL,NULL,'2022-07-30 16:23:32','2022-07-30 16:23:32'),(3709,592,785,100,'LFML',NULL,NULL,'2022-07-30 16:23:32','2022-07-30 16:23:32'),(3710,592,786,100,'LFML',NULL,NULL,'2022-07-30 16:23:32','2022-07-30 16:23:32'),(3711,592,787,100,'LFML',NULL,NULL,'2022-07-30 16:23:32','2022-07-30 16:23:32'),(3712,592,788,100,'LFML',NULL,NULL,'2022-07-30 16:23:32','2022-07-30 16:23:32'),(3713,592,793,100,'LFML',NULL,NULL,'2022-07-30 16:23:32','2022-07-30 16:23:32'),(3714,592,794,100,'LFML',NULL,NULL,'2022-07-30 16:23:32','2022-07-30 16:23:32'),(3715,592,795,100,'LFML',NULL,NULL,'2022-07-30 16:23:32','2022-07-30 16:23:32'),(3716,592,763,100,'LFML',NULL,NULL,'2022-07-30 16:23:32','2022-07-30 16:23:32'),(3717,592,780,100,'LFML',NULL,NULL,'2022-07-30 16:23:32','2022-07-30 16:23:32'),(3718,592,784,100,'LFML',NULL,NULL,'2022-07-30 16:23:32','2022-07-30 16:23:32'),(3719,592,789,100,'LFML',NULL,NULL,'2022-07-30 16:23:32','2022-07-30 16:23:32'),(3720,592,792,100,'LFML',NULL,NULL,'2022-07-30 16:23:32','2022-07-30 16:23:32'),(3721,592,1538,100,'LHBP',NULL,NULL,'2022-07-30 16:23:32','2022-07-30 16:23:32'),(3722,592,764,100,'LHBP',NULL,NULL,'2022-07-30 16:23:32','2022-07-30 16:23:32'),(3723,592,1539,100,'LHBP',NULL,NULL,'2022-07-30 16:23:32','2022-07-30 16:23:32'),(3724,592,1540,100,'LHBP',NULL,NULL,'2022-07-30 16:23:32','2022-07-30 16:23:32'),(3725,592,765,100,'LHBP',NULL,NULL,'2022-07-30 16:23:32','2022-07-30 16:23:32'),(3726,592,1541,100,'LHBP',NULL,NULL,'2022-07-30 16:23:32','2022-07-30 16:23:32'),(3727,592,767,100,'LHBP',NULL,NULL,'2022-07-30 16:23:32','2022-07-30 16:23:32'),(3728,592,768,100,'LHBP',NULL,NULL,'2022-07-30 16:23:32','2022-07-30 16:23:32'),(3729,592,777,100,'LHBP',NULL,NULL,'2022-07-30 16:23:32','2022-07-30 16:23:32'),(3730,592,779,100,'LHBP',NULL,NULL,'2022-07-30 16:23:32','2022-07-30 16:23:32'),(3731,592,781,100,'LHBP',NULL,NULL,'2022-07-30 16:23:32','2022-07-30 16:23:32'),(3732,592,783,100,'LHBP',NULL,NULL,'2022-07-30 16:23:32','2022-07-30 16:23:32'),(3733,592,785,100,'LHBP',NULL,NULL,'2022-07-30 16:23:32','2022-07-30 16:23:32'),(3734,592,786,100,'LHBP',NULL,NULL,'2022-07-30 16:23:32','2022-07-30 16:23:32'),(3735,592,787,100,'LHBP',NULL,NULL,'2022-07-30 16:23:32','2022-07-30 16:23:32'),(3736,592,788,100,'LHBP',NULL,NULL,'2022-07-30 16:23:32','2022-07-30 16:23:32'),(3737,592,793,100,'LHBP',NULL,NULL,'2022-07-30 16:23:32','2022-07-30 16:23:32'),(3738,592,794,100,'LHBP',NULL,NULL,'2022-07-30 16:23:32','2022-07-30 16:23:32'),(3739,592,795,100,'LHBP',NULL,NULL,'2022-07-30 16:23:32','2022-07-30 16:23:32'),(3740,592,763,100,'LHBP',NULL,NULL,'2022-07-30 16:23:32','2022-07-30 16:23:32'),(3741,592,780,100,'LHBP',NULL,NULL,'2022-07-30 16:23:32','2022-07-30 16:23:32'),(3742,592,784,100,'LHBP',NULL,NULL,'2022-07-30 16:23:32','2022-07-30 16:23:32'),(3743,592,789,100,'LHBP',NULL,NULL,'2022-07-30 16:23:32','2022-07-30 16:23:32'),(3744,592,792,100,'LHBP',NULL,NULL,'2022-07-30 16:23:32','2022-07-30 16:23:32'),(3745,592,1538,100,'LIBR',NULL,NULL,'2022-07-30 16:23:32','2022-07-30 16:23:32'),(3746,592,764,100,'LIBR',NULL,NULL,'2022-07-30 16:23:32','2022-07-30 16:23:32'),(3747,592,1539,100,'LIBR',NULL,NULL,'2022-07-30 16:23:32','2022-07-30 16:23:32'),(3748,592,1540,100,'LIBR',NULL,NULL,'2022-07-30 16:23:32','2022-07-30 16:23:32'),(3749,592,765,100,'LIBR',NULL,NULL,'2022-07-30 16:23:32','2022-07-30 16:23:32'),(3750,592,1541,100,'LIBR',NULL,NULL,'2022-07-30 16:23:32','2022-07-30 16:23:32'),(3751,592,767,100,'LIBR',NULL,NULL,'2022-07-30 16:23:32','2022-07-30 16:23:32'),(3752,592,768,100,'LIBR',NULL,NULL,'2022-07-30 16:23:32','2022-07-30 16:23:32'),(3753,592,777,100,'LIBR',NULL,NULL,'2022-07-30 16:23:32','2022-07-30 16:23:32'),(3754,592,779,100,'LIBR',NULL,NULL,'2022-07-30 16:23:32','2022-07-30 16:23:32'),(3755,592,781,100,'LIBR',NULL,NULL,'2022-07-30 16:23:32','2022-07-30 16:23:32'),(3756,592,783,100,'LIBR',NULL,NULL,'2022-07-30 16:23:32','2022-07-30 16:23:32'),(3757,592,785,100,'LIBR',NULL,NULL,'2022-07-30 16:23:32','2022-07-30 16:23:32'),(3758,592,786,100,'LIBR',NULL,NULL,'2022-07-30 16:23:32','2022-07-30 16:23:32'),(3759,592,787,100,'LIBR',NULL,NULL,'2022-07-30 16:23:32','2022-07-30 16:23:32'),(3760,592,788,100,'LIBR',NULL,NULL,'2022-07-30 16:23:32','2022-07-30 16:23:32'),(3761,592,793,100,'LIBR',NULL,NULL,'2022-07-30 16:23:32','2022-07-30 16:23:32'),(3762,592,794,100,'LIBR',NULL,NULL,'2022-07-30 16:23:32','2022-07-30 16:23:32'),(3763,592,795,100,'LIBR',NULL,NULL,'2022-07-30 16:23:32','2022-07-30 16:23:32'),(3764,592,763,100,'LIBR',NULL,NULL,'2022-07-30 16:23:32','2022-07-30 16:23:32'),(3765,592,780,100,'LIBR',NULL,NULL,'2022-07-30 16:23:32','2022-07-30 16:23:32'),(3766,592,784,100,'LIBR',NULL,NULL,'2022-07-30 16:23:32','2022-07-30 16:23:32'),(3767,592,789,100,'LIBR',NULL,NULL,'2022-07-30 16:23:32','2022-07-30 16:23:32'),(3768,592,792,100,'LIBR',NULL,NULL,'2022-07-30 16:23:32','2022-07-30 16:23:32'),(3769,592,1538,100,'LIEO',NULL,NULL,'2022-07-30 16:23:32','2022-07-30 16:23:32'),(3770,592,764,100,'LIEO',NULL,NULL,'2022-07-30 16:23:32','2022-07-30 16:23:32'),(3771,592,1539,100,'LIEO',NULL,NULL,'2022-07-30 16:23:32','2022-07-30 16:23:32'),(3772,592,1540,100,'LIEO',NULL,NULL,'2022-07-30 16:23:32','2022-07-30 16:23:32'),(3773,592,765,100,'LIEO',NULL,NULL,'2022-07-30 16:23:32','2022-07-30 16:23:32'),(3774,592,1541,100,'LIEO',NULL,NULL,'2022-07-30 16:23:32','2022-07-30 16:23:32'),(3775,592,767,100,'LIEO',NULL,NULL,'2022-07-30 16:23:32','2022-07-30 16:23:32'),(3776,592,768,100,'LIEO',NULL,NULL,'2022-07-30 16:23:32','2022-07-30 16:23:32'),(3777,592,777,100,'LIEO',NULL,NULL,'2022-07-30 16:23:32','2022-07-30 16:23:32'),(3778,592,779,100,'LIEO',NULL,NULL,'2022-07-30 16:23:32','2022-07-30 16:23:32'),(3779,592,781,100,'LIEO',NULL,NULL,'2022-07-30 16:23:32','2022-07-30 16:23:32'),(3780,592,783,100,'LIEO',NULL,NULL,'2022-07-30 16:23:32','2022-07-30 16:23:32'),(3781,592,785,100,'LIEO',NULL,NULL,'2022-07-30 16:23:32','2022-07-30 16:23:32'),(3782,592,786,100,'LIEO',NULL,NULL,'2022-07-30 16:23:32','2022-07-30 16:23:32'),(3783,592,787,100,'LIEO',NULL,NULL,'2022-07-30 16:23:32','2022-07-30 16:23:32'),(3784,592,788,100,'LIEO',NULL,NULL,'2022-07-30 16:23:32','2022-07-30 16:23:32'),(3785,592,793,100,'LIEO',NULL,NULL,'2022-07-30 16:23:32','2022-07-30 16:23:32'),(3786,592,794,100,'LIEO',NULL,NULL,'2022-07-30 16:23:32','2022-07-30 16:23:32'),(3787,592,795,100,'LIEO',NULL,NULL,'2022-07-30 16:23:32','2022-07-30 16:23:32'),(3788,592,763,100,'LIEO',NULL,NULL,'2022-07-30 16:23:32','2022-07-30 16:23:32'),(3789,592,780,100,'LIEO',NULL,NULL,'2022-07-30 16:23:32','2022-07-30 16:23:32'),(3790,592,784,100,'LIEO',NULL,NULL,'2022-07-30 16:23:32','2022-07-30 16:23:32'),(3791,592,789,100,'LIEO',NULL,NULL,'2022-07-30 16:23:32','2022-07-30 16:23:32'),(3792,592,792,100,'LIEO',NULL,NULL,'2022-07-30 16:23:32','2022-07-30 16:23:32'),(3793,592,1538,100,'LIPE',NULL,NULL,'2022-07-30 16:23:32','2022-07-30 16:23:32'),(3794,592,764,100,'LIPE',NULL,NULL,'2022-07-30 16:23:32','2022-07-30 16:23:32'),(3795,592,1539,100,'LIPE',NULL,NULL,'2022-07-30 16:23:32','2022-07-30 16:23:32'),(3796,592,1540,100,'LIPE',NULL,NULL,'2022-07-30 16:23:32','2022-07-30 16:23:32'),(3797,592,765,100,'LIPE',NULL,NULL,'2022-07-30 16:23:32','2022-07-30 16:23:32'),(3798,592,1541,100,'LIPE',NULL,NULL,'2022-07-30 16:23:32','2022-07-30 16:23:32'),(3799,592,767,100,'LIPE',NULL,NULL,'2022-07-30 16:23:32','2022-07-30 16:23:32'),(3800,592,768,100,'LIPE',NULL,NULL,'2022-07-30 16:23:32','2022-07-30 16:23:32'),(3801,592,777,100,'LIPE',NULL,NULL,'2022-07-30 16:23:32','2022-07-30 16:23:32'),(3802,592,779,100,'LIPE',NULL,NULL,'2022-07-30 16:23:32','2022-07-30 16:23:32'),(3803,592,781,100,'LIPE',NULL,NULL,'2022-07-30 16:23:32','2022-07-30 16:23:32'),(3804,592,783,100,'LIPE',NULL,NULL,'2022-07-30 16:23:32','2022-07-30 16:23:32'),(3805,592,785,100,'LIPE',NULL,NULL,'2022-07-30 16:23:32','2022-07-30 16:23:32'),(3806,592,786,100,'LIPE',NULL,NULL,'2022-07-30 16:23:32','2022-07-30 16:23:32'),(3807,592,787,100,'LIPE',NULL,NULL,'2022-07-30 16:23:32','2022-07-30 16:23:32'),(3808,592,788,100,'LIPE',NULL,NULL,'2022-07-30 16:23:32','2022-07-30 16:23:32'),(3809,592,793,100,'LIPE',NULL,NULL,'2022-07-30 16:23:32','2022-07-30 16:23:32'),(3810,592,794,100,'LIPE',NULL,NULL,'2022-07-30 16:23:32','2022-07-30 16:23:32'),(3811,592,795,100,'LIPE',NULL,NULL,'2022-07-30 16:23:32','2022-07-30 16:23:32'),(3812,592,763,100,'LIPE',NULL,NULL,'2022-07-30 16:23:32','2022-07-30 16:23:32'),(3813,592,780,100,'LIPE',NULL,NULL,'2022-07-30 16:23:32','2022-07-30 16:23:32'),(3814,592,784,100,'LIPE',NULL,NULL,'2022-07-30 16:23:32','2022-07-30 16:23:32'),(3815,592,789,100,'LIPE',NULL,NULL,'2022-07-30 16:23:32','2022-07-30 16:23:32'),(3816,592,792,100,'LIPE',NULL,NULL,'2022-07-30 16:23:32','2022-07-30 16:23:32'),(3817,592,1538,100,'LIRN',NULL,NULL,'2022-07-30 16:23:32','2022-07-30 16:23:32'),(3818,592,764,100,'LIRN',NULL,NULL,'2022-07-30 16:23:32','2022-07-30 16:23:32'),(3819,592,1539,100,'LIRN',NULL,NULL,'2022-07-30 16:23:32','2022-07-30 16:23:32'),(3820,592,1540,100,'LIRN',NULL,NULL,'2022-07-30 16:23:32','2022-07-30 16:23:32'),(3821,592,765,100,'LIRN',NULL,NULL,'2022-07-30 16:23:32','2022-07-30 16:23:32'),(3822,592,1541,100,'LIRN',NULL,NULL,'2022-07-30 16:23:32','2022-07-30 16:23:32'),(3823,592,767,100,'LIRN',NULL,NULL,'2022-07-30 16:23:32','2022-07-30 16:23:32'),(3824,592,768,100,'LIRN',NULL,NULL,'2022-07-30 16:23:32','2022-07-30 16:23:32'),(3825,592,777,100,'LIRN',NULL,NULL,'2022-07-30 16:23:32','2022-07-30 16:23:32'),(3826,592,779,100,'LIRN',NULL,NULL,'2022-07-30 16:23:32','2022-07-30 16:23:32'),(3827,592,781,100,'LIRN',NULL,NULL,'2022-07-30 16:23:32','2022-07-30 16:23:32'),(3828,592,783,100,'LIRN',NULL,NULL,'2022-07-30 16:23:32','2022-07-30 16:23:32'),(3829,592,785,100,'LIRN',NULL,NULL,'2022-07-30 16:23:32','2022-07-30 16:23:32'),(3830,592,786,100,'LIRN',NULL,NULL,'2022-07-30 16:23:32','2022-07-30 16:23:32'),(3831,592,787,100,'LIRN',NULL,NULL,'2022-07-30 16:23:32','2022-07-30 16:23:32'),(3832,592,788,100,'LIRN',NULL,NULL,'2022-07-30 16:23:32','2022-07-30 16:23:32'),(3833,592,793,100,'LIRN',NULL,NULL,'2022-07-30 16:23:32','2022-07-30 16:23:32'),(3834,592,794,100,'LIRN',NULL,NULL,'2022-07-30 16:23:32','2022-07-30 16:23:32'),(3835,592,795,100,'LIRN',NULL,NULL,'2022-07-30 16:23:32','2022-07-30 16:23:32'),(3836,592,763,100,'LIRN',NULL,NULL,'2022-07-30 16:23:32','2022-07-30 16:23:32'),(3837,592,780,100,'LIRN',NULL,NULL,'2022-07-30 16:23:32','2022-07-30 16:23:32'),(3838,592,784,100,'LIRN',NULL,NULL,'2022-07-30 16:23:32','2022-07-30 16:23:32'),(3839,592,789,100,'LIRN',NULL,NULL,'2022-07-30 16:23:32','2022-07-30 16:23:32'),(3840,592,792,100,'LIRN',NULL,NULL,'2022-07-30 16:23:32','2022-07-30 16:23:32'),(3841,592,1538,100,'LIRP',NULL,NULL,'2022-07-30 16:23:32','2022-07-30 16:23:32'),(3842,592,764,100,'LIRP',NULL,NULL,'2022-07-30 16:23:32','2022-07-30 16:23:32'),(3843,592,1539,100,'LIRP',NULL,NULL,'2022-07-30 16:23:32','2022-07-30 16:23:32'),(3844,592,1540,100,'LIRP',NULL,NULL,'2022-07-30 16:23:32','2022-07-30 16:23:32'),(3845,592,765,100,'LIRP',NULL,NULL,'2022-07-30 16:23:32','2022-07-30 16:23:32'),(3846,592,1541,100,'LIRP',NULL,NULL,'2022-07-30 16:23:32','2022-07-30 16:23:32'),(3847,592,767,100,'LIRP',NULL,NULL,'2022-07-30 16:23:32','2022-07-30 16:23:32'),(3848,592,768,100,'LIRP',NULL,NULL,'2022-07-30 16:23:32','2022-07-30 16:23:32'),(3849,592,777,100,'LIRP',NULL,NULL,'2022-07-30 16:23:32','2022-07-30 16:23:32'),(3850,592,779,100,'LIRP',NULL,NULL,'2022-07-30 16:23:32','2022-07-30 16:23:32'),(3851,592,781,100,'LIRP',NULL,NULL,'2022-07-30 16:23:32','2022-07-30 16:23:32'),(3852,592,783,100,'LIRP',NULL,NULL,'2022-07-30 16:23:32','2022-07-30 16:23:32'),(3853,592,785,100,'LIRP',NULL,NULL,'2022-07-30 16:23:32','2022-07-30 16:23:32'),(3854,592,786,100,'LIRP',NULL,NULL,'2022-07-30 16:23:32','2022-07-30 16:23:32'),(3855,592,787,100,'LIRP',NULL,NULL,'2022-07-30 16:23:32','2022-07-30 16:23:32'),(3856,592,788,100,'LIRP',NULL,NULL,'2022-07-30 16:23:32','2022-07-30 16:23:32'),(3857,592,793,100,'LIRP',NULL,NULL,'2022-07-30 16:23:32','2022-07-30 16:23:32'),(3858,592,794,100,'LIRP',NULL,NULL,'2022-07-30 16:23:32','2022-07-30 16:23:32'),(3859,592,795,100,'LIRP',NULL,NULL,'2022-07-30 16:23:32','2022-07-30 16:23:32'),(3860,592,763,100,'LIRP',NULL,NULL,'2022-07-30 16:23:32','2022-07-30 16:23:32'),(3861,592,780,100,'LIRP',NULL,NULL,'2022-07-30 16:23:32','2022-07-30 16:23:32'),(3862,592,784,100,'LIRP',NULL,NULL,'2022-07-30 16:23:32','2022-07-30 16:23:32'),(3863,592,789,100,'LIRP',NULL,NULL,'2022-07-30 16:23:32','2022-07-30 16:23:32'),(3864,592,792,100,'LIRP',NULL,NULL,'2022-07-30 16:23:32','2022-07-30 16:23:32'),(3865,592,1538,100,'LILI',NULL,NULL,'2022-07-30 16:23:32','2022-07-30 16:23:32'),(3866,592,764,100,'LILI',NULL,NULL,'2022-07-30 16:23:32','2022-07-30 16:23:32'),(3867,592,1539,100,'LILI',NULL,NULL,'2022-07-30 16:23:32','2022-07-30 16:23:32'),(3868,592,1540,100,'LILI',NULL,NULL,'2022-07-30 16:23:32','2022-07-30 16:23:32'),(3869,592,765,100,'LILI',NULL,NULL,'2022-07-30 16:23:32','2022-07-30 16:23:32'),(3870,592,1541,100,'LILI',NULL,NULL,'2022-07-30 16:23:32','2022-07-30 16:23:32'),(3871,592,767,100,'LILI',NULL,NULL,'2022-07-30 16:23:32','2022-07-30 16:23:32'),(3872,592,768,100,'LILI',NULL,NULL,'2022-07-30 16:23:32','2022-07-30 16:23:32'),(3873,592,777,100,'LILI',NULL,NULL,'2022-07-30 16:23:32','2022-07-30 16:23:32'),(3874,592,779,100,'LILI',NULL,NULL,'2022-07-30 16:23:32','2022-07-30 16:23:32'),(3875,592,781,100,'LILI',NULL,NULL,'2022-07-30 16:23:32','2022-07-30 16:23:32'),(3876,592,783,100,'LILI',NULL,NULL,'2022-07-30 16:23:32','2022-07-30 16:23:32'),(3877,592,785,100,'LILI',NULL,NULL,'2022-07-30 16:23:32','2022-07-30 16:23:32'),(3878,592,786,100,'LILI',NULL,NULL,'2022-07-30 16:23:32','2022-07-30 16:23:32'),(3879,592,787,100,'LILI',NULL,NULL,'2022-07-30 16:23:32','2022-07-30 16:23:32'),(3880,592,788,100,'LILI',NULL,NULL,'2022-07-30 16:23:32','2022-07-30 16:23:32'),(3881,592,793,100,'LILI',NULL,NULL,'2022-07-30 16:23:32','2022-07-30 16:23:32'),(3882,592,794,100,'LILI',NULL,NULL,'2022-07-30 16:23:32','2022-07-30 16:23:32'),(3883,592,795,100,'LILI',NULL,NULL,'2022-07-30 16:23:32','2022-07-30 16:23:32'),(3884,592,763,100,'LILI',NULL,NULL,'2022-07-30 16:23:32','2022-07-30 16:23:32'),(3885,592,780,100,'LILI',NULL,NULL,'2022-07-30 16:23:32','2022-07-30 16:23:32'),(3886,592,784,100,'LILI',NULL,NULL,'2022-07-30 16:23:32','2022-07-30 16:23:32'),(3887,592,789,100,'LILI',NULL,NULL,'2022-07-30 16:23:32','2022-07-30 16:23:32'),(3888,592,792,100,'LILI',NULL,NULL,'2022-07-30 16:23:32','2022-07-30 16:23:32'),(3889,592,1538,100,'LKPR',NULL,NULL,'2022-07-30 16:23:32','2022-07-30 16:23:32'),(3890,592,764,100,'LKPR',NULL,NULL,'2022-07-30 16:23:32','2022-07-30 16:23:32'),(3891,592,1539,100,'LKPR',NULL,NULL,'2022-07-30 16:23:32','2022-07-30 16:23:32'),(3892,592,1540,100,'LKPR',NULL,NULL,'2022-07-30 16:23:32','2022-07-30 16:23:32'),(3893,592,765,100,'LKPR',NULL,NULL,'2022-07-30 16:23:32','2022-07-30 16:23:32'),(3894,592,1541,100,'LKPR',NULL,NULL,'2022-07-30 16:23:32','2022-07-30 16:23:32'),(3895,592,767,100,'LKPR',NULL,NULL,'2022-07-30 16:23:32','2022-07-30 16:23:32'),(3896,592,768,100,'LKPR',NULL,NULL,'2022-07-30 16:23:32','2022-07-30 16:23:32'),(3897,592,777,100,'LKPR',NULL,NULL,'2022-07-30 16:23:32','2022-07-30 16:23:32'),(3898,592,779,100,'LKPR',NULL,NULL,'2022-07-30 16:23:32','2022-07-30 16:23:32'),(3899,592,781,100,'LKPR',NULL,NULL,'2022-07-30 16:23:32','2022-07-30 16:23:32'),(3900,592,783,100,'LKPR',NULL,NULL,'2022-07-30 16:23:32','2022-07-30 16:23:32'),(3901,592,785,100,'LKPR',NULL,NULL,'2022-07-30 16:23:32','2022-07-30 16:23:32'),(3902,592,786,100,'LKPR',NULL,NULL,'2022-07-30 16:23:32','2022-07-30 16:23:32'),(3903,592,787,100,'LKPR',NULL,NULL,'2022-07-30 16:23:32','2022-07-30 16:23:32'),(3904,592,788,100,'LKPR',NULL,NULL,'2022-07-30 16:23:32','2022-07-30 16:23:32'),(3905,592,793,100,'LKPR',NULL,NULL,'2022-07-30 16:23:32','2022-07-30 16:23:32'),(3906,592,794,100,'LKPR',NULL,NULL,'2022-07-30 16:23:32','2022-07-30 16:23:32'),(3907,592,795,100,'LKPR',NULL,NULL,'2022-07-30 16:23:32','2022-07-30 16:23:32'),(3908,592,763,100,'LKPR',NULL,NULL,'2022-07-30 16:23:32','2022-07-30 16:23:32'),(3909,592,780,100,'LKPR',NULL,NULL,'2022-07-30 16:23:32','2022-07-30 16:23:32'),(3910,592,784,100,'LKPR',NULL,NULL,'2022-07-30 16:23:32','2022-07-30 16:23:32'),(3911,592,789,100,'LKPR',NULL,NULL,'2022-07-30 16:23:32','2022-07-30 16:23:32'),(3912,592,792,100,'LKPR',NULL,NULL,'2022-07-30 16:23:32','2022-07-30 16:23:32'),(3913,592,1538,100,'LOWW',NULL,NULL,'2022-07-30 16:23:32','2022-07-30 16:23:32'),(3914,592,764,100,'LOWW',NULL,NULL,'2022-07-30 16:23:32','2022-07-30 16:23:32'),(3915,592,1539,100,'LOWW',NULL,NULL,'2022-07-30 16:23:32','2022-07-30 16:23:32'),(3916,592,1540,100,'LOWW',NULL,NULL,'2022-07-30 16:23:32','2022-07-30 16:23:32'),(3917,592,765,100,'LOWW',NULL,NULL,'2022-07-30 16:23:32','2022-07-30 16:23:32'),(3918,592,1541,100,'LOWW',NULL,NULL,'2022-07-30 16:23:32','2022-07-30 16:23:32'),(3919,592,767,100,'LOWW',NULL,NULL,'2022-07-30 16:23:32','2022-07-30 16:23:32'),(3920,592,768,100,'LOWW',NULL,NULL,'2022-07-30 16:23:32','2022-07-30 16:23:32'),(3921,592,777,100,'LOWW',NULL,NULL,'2022-07-30 16:23:32','2022-07-30 16:23:32'),(3922,592,779,100,'LOWW',NULL,NULL,'2022-07-30 16:23:32','2022-07-30 16:23:32'),(3923,592,781,100,'LOWW',NULL,NULL,'2022-07-30 16:23:32','2022-07-30 16:23:32'),(3924,592,783,100,'LOWW',NULL,NULL,'2022-07-30 16:23:32','2022-07-30 16:23:32'),(3925,592,785,100,'LOWW',NULL,NULL,'2022-07-30 16:23:32','2022-07-30 16:23:32'),(3926,592,786,100,'LOWW',NULL,NULL,'2022-07-30 16:23:32','2022-07-30 16:23:32'),(3927,592,787,100,'LOWW',NULL,NULL,'2022-07-30 16:23:32','2022-07-30 16:23:32'),(3928,592,788,100,'LOWW',NULL,NULL,'2022-07-30 16:23:32','2022-07-30 16:23:32'),(3929,592,793,100,'LOWW',NULL,NULL,'2022-07-30 16:23:32','2022-07-30 16:23:32'),(3930,592,794,100,'LOWW',NULL,NULL,'2022-07-30 16:23:32','2022-07-30 16:23:32'),(3931,592,795,100,'LOWW',NULL,NULL,'2022-07-30 16:23:32','2022-07-30 16:23:32'),(3932,592,763,100,'LOWW',NULL,NULL,'2022-07-30 16:23:32','2022-07-30 16:23:32'),(3933,592,780,100,'LOWW',NULL,NULL,'2022-07-30 16:23:32','2022-07-30 16:23:32'),(3934,592,784,100,'LOWW',NULL,NULL,'2022-07-30 16:23:32','2022-07-30 16:23:32'),(3935,592,789,100,'LOWW',NULL,NULL,'2022-07-30 16:23:32','2022-07-30 16:23:32'),(3936,592,792,100,'LOWW',NULL,NULL,'2022-07-30 16:23:32','2022-07-30 16:23:32'),(3937,592,1538,100,'LPFR',NULL,NULL,'2022-07-30 16:23:32','2022-07-30 16:23:32'),(3938,592,764,100,'LPFR',NULL,NULL,'2022-07-30 16:23:32','2022-07-30 16:23:32'),(3939,592,1539,100,'LPFR',NULL,NULL,'2022-07-30 16:23:32','2022-07-30 16:23:32'),(3940,592,1540,100,'LPFR',NULL,NULL,'2022-07-30 16:23:32','2022-07-30 16:23:32'),(3941,592,765,100,'LPFR',NULL,NULL,'2022-07-30 16:23:32','2022-07-30 16:23:32'),(3942,592,1541,100,'LPFR',NULL,NULL,'2022-07-30 16:23:32','2022-07-30 16:23:32'),(3943,592,767,100,'LPFR',NULL,NULL,'2022-07-30 16:23:32','2022-07-30 16:23:32'),(3944,592,768,100,'LPFR',NULL,NULL,'2022-07-30 16:23:32','2022-07-30 16:23:32'),(3945,592,777,100,'LPFR',NULL,NULL,'2022-07-30 16:23:32','2022-07-30 16:23:32'),(3946,592,779,100,'LPFR',NULL,NULL,'2022-07-30 16:23:32','2022-07-30 16:23:32'),(3947,592,781,100,'LPFR',NULL,NULL,'2022-07-30 16:23:32','2022-07-30 16:23:32'),(3948,592,783,100,'LPFR',NULL,NULL,'2022-07-30 16:23:32','2022-07-30 16:23:32'),(3949,592,785,100,'LPFR',NULL,NULL,'2022-07-30 16:23:32','2022-07-30 16:23:32'),(3950,592,786,100,'LPFR',NULL,NULL,'2022-07-30 16:23:32','2022-07-30 16:23:32'),(3951,592,787,100,'LPFR',NULL,NULL,'2022-07-30 16:23:32','2022-07-30 16:23:32'),(3952,592,788,100,'LPFR',NULL,NULL,'2022-07-30 16:23:32','2022-07-30 16:23:32'),(3953,592,793,100,'LPFR',NULL,NULL,'2022-07-30 16:23:32','2022-07-30 16:23:32'),(3954,592,794,100,'LPFR',NULL,NULL,'2022-07-30 16:23:32','2022-07-30 16:23:32'),(3955,592,795,100,'LPFR',NULL,NULL,'2022-07-30 16:23:32','2022-07-30 16:23:32'),(3956,592,763,100,'LPFR',NULL,NULL,'2022-07-30 16:23:32','2022-07-30 16:23:32'),(3957,592,780,100,'LPFR',NULL,NULL,'2022-07-30 16:23:32','2022-07-30 16:23:32'),(3958,592,784,100,'LPFR',NULL,NULL,'2022-07-30 16:23:32','2022-07-30 16:23:32'),(3959,592,789,100,'LPFR',NULL,NULL,'2022-07-30 16:23:32','2022-07-30 16:23:32'),(3960,592,792,100,'LPFR',NULL,NULL,'2022-07-30 16:23:32','2022-07-30 16:23:32'),(3961,592,1538,100,'LPPR',NULL,NULL,'2022-07-30 16:23:32','2022-07-30 16:23:32'),(3962,592,764,100,'LPPR',NULL,NULL,'2022-07-30 16:23:32','2022-07-30 16:23:32'),(3963,592,1539,100,'LPPR',NULL,NULL,'2022-07-30 16:23:32','2022-07-30 16:23:32'),(3964,592,1540,100,'LPPR',NULL,NULL,'2022-07-30 16:23:32','2022-07-30 16:23:32'),(3965,592,765,100,'LPPR',NULL,NULL,'2022-07-30 16:23:32','2022-07-30 16:23:32'),(3966,592,1541,100,'LPPR',NULL,NULL,'2022-07-30 16:23:32','2022-07-30 16:23:32'),(3967,592,767,100,'LPPR',NULL,NULL,'2022-07-30 16:23:32','2022-07-30 16:23:32'),(3968,592,768,100,'LPPR',NULL,NULL,'2022-07-30 16:23:32','2022-07-30 16:23:32'),(3969,592,777,100,'LPPR',NULL,NULL,'2022-07-30 16:23:32','2022-07-30 16:23:32'),(3970,592,779,100,'LPPR',NULL,NULL,'2022-07-30 16:23:32','2022-07-30 16:23:32'),(3971,592,781,100,'LPPR',NULL,NULL,'2022-07-30 16:23:32','2022-07-30 16:23:32'),(3972,592,783,100,'LPPR',NULL,NULL,'2022-07-30 16:23:32','2022-07-30 16:23:32'),(3973,592,785,100,'LPPR',NULL,NULL,'2022-07-30 16:23:32','2022-07-30 16:23:32'),(3974,592,786,100,'LPPR',NULL,NULL,'2022-07-30 16:23:32','2022-07-30 16:23:32'),(3975,592,787,100,'LPPR',NULL,NULL,'2022-07-30 16:23:32','2022-07-30 16:23:32'),(3976,592,788,100,'LPPR',NULL,NULL,'2022-07-30 16:23:32','2022-07-30 16:23:32'),(3977,592,793,100,'LPPR',NULL,NULL,'2022-07-30 16:23:32','2022-07-30 16:23:32'),(3978,592,794,100,'LPPR',NULL,NULL,'2022-07-30 16:23:32','2022-07-30 16:23:32'),(3979,592,795,100,'LPPR',NULL,NULL,'2022-07-30 16:23:32','2022-07-30 16:23:32'),(3980,592,763,100,'LPPR',NULL,NULL,'2022-07-30 16:23:32','2022-07-30 16:23:32'),(3981,592,780,100,'LPPR',NULL,NULL,'2022-07-30 16:23:32','2022-07-30 16:23:32'),(3982,592,784,100,'LPPR',NULL,NULL,'2022-07-30 16:23:32','2022-07-30 16:23:32'),(3983,592,789,100,'LPPR',NULL,NULL,'2022-07-30 16:23:32','2022-07-30 16:23:32'),(3984,592,792,100,'LPPR',NULL,NULL,'2022-07-30 16:23:32','2022-07-30 16:23:32'),(3985,592,1538,100,'LROP',NULL,NULL,'2022-07-30 16:23:32','2022-07-30 16:23:32'),(3986,592,764,100,'LROP',NULL,NULL,'2022-07-30 16:23:32','2022-07-30 16:23:32'),(3987,592,1539,100,'LROP',NULL,NULL,'2022-07-30 16:23:32','2022-07-30 16:23:32'),(3988,592,1540,100,'LROP',NULL,NULL,'2022-07-30 16:23:32','2022-07-30 16:23:32'),(3989,592,765,100,'LROP',NULL,NULL,'2022-07-30 16:23:32','2022-07-30 16:23:32'),(3990,592,1541,100,'LROP',NULL,NULL,'2022-07-30 16:23:32','2022-07-30 16:23:32'),(3991,592,767,100,'LROP',NULL,NULL,'2022-07-30 16:23:32','2022-07-30 16:23:32'),(3992,592,768,100,'LROP',NULL,NULL,'2022-07-30 16:23:32','2022-07-30 16:23:32'),(3993,592,777,100,'LROP',NULL,NULL,'2022-07-30 16:23:32','2022-07-30 16:23:32'),(3994,592,779,100,'LROP',NULL,NULL,'2022-07-30 16:23:32','2022-07-30 16:23:32'),(3995,592,781,100,'LROP',NULL,NULL,'2022-07-30 16:23:32','2022-07-30 16:23:32'),(3996,592,783,100,'LROP',NULL,NULL,'2022-07-30 16:23:32','2022-07-30 16:23:32'),(3997,592,785,100,'LROP',NULL,NULL,'2022-07-30 16:23:32','2022-07-30 16:23:32'),(3998,592,786,100,'LROP',NULL,NULL,'2022-07-30 16:23:32','2022-07-30 16:23:32'),(3999,592,787,100,'LROP',NULL,NULL,'2022-07-30 16:23:32','2022-07-30 16:23:32'),(4000,592,788,100,'LROP',NULL,NULL,'2022-07-30 16:23:32','2022-07-30 16:23:32'),(4001,592,793,100,'LROP',NULL,NULL,'2022-07-30 16:23:32','2022-07-30 16:23:32'),(4002,592,794,100,'LROP',NULL,NULL,'2022-07-30 16:23:32','2022-07-30 16:23:32'),(4003,592,795,100,'LROP',NULL,NULL,'2022-07-30 16:23:32','2022-07-30 16:23:32'),(4004,592,763,100,'LROP',NULL,NULL,'2022-07-30 16:23:32','2022-07-30 16:23:32'),(4005,592,780,100,'LROP',NULL,NULL,'2022-07-30 16:23:32','2022-07-30 16:23:32'),(4006,592,784,100,'LROP',NULL,NULL,'2022-07-30 16:23:32','2022-07-30 16:23:32'),(4007,592,789,100,'LROP',NULL,NULL,'2022-07-30 16:23:32','2022-07-30 16:23:32'),(4008,592,792,100,'LROP',NULL,NULL,'2022-07-30 16:23:32','2022-07-30 16:23:32'),(4009,592,1538,100,'SAEZ',NULL,NULL,'2022-07-30 16:23:32','2022-07-30 16:23:32'),(4010,592,764,100,'SAEZ',NULL,NULL,'2022-07-30 16:23:32','2022-07-30 16:23:32'),(4011,592,1539,100,'SAEZ',NULL,NULL,'2022-07-30 16:23:32','2022-07-30 16:23:32'),(4012,592,1540,100,'SAEZ',NULL,NULL,'2022-07-30 16:23:32','2022-07-30 16:23:32'),(4013,592,765,100,'SAEZ',NULL,NULL,'2022-07-30 16:23:32','2022-07-30 16:23:32'),(4014,592,1541,100,'SAEZ',NULL,NULL,'2022-07-30 16:23:32','2022-07-30 16:23:32'),(4015,592,767,100,'SAEZ',NULL,NULL,'2022-07-30 16:23:32','2022-07-30 16:23:32'),(4016,592,768,100,'SAEZ',NULL,NULL,'2022-07-30 16:23:32','2022-07-30 16:23:32'),(4017,592,777,100,'SAEZ',NULL,NULL,'2022-07-30 16:23:32','2022-07-30 16:23:32'),(4018,592,779,100,'SAEZ',NULL,NULL,'2022-07-30 16:23:32','2022-07-30 16:23:32'),(4019,592,781,100,'SAEZ',NULL,NULL,'2022-07-30 16:23:32','2022-07-30 16:23:32'),(4020,592,783,100,'SAEZ',NULL,NULL,'2022-07-30 16:23:32','2022-07-30 16:23:32'),(4021,592,785,100,'SAEZ',NULL,NULL,'2022-07-30 16:23:32','2022-07-30 16:23:32'),(4022,592,786,100,'SAEZ',NULL,NULL,'2022-07-30 16:23:32','2022-07-30 16:23:32'),(4023,592,787,100,'SAEZ',NULL,NULL,'2022-07-30 16:23:32','2022-07-30 16:23:32'),(4024,592,788,100,'SAEZ',NULL,NULL,'2022-07-30 16:23:32','2022-07-30 16:23:32'),(4025,592,793,100,'SAEZ',NULL,NULL,'2022-07-30 16:23:32','2022-07-30 16:23:32'),(4026,592,794,100,'SAEZ',NULL,NULL,'2022-07-30 16:23:32','2022-07-30 16:23:32'),(4027,592,795,100,'SAEZ',NULL,NULL,'2022-07-30 16:23:32','2022-07-30 16:23:32'),(4028,592,763,100,'SAEZ',NULL,NULL,'2022-07-30 16:23:32','2022-07-30 16:23:32'),(4029,592,780,100,'SAEZ',NULL,NULL,'2022-07-30 16:23:32','2022-07-30 16:23:32'),(4030,592,784,100,'SAEZ',NULL,NULL,'2022-07-30 16:23:32','2022-07-30 16:23:32'),(4031,592,789,100,'SAEZ',NULL,NULL,'2022-07-30 16:23:32','2022-07-30 16:23:32'),(4032,592,792,100,'SAEZ',NULL,NULL,'2022-07-30 16:23:32','2022-07-30 16:23:32'),(4033,592,1538,100,'SBGR',NULL,NULL,'2022-07-30 16:23:32','2022-07-30 16:23:32'),(4034,592,764,100,'SBGR',NULL,NULL,'2022-07-30 16:23:32','2022-07-30 16:23:32'),(4035,592,1539,100,'SBGR',NULL,NULL,'2022-07-30 16:23:32','2022-07-30 16:23:32'),(4036,592,1540,100,'SBGR',NULL,NULL,'2022-07-30 16:23:32','2022-07-30 16:23:32'),(4037,592,765,100,'SBGR',NULL,NULL,'2022-07-30 16:23:32','2022-07-30 16:23:32'),(4038,592,1541,100,'SBGR',NULL,NULL,'2022-07-30 16:23:32','2022-07-30 16:23:32'),(4039,592,767,100,'SBGR',NULL,NULL,'2022-07-30 16:23:32','2022-07-30 16:23:32'),(4040,592,768,100,'SBGR',NULL,NULL,'2022-07-30 16:23:32','2022-07-30 16:23:32'),(4041,592,777,100,'SBGR',NULL,NULL,'2022-07-30 16:23:32','2022-07-30 16:23:32'),(4042,592,779,100,'SBGR',NULL,NULL,'2022-07-30 16:23:32','2022-07-30 16:23:32'),(4043,592,781,100,'SBGR',NULL,NULL,'2022-07-30 16:23:32','2022-07-30 16:23:32'),(4044,592,783,100,'SBGR',NULL,NULL,'2022-07-30 16:23:32','2022-07-30 16:23:32'),(4045,592,785,100,'SBGR',NULL,NULL,'2022-07-30 16:23:32','2022-07-30 16:23:32'),(4046,592,786,100,'SBGR',NULL,NULL,'2022-07-30 16:23:32','2022-07-30 16:23:32'),(4047,592,787,100,'SBGR',NULL,NULL,'2022-07-30 16:23:32','2022-07-30 16:23:32'),(4048,592,788,100,'SBGR',NULL,NULL,'2022-07-30 16:23:32','2022-07-30 16:23:32'),(4049,592,793,100,'SBGR',NULL,NULL,'2022-07-30 16:23:32','2022-07-30 16:23:32'),(4050,592,794,100,'SBGR',NULL,NULL,'2022-07-30 16:23:32','2022-07-30 16:23:32'),(4051,592,795,100,'SBGR',NULL,NULL,'2022-07-30 16:23:32','2022-07-30 16:23:32'),(4052,592,763,100,'SBGR',NULL,NULL,'2022-07-30 16:23:32','2022-07-30 16:23:32'),(4053,592,780,100,'SBGR',NULL,NULL,'2022-07-30 16:23:32','2022-07-30 16:23:32'),(4054,592,784,100,'SBGR',NULL,NULL,'2022-07-30 16:23:32','2022-07-30 16:23:32'),(4055,592,789,100,'SBGR',NULL,NULL,'2022-07-30 16:23:32','2022-07-30 16:23:32'),(4056,592,792,100,'SBGR',NULL,NULL,'2022-07-30 16:23:32','2022-07-30 16:23:32'),(4057,592,1538,100,'TBPB',NULL,NULL,'2022-07-30 16:23:32','2022-07-30 16:23:32'),(4058,592,764,100,'TBPB',NULL,NULL,'2022-07-30 16:23:32','2022-07-30 16:23:32'),(4059,592,1539,100,'TBPB',NULL,NULL,'2022-07-30 16:23:32','2022-07-30 16:23:32'),(4060,592,1540,100,'TBPB',NULL,NULL,'2022-07-30 16:23:32','2022-07-30 16:23:32'),(4061,592,765,100,'TBPB',NULL,NULL,'2022-07-30 16:23:32','2022-07-30 16:23:32'),(4062,592,1541,100,'TBPB',NULL,NULL,'2022-07-30 16:23:32','2022-07-30 16:23:32'),(4063,592,767,100,'TBPB',NULL,NULL,'2022-07-30 16:23:32','2022-07-30 16:23:32'),(4064,592,768,100,'TBPB',NULL,NULL,'2022-07-30 16:23:32','2022-07-30 16:23:32'),(4065,592,777,100,'TBPB',NULL,NULL,'2022-07-30 16:23:32','2022-07-30 16:23:32'),(4066,592,779,100,'TBPB',NULL,NULL,'2022-07-30 16:23:32','2022-07-30 16:23:32'),(4067,592,781,100,'TBPB',NULL,NULL,'2022-07-30 16:23:32','2022-07-30 16:23:32'),(4068,592,783,100,'TBPB',NULL,NULL,'2022-07-30 16:23:32','2022-07-30 16:23:32'),(4069,592,785,100,'TBPB',NULL,NULL,'2022-07-30 16:23:32','2022-07-30 16:23:32'),(4070,592,786,100,'TBPB',NULL,NULL,'2022-07-30 16:23:32','2022-07-30 16:23:32'),(4071,592,787,100,'TBPB',NULL,NULL,'2022-07-30 16:23:32','2022-07-30 16:23:32'),(4072,592,788,100,'TBPB',NULL,NULL,'2022-07-30 16:23:32','2022-07-30 16:23:32'),(4073,592,793,100,'TBPB',NULL,NULL,'2022-07-30 16:23:32','2022-07-30 16:23:32'),(4074,592,794,100,'TBPB',NULL,NULL,'2022-07-30 16:23:32','2022-07-30 16:23:32'),(4075,592,795,100,'TBPB',NULL,NULL,'2022-07-30 16:23:32','2022-07-30 16:23:32'),(4076,592,763,100,'TBPB',NULL,NULL,'2022-07-30 16:23:32','2022-07-30 16:23:32'),(4077,592,780,100,'TBPB',NULL,NULL,'2022-07-30 16:23:32','2022-07-30 16:23:32'),(4078,592,784,100,'TBPB',NULL,NULL,'2022-07-30 16:23:32','2022-07-30 16:23:32'),(4079,592,789,100,'TBPB',NULL,NULL,'2022-07-30 16:23:32','2022-07-30 16:23:32'),(4080,592,792,100,'TBPB',NULL,NULL,'2022-07-30 16:23:32','2022-07-30 16:23:32'),(4081,592,859,100,'EG',NULL,NULL,'2022-07-30 16:23:32','2022-07-30 16:23:32'),(4082,592,860,100,'EG',NULL,NULL,'2022-07-30 16:23:32','2022-07-30 16:23:32'),(4083,592,861,100,'EG',NULL,NULL,'2022-07-30 16:23:32','2022-07-30 16:23:32'),(4084,592,862,100,'EG',NULL,NULL,'2022-07-30 16:23:32','2022-07-30 16:23:32'),(4085,592,863,100,'EG',NULL,NULL,'2022-07-30 16:23:32','2022-07-30 16:23:32'),(4086,592,878,100,'EGJ',NULL,NULL,'2022-07-30 16:23:32','2022-07-30 16:23:32'),(4087,592,879,100,'EGJ',NULL,NULL,'2022-07-30 16:23:32','2022-07-30 16:23:32'),(4088,592,878,100,'EIDW',NULL,NULL,'2022-07-30 16:23:32','2022-07-30 16:23:32'),(4089,592,879,100,'EIDW',NULL,NULL,'2022-07-30 16:23:32','2022-07-30 16:23:32'),(4090,592,864,80,NULL,NULL,NULL,'2022-07-30 16:23:32','2022-07-30 16:23:32'),(4091,592,865,81,NULL,NULL,NULL,'2022-07-30 16:23:32','2022-07-30 16:23:32'),(4092,592,866,82,NULL,NULL,NULL,'2022-07-30 16:23:32','2022-07-30 16:23:32'),(4093,592,867,84,NULL,NULL,NULL,'2022-07-30 16:23:32','2022-07-30 16:23:32'),(4094,592,868,85,NULL,NULL,NULL,'2022-07-30 16:23:32','2022-07-30 16:23:32'),(4095,592,869,86,NULL,NULL,NULL,'2022-07-30 16:23:32','2022-07-30 16:23:32'),(4096,592,871,87,NULL,NULL,NULL,'2022-07-30 16:23:32','2022-07-30 16:23:32'),(4097,592,873,88,NULL,NULL,NULL,'2022-07-30 16:23:32','2022-07-30 16:23:32'),(4098,592,874,89,NULL,NULL,NULL,'2022-07-30 16:23:32','2022-07-30 16:23:32'),(4099,592,875,90,NULL,NULL,NULL,'2022-07-30 16:23:32','2022-07-30 16:23:32'),(4100,592,876,91,NULL,NULL,NULL,'2022-07-30 16:23:32','2022-07-30 16:23:32'),(4101,592,877,92,NULL,NULL,NULL,'2022-07-30 16:23:32','2022-07-30 16:23:32'),(4102,592,878,93,NULL,NULL,NULL,'2022-07-30 16:23:32','2022-07-30 16:23:32'),(4103,592,879,100,NULL,NULL,NULL,'2022-07-30 16:23:32','2022-07-30 16:23:32'),(4104,592,880,101,NULL,NULL,NULL,'2022-07-30 16:23:32','2022-07-30 16:23:32'),(4105,592,881,101,NULL,NULL,NULL,'2022-07-30 16:23:32','2022-07-30 16:23:32'),(4106,592,882,101,NULL,NULL,NULL,'2022-07-30 16:23:32','2022-07-30 16:23:32'),(4107,592,883,101,NULL,NULL,NULL,'2022-07-30 16:23:32','2022-07-30 16:23:32'),(4108,592,884,101,NULL,NULL,NULL,'2022-07-30 16:23:32','2022-07-30 16:23:32'),(4109,592,885,100,NULL,NULL,NULL,'2022-07-30 16:23:32','2022-07-30 16:23:32'),(4110,592,886,100,NULL,NULL,NULL,'2022-07-30 16:23:32','2022-07-30 16:23:32'),(4111,592,887,100,NULL,NULL,NULL,'2022-07-30 16:23:32','2022-07-30 16:23:32'),(4112,592,888,100,NULL,NULL,NULL,'2022-07-30 16:23:32','2022-07-30 16:23:32'),(4113,592,889,100,NULL,NULL,NULL,'2022-07-30 16:23:32','2022-07-30 16:23:32'),(4114,592,890,100,NULL,NULL,NULL,'2022-07-30 16:23:32','2022-07-30 16:23:32'),(4115,592,891,100,NULL,NULL,NULL,'2022-07-30 16:23:32','2022-07-30 16:23:32'),(4116,592,892,100,NULL,NULL,NULL,'2022-07-30 16:23:32','2022-07-30 16:23:32'),(4117,592,893,101,NULL,NULL,NULL,'2022-07-30 16:23:32','2022-07-30 16:23:32'),(4118,592,894,100,NULL,NULL,NULL,'2022-07-30 16:23:32','2022-07-30 16:23:32'),(4119,592,895,100,NULL,NULL,NULL,'2022-07-30 16:23:32','2022-07-30 16:23:32'),(4120,592,897,100,NULL,NULL,NULL,'2022-07-30 16:23:32','2022-07-30 16:23:32'),(4121,592,897,100,NULL,NULL,NULL,'2022-07-30 16:23:32','2022-07-30 16:23:32'),(4122,592,898,100,NULL,NULL,NULL,'2022-07-30 16:23:32','2022-07-30 16:23:32'),(4123,592,900,100,NULL,NULL,NULL,'2022-07-30 16:23:32','2022-07-30 16:23:32'),(4124,592,899,100,NULL,NULL,NULL,'2022-07-30 16:23:32','2022-07-30 16:23:32'),(4125,592,901,100,NULL,NULL,NULL,'2022-07-30 16:23:32','2022-07-30 16:23:32'),(4126,592,903,100,NULL,NULL,NULL,'2022-07-30 16:23:32','2022-07-30 16:23:32'),(4127,592,902,100,NULL,NULL,NULL,'2022-07-30 16:23:32','2022-07-30 16:23:32'),(4128,592,904,100,NULL,NULL,NULL,'2022-07-30 16:23:32','2022-07-30 16:23:32'),(4129,592,906,100,NULL,NULL,NULL,'2022-07-30 16:23:32','2022-07-30 16:23:32'),(4130,592,905,100,NULL,NULL,NULL,'2022-07-30 16:23:32','2022-07-30 16:23:32'),(4131,592,907,100,NULL,NULL,NULL,'2022-07-30 16:23:32','2022-07-30 16:23:32'),(4132,592,909,100,NULL,NULL,NULL,'2022-07-30 16:23:32','2022-07-30 16:23:32'),(4133,592,908,100,NULL,NULL,NULL,'2022-07-30 16:23:32','2022-07-30 16:23:32'),(4134,592,911,101,NULL,NULL,NULL,'2022-07-30 16:23:32','2022-07-30 16:23:32'),(4135,592,912,100,NULL,NULL,NULL,'2022-07-30 16:23:32','2022-07-30 16:23:32'),(4136,592,913,100,NULL,NULL,NULL,'2022-07-30 16:23:32','2022-07-30 16:23:32'),(4137,592,913,100,NULL,NULL,NULL,'2022-07-30 16:23:32','2022-07-30 16:23:32'),(4138,592,914,100,NULL,NULL,NULL,'2022-07-30 16:23:32','2022-07-30 16:23:32'),(4139,592,915,100,NULL,NULL,NULL,'2022-07-30 16:23:32','2022-07-30 16:23:32'),(4140,592,916,100,NULL,NULL,NULL,'2022-07-30 16:23:32','2022-07-30 16:23:32'),(4141,592,917,100,NULL,NULL,NULL,'2022-07-30 16:23:32','2022-07-30 16:23:32'),(4142,592,918,101,NULL,NULL,NULL,'2022-07-30 16:23:32','2022-07-30 16:23:32'),(4143,592,919,100,NULL,NULL,NULL,'2022-07-30 16:23:32','2022-07-30 16:23:32'),(4144,592,920,100,NULL,NULL,NULL,'2022-07-30 16:23:32','2022-07-30 16:23:32'),(4145,592,921,100,NULL,NULL,NULL,'2022-07-30 16:23:32','2022-07-30 16:23:32'),(4146,592,922,100,NULL,NULL,NULL,'2022-07-30 16:23:32','2022-07-30 16:23:32'),(4147,592,923,100,NULL,NULL,NULL,'2022-07-30 16:23:32','2022-07-30 16:23:32'),(4148,592,924,100,NULL,NULL,NULL,'2022-07-30 16:23:32','2022-07-30 16:23:32'),(4149,592,925,101,NULL,NULL,NULL,'2022-07-30 16:23:32','2022-07-30 16:23:32'),(4150,592,926,101,NULL,NULL,NULL,'2022-07-30 16:23:32','2022-07-30 16:23:32'),(4151,592,928,101,NULL,NULL,NULL,'2022-07-30 16:23:32','2022-07-30 16:23:32'),(4152,592,929,101,NULL,NULL,NULL,'2022-07-30 16:23:32','2022-07-30 16:23:32'),(4153,592,930,101,NULL,NULL,NULL,'2022-07-30 16:23:32','2022-07-30 16:23:32'),(4154,2400,865,100,NULL,NULL,NULL,'2022-07-30 16:23:32','2022-07-30 16:23:32'),(4155,2400,866,100,NULL,NULL,NULL,'2022-07-30 16:23:32','2022-07-30 16:23:32'),(4156,2400,867,100,NULL,NULL,NULL,'2022-07-30 16:23:32','2022-07-30 16:23:32'),(4157,2400,868,100,NULL,NULL,NULL,'2022-07-30 16:23:32','2022-07-30 16:23:32'),(4158,2400,869,100,NULL,NULL,NULL,'2022-07-30 16:23:32','2022-07-30 16:23:32'),(4159,2400,871,100,NULL,NULL,NULL,'2022-07-30 16:23:32','2022-07-30 16:23:32'),(4160,2400,873,100,NULL,NULL,NULL,'2022-07-30 16:23:32','2022-07-30 16:23:32'),(4161,2400,874,100,NULL,NULL,NULL,'2022-07-30 16:23:32','2022-07-30 16:23:32'),(4162,2400,875,100,NULL,NULL,NULL,'2022-07-30 16:23:32','2022-07-30 16:23:32'),(4163,2400,876,100,NULL,NULL,NULL,'2022-07-30 16:23:32','2022-07-30 16:23:32'),(4164,2400,877,100,NULL,NULL,NULL,'2022-07-30 16:23:32','2022-07-30 16:23:32'),(4165,2400,878,100,NULL,NULL,NULL,'2022-07-30 16:23:32','2022-07-30 16:23:32'),(4166,2400,879,100,NULL,NULL,NULL,'2022-07-30 16:23:32','2022-07-30 16:23:32'),(4167,2400,880,101,NULL,NULL,NULL,'2022-07-30 16:23:32','2022-07-30 16:23:32'),(4168,2400,881,101,NULL,NULL,NULL,'2022-07-30 16:23:32','2022-07-30 16:23:32'),(4169,2400,882,101,NULL,NULL,NULL,'2022-07-30 16:23:32','2022-07-30 16:23:32'),(4170,2400,883,101,NULL,NULL,NULL,'2022-07-30 16:23:32','2022-07-30 16:23:32'),(4171,2400,884,101,NULL,NULL,NULL,'2022-07-30 16:23:32','2022-07-30 16:23:32'),(4172,2400,885,100,NULL,NULL,NULL,'2022-07-30 16:23:32','2022-07-30 16:23:32'),(4173,2400,886,100,NULL,NULL,NULL,'2022-07-30 16:23:32','2022-07-30 16:23:32'),(4174,2400,887,100,NULL,NULL,NULL,'2022-07-30 16:23:32','2022-07-30 16:23:32'),(4175,2400,888,100,NULL,NULL,NULL,'2022-07-30 16:23:32','2022-07-30 16:23:32'),(4176,2400,889,100,NULL,NULL,NULL,'2022-07-30 16:23:32','2022-07-30 16:23:32'),(4177,2400,890,100,NULL,NULL,NULL,'2022-07-30 16:23:32','2022-07-30 16:23:32'),(4178,2400,891,100,NULL,NULL,NULL,'2022-07-30 16:23:32','2022-07-30 16:23:32'),(4179,2400,892,100,NULL,NULL,NULL,'2022-07-30 16:23:32','2022-07-30 16:23:32'),(4180,2400,893,101,NULL,NULL,NULL,'2022-07-30 16:23:32','2022-07-30 16:23:32'),(4181,2400,894,100,NULL,NULL,NULL,'2022-07-30 16:23:32','2022-07-30 16:23:32'),(4182,2400,895,100,NULL,NULL,NULL,'2022-07-30 16:23:32','2022-07-30 16:23:32'),(4183,2400,897,100,NULL,NULL,'22:00:00','2022-07-30 16:23:32','2022-07-30 16:23:32'),(4184,2400,898,100,NULL,NULL,'22:00:00','2022-07-30 16:23:32','2022-07-30 16:23:32'),(4185,2400,900,100,NULL,NULL,'22:00:00','2022-07-30 16:23:32','2022-07-30 16:23:32'),(4186,2400,901,100,NULL,NULL,'22:00:00','2022-07-30 16:23:32','2022-07-30 16:23:32'),(4187,2400,903,100,NULL,NULL,'22:00:00','2022-07-30 16:23:32','2022-07-30 16:23:32'),(4188,2400,904,100,NULL,NULL,'22:00:00','2022-07-30 16:23:32','2022-07-30 16:23:32'),(4189,2400,906,100,NULL,NULL,'22:00:00','2022-07-30 16:23:32','2022-07-30 16:23:32'),(4190,2400,907,100,NULL,NULL,'22:00:00','2022-07-30 16:23:32','2022-07-30 16:23:32'),(4191,2400,909,100,NULL,NULL,'22:00:00','2022-07-30 16:23:32','2022-07-30 16:23:32'),(4192,2400,911,101,NULL,NULL,NULL,'2022-07-30 16:23:32','2022-07-30 16:23:32'),(4193,2400,912,100,NULL,NULL,NULL,'2022-07-30 16:23:32','2022-07-30 16:23:32'),(4194,2400,913,100,NULL,NULL,NULL,'2022-07-30 16:23:32','2022-07-30 16:23:32'),(4195,2400,914,100,NULL,NULL,NULL,'2022-07-30 16:23:32','2022-07-30 16:23:32'),(4196,2400,915,100,NULL,NULL,NULL,'2022-07-30 16:23:32','2022-07-30 16:23:32'),(4197,2400,916,100,NULL,NULL,NULL,'2022-07-30 16:23:32','2022-07-30 16:23:32'),(4198,2400,917,100,NULL,NULL,NULL,'2022-07-30 16:23:32','2022-07-30 16:23:32'),(4199,2400,918,101,NULL,NULL,NULL,'2022-07-30 16:23:32','2022-07-30 16:23:32'),(4200,2400,919,100,NULL,NULL,NULL,'2022-07-30 16:23:32','2022-07-30 16:23:32'),(4201,2400,920,100,NULL,NULL,NULL,'2022-07-30 16:23:32','2022-07-30 16:23:32'),(4202,2400,921,100,NULL,NULL,NULL,'2022-07-30 16:23:32','2022-07-30 16:23:32'),(4203,2400,922,100,NULL,NULL,NULL,'2022-07-30 16:23:32','2022-07-30 16:23:32'),(4204,2400,923,100,NULL,NULL,NULL,'2022-07-30 16:23:32','2022-07-30 16:23:32'),(4205,2400,924,100,NULL,NULL,NULL,'2022-07-30 16:23:32','2022-07-30 16:23:32');
/*!40000 ALTER TABLE `airline_stand` ENABLE KEYS */;
UNLOCK TABLES;

--
-- Table structure for table `airline_terminal`
--

DROP TABLE IF EXISTS `airline_terminal`;
/*!40101 SET @saved_cs_client     = @@character_set_client */;
/*!40101 SET character_set_client = utf8 */;
CREATE TABLE `airline_terminal` (
  `id` bigint unsigned NOT NULL AUTO_INCREMENT,
  `airline_id` bigint unsigned NOT NULL COMMENT 'The airline',
  `terminal_id` bigint unsigned NOT NULL COMMENT 'The terminal',
  `created_at` timestamp NULL DEFAULT NULL,
  `updated_at` timestamp NULL DEFAULT NULL,
  PRIMARY KEY (`id`),
  KEY `airline_terminal_airline_id_foreign` (`airline_id`),
  KEY `airline_terminal_terminal_id_foreign` (`terminal_id`),
  CONSTRAINT `airline_terminal_airline_id_foreign` FOREIGN KEY (`airline_id`) REFERENCES `airlines` (`id`) ON DELETE CASCADE,
  CONSTRAINT `airline_terminal_terminal_id_foreign` FOREIGN KEY (`terminal_id`) REFERENCES `terminals` (`id`) ON DELETE CASCADE
) ENGINE=InnoDB AUTO_INCREMENT=276 DEFAULT CHARSET=utf8mb4 COLLATE=utf8mb4_unicode_ci;
/*!40101 SET character_set_client = @saved_cs_client */;

--
-- Dumping data for table `airline_terminal`
--

LOCK TABLES `airline_terminal` WRITE;
/*!40000 ALTER TABLE `airline_terminal` DISABLE KEYS */;
INSERT INTO `airline_terminal` VALUES (1,29,3,'2021-05-23 14:32:27','2021-05-23 14:32:27'),(2,71,2,'2021-05-23 14:32:27','2021-05-23 14:32:27'),(3,108,1,'2021-05-23 14:32:27','2021-05-23 14:32:27'),(4,116,2,'2021-05-23 14:32:27','2021-05-23 14:32:27'),(5,120,1,'2021-05-23 14:32:27','2021-05-23 14:32:27'),(6,156,3,'2021-05-23 14:32:27','2021-05-23 14:32:27'),(7,291,2,'2021-05-23 14:32:27','2021-05-23 14:32:27'),(8,458,1,'2021-05-23 14:32:27','2021-05-23 14:32:27'),(9,472,1,'2021-05-23 14:32:27','2021-05-23 14:32:27'),(10,592,3,'2021-05-23 14:32:27','2021-05-23 14:32:27'),(11,4599,3,'2021-05-23 14:32:27','2021-05-23 14:32:27'),(12,598,2,'2021-05-23 14:32:27','2021-05-23 14:32:27'),(13,632,3,'2021-05-23 14:32:27','2021-05-23 14:32:27'),(14,636,2,'2021-05-23 14:32:27','2021-05-23 14:32:27'),(15,792,1,'2021-05-23 14:32:27','2021-05-23 14:32:27'),(16,792,2,'2021-05-23 14:32:27','2021-05-23 14:32:27'),(17,1006,2,'2021-05-23 14:32:27','2021-05-23 14:32:27'),(18,1134,2,'2021-05-23 14:32:27','2021-05-23 14:32:27'),(19,1290,2,'2021-05-23 14:32:27','2021-05-23 14:32:27'),(20,1364,1,'2021-05-23 14:32:27','2021-05-23 14:32:27'),(21,1540,1,'2021-05-23 14:32:27','2021-05-23 14:32:27'),(22,1573,1,'2021-05-23 14:32:27','2021-05-23 14:32:27'),(23,1646,1,'2021-05-23 14:32:27','2021-05-23 14:32:27'),(24,1648,2,'2021-05-23 14:32:27','2021-05-23 14:32:27'),(25,1673,2,'2021-05-23 14:32:27','2021-05-23 14:32:27'),(26,1690,1,'2021-05-23 14:32:27','2021-05-23 14:32:27'),(27,1690,2,'2021-05-23 14:32:27','2021-05-23 14:32:27'),(28,1702,1,'2021-05-23 14:32:27','2021-05-23 14:32:27'),(29,1803,1,'2021-05-23 14:32:27','2021-05-23 14:32:27'),(30,2395,1,'2021-05-23 14:32:27','2021-05-23 14:32:27'),(31,2404,3,'2021-05-23 14:32:27','2021-05-23 14:32:27'),(32,2414,1,'2021-05-23 14:32:27','2021-05-23 14:32:27'),(33,2807,3,'2021-05-23 14:32:27','2021-05-23 14:32:27'),(34,2902,1,'2021-05-23 14:32:27','2021-05-23 14:32:27'),(35,3050,3,'2021-05-23 14:32:27','2021-05-23 14:32:27'),(36,3137,1,'2021-05-23 14:32:27','2021-05-23 14:32:27'),(37,3324,2,'2021-05-23 14:32:27','2021-05-23 14:32:27'),(38,3477,1,'2021-05-23 14:32:27','2021-05-23 14:32:27'),(39,3736,2,'2021-05-23 14:32:27','2021-05-23 14:32:27'),(40,3910,2,'2021-05-23 14:32:27','2021-05-23 14:32:27'),(41,3888,1,'2021-05-23 14:32:27','2021-05-23 14:32:27'),(42,4113,2,'2021-05-23 14:32:27','2021-05-23 14:32:27'),(43,4321,2,'2021-05-23 14:32:27','2021-05-23 14:32:27'),(44,4422,3,'2021-05-23 14:32:27','2021-05-23 14:32:27'),(45,4450,1,'2021-05-23 14:32:27','2021-05-23 14:32:27'),(46,4605,2,'2021-05-23 14:32:27','2021-05-23 14:32:27'),(47,4874,2,'2021-05-23 14:32:27','2021-05-23 14:32:27'),(48,4910,1,'2021-05-23 14:32:27','2021-05-23 14:32:27'),(49,4966,1,'2021-05-23 14:32:27','2021-05-23 14:32:27'),(50,5008,1,'2021-05-23 14:32:27','2021-05-23 14:32:27'),(51,5082,1,'2021-05-23 14:32:27','2021-05-23 14:32:27'),(52,5171,2,'2021-05-23 14:32:27','2021-05-23 14:32:27'),(53,5231,1,'2021-05-23 14:32:27','2021-05-23 14:32:27'),(54,5878,2,'2021-05-23 14:32:27','2021-05-23 14:32:27'),(55,5336,1,'2021-05-23 14:32:27','2021-05-23 14:32:27'),(56,5343,2,'2021-05-23 14:32:27','2021-05-23 14:32:27'),(57,5519,2,'2021-05-23 14:32:27','2021-05-23 14:32:27'),(58,5534,3,'2021-05-23 14:32:27','2021-05-23 14:32:27'),(60,66,6,'2021-05-23 14:32:27','2021-05-23 14:32:27'),(61,93,6,'2021-05-23 14:32:27','2021-05-23 14:32:27'),(62,472,4,'2021-05-23 14:32:27','2021-05-23 14:32:27'),(63,2142,6,'2021-05-23 14:32:27','2021-05-23 14:32:27'),(65,657,4,'2021-05-23 14:32:27','2021-05-23 14:32:27'),(67,1076,6,'2021-05-23 14:32:27','2021-05-23 14:32:27'),(71,1701,4,'2021-05-23 14:32:27','2021-05-23 14:32:27'),(72,2602,6,'2021-05-23 14:32:27','2021-05-23 14:32:27'),(73,3334,6,'2021-05-23 14:32:27','2021-05-23 14:32:27'),(74,3986,6,'2021-05-23 14:32:27','2021-05-23 14:32:27'),(75,4422,4,'2021-05-23 14:32:27','2021-05-23 14:32:27'),(76,4422,5,'2021-05-23 14:32:27','2021-05-23 14:32:27'),(77,4796,7,'2021-05-23 14:32:27','2021-05-23 14:32:27'),(78,5158,7,'2021-05-23 14:32:27','2021-05-23 14:32:27'),(79,5008,4,'2021-05-23 14:32:27','2021-05-23 14:32:27'),(80,5008,5,'2021-05-23 14:32:27','2021-05-23 14:32:27'),(81,5171,4,'2021-05-23 14:32:27','2021-05-23 14:32:27'),(82,5171,5,'2021-05-23 14:32:27','2021-05-23 14:32:27'),(83,5336,6,'2021-05-23 14:32:27','2021-05-23 14:32:27'),(84,5407,7,'2021-05-23 14:32:27','2021-05-23 14:32:27'),(85,5481,6,'2021-05-23 14:32:27','2021-05-23 14:32:27'),(96,636,8,'2021-05-23 14:32:30',NULL),(102,334,9,'2021-05-23 14:32:30',NULL),(108,1202,9,'2021-05-23 14:32:30',NULL),(109,4434,9,'2021-05-23 14:32:30',NULL),(124,5534,10,'2021-05-23 14:32:30',NULL),(125,3910,10,'2021-05-23 14:32:30',NULL),(133,3208,10,'2021-05-23 14:32:30',NULL),(134,5881,10,'2021-05-23 14:32:30',NULL),(136,1985,10,'2021-05-23 14:32:30',NULL),(139,1288,11,'2021-05-23 14:32:30',NULL),(140,2898,11,'2021-05-23 14:32:30',NULL),(141,4135,11,'2021-05-23 14:32:30',NULL),(145,2039,11,'2021-05-23 14:32:30',NULL),(150,4148,11,'2021-05-23 14:32:30',NULL),(161,2368,11,'2021-05-23 14:32:30',NULL),(164,552,11,'2021-05-23 14:32:30',NULL),(170,312,11,'2021-05-23 14:32:30',NULL),(173,61,7,'2022-01-03 13:49:14',NULL),(174,116,4,'2022-01-03 13:49:14',NULL),(175,592,6,'2022-01-03 13:49:14',NULL),(176,632,4,'2022-01-03 13:49:14',NULL),(177,632,5,'2022-01-03 13:49:14',NULL),(178,734,4,'2022-01-03 13:49:14',NULL),(179,734,5,'2022-01-03 13:49:14',NULL),(180,1690,4,'2022-01-03 13:49:14',NULL),(181,1690,5,'2022-01-03 13:49:14',NULL),(182,4974,7,'2022-01-03 13:49:14',NULL),(183,4839,4,'2022-01-03 13:49:14',NULL),(184,1646,6,'2022-01-03 13:49:14',NULL),(185,1757,7,'2022-01-03 13:49:14',NULL),(186,4395,15,'2022-01-03 13:49:14',NULL),(187,1523,16,'2022-01-03 13:49:14',NULL),(188,1395,16,'2022-01-03 13:49:14',NULL),(189,2279,16,'2022-01-03 13:49:14',NULL),(190,5889,8,'2022-07-30 16:23:18','2022-07-30 16:23:18'),(191,5889,9,'2022-07-30 16:23:18','2022-07-30 16:23:18'),(192,120,8,'2022-07-30 16:23:32','2022-07-30 16:23:32'),(193,291,8,'2022-07-30 16:23:32','2022-07-30 16:23:32'),(194,419,8,'2022-07-30 16:23:32','2022-07-30 16:23:32'),(195,420,8,'2022-07-30 16:23:32','2022-07-30 16:23:32'),(196,458,8,'2022-07-30 16:23:32','2022-07-30 16:23:32'),(197,702,8,'2022-07-30 16:23:32','2022-07-30 16:23:32'),(198,911,8,'2022-07-30 16:23:32','2022-07-30 16:23:32'),(199,1210,8,'2022-07-30 16:23:32','2022-07-30 16:23:32'),(200,1364,8,'2022-07-30 16:23:32','2022-07-30 16:23:32'),(201,1540,8,'2022-07-30 16:23:32','2022-07-30 16:23:32'),(202,1673,8,'2022-07-30 16:23:32','2022-07-30 16:23:32'),(203,3050,8,'2022-07-30 16:23:32','2022-07-30 16:23:32'),(204,3056,8,'2022-07-30 16:23:32','2022-07-30 16:23:32'),(205,3129,8,'2022-07-30 16:23:32','2022-07-30 16:23:32'),(206,3377,8,'2022-07-30 16:23:32','2022-07-30 16:23:32'),(207,4320,8,'2022-07-30 16:23:32','2022-07-30 16:23:32'),(208,4450,8,'2022-07-30 16:23:32','2022-07-30 16:23:32'),(209,4529,8,'2022-07-30 16:23:32','2022-07-30 16:23:32'),(210,4910,8,'2022-07-30 16:23:32','2022-07-30 16:23:32'),(211,4911,8,'2022-07-30 16:23:32','2022-07-30 16:23:32'),(212,4966,8,'2022-07-30 16:23:32','2022-07-30 16:23:32'),(213,4968,8,'2022-07-30 16:23:32','2022-07-30 16:23:32'),(214,5082,8,'2022-07-30 16:23:32','2022-07-30 16:23:32'),(215,5693,8,'2022-07-30 16:23:32','2022-07-30 16:23:32'),(216,35,9,'2022-07-30 16:23:32','2022-07-30 16:23:32'),(217,71,9,'2022-07-30 16:23:32','2022-07-30 16:23:32'),(218,152,9,'2022-07-30 16:23:32','2022-07-30 16:23:32'),(219,202,9,'2022-07-30 16:23:32','2022-07-30 16:23:32'),(220,206,9,'2022-07-30 16:23:32','2022-07-30 16:23:32'),(221,315,9,'2022-07-30 16:23:32','2022-07-30 16:23:32'),(222,479,9,'2022-07-30 16:23:32','2022-07-30 16:23:32'),(223,632,9,'2022-07-30 16:23:32','2022-07-30 16:23:32'),(224,1573,9,'2022-07-30 16:23:32','2022-07-30 16:23:32'),(225,1648,9,'2022-07-30 16:23:32','2022-07-30 16:23:32'),(226,1666,9,'2022-07-30 16:23:32','2022-07-30 16:23:32'),(227,2008,9,'2022-07-30 16:23:32','2022-07-30 16:23:32'),(228,2414,9,'2022-07-30 16:23:32','2022-07-30 16:23:32'),(229,2601,9,'2022-07-30 16:23:32','2022-07-30 16:23:32'),(230,2729,9,'2022-07-30 16:23:32','2022-07-30 16:23:32'),(231,3151,9,'2022-07-30 16:23:32','2022-07-30 16:23:32'),(232,3153,9,'2022-07-30 16:23:32','2022-07-30 16:23:32'),(233,3377,9,'2022-07-30 16:23:32','2022-07-30 16:23:32'),(234,3736,9,'2022-07-30 16:23:32','2022-07-30 16:23:32'),(235,4605,9,'2022-07-30 16:23:32','2022-07-30 16:23:32'),(236,4874,9,'2022-07-30 16:23:32','2022-07-30 16:23:32'),(237,5065,9,'2022-07-30 16:23:32','2022-07-30 16:23:32'),(238,5082,9,'2022-07-30 16:23:32','2022-07-30 16:23:32'),(239,5343,9,'2022-07-30 16:23:32','2022-07-30 16:23:32'),(240,29,10,'2022-07-30 16:23:32','2022-07-30 16:23:32'),(241,156,10,'2022-07-30 16:23:32','2022-07-30 16:23:32'),(242,274,10,'2022-07-30 16:23:32','2022-07-30 16:23:32'),(243,598,10,'2022-07-30 16:23:32','2022-07-30 16:23:32'),(244,1006,10,'2022-07-30 16:23:32','2022-07-30 16:23:32'),(245,1134,10,'2022-07-30 16:23:32','2022-07-30 16:23:32'),(246,1290,10,'2022-07-30 16:23:32','2022-07-30 16:23:32'),(247,1646,10,'2022-07-30 16:23:32','2022-07-30 16:23:32'),(248,1803,10,'2022-07-30 16:23:32','2022-07-30 16:23:32'),(249,2509,10,'2022-07-30 16:23:32','2022-07-30 16:23:32'),(250,2589,10,'2022-07-30 16:23:32','2022-07-30 16:23:32'),(251,2590,10,'2022-07-30 16:23:32','2022-07-30 16:23:32'),(252,2735,10,'2022-07-30 16:23:32','2022-07-30 16:23:32'),(253,2807,10,'2022-07-30 16:23:32','2022-07-30 16:23:32'),(254,2844,10,'2022-07-30 16:23:32','2022-07-30 16:23:32'),(255,3815,10,'2022-07-30 16:23:32','2022-07-30 16:23:32'),(256,4101,10,'2022-07-30 16:23:32','2022-07-30 16:23:32'),(257,4249,10,'2022-07-30 16:23:32','2022-07-30 16:23:32'),(258,4405,10,'2022-07-30 16:23:32','2022-07-30 16:23:32'),(259,4963,10,'2022-07-30 16:23:32','2022-07-30 16:23:32'),(260,5336,10,'2022-07-30 16:23:32','2022-07-30 16:23:32'),(261,5519,10,'2022-07-30 16:23:32','2022-07-30 16:23:32'),(262,5598,10,'2022-07-30 16:23:32','2022-07-30 16:23:32'),(263,954,11,'2022-07-30 16:23:32','2022-07-30 16:23:32'),(264,1192,11,'2022-07-30 16:23:32','2022-07-30 16:23:32'),(265,5445,11,'2022-07-30 16:23:32','2022-07-30 16:23:32'),(266,592,12,'2022-07-30 16:23:32','2022-07-30 16:23:32'),(267,2400,12,'2022-07-30 16:23:32','2022-07-30 16:23:32'),(268,4599,12,'2022-07-30 16:23:32','2022-07-30 16:23:32'),(269,29,13,'2022-07-30 16:23:32','2022-07-30 16:23:32'),(270,592,13,'2022-07-30 16:23:32','2022-07-30 16:23:32'),(271,2400,13,'2022-07-30 16:23:32','2022-07-30 16:23:32'),(272,4113,13,'2022-07-30 16:23:32','2022-07-30 16:23:32'),(273,592,14,'2022-07-30 16:23:32','2022-07-30 16:23:32'),(274,2400,14,'2022-07-30 16:23:32','2022-07-30 16:23:32'),(275,4113,14,'2022-07-30 16:23:32','2022-07-30 16:23:32');
/*!40000 ALTER TABLE `airline_terminal` ENABLE KEYS */;
UNLOCK TABLES;

--
-- Table structure for table `airlines`
--

DROP TABLE IF EXISTS `airlines`;
/*!40101 SET @saved_cs_client     = @@character_set_client */;
/*!40101 SET character_set_client = utf8 */;
CREATE TABLE `airlines` (
  `id` bigint unsigned NOT NULL AUTO_INCREMENT,
  `icao_code` varchar(255) CHARACTER SET utf8mb4 COLLATE utf8mb4_unicode_ci NOT NULL COMMENT 'The airlines ICAO code',
  `name` varchar(255) CHARACTER SET utf8mb4 COLLATE utf8mb4_unicode_ci NOT NULL COMMENT 'The name of the airline',
  `callsign` varchar(255) CHARACTER SET utf8mb4 COLLATE utf8mb4_unicode_ci NOT NULL COMMENT 'The airlines RTF callsign',
  `is_cargo` tinyint(1) NOT NULL DEFAULT '0' COMMENT 'Whether the airline is a cargo airline',
  `created_at` timestamp NULL DEFAULT NULL,
  `updated_at` timestamp NULL DEFAULT NULL,
  PRIMARY KEY (`id`),
  KEY `airlines_icao_code_index` (`icao_code`)
) ENGINE=InnoDB AUTO_INCREMENT=5892 DEFAULT CHARSET=utf8mb4 COLLATE=utf8mb4_unicode_ci;
/*!40101 SET character_set_client = @saved_cs_client */;

--
-- Dumping data for table `airlines`
--

LOCK TABLES `airlines` WRITE;
/*!40000 ALTER TABLE `airlines` DISABLE KEYS */;
INSERT INTO `airlines` VALUES (1,'0MM','All America MX','',0,'2021-05-23 14:32:01',NULL),(2,'1CH','OneChina','',0,'2021-05-23 14:32:01',NULL),(3,'1QA','Marysya Airlines','MARSHAK AIR',0,'2021-05-23 14:32:01',NULL),(4,'1Y','Electronic Data Systems','',0,'2021-05-23 14:32:01',NULL),(5,'2CO','ConneX European Airline','ConneX',0,'2021-05-23 14:32:01',NULL),(6,'2K2','Regionalia Uruguay','',0,'2021-05-23 14:32:01',NULL),(7,'3FF','Fly Colombia ( Interliging Flights )','',0,'2021-05-23 14:32:01',NULL),(8,'4AA','Epic Holiday','Epic',0,'2021-05-23 14:32:01',NULL),(9,'4SW','TEA Switzerland','',0,'2021-05-23 14:32:01',NULL),(10,'6CC','Vuela Cuba','',0,'2021-05-23 14:32:01',NULL),(11,'7KK','All Colombia','',0,'2021-05-23 14:32:01',NULL),(12,'7ZC','All America CO','',0,'2021-05-23 14:32:01',NULL),(13,'8K8','All Australia','',0,'2021-05-23 14:32:01',NULL),(14,'99F','All Africa','',0,'2021-05-23 14:32:01',NULL),(15,'9XX','Regionalia Venezuela','',0,'2021-05-23 14:32:01',NULL),(16,'A1F','Atifly','atifly',0,'2021-05-23 14:32:01',NULL),(17,'A9B','All America BR','',0,'2021-05-23 14:32:01',NULL),(18,'AA1','Aerolineas Africanas','',0,'2021-05-23 14:32:01',NULL),(19,'AAA','Ansett Australia','ANSETT',0,'2021-05-23 14:32:01',NULL),(20,'AAB','Abelag Aviation','ABG',0,'2021-05-23 14:32:01',NULL),(21,'AAC','Army Air Corps','ARMYAIR',0,'2021-05-23 14:32:01',NULL),(22,'AAD','Aero Aviation Centre Ltd.','SUNRISE',0,'2021-05-23 14:32:01',NULL),(23,'AAF','Aigle Azur','AIGLE AZUR',0,'2021-05-23 14:32:01',NULL),(24,'AAG','Air Atlantique','ATLANTIC',0,'2021-05-23 14:32:01',NULL),(25,'AAH','Aloha Airlines','ALOHA',0,'2021-05-23 14:32:01',NULL),(26,'AAI','Air Aurora','BOREALIS',0,'2021-05-23 14:32:01',NULL),(27,'AAJ','Air Alma','AIR ALMA',0,'2021-05-23 14:32:01',NULL),(28,'AAK','Alaska Island Air','ALASKA ISLAND',0,'2021-05-23 14:32:01',NULL),(29,'AAL','American Airlines','AMERICAN',0,'2021-05-23 14:32:01',NULL),(30,'AAM','Aviation Management Corporation','AM CORP',0,'2021-05-23 14:32:01',NULL),(31,'AAN','Amsterdam Airlines','AMSTEL',0,'2021-05-23 14:32:01',NULL),(32,'AAO','Atlantis Airlines (USA)','ATLANTIS AIR',0,'2021-05-23 14:32:01',NULL),(33,'AAP','Aerovista Airlines','AEROVISTA GROUP',0,'2021-05-23 14:32:01',NULL),(34,'AAQ','Copterline','COPTERLINE',0,'2021-05-23 14:32:01',NULL),(35,'AAR','Asiana Airlines','ASIANA',0,'2021-05-23 14:32:01',NULL),(36,'AAS','Askari Aviation','AL-AAS',0,'2021-05-23 14:32:01',NULL),(37,'AAT','Austrian Airtransport','',0,'2021-05-23 14:32:01',NULL),(38,'AAU','Australia Asia Airlines','AUSTASIA',0,'2021-05-23 14:32:01',NULL),(39,'AAV','Astro Air International','ASTRO-PHIL',0,'2021-05-23 14:32:01',NULL),(40,'AAW','Afriqiyah Airways','AFRIQIYAH',0,'2021-05-23 14:32:01',NULL),(41,'AAX','Afric\'air Express','AFREX',0,'2021-05-23 14:32:01',NULL),(42,'AAY','Allegiant Air','ALLEGIANT',0,'2021-05-23 14:32:01',NULL),(43,'AAZ','Angus Aviation','ANGUS',0,'2021-05-23 14:32:01',NULL),(44,'ABA','Artem-Avia','ARTEM-AVIA',0,'2021-05-23 14:32:01',NULL),(45,'ABB','African Business and Transportations','AFRICAN BUSINESS-',0,'2021-05-23 14:32:01',NULL),(46,'ABD','Air Atlanta Icelandic','ATLANTA',0,'2021-05-23 14:32:01',NULL),(47,'ABE','Aban Air','ABAN',0,'2021-05-23 14:32:01',NULL),(48,'ABF','Aerial Oy','SKYWINGS',0,'2021-05-23 14:32:01',NULL),(49,'ABG','Abakan-Avia','ABAKAN-AVIA',0,'2021-05-23 14:32:01',NULL),(50,'ABH','Hokuriki-Koukuu Company','',0,'2021-05-23 14:32:01',NULL),(51,'ABI','Aviabus','',0,'2021-05-23 14:32:01',NULL),(52,'ABJ','Abaet','Abaet',0,'2021-05-23 14:32:01',NULL),(53,'ABK','Alberta Citylink','ALBERTA CITYLINK',0,'2021-05-23 14:32:01',NULL),(54,'ABL','Air BC','AIRCOACH',0,'2021-05-23 14:32:01',NULL),(55,'ABL','Air Busan','Air Busan',0,'2021-05-23 14:32:01',NULL),(56,'ABM','Aero Albatros','ALBATROS ESPANA',0,'2021-05-23 14:32:01',NULL),(57,'ABN','Air Fret Senegal','',0,'2021-05-23 14:32:01',NULL),(58,'ABO','APSA Colombia','AEROEXPRESO',0,'2021-05-23 14:32:01',NULL),(59,'ABP','Aba Air','BAIR',0,'2021-05-23 14:32:01',NULL),(60,'ABQ','Airblue','PAKBLUE',0,'2021-05-23 14:32:01',NULL),(61,'ABR','Air Contractors','CONTRACT',0,'2021-05-23 14:32:01',NULL),(62,'ABS','Transwest Air','ATHABASKA',0,'2021-05-23 14:32:01',NULL),(63,'ABT','Air Brousse','AIR BROUSSE',0,'2021-05-23 14:32:01',NULL),(64,'ABU','Aerovias Bueno','AEROBUENO',0,'2021-05-23 14:32:01',NULL),(65,'ABV','Antrak Air','ANTRAK',0,'2021-05-23 14:32:01',NULL),(66,'ABW','AirBridge Cargo','AIRBRIDGE CARGO',1,'2021-05-23 14:32:01',NULL),(67,'ABX','Airborne Express','ABEX',0,'2021-05-23 14:32:01',NULL),(68,'ABX','ABX Air','ABEX',0,'2021-05-23 14:32:01',NULL),(69,'ABY','Air Arabia','ARABIA',0,'2021-05-23 14:32:01',NULL),(70,'ABZ','ATA Brasil','ATA-BRAZIL',0,'2021-05-23 14:32:01',NULL),(71,'ACA','Air Canada','AIR CANADA',0,'2021-05-23 14:32:01',NULL),(72,'ACC','Avcard Services','',0,'2021-05-23 14:32:01',NULL),(73,'ACD','Academy Airlines','ACADEMY',0,'2021-05-23 14:32:01',NULL),(74,'ACE','Race Cargo Airlines','Fastcargo',1,'2021-05-23 14:32:01',NULL),(75,'ACF','Centro de Formacion Aeronautica de Canarias','FORCAN',0,'2021-05-23 14:32:01',NULL),(76,'ACG','Air Partner','AIR PARTNER',0,'2021-05-23 14:32:01',NULL),(77,'ACI','Air Caledonie International','AIRCALIN',0,'2021-05-23 14:32:01',NULL),(78,'ACK','Nantucket Airlines','ACK AIR',0,'2021-05-23 14:32:01',NULL),(79,'ACL','Itali Airlines','ITALI',0,'2021-05-23 14:32:01',NULL),(80,'ACM','Air Caledonia','WEST CAL',0,'2021-05-23 14:32:01',NULL),(81,'ACN','Central American Airlines','AEROCENTRO',0,'2021-05-23 14:32:01',NULL),(82,'ACO','Aero Comondu','AERO COMONDU',0,'2021-05-23 14:32:01',NULL),(83,'ACP','Astral Aviation','ASTRAL CARGO',1,'2021-05-23 14:32:01',NULL),(84,'ACQ','Nuevo Continente','AERO CONTINENTE',0,'2021-05-23 14:32:01',NULL),(85,'ACR','Aerocenter',' Escuela de Formacion de Pioltos Privados de Avion',0,'2021-05-23 14:32:01',NULL),(86,'ACS','Air Cess','',0,'2021-05-23 14:32:01',NULL),(87,'ACU','Air Cargo Transportation System','AFRISPIRIT',1,'2021-05-23 14:32:01',NULL),(88,'ACV','Air Charter Service','',0,'2021-05-23 14:32:01',NULL),(89,'ACW','Royal Air Force','AIR CADET',0,'2021-05-23 14:32:01',NULL),(90,'ACX','Air Charters','PARAIR',0,'2021-05-23 14:32:01',NULL),(91,'ACY','Atlas Cargo Lines','ATLAS CARGOLINES',1,'2021-05-23 14:32:01',NULL),(92,'ADA','Airservices Australia','AUSCAL',0,'2021-05-23 14:32:01',NULL),(93,'ADB','Antonov Airlines','ANTONOV BUREAU',1,'2021-05-23 14:32:01',NULL),(94,'ADC','Air Atlantic Dominicana','ATLAN-DOMINICAN',0,'2021-05-23 14:32:01',NULL),(95,'ADD','Advanced Air Co.','',0,'2021-05-23 14:32:01',NULL),(96,'ADE','Ada Air','ADA AIR',0,'2021-05-23 14:32:01',NULL),(97,'ADG','Aerea Flying Training Organization','AEREA TRAINING',0,'2021-05-23 14:32:01',NULL),(98,'ADH','Air One','HERON',0,'2021-05-23 14:32:01',NULL),(99,'ADI','Audeli Air','AUDELI',0,'2021-05-23 14:32:01',NULL),(100,'ADJ','Abicar','ABICAR',0,'2021-05-23 14:32:01',NULL),(101,'ADK','ADC Airlines','ADCO',0,'2021-05-23 14:32:01',NULL),(102,'ADL','Aero Dynamics','COTSWOLD',0,'2021-05-23 14:32:01',NULL),(103,'ADM','Aerolineas Dominicanas','DOMINAIR',0,'2021-05-23 14:32:01',NULL),(104,'ADN','Aerodienst GmbH','AERODIENST',0,'2021-05-23 14:32:01',NULL),(105,'ADO','Hokkaido International Airlines','AIR DO',0,'2021-05-23 14:32:01',NULL),(106,'ADP','Aerodiplomatic','AERODIPLOMATIC',0,'2021-05-23 14:32:01',NULL),(107,'ADQ','Avion Taxi','AIR DATA',0,'2021-05-23 14:32:01',NULL),(108,'ADR','Adria Airways','ADRIA',0,'2021-05-23 14:32:01',NULL),(109,'ADS','Aviones de Sonora','SONORAV',0,'2021-05-23 14:32:01',NULL),(110,'ADT','Air Dorval','AIR DORVAL',0,'2021-05-23 14:32:01',NULL),(111,'ADU','Airdeal Oy','AIRDEAL',0,'2021-05-23 14:32:01',NULL),(112,'ADV','Advance Air Charters','ADVANCE',0,'2021-05-23 14:32:01',NULL),(113,'ADW','Air Andaman','AIR ANDAMAN',0,'2021-05-23 14:32:01',NULL),(114,'ADX','Anderson Aviation','ANDAX',0,'2021-05-23 14:32:01',NULL),(115,'ADY','Aerodyne','AERODYNE',0,'2021-05-23 14:32:01',NULL),(116,'AEA','Air Europa','EUROPA',0,'2021-05-23 14:32:01',NULL),(117,'AEB','Aero Benin','AEROBEN',0,'2021-05-23 14:32:01',NULL),(118,'AEC','Aerocesar',' Aerovias Del Cesar',0,'2021-05-23 14:32:01',NULL),(119,'AED','Aerotrans Airlines','',0,'2021-05-23 14:32:01',NULL),(120,'AEE','Aegean Airlines','AEGEAN',0,'2021-05-23 14:32:01',NULL),(121,'AEF','Aero Lloyd (YP)','',0,'2021-05-23 14:32:01',NULL),(122,'AEG','Aerofumigaciones Sam','FUMIGACIONES SAM',0,'2021-05-23 14:32:01',NULL),(123,'AEH','Aviaexpress','Avex',0,'2021-05-23 14:32:01',NULL),(124,'AEI','Aeroexpreso Interamericano','INTERAM',0,'2021-05-23 14:32:01',NULL),(125,'AEJ','Air Express','KHAKI EXPRESS',0,'2021-05-23 14:32:01',NULL),(126,'AEK','Aerocon','AEROCON',0,'2021-05-23 14:32:01',NULL),(127,'AEL','Air Europe','AIR EUROPE',0,'2021-05-23 14:32:01',NULL),(128,'AEM','Aero Madrid','AEROMADRID',0,'2021-05-23 14:32:01',NULL),(129,'AEN','Aeroenlaces Nacionales','',0,'2021-05-23 14:32:01',NULL),(130,'AEO','Aeroservicios Ejecutivos Del Occidente','AERO OCCIDENTE',0,'2021-05-23 14:32:01',NULL),(131,'AEP','Aerotec','AEROTEC',0,'2021-05-23 14:32:01',NULL),(132,'AEQ','Air Express','LUNA',0,'2021-05-23 14:32:01',NULL),(133,'AER','Alaska Central Express','ACE AIR',0,'2021-05-23 14:32:01',NULL),(134,'AES','ACES Colombia','ACES',0,'2021-05-23 14:32:01',NULL),(135,'AET','Aeronautical Radio of Thailand','AEROTHAI',0,'2021-05-23 14:32:01',NULL),(136,'AEU','Astraeus','FLYSTAR',0,'2021-05-23 14:32:01',NULL),(137,'AEV','Aeroventas','AEROVENTAS',0,'2021-05-23 14:32:01',NULL),(138,'AEW','Aerosvit Airlines','AEROSVIT',0,'2021-05-23 14:32:01',NULL),(139,'AEX','Airway Express','AVCO',0,'2021-05-23 14:32:01',NULL),(140,'AEY','Air Italy','AIR ITALY',0,'2021-05-23 14:32:01',NULL),(141,'AEZ','Aerial Transit Company','AERIAL TRANZ',0,'2021-05-23 14:32:01',NULL),(142,'AFA','Alfa Air','BLUE ALFA',0,'2021-05-23 14:32:01',NULL),(143,'AFB','American Falcon','AMERICAN FALCON',0,'2021-05-23 14:32:01',NULL),(144,'AFC','African West Air','AFRICAN WEST',0,'2021-05-23 14:32:01',NULL),(145,'AFD','Panorama Flight Service','AIRFED',0,'2021-05-23 14:32:01',NULL),(146,'AFE','Airfast Indonesia','AIRFAST',0,'2021-05-23 14:32:01',NULL),(147,'AFG','Ariana Afghan Airlines','ARIANA',0,'2021-05-23 14:32:01',NULL),(148,'AFH','Air Fecteau','FECTO',0,'2021-05-23 14:32:01',NULL),(149,'AFI','Africaone','AFRICAWORLD',0,'2021-05-23 14:32:01',NULL),(150,'AFJ','Alliance','JAMBO',0,'2021-05-23 14:32:01',NULL),(151,'AFK','Africa Air Links','AFRICA LINKS',0,'2021-05-23 14:32:01',NULL),(152,'AFL','Aeroflot Russian Airlines','AEROFLOT',0,'2021-05-23 14:32:01',NULL),(153,'AFO','Aero Empresa Mexicana','AERO EMPRESA',0,'2021-05-23 14:32:01',NULL),(154,'AFP','Portuguese Air Force','PORTUGUESE AIR FORCE',0,'2021-05-23 14:32:01',NULL),(155,'AFQ','Alba Servizi Aerotrasporti','ALBA',0,'2021-05-23 14:32:01',NULL),(156,'AFR','Air France','AIRFRANS',0,'2021-05-23 14:32:01',NULL),(157,'AFS','Air Data','',0,'2021-05-23 14:32:01',NULL),(158,'AFU','Afrinat International Airlines','',0,'2021-05-23 14:32:01',NULL),(159,'AFV','Air Afrique Vacancies','AFRIQUE VACANCE',0,'2021-05-23 14:32:01',NULL),(160,'AFW','Afrique Regional Airways','AFRAIR',0,'2021-05-23 14:32:01',NULL),(161,'AFX','Airfreight Express','',0,'2021-05-23 14:32:01',NULL),(162,'AFY','Africa Chartered Services','AFRICA CHARTERED',0,'2021-05-23 14:32:01',NULL),(163,'AFZ','Africa Freight Services','AFREIGHT',0,'2021-05-23 14:32:01',NULL),(164,'AGA','Aeronaves Del Centro','',0,'2021-05-23 14:32:01',NULL),(165,'AGB','Air Service Gabon','',0,'2021-05-23 14:32:01',NULL),(166,'AGC','Arab Agricultural Aviation Company','AGRICO',0,'2021-05-23 14:32:01',NULL),(167,'AGE','Servicios Aereos de Los Angeles','AEROANGEL',0,'2021-05-23 14:32:01',NULL),(168,'AGF','Atlantic Gulf Airlines','ATLANTIC GULF',0,'2021-05-23 14:32:01',NULL),(169,'AGG','Algoma Airways','ALGOMA',0,'2021-05-23 14:32:01',NULL),(170,'AGH','Altagna','ALTAGNA',0,'2021-05-23 14:32:01',NULL),(171,'AGM','Air Guam','AIR GUAM',0,'2021-05-23 14:32:01',NULL),(172,'AGN','Air Gabon','GOLF NOVEMBER',0,'2021-05-23 14:32:01',NULL),(173,'AGO','Angola Air Charter','ANGOLA CHARTER',0,'2021-05-23 14:32:01',NULL),(174,'AGO','Angola Air Charter','ANGOLA CHARTER',0,'2021-05-23 14:32:01',NULL),(175,'AGP','AERFI Group','AIR TARA',0,'2021-05-23 14:32:01',NULL),(176,'AGQ','Aerogala','GALASERVICE',0,'2021-05-23 14:32:01',NULL),(177,'AGR','United States Department Of Agriculture','AGRICULTURE',0,'2021-05-23 14:32:01',NULL),(178,'AGT','Amadeus Global Travel Distribution','AMADEUS',0,'2021-05-23 14:32:01',NULL),(179,'AGU','Angara Airlines','SARMA',0,'2021-05-23 14:32:01',NULL),(180,'AGV','Air Glaciers','AIR GLACIERS',0,'2021-05-23 14:32:01',NULL),(181,'AGW','Aero Gambia','AERO GAMBIA',0,'2021-05-23 14:32:01',NULL),(182,'AGX','Aviogenex','GENEX',0,'2021-05-23 14:32:01',NULL),(183,'AGY','Aero Flight Service','FLIGHT GROUP',0,'2021-05-23 14:32:01',NULL),(184,'AGZ','Agrolet-Mci','AGROLET',0,'2021-05-23 14:32:01',NULL),(185,'AHA','Air Alpha Greenland','AIR ALPHA',0,'2021-05-23 14:32:01',NULL),(186,'AHC','Azal Avia Cargo','AZALAVIACARGO',1,'2021-05-23 14:32:01',NULL),(187,'AHD','Czech Air Handling','AIRHANDLING',0,'2021-05-23 14:32:01',NULL),(188,'AHE','Airport Helicopter Basel',' Muller & Co.',0,'2021-05-23 14:32:01',NULL),(189,'AHF','Aspen Helicopters','ASPEN',0,'2021-05-23 14:32:01',NULL),(190,'AHG','Aerochago Airlines','AEROCHAGO',0,'2021-05-23 14:32:01',NULL),(191,'AHH','Airplanes Holdings','AIRHOLD',0,'2021-05-23 14:32:01',NULL),(192,'AHI','Servicios Aereos de Chihuahua Aerochisa','AEROCHISA',0,'2021-05-23 14:32:01',NULL),(193,'AHK','Air Hong Kong','AIR HONG KONG',0,'2021-05-23 14:32:01',NULL),(194,'AHM','Garrison Aviation','AIR HURON',0,'2021-05-23 14:32:01',NULL),(195,'AHO','Air Hamburg (AHO)','Air Hamburg',0,'2021-05-23 14:32:01',NULL),(196,'AHP','Aerochiapas','AEROCHIAPAS',0,'2021-05-23 14:32:01',NULL),(197,'AHR','Air Adriatic','ADRIATIC',0,'2021-05-23 14:32:01',NULL),(198,'AHS','Air Viggi San Raffaele','AIRSAR',0,'2021-05-23 14:32:01',NULL),(199,'AHT','HTA Helicopteros','HELIAPRA',0,'2021-05-23 14:32:01',NULL),(200,'AHU','ABC Air Hungary','ABC HUNGARY',0,'2021-05-23 14:32:01',NULL),(201,'AHW','Aeromist-Kharkiv','AEROMIST',0,'2021-05-23 14:32:01',NULL),(202,'AHY','Azerbaijan Airlines','AZAL',0,'2021-05-23 14:32:01',NULL),(203,'AI0','Air Indus','AIPL',0,'2021-05-23 14:32:01',NULL),(204,'AIA','Avies','AVIES',0,'2021-05-23 14:32:01',NULL),(205,'AIB','Airbus Industrie','AIRBUS INDUSTRIE',0,'2021-05-23 14:32:01',NULL),(206,'AIC','Air India Limited','AIRINDIA',0,'2021-05-23 14:32:01',NULL),(207,'AIE','Air Inuit','AIR INUIT',0,'2021-05-23 14:32:01',NULL),(208,'AIF','Compania Aerea de Valencia','',0,'2021-05-23 14:32:01',NULL),(209,'AIG','Air Inter Gabon','',0,'2021-05-23 14:32:01',NULL),(210,'AIH','Alpine Air Chile','ALPINE CHILE',0,'2021-05-23 14:32:01',NULL),(211,'AII','Air Integra','INTEGRA',0,'2021-05-23 14:32:01',NULL),(212,'AIJ','ABC Aerolineas','ABC AEROLINEAS',0,'2021-05-23 14:32:01',NULL),(213,'AIK','African Airlines International Limited','AFRICAN AIRLINES',0,'2021-05-23 14:32:01',NULL),(214,'AIL','Air Illinois','AIR ILLINOIS',0,'2021-05-23 14:32:01',NULL),(215,'AIM','Trabajos Aereos Murcianos','PIJO',0,'2021-05-23 14:32:01',NULL),(216,'AIN','African International Airways','FLY CARGO',1,'2021-05-23 14:32:01',NULL),(217,'AIO','United States Air Force','AIR CHIEF',0,'2021-05-23 14:32:01',NULL),(218,'AIP','Alpine Air Express','ALPINE AIR',0,'2021-05-23 14:32:01',NULL),(219,'AIQ','Thai AirAsia','THAI ASIA',0,'2021-05-23 14:32:01',NULL),(220,'AIR','Airlift International','AIRLIFT',0,'2021-05-23 14:32:01',NULL),(221,'AIS','Air Sureste','SURESTE',0,'2021-05-23 14:32:01',NULL),(222,'AIT','Airest','',0,'2021-05-23 14:32:01',NULL),(223,'AIU','Alicante Internacional Airlines','ALIA',0,'2021-05-23 14:32:01',NULL),(224,'AIV','Airvias S/A Linhas Aereas','AIRVIAS',0,'2021-05-23 14:32:01',NULL),(225,'AIW','Atlantic Island Airways','TARTAN',0,'2021-05-23 14:32:01',NULL),(226,'AIX','Aircruising Australia','CRUISER',0,'2021-05-23 14:32:01',NULL),(227,'AIY','Aircrew Check and Training Australia','AIRCREW',0,'2021-05-23 14:32:01',NULL),(228,'AIZ','Arkia Israel Airlines','ARKIA',0,'2021-05-23 14:32:01',NULL),(229,'AJA','A J Services','AYJAY SERVICES',0,'2021-05-23 14:32:01',NULL),(230,'AJB','Aero JBR','AERO JBR',0,'2021-05-23 14:32:01',NULL),(231,'AJC','Bar Harbor Airlines','BAR HARBOR',0,'2021-05-23 14:32:01',NULL),(232,'AJE','Aero Jet Express','JET EXPRESS',0,'2021-05-23 14:32:01',NULL),(233,'AJF','Avia Consult Flugbetriebs','AVIACONSULT',0,'2021-05-23 14:32:01',NULL),(234,'AJI','Ameristar Jet Charter','AMERISTAR',0,'2021-05-23 14:32:01',NULL),(235,'AJJ','A2 Jet Leasing','ATLANTIC JET',0,'2021-05-23 14:32:01',NULL),(236,'AJK','Allied Air','BAMBI',0,'2021-05-23 14:32:01',NULL),(237,'AJM','Air Jamaica','JAMAICA',0,'2021-05-23 14:32:01',NULL),(238,'AJO','Aeroejecutivo','AEROEXO',0,'2021-05-23 14:32:01',NULL),(239,'AJP','Aero Jets Corporativos','AEROJETS',0,'2021-05-23 14:32:01',NULL),(240,'AJS','Aeroejecutivos Colombia','AEROEJECUTIVOS',0,'2021-05-23 14:32:01',NULL),(241,'AJT','Amerijet International','AMERIJET',0,'2021-05-23 14:32:01',NULL),(242,'AJU','Air Jetsul','AIRJETSUL',0,'2021-05-23 14:32:01',NULL),(243,'AJV','ANA & JP Express','AYJAY CARGO',1,'2021-05-23 14:32:01',NULL),(244,'AJW','Alpha Jet International','ALPHAJET',0,'2021-05-23 14:32:01',NULL),(245,'AJX','Air Japan','AIR JAPAN',0,'2021-05-23 14:32:01',NULL),(246,'AJY','Ajet','AYJET',0,'2021-05-23 14:32:01',NULL),(247,'AKA','Air Korea Co. Ltd.','',0,'2021-05-23 14:32:01',NULL),(248,'AKB','Aktjubavia','KARAB',0,'2021-05-23 14:32:01',NULL),(249,'AKC','Arca Aerovias Colombianas Ltda.','ARCA',0,'2021-05-23 14:32:01',NULL),(250,'AKF','Anikay Air Company','ANIKAY',0,'2021-05-23 14:32:01',NULL),(251,'AKG','84 Squadron Royal Air Force @ RAF Akrotiri','GRIFTER',0,'2021-05-23 14:32:01',NULL),(252,'AKH','Akhal','AKHAL',0,'2021-05-23 14:32:01',NULL),(253,'AKI','Ibk-Petra','',0,'2021-05-23 14:32:01',NULL),(254,'AKK','Aklak Air','AKLAK',0,'2021-05-23 14:32:01',NULL),(255,'AKL','Air Kiribati','',0,'2021-05-23 14:32:01',NULL),(256,'AKM','Mak Air','MAKAIR',0,'2021-05-23 14:32:01',NULL),(257,'AKN','Alkan Air','ALKAN AIR',0,'2021-05-23 14:32:01',NULL),(258,'AKR','Arctic Air','Arctic Norway',0,'2021-05-23 14:32:01',NULL),(259,'AKT','Karat','AVIAKARAT',0,'2021-05-23 14:32:01',NULL),(260,'AKW','Angkor Airways','ANGKORWAYS',0,'2021-05-23 14:32:01',NULL),(261,'AKX','Air Nippon Network Co. Ltd.','ALFA WING',0,'2021-05-23 14:32:01',NULL),(262,'AKY','Yak-Service','YAK-SERVICE',0,'2021-05-23 14:32:01',NULL),(263,'AKZ','AK Navigator LLC','ABSOLUTE',0,'2021-05-23 14:32:01',NULL),(264,'AL1','All Argentina','',0,'2021-05-23 14:32:01',NULL),(265,'AL2','All America','',0,'2021-05-23 14:32:01',NULL),(266,'AL3','All Asia','',0,'2021-05-23 14:32:01',NULL),(267,'ALB','Aero Albatros','ALBATROS',0,'2021-05-23 14:32:01',NULL),(268,'ALC','Southern Jersey Airways',' Inc.',0,'2021-05-23 14:32:01',NULL),(269,'ALD','Albion Aviation','ALBION',0,'2021-05-23 14:32:01',NULL),(270,'ALE','Aeroalas Colombia','AEROALAS',0,'2021-05-23 14:32:01',NULL),(271,'ALF','Allied Command Europe (Mobile Force)','ACEFORCE',0,'2021-05-23 14:32:01',NULL),(272,'ALG','Air Logistics','AIRLOG',0,'2021-05-23 14:32:01',NULL),(273,'ALJ','Heli Ambulance Team','ALPIN HELI',0,'2021-05-23 14:32:01',NULL),(274,'ALK','SriLankan Airlines','SRILANKAN',0,'2021-05-23 14:32:01',NULL),(275,'ALL','Aerovallarta','VALLARTA',0,'2021-05-23 14:32:01',NULL),(276,'ALM','Air ALM','ANTILLEAN',0,'2021-05-23 14:32:01',NULL),(277,'ALN','Air Lincoln','CHICAGO LINCOLN',0,'2021-05-23 14:32:01',NULL),(278,'ALO','Allegheny Commuter Airlines','ALLEGHENY',0,'2021-05-23 14:32:01',NULL),(279,'ALP','Alpliner AG','ALPINER',0,'2021-05-23 14:32:01',NULL),(280,'ALQ','Altair Aviation (1986)','ALTAIR',0,'2021-05-23 14:32:01',NULL),(281,'ALR','Lineas Aereas Alaire S.L.','AEROLAIRE',0,'2021-05-23 14:32:01',NULL),(282,'ALS','Naka Nihon Airlines Service','',0,'2021-05-23 14:32:01',NULL),(283,'ALU','Air Luxor STP','LUXORJET',0,'2021-05-23 14:32:01',NULL),(284,'ALV','Alas de Venezuela','ALVEN',0,'2021-05-23 14:32:01',NULL),(285,'ALW','Alas Nacionales',' S.A.',0,'2021-05-23 14:32:01',NULL),(286,'ALX','Hewa Bora Airways','ALLCONGO',0,'2021-05-23 14:32:01',NULL),(287,'ALY','Alyeska Air Service','ALYESKA',0,'2021-05-23 14:32:01',NULL),(288,'ALZ','Alta Flights (Charters) Ltd.','',0,'2021-05-23 14:32:01',NULL),(289,'AMA','ATMA','ADIK',0,'2021-05-23 14:32:01',NULL),(290,'AMB','Deutsche Rettungsflugwacht','CIVIL AIR AMBULANCE',0,'2021-05-23 14:32:01',NULL),(291,'AMC','Air Malta','AIR MALTA',0,'2021-05-23 14:32:01',NULL),(292,'AMD','Aerolineas Medellin','AEROLINEAS MEDELLIN',0,'2021-05-23 14:32:01',NULL),(293,'AME','Spanish Air Force','AIRMIL',0,'2021-05-23 14:32:01',NULL),(294,'AMF','Ameriflight','AMFLIGHT',0,'2021-05-23 14:32:01',NULL),(295,'AMG','Air Minas Linhas A','AIR MINAS',0,'2021-05-23 14:32:01',NULL),(296,'AMH','Alan Mann Helicopters Ltd.','MANN',0,'2021-05-23 14:32:01',NULL),(297,'AMI','Air Maldives','AIR MALDIVES',0,'2021-05-23 14:32:01',NULL),(298,'AMJ','Aviation Amos','AVIATION AMOS',0,'2021-05-23 14:32:01',NULL),(299,'AMK','Amerer Air','AMER AIR',0,'2021-05-23 14:32:01',NULL),(300,'AML','Air Malawi','MALAWI',0,'2021-05-23 14:32:01',NULL),(301,'AMM','Aeroputul International Marculesti','AEROM',0,'2021-05-23 14:32:01',NULL),(302,'AMN','Air Montenegro','MONTENEGRO',0,'2021-05-23 14:32:01',NULL),(303,'AMO','Air Montreal (Air Holdings Inc.)','AIR MONTREAL',0,'2021-05-23 14:32:01',NULL),(304,'AMP','Aero Transporte S.A. (ATSA)','ATSA',0,'2021-05-23 14:32:01',NULL),(305,'AMQ','Aeromedicare Ltd.','LIFELINE',0,'2021-05-23 14:32:01',NULL),(306,'AMR','Air Specialties Corporation','AIR AM',0,'2021-05-23 14:32:01',NULL),(307,'AMS','Air Muskoka','AIR MUSKOKA',0,'2021-05-23 14:32:01',NULL),(308,'AMT','ATA Airlines','AMTRAN',0,'2021-05-23 14:32:01',NULL),(309,'AMU','Air Macau','AIR MACAO',0,'2021-05-23 14:32:01',NULL),(310,'AMV','AMC Airlines','',0,'2021-05-23 14:32:01',NULL),(311,'AMW','Air Midwest','AIR MIDWEST',0,'2021-05-23 14:32:01',NULL),(312,'AMX','AeroMxico','AEROMEXICO',0,'2021-05-23 14:32:01',NULL),(313,'AMY','Air Ambar','AIR AMBAR',0,'2021-05-23 14:32:01',NULL),(314,'AMZ','Amiya Airline','AMIYA AIR',0,'2021-05-23 14:32:01',NULL),(315,'ANA','All Nippon Airways','ALL NIPPON',0,'2021-05-23 14:32:01',NULL),(316,'ANB','Air Navigation And Trading Co. Ltd.','AIR NAV',0,'2021-05-23 14:32:01',NULL),(317,'ANC','Anglo Cargo','ANGLO',1,'2021-05-23 14:32:01',NULL),(318,'AND','National Jet Service','AIR INDIANA',0,'2021-05-23 14:32:01',NULL),(319,'ANE','Air Nostrum','AIR NOSTRUM',0,'2021-05-23 14:32:01',NULL),(320,'ANG','Air Niugini','NUIGINI',0,'2021-05-23 14:32:01',NULL),(321,'ANH','Alajnihah for Air Transport','ALAJNIHAH',0,'2021-05-23 14:32:01',NULL),(322,'ANI','Air Atlantic (Nig) Limited','NIGALANTIC',0,'2021-05-23 14:32:01',NULL),(323,'ANK','Air Nippon','ANK AIR',0,'2021-05-23 14:32:01',NULL),(324,'ANL','Nacoia Lda','AIR NACOIA',0,'2021-05-23 14:32:01',NULL),(325,'ANM','Antares Airtransport',' Maintenance & Service GmbH',0,'2021-05-23 14:32:01',NULL),(326,'ANO','Airnorth','TOPEND',0,'2021-05-23 14:32:01',NULL),(327,'ANQ','Aerol','ANTIOQUIA',0,'2021-05-23 14:32:01',NULL),(328,'ANS','Andes Lineas Aereas','AEROANDES',0,'2021-05-23 14:32:01',NULL),(329,'ANT','Air North Charter - Canada','AIR NORTH',0,'2021-05-23 14:32:01',NULL),(330,'ANU','Andalus Lineas Aereas','Andalus',0,'2021-05-23 14:32:01',NULL),(331,'ANV','Air Nevada','AIR NEVADA',0,'2021-05-23 14:32:01',NULL),(332,'ANW','Aviacion Del Noroeste',' S.A. de C.V.',0,'2021-05-23 14:32:01',NULL),(333,'ANX','Secretaria de Marina','SECRETARIA DEMARINA',0,'2021-05-23 14:32:01',NULL),(334,'ANZ','Air New Zealand','NEW ZEALAND',0,'2021-05-23 14:32:01',NULL),(335,'AO1','AirOne Atlantic','',0,'2021-05-23 14:32:01',NULL),(336,'AOA','Alcon Servicios Aereos',' S.A. de C.V.',0,'2021-05-23 14:32:01',NULL),(337,'AOC','AVCOM','AERO AVCOM',0,'2021-05-23 14:32:01',NULL),(338,'AOD','Aero Vodochody','AERO CZECH',0,'2021-05-23 14:32:01',NULL),(339,'AOE','Air One Executive','',0,'2021-05-23 14:32:01',NULL),(340,'AOF','Atair Pty Ltd.','ATAIR',0,'2021-05-23 14:32:01',NULL),(341,'AOG','Aero VIP','AVIP',0,'2021-05-23 14:32:01',NULL),(342,'AOI','Astoria',' Inc.',0,'2021-05-23 14:32:01',NULL),(343,'AOK','Aeroatlantico Colombia','',0,'2021-05-23 14:32:01',NULL),(344,'AOL','Angkor Airlines','ANGKOR AIR',0,'2021-05-23 14:32:01',NULL),(345,'AOM','AOM French Airlines','French Lines',0,'2021-05-23 14:32:01',NULL),(346,'AON','Aero Entreprise','AERO ENTERPRISE',0,'2021-05-23 14:32:01',NULL),(347,'AOO','As',' Opened Joint Stock Company',0,'2021-05-23 14:32:01',NULL),(348,'AOP','Aeropiloto','AEROPILOTO',0,'2021-05-23 14:32:01',NULL),(349,'AOR','Afro International Ent. Limited','INTER-AFRO',0,'2021-05-23 14:32:01',NULL),(350,'AOS','Servicios Aerecs Del Sol',' S.A. de C.V.',0,'2021-05-23 14:32:01',NULL),(351,'AOT','Asia Overnight Express','ASIA OVERNIGHT',0,'2021-05-23 14:32:01',NULL),(352,'AOU','Air Tractor','AIR TRACTOR',0,'2021-05-23 14:32:01',NULL),(353,'AOV','Aero Vision','AEROVISION',0,'2021-05-23 14:32:01',NULL),(354,'AOW','Air Andaman (2Y)','AIR ANDAMAN',0,'2021-05-23 14:32:01',NULL),(355,'AOX','Aerotaxi Del Valle','AEROVALLE',0,'2021-05-23 14:32:01',NULL),(356,'APA','Air Park Aviation Ltd.','CAN-AM',0,'2021-05-23 14:32:01',NULL),(357,'APC','Airpac Airlines',' Inc.',0,'2021-05-23 14:32:01',NULL),(358,'APD','Sabre Pacific','',0,'2021-05-23 14:32:01',NULL),(359,'APE','Parcel Express','AIR PARCEL',0,'2021-05-23 14:32:01',NULL),(360,'APF','Amapola Flyg AB','AMAPOLA',0,'2021-05-23 14:32:01',NULL),(361,'APG','Air People International','AIR PEOPLE',0,'2021-05-23 14:32:01',NULL),(362,'APH','Alpha Aviation',' Inc.',0,'2021-05-23 14:32:01',NULL),(363,'API','ASA Pesada',' Lda.',0,'2021-05-23 14:32:01',NULL),(364,'APJ','Air Print',' S.A.',0,'2021-05-23 14:32:01',NULL),(365,'APL','Appalachian Flying Service',' Inc.',0,'2021-05-23 14:32:01',NULL),(366,'APM','Airpac',' Inc.',0,'2021-05-23 14:32:01',NULL),(367,'APO','Aeropro','AEROPRO',0,'2021-05-23 14:32:01',NULL),(368,'APP','Aerolineas Pacifico Atlantico',' S.A. (Apair)',0,'2021-05-23 14:32:01',NULL),(369,'APQ','Aspen Aviation','ASPEN BASE',0,'2021-05-23 14:32:01',NULL),(370,'APT','LAP Colombia - Lineas Aereas Petroleras',' S.A.',0,'2021-05-23 14:32:01',NULL),(371,'APU','Aeropuma',' S.A.',0,'2021-05-23 14:32:01',NULL),(372,'APV','Air Plan International','AIR PLAN',0,'2021-05-23 14:32:01',NULL),(373,'APW','Arrow Air','BIG A',0,'2021-05-23 14:32:01',NULL),(374,'APX','Apex Air Cargo','PARCEL EXPRESS',1,'2021-05-23 14:32:01',NULL),(375,'APY','APA Internacional','APA INTERNACIONAL',0,'2021-05-23 14:32:01',NULL),(376,'AQA','Aeroatlas',' S.A.',0,'2021-05-23 14:32:01',NULL),(377,'AQL','Aquila Air Ltd.','AQUILA',0,'2021-05-23 14:32:01',NULL),(378,'AQN','Air Queensland','BUSHAIR',0,'2021-05-23 14:32:01',NULL),(379,'AQO','Aluminum Company Of America','ALCOA SHUTTLE',0,'2021-05-23 14:32:01',NULL),(380,'AQT','Aviones de Renta de Quintana Roo',' S.A. de C.V.',0,'2021-05-23 14:32:01',NULL),(381,'AQU','AirQuarius Aviation','QUARIUS',0,'2021-05-23 14:32:01',NULL),(382,'AQZ','Aerodyne Charter Company','QUANZA',0,'2021-05-23 14:32:01',NULL),(383,'ARA','Arik Air','ARIK AIR',0,'2021-05-23 14:32:01',NULL),(384,'ARB','Avia Air N.V.','AVIAIR',0,'2021-05-23 14:32:01',NULL),(385,'ARC','Air Routing International Corp.','',0,'2021-05-23 14:32:01',NULL),(386,'ARD','Aerocondor','AEROCONDOR',0,'2021-05-23 14:32:01',NULL),(387,'ARE','Aires',' Aerovias de Integracion Regional',0,'2021-05-23 14:32:01',NULL),(388,'ARF','Aero Flight','Aero Fox',0,'2021-05-23 14:32:01',NULL),(389,'ARG','Aerolineas Argentinas','ARGENTINA',0,'2021-05-23 14:32:01',NULL),(390,'ARH','Arrowhead Airways','ARROWHEAD',0,'2021-05-23 14:32:01',NULL),(391,'ARI','Aero Vics','AEROVICS',0,'2021-05-23 14:32:01',NULL),(392,'ARJ','Aerojet de Costa Rica',' S.A.',0,'2021-05-23 14:32:01',NULL),(393,'ARK','Aero Link Air Services S.L.','LINK SERVICE',0,'2021-05-23 14:32:01',NULL),(394,'ARL','Airlec - Air Aquitaine Transport','AIRLEC',0,'2021-05-23 14:32:01',NULL),(395,'ARM','Aeromarket Express','AMEX',0,'2021-05-23 14:32:01',NULL),(396,'ARO','Arrow Aviation Ltd.','ARROW',0,'2021-05-23 14:32:01',NULL),(397,'ARP','RPA-Aviataxi Ltd.','',0,'2021-05-23 14:32:01',NULL),(398,'ARQ','Armstrong Air',' Inc.',0,'2021-05-23 14:32:01',NULL),(399,'ARR','Air Armenia','AIR ARMENIA',0,'2021-05-23 14:32:01',NULL),(400,'ARS','Aeromet Servicios','METSERVICE',0,'2021-05-23 14:32:01',NULL),(401,'ART','Aerotal Aerolineas Territoriales de Colombia Ltda','AEROTAL',0,'2021-05-23 14:32:01',NULL),(402,'ARU','Aruba Airlines','',0,'2021-05-23 14:32:01',NULL),(403,'ARV','Aravco Ltd.','ARAVCO',0,'2021-05-23 14:32:01',NULL),(404,'ARW','Aria','ARIABIRD',0,'2021-05-23 14:32:01',NULL),(405,'ARX','Air Xpress',' Inc.',0,'2021-05-23 14:32:01',NULL),(406,'ARY','Argosy Airways','GOSEY',0,'2021-05-23 14:32:01',NULL),(407,'ARZ','Air Resorts','AIR RESORTS',0,'2021-05-23 14:32:01',NULL),(408,'ASA','Alaska Airlines',' Inc.',0,'2021-05-23 14:32:01',NULL),(409,'ASB','Air-Spray 1967 Ltd.','AIR SPRAY',0,'2021-05-23 14:32:01',NULL),(410,'ASC','Air Star Corporation','AIR STAR',0,'2021-05-23 14:32:01',NULL),(411,'ASD','Air Sinai','AIR SINAI',0,'2021-05-23 14:32:01',NULL),(412,'ASE','Airstars','MOROZOV',0,'2021-05-23 14:32:01',NULL),(413,'ASF','Air Schefferville',' Inc.',0,'2021-05-23 14:32:01',NULL),(414,'ASG','African Star Airways (PTY) Ltd.','AFRICAN STAR',0,'2021-05-23 14:32:01',NULL),(415,'ASH','Mesa Airlines','AIR SHUTTLE',0,'2021-05-23 14:32:01',NULL),(416,'ASI','Aerosun International',' Inc.',0,'2021-05-23 14:32:01',NULL),(417,'ASJ','Air Satellite','SATELLITE',0,'2021-05-23 14:32:01',NULL),(418,'ASK','La Ronge Aviation Services','AIR SASK',0,'2021-05-23 14:32:01',NULL),(419,'ASL','Spurling Aviation','AIR SEATTLE',0,'2021-05-23 14:32:01',NULL),(420,'ASL','Air Serbia','AIR SERBIA',0,'2021-05-23 14:32:01',NULL),(421,'ASM','Awesome Flight Services (PTY) Ltd.','AWESOME',0,'2021-05-23 14:32:01',NULL),(422,'ASN','Air and Sea Transport','',0,'2021-05-23 14:32:01',NULL),(423,'ASO','Aero Slovakia','AERO NITRA',0,'2021-05-23 14:32:01',NULL),(424,'ASP','Airsprint','AIRSPRINT',0,'2021-05-23 14:32:01',NULL),(425,'ASQ','Atlantic Southeast Airlines','ACEY',0,'2021-05-23 14:32:01',NULL),(426,'ASR','All Star Airlines',' Inc.',0,'2021-05-23 14:32:01',NULL),(427,'ASS','Air Class',' S.A. de C.V.',0,'2021-05-23 14:32:01',NULL),(428,'AST','Aerlineas Del Oeste','AEROESTE',0,'2021-05-23 14:32:01',NULL),(429,'ASU','Compania Boliviana de Transporte Aereo Privado Aerosur',' S.A.',0,'2021-05-23 14:32:01',NULL),(430,'ASV','Astravia-Bissau Air Transports Ltd.','ASTRAVIA',0,'2021-05-23 14:32:01',NULL),(431,'ASW','Air Southwest Ltd.','AIRSOUTHWEST',0,'2021-05-23 14:32:01',NULL),(432,'ASX','Air Special','AIRSPEC',0,'2021-05-23 14:32:01',NULL),(433,'ASY','Royal Australian Air Force','AUSSIE',0,'2021-05-23 14:32:01',NULL),(434,'ASZ','Astrakhan Airlines','AIR ASTRAKHAN',0,'2021-05-23 14:32:01',NULL),(435,'ATA','Air Transport Association','',0,'2021-05-23 14:32:01',NULL),(436,'ATB','Atlantair Ltd.','STARLITE',0,'2021-05-23 14:32:01',NULL),(437,'ATC','Air Tanzania','TANZANIA',0,'2021-05-23 14:32:01',NULL),(438,'ATD','Aerotours Dominicana','AEROTOURS',0,'2021-05-23 14:32:01',NULL),(439,'ATE','Atlantis Transportation Services',' Ltd.',0,'2021-05-23 14:32:01',NULL),(440,'ATF','Compania Aerotecnicas Fotograficas','AEROTECNICAS',0,'2021-05-23 14:32:01',NULL),(441,'ATG','Aerotrans Airline','BACHYT',0,'2021-05-23 14:32:01',NULL),(442,'ATH','Air Travel Corp.','AIR TRAVEL',0,'2021-05-23 14:32:01',NULL),(443,'ATI','Aero-Tropics Air Services','',0,'2021-05-23 14:32:01',NULL),(444,'ATJ','Air Traffic GmbH','SNOOPY',0,'2021-05-23 14:32:01',NULL),(445,'ATK','AeroTACA','AEROTACA',0,'2021-05-23 14:32:01',NULL),(446,'ATL','Aerocentral','CENTRALMEX',0,'2021-05-23 14:32:01',NULL),(447,'ATM','Airlines Of Tasmania','AIRTAS',0,'2021-05-23 14:32:01',NULL),(448,'ATN','Air Transport International','AIR TRANSPORT',0,'2021-05-23 14:32:01',NULL),(449,'ATP','ASTRAL Colombia - Aerotransportes Especiales Ltda.','ASTRAL',0,'2021-05-23 14:32:01',NULL),(450,'ATQ','Air Transport Schiphol','MULTI',0,'2021-05-23 14:32:01',NULL),(451,'ATR','Atlas Airlines','ATLAS-AIR',0,'2021-05-23 14:32:01',NULL),(452,'ATS','Air Transport Service','',0,'2021-05-23 14:32:01',NULL),(453,'ATT','Aer Turas','AERTURAS',0,'2021-05-23 14:32:01',NULL),(454,'ATU','Atlant Aerobatics Ltd.','ATLANT HUNGARY',0,'2021-05-23 14:32:01',NULL),(455,'ATV','Avanti Air','AVANTI AIR',0,'2021-05-23 14:32:01',NULL),(456,'ATW','Aero Trades (Western) Ltd.','AERO TRADES',0,'2021-05-23 14:32:01',NULL),(457,'ATX','Warwickshire Aerocentre Ltd.','AIRTAX',0,'2021-05-23 14:32:01',NULL),(458,'AUA','Austrian Airlines','AUSTRIAN',0,'2021-05-23 14:32:01',NULL),(459,'AUB','Augsburg Airways','AUGSBURG-AIR',0,'2021-05-23 14:32:01',NULL),(460,'AUC','Transaustralian Air Express','AUSCARGO',1,'2021-05-23 14:32:01',NULL),(461,'AUD','Audi Air',' Inc.',0,'2021-05-23 14:32:01',NULL),(462,'AUF','Augusta Air Luftfahrtunternehmen','AUGUSTA',0,'2021-05-23 14:32:01',NULL),(463,'AUH','Abu Dhabi Amiri Flight','SULTAN',0,'2021-05-23 14:32:01',NULL),(464,'AUI','Ukraine International Airlines','UKRAINE INTERNATIONAL',0,'2021-05-23 14:32:01',NULL),(465,'AUJ','Business Flight Salzburg','AUSTROJET',0,'2021-05-23 14:32:01',NULL),(466,'AUK','AUOS','AUOS',0,'2021-05-23 14:32:01',NULL),(467,'AUL','Aeroflot-Nord','DVINA',0,'2021-05-23 14:32:01',NULL),(468,'AUM','Air Atlantic Uruguay','ATLAMUR',0,'2021-05-23 14:32:01',NULL),(469,'AUN','Aviones Unidos','AVIONES UNIDOS',0,'2021-05-23 14:32:01',NULL),(470,'AUO','Empresa (Aero Uruguay)',' S.A.',0,'2021-05-23 14:32:01',NULL),(471,'AUP','Avia Business Group','',0,'2021-05-23 14:32:01',NULL),(472,'AUR','Aurigny Air Services','AYLINE',0,'2021-05-23 14:32:01',NULL),(473,'AUS','Aus-Air','',0,'2021-05-23 14:32:01',NULL),(474,'AUT','Austral Lineas Aereas','AUSTRAL',0,'2021-05-23 14:32:01',NULL),(475,'AUU','Aurora Aviation',' Inc.',0,'2021-05-23 14:32:01',NULL),(476,'AUX','Air Uganda International Ltd.','',0,'2021-05-23 14:32:01',NULL),(477,'AUY','Aerolineas Uruguayas',' S.A.',0,'2021-05-23 14:32:01',NULL),(478,'AUZ','Australian Airlines','AUSTRALIAN',0,'2021-05-23 14:32:01',NULL),(479,'AVA','Avianca - Aerovias Nacionales de Colombia',' S.A.',0,'2021-05-23 14:32:01',NULL),(480,'AVB','Aviation Beaufort','BEAUPAIR',0,'2021-05-23 14:32:01',NULL),(481,'AVD','Alamo Aviacion',' S.L.',0,'2021-05-23 14:32:01',NULL),(482,'AVE','Avensa','Avensa',0,'2021-05-23 14:32:01',NULL),(483,'AVF','Aviair Aviation Ltd.','CARIBOO',0,'2021-05-23 14:32:01',NULL),(484,'AVG','Air Falcon','DJIBOUTI FALCON',0,'2021-05-23 14:32:01',NULL),(485,'AVH','AV8 Helicopters','KENT HELI',0,'2021-05-23 14:32:01',NULL),(486,'AVJ','Avia Traffic Company','ATOMIC',0,'2021-05-23 14:32:01',NULL),(487,'AVK','AV8 Helicopters','AVIATE-COPTER',0,'2021-05-23 14:32:01',NULL),(488,'AVM','Aviacion Ejecutiva Mexicana',' S.A.',0,'2021-05-23 14:32:01',NULL),(489,'AVN','Air Vanuatu','AIR VAN',0,'2021-05-23 14:32:01',NULL),(490,'AVO','Aviation at Work','AVIATION WORK',0,'2021-05-23 14:32:01',NULL),(491,'AVP','Avcorp Registrations','AVCORP',0,'2021-05-23 14:32:01',NULL),(492,'AVQ','Aviation Services',' Inc.',0,'2021-05-23 14:32:01',NULL),(493,'AVR','Active Aero Charter',' Inc.',0,'2021-05-23 14:32:01',NULL),(494,'AVS','Avialsa T-35','AVIALSA',0,'2021-05-23 14:32:01',NULL),(495,'AVT','Asia Avia Airlines','ASIAVIA',0,'2021-05-23 14:32:01',NULL),(496,'AVU','Avia Sud A','AVIASUD',0,'2021-05-23 14:32:01',NULL),(497,'AVV','Airvantage Incorporated','AIRVANTAGE',0,'2021-05-23 14:32:01',NULL),(498,'AVW','Aviator Airways','AVIATOR',0,'2021-05-23 14:32:01',NULL),(499,'AVX','Aviapaslauga','PASLAUGA',0,'2021-05-23 14:32:01',NULL),(500,'AVY','Aerovaradero',' S.A.',0,'2021-05-23 14:32:01',NULL),(501,'AVZ','Air Valencia','AIR VALENCIA',0,'2021-05-23 14:32:01',NULL),(502,'AWA','Asia Wings','',0,'2021-05-23 14:32:01',NULL),(503,'AWB','Airways International',' Inc.',0,'2021-05-23 14:32:01',NULL),(504,'AWC','Titan Airways','ZAP',0,'2021-05-23 14:32:01',NULL),(505,'AWD','Providence Aviation Services','',0,'2021-05-23 14:32:01',NULL),(506,'AWE','America West Airlines','CACTUS',0,'2021-05-23 14:32:01',NULL),(507,'AWI','Air Wisconsin','AIR WISCONSIN',0,'2021-05-23 14:32:01',NULL),(508,'AWJ','Sahel Airlines','SAHEL AIRLINES',0,'2021-05-23 14:32:01',NULL),(509,'AWK','Airwork','AIRWORK',0,'2021-05-23 14:32:01',NULL),(510,'AWL','Australian Wetleasing','AUSSIEWORLD',0,'2021-05-23 14:32:01',NULL),(511,'AWM','Asian Wings Airways','Asian Star',0,'2021-05-23 14:32:01',NULL),(512,'AWN','Air Niamey','AIR NIAMEY',0,'2021-05-23 14:32:01',NULL),(513,'AWO','Awood Air Ltd.','AWOOD AIR',0,'2021-05-23 14:32:01',NULL),(514,'AWQ','Indonesia AirAsia','WAGON AIR',0,'2021-05-23 14:32:01',NULL),(515,'AWR','Arctic Wings And Rotors Ltd.','ARCTIC WINGS',0,'2021-05-23 14:32:01',NULL),(516,'AWS','Arab Wings','ARAB WINGS',0,'2021-05-23 14:32:01',NULL),(517,'AWT','Air West','AIR WEST',0,'2021-05-23 14:32:01',NULL),(518,'AWU','Aeroline GmbH','SYLT-AIR',0,'2021-05-23 14:32:01',NULL),(519,'AWV','Airwave Transport',' Inc.',0,'2021-05-23 14:32:01',NULL),(520,'AWW','Air Wales','RED DRAGON',0,'2021-05-23 14:32:01',NULL),(521,'AWY','Aeroway',' S.L.',0,'2021-05-23 14:32:01',NULL),(522,'AWZ','AirWest','',0,'2021-05-23 14:32:01',NULL),(523,'AXB','Air India Express','EXPRESS INDIA',0,'2021-05-23 14:32:01',NULL),(524,'AXC','Indochina Airlines','Airspup',0,'2021-05-23 14:32:01',NULL),(525,'AXD','Air Express','AIR SUDEX',0,'2021-05-23 14:32:01',NULL),(526,'AXE','Air Explore','',0,'2021-05-23 14:32:01',NULL),(527,'AXF','Asian Express Airlines','FREIGHTEXPRESS',0,'2021-05-23 14:32:01',NULL),(528,'AXH','Aeromexhaga','AEROMEXHAGA',0,'2021-05-23 14:32:01',NULL),(529,'AXI','Aeron International Airlines',' Inc.',0,'2021-05-23 14:32:01',NULL),(530,'AXK','African Express Airways','EXPRESS JET',0,'2021-05-23 14:32:01',NULL),(531,'AXL','Air Exel','EXEL COMMUTER',0,'2021-05-23 14:32:01',NULL),(532,'AXM','AirAsia','ASIAN EXPRESS',0,'2021-05-23 14:32:01',NULL),(533,'AXN','Alexandair','ALEXANDROS',0,'2021-05-23 14:32:01',NULL),(534,'AXP','Aeromax','AEROMAX SPAIN',0,'2021-05-23 14:32:01',NULL),(535,'AXQ','Action Airlines (Action Air Charter)','ACTION AIR',0,'2021-05-23 14:32:01',NULL),(536,'AXR','Axel Rent',' S.A.',0,'2021-05-23 14:32:01',NULL),(537,'AXS','Altus Airlines','ALTUS',0,'2021-05-23 14:32:01',NULL),(538,'AXV','Aviaxess','AXAVIA',0,'2021-05-23 14:32:01',NULL),(539,'AXX','Avioimpex A.D.p.o.','IMPEX',0,'2021-05-23 14:32:01',NULL),(540,'AXY','Axis Airways','AXIS',0,'2021-05-23 14:32:01',NULL),(541,'AXZ','Aereonautica militare','',0,'2021-05-23 14:32:01',NULL),(542,'AYB','Belgian Army','BELGIAN ARMY',0,'2021-05-23 14:32:01',NULL),(543,'AYD','Aladia Airlines','AIRLINES ALADIA',0,'2021-05-23 14:32:01',NULL),(544,'AYK','Aykavia Aircompany','',0,'2021-05-23 14:32:01',NULL),(545,'AYM','Airman',' S.L.',0,'2021-05-23 14:32:01',NULL),(546,'AYN','Atlantic Airlines',' S.A.',0,'2021-05-23 14:32:01',NULL),(547,'AYR','Flight Training Europe','CYGNET',0,'2021-05-23 14:32:01',NULL),(548,'AYS','Awsaj Aviation Services','',0,'2021-05-23 14:32:01',NULL),(549,'AYT','Ayeet Aviation & Tourism','AYEET',0,'2021-05-23 14:32:01',NULL),(550,'AYU','Yuhi Air Lines','',0,'2021-05-23 14:32:01',NULL),(551,'AYZ','Atlant-Soyuz Airlines','ATLANT-SOYUZ',0,'2021-05-23 14:32:01',NULL),(552,'AZA','Alitalia','ALITALIA',0,'2021-05-23 14:32:01',NULL),(553,'AZB','Azamat','TUMARA',0,'2021-05-23 14:32:01',NULL),(554,'AZE','Arcus-Air Logistic','ARCUS AIR',0,'2021-05-23 14:32:01',NULL),(555,'AZF','Air Zermatt AG','AIR ZERMATT',0,'2021-05-23 14:32:01',NULL),(556,'AZG','Sakaviaservice','SAKSERVICE',0,'2021-05-23 14:32:01',NULL),(557,'AZI','Azzurra Air','AZZURRA',0,'2021-05-23 14:32:01',NULL),(558,'AZK','Azalhelikopter','AZALHELICOPTER',0,'2021-05-23 14:32:01',NULL),(559,'AZL','Africa One','SKY AFRICA',0,'2021-05-23 14:32:01',NULL),(560,'AZM','Aerocozumel','AEROCOZUMEL',0,'2021-05-23 14:32:01',NULL),(561,'AZN','Amaszonas','',0,'2021-05-23 14:32:01',NULL),(562,'AZP','Arizona Pacific Airways','ARIZONA PACIFIC',0,'2021-05-23 14:32:01',NULL),(563,'AZQ','Silk Way Airlines','SILK LINE',0,'2021-05-23 14:32:01',NULL),(564,'AZR','Zenith Air','ZENAIR',0,'2021-05-23 14:32:01',NULL),(565,'AZS','Aviacon Zitotrans Air Company','ZITOTRANS',0,'2021-05-23 14:32:01',NULL),(566,'AZT','Azimut',' S.A.',0,'2021-05-23 14:32:01',NULL),(567,'AZU','Azul','',0,'2021-05-23 14:32:01',NULL),(568,'AZV','Azov Avia Airlines','AZOV AVIA',0,'2021-05-23 14:32:01',NULL),(569,'AZW','Air Zimbabwe','AIR ZIMBABWE',0,'2021-05-23 14:32:01',NULL),(570,'AZX','Air Max Africa','AZIMA',0,'2021-05-23 14:32:01',NULL),(571,'AZY','Arizona Airways',' Inc.',0,'2021-05-23 14:32:01',NULL),(572,'AZZ','Azza Transport','AZZA TRANSPORT',0,'2021-05-23 14:32:01',NULL),(573,'BA1','Baltic Air lines','Baltic',0,'2021-05-23 14:32:01',NULL),(574,'BAA','Balkan Agro Aviation','BALKAN AGRO',0,'2021-05-23 14:32:01',NULL),(575,'BAB','Bahrain Air BSC (Closed)','AWAL',0,'2021-05-23 14:32:01',NULL),(576,'BAC','BAC Leasing Limited','',0,'2021-05-23 14:32:01',NULL),(577,'BAE','BAE Systems','FELIX',0,'2021-05-23 14:32:01',NULL),(578,'BAF','Belgian Air Force','BELGIAN AIRFORCE',0,'2021-05-23 14:32:01',NULL),(579,'BAG','dba','SPEEDWAY',0,'2021-05-23 14:32:01',NULL),(580,'BAH','The Amiri Flight','BAHRAIN',0,'2021-05-23 14:32:01',NULL),(581,'BAJ','Baker Aviation','BAKER AVIATION',0,'2021-05-23 14:32:01',NULL),(582,'BAK','Blackhawk Airways','BLACKHAWK',0,'2021-05-23 14:32:01',NULL),(583,'BAL','Britannia Airways','BRITANNIA',0,'2021-05-23 14:32:01',NULL),(584,'BAM','Business Air Services','BUSINESS AIR',0,'2021-05-23 14:32:01',NULL),(585,'BAN','British Antarctic Survey','PENGUIN',0,'2021-05-23 14:32:01',NULL),(586,'BAP','Trans International Express Aviation','BIG APPLE',0,'2021-05-23 14:32:01',NULL),(587,'BAR','Bradly Air (Charter) Services','BRADLEY',0,'2021-05-23 14:32:01',NULL),(588,'BAS','Aero Services','AEROSERV',0,'2021-05-23 14:32:01',NULL),(589,'BAT','Premiair','BALLISTIC',0,'2021-05-23 14:32:01',NULL),(590,'BAU','Bissau Airlines','AIR BISSAU',0,'2021-05-23 14:32:01',NULL),(591,'BAV','Bay Aviation Ltd','BAY AIR',0,'2021-05-23 14:32:01',NULL),(592,'BAW','British Airways','SPEEDBIRD',0,'2021-05-23 14:32:01',NULL),(593,'BAX','Best Aero Handling Ltd','',0,'2021-05-23 14:32:01',NULL),(594,'BAY','Bayon Airlines','BAYON',0,'2021-05-23 14:32:01',NULL),(595,'BAZ','BAE Systems Flight Training','',0,'2021-05-23 14:32:01',NULL),(596,'BBA','Bannert Air','BANAIR',0,'2021-05-23 14:32:01',NULL),(597,'BBB','SwedJet Airways','BLACKBIRD',0,'2021-05-23 14:32:01',NULL),(598,'BBC','Biman Bangladesh Airlines','BANGLADESH',0,'2021-05-23 14:32:01',NULL),(599,'BBD','Bluebird Cargo','BLUE CARGO',1,'2021-05-23 14:32:01',NULL),(600,'BBE','Ababeel Aviation','BABEL AIR',0,'2021-05-23 14:32:01',NULL),(601,'BBG','Bluebird Airways (BZ)','',0,'2021-05-23 14:32:01',NULL),(602,'BBL','IBM Euroflight Operations','BLUE',0,'2021-05-23 14:32:01',NULL),(603,'BBO','Flybaboo','BABOO',0,'2021-05-23 14:32:01',NULL),(604,'BBR','Santa Barbara Airlines','SANTA BARBARA',0,'2021-05-23 14:32:01',NULL),(605,'BBS','Beibars CJSC','BEIBARS',0,'2021-05-23 14:32:01',NULL),(606,'BBT','Air Bashkortostan','AGYDAL',0,'2021-05-23 14:32:01',NULL),(607,'BBV','Bravo Airlines','BRAVO EUROPE',0,'2021-05-23 14:32:01',NULL),(608,'BBZ','Blue Bird Aviation','COBRA',0,'2021-05-23 14:32:01',NULL),(609,'BCB','Carib Express','WAVEBIRD',0,'2021-05-23 14:32:01',NULL),(610,'BCC','BusinessAir','',0,'2021-05-23 14:32:01',NULL),(611,'BCF','BACH Flugbetriebsges','BACH',0,'2021-05-23 14:32:01',NULL),(612,'BCH','Phillips Air','BEACHBALL',0,'2021-05-23 14:32:01',NULL),(613,'BCI','Blue Islands','BLUE ISLAND',0,'2021-05-23 14:32:01',NULL),(614,'BCK','Priority Aviation Company','BANKCHECK',0,'2021-05-23 14:32:01',NULL),(615,'BCL','British Caribbean Airways','',0,'2021-05-23 14:32:01',NULL),(616,'BCN','Ocean Air','BLUE OCEAN',0,'2021-05-23 14:32:01',NULL),(617,'BCR','British Charter','BACKER',0,'2021-05-23 14:32:01',NULL),(618,'BCS','European Air Transport','EUROTRANS',0,'2021-05-23 14:32:01',NULL),(619,'BCT','BCT Aviation','BOBCAT',0,'2021-05-23 14:32:01',NULL),(620,'BCV','Business Aviation Center','BUSINESS AVIATION',0,'2021-05-23 14:32:01',NULL),(621,'BCY','CityJet','CITY-IRELAND',0,'2021-05-23 14:32:01',NULL),(622,'BDA','Blue Dart Aviation','BLUE DART',0,'2021-05-23 14:32:01',NULL),(623,'BDF','Bissau Discovery Flying Club','BISSAU DISCOVERY',0,'2021-05-23 14:32:01',NULL),(624,'BDG','Mississippi State University','BULLDOG',0,'2021-05-23 14:32:01',NULL),(625,'BDM','Air Bandama','BANDAMA',0,'2021-05-23 14:32:01',NULL),(626,'BDN','DERA Boscombe Down','GAUNTLET',0,'2021-05-23 14:32:01',NULL),(627,'BDR','Badr Airlines','BADR AIR',0,'2021-05-23 14:32:01',NULL),(628,'BDS','South Asian Airlines','SOUTH ASIAN',0,'2021-05-23 14:32:01',NULL),(629,'BEA','Best Aviation Ltd','BEST AIR',0,'2021-05-23 14:32:01',NULL),(630,'BEC','State Air Company Berkut','',0,'2021-05-23 14:32:01',NULL),(631,'BED','Belgorod Aviation Enterprise','BELOGORYE',0,'2021-05-23 14:32:01',NULL),(632,'BEE','Flybe','JERSEY',0,'2021-05-23 14:32:01',NULL),(633,'BEF','Balear Express','BALEAR EXPRESS',0,'2021-05-23 14:32:01',NULL),(634,'BEH','Bel Air Helicopters','BLUECOPTER',0,'2021-05-23 14:32:01',NULL),(635,'BEK','Berkut Air','BERKUT',0,'2021-05-23 14:32:01',NULL),(636,'BEL','Brussels Airlines','BRUSSELS',0,'2021-05-23 14:32:01',NULL),(637,'BER','Air Berlin','AIR BERLIN',0,'2021-05-23 14:32:01',NULL),(638,'BES','Aero Services Executive','BIRD EXPRESS',0,'2021-05-23 14:32:01',NULL),(639,'BET','BETA - Brazilian Express Transportes Aereos','BETA CARGO',1,'2021-05-23 14:32:01',NULL),(640,'BEU','Bateleur Air','',0,'2021-05-23 14:32:01',NULL),(641,'BEZ','Kingfisher Air Services','SEA BREEZE',0,'2021-05-23 14:32:01',NULL),(642,'BFA','Presidence Du Faso','',0,'2021-05-23 14:32:01',NULL),(643,'BFC','Basler Flight Service','BASLER',0,'2021-05-23 14:32:01',NULL),(644,'BFF','Air Baffin','AIR BAFFIN',0,'2021-05-23 14:32:01',NULL),(645,'BFG','Bear Flight','BEARFLIGHT',0,'2021-05-23 14:32:01',NULL),(646,'BFL','Buffalo Airways','BUFFALO',0,'2021-05-23 14:32:01',NULL),(647,'BFN','Compangnie Nationale Naganagani','',0,'2021-05-23 14:32:01',NULL),(648,'BFO','Bombardier','BOMBARDIER',0,'2021-05-23 14:32:01',NULL),(649,'BFR','Burkina Airlines','BURKLINES',0,'2021-05-23 14:32:01',NULL),(650,'BFS','Business Flight Sweden','BUSINESS FLIGHT',0,'2021-05-23 14:32:01',NULL),(651,'BFW','Bahrain Defence Force','SUMMAN',0,'2021-05-23 14:32:01',NULL),(652,'BG1','BudgetAir','',0,'2021-05-23 14:32:01',NULL),(653,'BGA','Airbus Transport International','BELOUGA',0,'2021-05-23 14:32:01',NULL),(654,'BGD','Air Bangladesh','AIR BANGLA',0,'2021-05-23 14:32:01',NULL),(655,'BGF','Aviodetachment-28','BULGARIAN',0,'2021-05-23 14:32:01',NULL),(656,'BGG','Aero BG','AERO BG',0,'2021-05-23 14:32:01',NULL),(657,'BGH','BH Air','BALKAN HOLIDAYS',0,'2021-05-23 14:32:01',NULL),(658,'BGI','British Gulf International','BRITISH GULF',0,'2021-05-23 14:32:01',NULL),(659,'BGK','British Gulf International-Fez','GULF INTER',0,'2021-05-23 14:32:01',NULL),(660,'BGL','Benin Golf Air','BENIN GOLF',0,'2021-05-23 14:32:01',NULL),(661,'BGM','Bugulma Air Enterprise','BUGAVIA',0,'2021-05-23 14:32:01',NULL),(662,'BGR','Budget Air Bangladesh','BUDGET AIR',0,'2021-05-23 14:32:01',NULL),(663,'BGT','Bergen Air Transport','BERGEN AIR',0,'2021-05-23 14:32:01',NULL),(664,'BGY','Bingo Airways','',0,'2021-05-23 14:32:01',NULL),(665,'BHA','Buddha Air','BUDDHA AIR',0,'2021-05-23 14:32:01',NULL),(666,'BHC','Aerotaxis De La Bahia','BAHIA',0,'2021-05-23 14:32:01',NULL),(667,'BHI','Balkh Airlines','SHARIF',0,'2021-05-23 14:32:01',NULL),(668,'BHL','Bristow Helicopters','BRISTOW',0,'2021-05-23 14:32:01',NULL),(669,'BHN','Bristow Helicopters Nigeria','BRISTOW HELICOPTERS',0,'2021-05-23 14:32:01',NULL),(670,'BHO','Bhoja Airlines','BHOJA',0,'2021-05-23 14:32:01',NULL),(671,'BHP','Belair Airlines','BELAIR',0,'2021-05-23 14:32:01',NULL),(672,'BHR','Bighorn Airways','BIGHORN AIR',0,'2021-05-23 14:32:01',NULL),(673,'BHS','Bahamasair','BAHAMAS',0,'2021-05-23 14:32:01',NULL),(674,'BHT','Bright Air','BRIGHTAIR',0,'2021-05-23 14:32:01',NULL),(675,'BHV','Specavia Air Company','AVIASPEC',0,'2021-05-23 14:32:01',NULL),(676,'BHY','Bosphorus European Airways','BOSPHORUS',0,'2021-05-23 14:32:01',NULL),(677,'BIB','Michelin Air Services','',0,'2021-05-23 14:32:01',NULL),(678,'BID','Binair','BINAIR',0,'2021-05-23 14:32:01',NULL),(679,'BIE','Air Mediterranee','MEDITERRANEE',0,'2021-05-23 14:32:01',NULL),(680,'BIG','Big Island Air','BIG ISLE',0,'2021-05-23 14:32:01',NULL),(681,'BIH','British International Helicopters','BRINTEL',0,'2021-05-23 14:32:01',NULL),(682,'BIL','Billund Air Center','BILAIR',0,'2021-05-23 14:32:01',NULL),(683,'BIN','Boise Interagency Fire Center','BISON-AIR',0,'2021-05-23 14:32:01',NULL),(684,'BIR','Bird Leasing','BIRD AIR',0,'2021-05-23 14:32:01',NULL),(685,'BIS','Irbis Air','IRBIS',0,'2021-05-23 14:32:01',NULL),(686,'BIV','Aviaservice','AVIASERVICE',0,'2021-05-23 14:32:01',NULL),(687,'BIZ','Bizjet Ltd','BIZZ',0,'2021-05-23 14:32:01',NULL),(688,'BJA','Baja Air','BAJA AIR',0,'2021-05-23 14:32:01',NULL),(689,'BJC','Baltic Jet Aircompany','BALTIC JET',0,'2021-05-23 14:32:01',NULL),(690,'BJK','Atlantic Airlines','BLACKJACK',0,'2021-05-23 14:32:01',NULL),(691,'BJS','Business Jet Solutions','SOLUTION',0,'2021-05-23 14:32:01',NULL),(692,'BJT','ACM Aviation','BAY JET',0,'2021-05-23 14:32:01',NULL),(693,'BKA','Bankair','BANKAIR',0,'2021-05-23 14:32:01',NULL),(694,'BKF','BF-Lento OY','BAKERFLIGHT',0,'2021-05-23 14:32:01',NULL),(695,'BKH','RAF Barkston Heath','',0,'2021-05-23 14:32:01',NULL),(696,'BKJ','Barken International','BARKEN JET',0,'2021-05-23 14:32:01',NULL),(697,'BKL','Aircompany Barcol','BARCOL',0,'2021-05-23 14:32:01',NULL),(698,'BKP','Bangkok Airways','BANGKOK AIR',0,'2021-05-23 14:32:01',NULL),(699,'BKR','Civil Air Patrol South Carolina Wing','BOX KAR',0,'2021-05-23 14:32:01',NULL),(700,'BKV','Bukovyna','BUKOVYNA',0,'2021-05-23 14:32:01',NULL),(701,'BKY','Blue Sky America','',0,'2021-05-23 14:32:01',NULL),(702,'BLA','All Charter Limited','ALL CHARTER',0,'2021-05-23 14:32:01',NULL),(703,'BLB','Blue Bird Aviation','BLUEBIRD SUDAN',0,'2021-05-23 14:32:01',NULL),(704,'BLC','Bellesavia','BELLESAVIA',0,'2021-05-23 14:32:01',NULL),(705,'BLE','Blue Line','BLUE BERRY',0,'2021-05-23 14:32:01',NULL),(706,'BLF','Blue1','BLUEFIN',0,'2021-05-23 14:32:01',NULL),(707,'BLG','Belgavia','BELGAVIA',0,'2021-05-23 14:32:01',NULL),(708,'BLH','Blue Horizon Travel Club','BLUE HORIZON',0,'2021-05-23 14:32:01',NULL),(709,'BLI','Thyssen Krupp AG','BLUELINE',0,'2021-05-23 14:32:01',NULL),(710,'BLJ','Blue Jet','BLUEWAY',0,'2021-05-23 14:32:01',NULL),(711,'BLK','Westcoast Energy','BLUE FLAME',0,'2021-05-23 14:32:01',NULL),(712,'BLL','Baltic Airlines','BALTIC AIRLINES',0,'2021-05-23 14:32:01',NULL),(713,'BLM','Blue Airways','BLUE ARMENIA',0,'2021-05-23 14:32:01',NULL),(714,'BLN','Bali International Air Service','BIAR',0,'2021-05-23 14:32:01',NULL),(715,'BLR','Atlantic Coast Airlines','BLUE RIDGE',0,'2021-05-23 14:32:01',NULL),(716,'BLS','Bearskin Lake Air Service','BEARSKIN',0,'2021-05-23 14:32:01',NULL),(717,'BLT','Baltic Aviation','BALTAIR',0,'2021-05-23 14:32:01',NULL),(718,'BLU','IMP Aviation Services','BLUENOSE',0,'2021-05-23 14:32:01',NULL),(719,'BLV','Bellview Airlines','BELLVIEW AIRLINES',0,'2021-05-23 14:32:01',NULL),(720,'BLW','Wermlandsflyg AB','BLUESTAR',0,'2021-05-23 14:32:01',NULL),(721,'BLX','TUIfly Nordic','BLUESCAN',0,'2021-05-23 14:32:01',NULL),(722,'BLY','Starair','BLARNEY',0,'2021-05-23 14:32:01',NULL),(723,'BLZ','Aero Barloz','AEROLOZ',0,'2021-05-23 14:32:01',NULL),(724,'BMA','bmi','MIDLAND',0,'2021-05-23 14:32:01',NULL),(725,'BMD','British Medical Charter','BRITISH MEDICAL',0,'2021-05-23 14:32:01',NULL),(726,'BME','Briggs Marine Environmental Services','BRIGGS',0,'2021-05-23 14:32:01',NULL),(727,'BMH','Bristow Masayu Helicopters','MASAYU',0,'2021-05-23 14:32:01',NULL),(728,'BMI','bmibaby','BABY',0,'2021-05-23 14:32:01',NULL),(729,'BMJ','Bemidji Airlines','BEMIDJI',0,'2021-05-23 14:32:01',NULL),(730,'BMK','GST Aero Aircompany','MURAT',0,'2021-05-23 14:32:01',NULL),(731,'BML','Bismillah Airlines','BISMILLAH',0,'2021-05-23 14:32:01',NULL),(732,'BMM','Atlas Blue','ATLAS BLUE',0,'2021-05-23 14:32:01',NULL),(733,'BMN','Bowman Aviation','BOWMAN',0,'2021-05-23 14:32:01',NULL),(734,'BMR','British Midland Regional','',0,'2021-05-23 14:32:01',NULL),(735,'BMS','Blue Air','',0,'2021-05-23 14:32:01',NULL),(736,'BMV','Alatau Airlines','OLIGA',0,'2021-05-23 14:32:01',NULL),(737,'BMW','BMW','BMW-FLIGHT',0,'2021-05-23 14:32:01',NULL),(738,'BMX','Banco de Mexico','BANXICO',0,'2021-05-23 14:32:01',NULL),(739,'BNB','Aero Banobras','AEROBANOBRAS',0,'2021-05-23 14:32:01',NULL),(740,'BNC','Sundance Air','BARNACLE AIR',0,'2021-05-23 14:32:01',NULL),(741,'BND','Bond Offshore Helicopters','BOND',0,'2021-05-23 14:32:01',NULL),(742,'BNE','Benina Air','BENINA AIR',0,'2021-05-23 14:32:01',NULL),(743,'BNF','Braniff International Airways','Braniff',0,'2021-05-23 14:32:01',NULL),(744,'BNG','BN Group Limited','VECTIS',0,'2021-05-23 14:32:01',NULL),(745,'BNI','Alberni Airways','ALBERNI',0,'2021-05-23 14:32:01',NULL),(746,'BNL','Blue Nile Ethiopia Trading','NILE TRADING',0,'2021-05-23 14:32:01',NULL),(747,'BNR','Bonair Aviation','BONAIR',0,'2021-05-23 14:32:01',NULL),(748,'BNS','Bancstar - Valley National Corporation','BANCSTAR',0,'2021-05-23 14:32:01',NULL),(749,'BNT','Bentiu Air Transport','BENTIU AIR',0,'2021-05-23 14:32:01',NULL),(750,'BNV','Benane Aviation Corporation','BENANE',0,'2021-05-23 14:32:01',NULL),(751,'BNW','British North West Airlines','BRITISH NORTH',0,'2021-05-23 14:32:01',NULL),(752,'BNX','LAI - Linea Aerea IAACA','AIR BARINAS',0,'2021-05-23 14:32:01',NULL),(753,'BNZ','Aerolineas Bonanza','AERO BONANZA',0,'2021-05-23 14:32:01',NULL),(754,'BOA','Boniair','KUMANOVO',0,'2021-05-23 14:32:01',NULL),(755,'BOC','Aerobona','AEROBONA',0,'2021-05-23 14:32:01',NULL),(756,'BOD','Bond Air Services','UGABOND',0,'2021-05-23 14:32:01',NULL),(757,'BOE','Boeing','BOEING',0,'2021-05-23 14:32:01',NULL),(758,'BOF','Bordaire','BORDAIR',0,'2021-05-23 14:32:01',NULL),(759,'BOI','Aboitiz Air','ABAIR',0,'2021-05-23 14:32:01',NULL),(760,'BOL','Transportes Aereos Bolivianos','BOL',0,'2021-05-23 14:32:01',NULL),(761,'BON','Air Bosna','AIR BOSNA',0,'2021-05-23 14:32:01',NULL),(762,'BON','B&H Airlines','Air Bosna',0,'2021-05-23 14:32:01',NULL),(763,'BOO','Bookajet Limited','BOOKAJET',0,'2021-05-23 14:32:01',NULL),(764,'BOS','OpenSkies','MISTRAL',0,'2021-05-23 14:32:01',NULL),(765,'BOT','Air Botswana','BOTSWANA',0,'2021-05-23 14:32:01',NULL),(766,'BOU','Bouraq Indonesia Airlines','BOURAQ',0,'2021-05-23 14:32:01',NULL),(767,'BOV','Boliviana de Aviacion (OB)','BOLIVIANA',0,'2021-05-23 14:32:01',NULL),(768,'BOX','Tiphook PLC','BOX',0,'2021-05-23 14:32:01',NULL),(769,'BPA','Blue Panorama Airlines','BLUE PANOROMA',0,'2021-05-23 14:32:01',NULL),(770,'BPK','Berkhut ZK','VENERA',0,'2021-05-23 14:32:01',NULL),(771,'BPO','Bundepolizei-Fliegertruppe','PIROL',0,'2021-05-23 14:32:01',NULL),(772,'BPS','Budapest Aircraft Services/Manx2','BASE',0,'2021-05-23 14:32:01',NULL),(773,'BPT','Bonus Aviation','BONUS',0,'2021-05-23 14:32:01',NULL),(774,'BPX','British Petroleum Exploration','',0,'2021-05-23 14:32:01',NULL),(775,'BQB','Buquebus Lneas Areas','',0,'2021-05-23 14:32:01',NULL),(776,'BRA','Braathens','Braathens',0,'2021-05-23 14:32:01',NULL),(777,'BRB','BRA-Transportes Aereos','BRA-TRANSPAEREOS',0,'2021-05-23 14:32:01',NULL),(778,'BRD','Brock Air Services','BROCK AIR',0,'2021-05-23 14:32:01',NULL),(779,'BRE','Breeze Ltd','AVIABREEZE',0,'2021-05-23 14:32:01',NULL),(780,'BRF','Air Bravo','AIR BRAVO',0,'2021-05-23 14:32:01',NULL),(781,'BRG','Bering Air','BERING AIR',0,'2021-05-23 14:32:01',NULL),(782,'BRK','Briansk State Air Enterprise','BRIANSK-AVIA',0,'2021-05-23 14:32:01',NULL),(783,'BRL','Air Brasd\'or','BRASD\'OR',0,'2021-05-23 14:32:01',NULL),(784,'BRM','Air 500','BOOMERANG',0,'2021-05-23 14:32:01',NULL),(785,'BRN','Branson Airlines','BRANSON',0,'2021-05-23 14:32:01',NULL),(786,'BRO','BASE Regional Airlines','COASTRIDER',0,'2021-05-23 14:32:01',NULL),(787,'BRP','Airport Bratsk','AEROBRA',0,'2021-05-23 14:32:01',NULL),(788,'BRQ','El-Buraq Air Transport','BURAQAIR',0,'2021-05-23 14:32:01',NULL),(789,'BRR','Mountain Air Service','MOUNTAIN AIR',0,'2021-05-23 14:32:01',NULL),(790,'BRS','Brazilian Air Force','BRAZILIAN AIR FORCE',0,'2021-05-23 14:32:01',NULL),(791,'BRT','British Regional Airlines','BRITISH',0,'2021-05-23 14:32:01',NULL),(792,'BRU','Belavia Belarusian Airlines','BELARUS AVIA',0,'2021-05-23 14:32:01',NULL),(793,'BRV','Bravo Air Congo','BRAVO',0,'2021-05-23 14:32:01',NULL),(794,'BRW','Bright Aviation Services','BRIGHT SERVICES',0,'2021-05-23 14:32:01',NULL),(795,'BRX','Buffalo Express Airlines','BUFF EXPRESS',0,'2021-05-23 14:32:01',NULL),(796,'BRY','Burundayavia','BURAIR',0,'2021-05-23 14:32:01',NULL),(797,'BRZ','Samara Airlines','BERYOZA',0,'2021-05-23 14:32:01',NULL),(798,'BSA','Black Stallion Airways','Stallion',0,'2021-05-23 14:32:01',NULL),(799,'BSB','Air Wings','ARBAS',0,'2021-05-23 14:32:01',NULL),(800,'BSC','Bistair - Fez','BIG SHOT',0,'2021-05-23 14:32:01',NULL),(801,'BSD','Blue Star Airlines','AIRLINES STAR',0,'2021-05-23 14:32:01',NULL),(802,'BSI','Brasair Transportes Aereos','BRASAIR',0,'2021-05-23 14:32:01',NULL),(803,'BSJ','Blue Swann Aviation','BLUE SWANN',0,'2021-05-23 14:32:01',NULL),(804,'BSK','Miami Air International','BISCAYNE',0,'2021-05-23 14:32:01',NULL),(805,'BSM','Blue Sky Aviation','',0,'2021-05-23 14:32:01',NULL),(806,'BSN','Connectair Charters','BASTION',0,'2021-05-23 14:32:01',NULL),(807,'BSP','Global Airways','',0,'2021-05-23 14:32:01',NULL),(808,'BSR','Guine Bissaur Airlines','BISSAU AIRLINES',0,'2021-05-23 14:32:01',NULL),(809,'BSS','Bissau Aero Transporte','BISSAU AIRSYSTEM',0,'2021-05-23 14:32:01',NULL),(810,'BST','Best Air','TUNCA',0,'2021-05-23 14:32:01',NULL),(811,'BSW','Blue Sky Airways','SKY BLUE',0,'2021-05-23 14:32:01',NULL),(812,'BSX','Bassaka airlines','5B',0,'2021-05-23 14:32:01',NULL),(813,'BSY','Big Sky Airlines','BIG SKY',0,'2021-05-23 14:32:01',NULL),(814,'BTA','ExpressJet','JET LINK',0,'2021-05-23 14:32:01',NULL),(815,'BTC','BAL Bashkirian Airlines','BASHKIRIAN',0,'2021-05-23 14:32:01',NULL),(816,'BTH','Baltijas Helicopters','BALTIJAS HELICOPTERS',0,'2021-05-23 14:32:01',NULL),(817,'BTI','Air Baltic','AIRBALTIC',0,'2021-05-23 14:32:01',NULL),(818,'BTK','Baltyka','BALTYKA',0,'2021-05-23 14:32:01',NULL),(819,'BTL','Baltia Air Lines','BALTIA FLIGHT',0,'2021-05-23 14:32:01',NULL),(820,'BTM','Air Batumi','',0,'2021-05-23 14:32:01',NULL),(821,'BTP','Veritair Ltd','NET RAIL',0,'2021-05-23 14:32:01',NULL),(822,'BTQ','Boutique Air (Priv)','',0,'2021-05-23 14:32:01',NULL),(823,'BTR','Botir-Avia','BOTIR-AVIA',0,'2021-05-23 14:32:01',NULL),(824,'BTS','Aerotaxis Albatros','AEROLINEAS ALBATROS',0,'2021-05-23 14:32:01',NULL),(825,'BTT','BT-Slavuta','BEETEE-SLAVUTA',0,'2021-05-23 14:32:01',NULL),(826,'BTU','Rolls-Royce plc','ROLLS',0,'2021-05-23 14:32:01',NULL),(827,'BTV','Metro Batavia','BATAVIA',0,'2021-05-23 14:32:01',NULL),(828,'BUB','Air Bourbon','BOURBON',0,'2021-05-23 14:32:01',NULL),(829,'BUC','Bulgarian Air Charter','BULGARIAN CHARTER',0,'2021-05-23 14:32:01',NULL),(830,'BUE','Orebro Aviation','BLUELIGHT',0,'2021-05-23 14:32:01',NULL),(831,'BUL','Blue Airlines','BLUE AIRLINES',0,'2021-05-23 14:32:01',NULL),(832,'BUN','Buryat Airlines Aircompany','BURAL',0,'2021-05-23 14:32:01',NULL),(833,'BUR','Air Bucharest','',0,'2021-05-23 14:32:01',NULL),(834,'BUU','Baikotovitchestrian Airlines ','',0,'2021-05-23 14:32:01',NULL),(835,'BUZ','Buzz Stansted','BUZZ',0,'2021-05-23 14:32:01',NULL),(836,'BUZ','buzz','\\N',0,'2021-05-23 14:32:01',NULL),(837,'BVA','Buffalo Airways','BUFFALO AIR',0,'2021-05-23 14:32:01',NULL),(838,'BVC','Bulgarian Aeronautical Centre','BULGARIAN WINGS',0,'2021-05-23 14:32:01',NULL),(839,'BVN','Baron Aviation Services','SHOW-ME',0,'2021-05-23 14:32:01',NULL),(840,'BVR','ACM Air Charter','BAVARIAN',0,'2021-05-23 14:32:01',NULL),(841,'BVT','Berjaya Air','BERJAYA',0,'2021-05-23 14:32:01',NULL),(842,'BVU','Bellview Airlines',' Sierra Leone',0,'2021-05-23 14:32:01',NULL),(843,'BVV','Spark+ Joint-Stock Company','SPARK',0,'2021-05-23 14:32:01',NULL),(844,'BWA','Caribbean Airlines','CARIBBEAN AIRLINES',0,'2021-05-23 14:32:01',NULL),(845,'BWG','Blue Wings','BLUE WINGS',0,'2021-05-23 14:32:01',NULL),(846,'BWI','Blue Wing Airlines','BLUE TAIL',0,'2021-05-23 14:32:01',NULL),(847,'BWL','BWA (2002) Ltd','BRITWORLD',0,'2021-05-23 14:32:01',NULL),(848,'BWY','Fleet Requirements Air Direction Unit','BROADWAY',0,'2021-05-23 14:32:01',NULL),(849,'BXA','Bahrain Executive Air Services','BEXAIR',0,'2021-05-23 14:32:01',NULL),(850,'BXH','Bar XH Air','PALLISER',0,'2021-05-23 14:32:01',NULL),(851,'BXI','Brussels International Airlines','XENIA',0,'2021-05-23 14:32:01',NULL),(852,'BXR','Redding Aero Enterprises','BOXER',0,'2021-05-23 14:32:01',NULL),(853,'BXS','Spantax S.A.','',0,'2021-05-23 14:32:01',NULL),(854,'BYA','Berry Aviation','BERRY',0,'2021-05-23 14:32:01',NULL),(855,'BYC','Northern Airlines Sanya','BEIYA',0,'2021-05-23 14:32:01',NULL),(856,'BYE','Bayu Indonesia Air','BAYU',0,'2021-05-23 14:32:01',NULL),(857,'BYL','Bylina Joint-Stock Company','BYLINA',0,'2021-05-23 14:32:01',NULL),(858,'BYR','Berytos Airlines','',0,'2021-05-23 14:32:01',NULL),(859,'BYT','Patriot Aviation Limited','BYTE',0,'2021-05-23 14:32:01',NULL),(860,'BZA','Bizair Fluggesellschaft','BERLIN BEAR',0,'2021-05-23 14:32:01',NULL),(861,'BZD','Canadian Global Air Ambulance','BLIZZARD',0,'2021-05-23 14:32:01',NULL),(862,'BZE','BRAZIL AIR','BRAZIL AIR',0,'2021-05-23 14:32:01',NULL),(863,'BZF','Jet Aviation Business Jets','BIZFLEET',0,'2021-05-23 14:32:01',NULL),(864,'BZH','Brit Air','BRITAIR',0,'2021-05-23 14:32:01',NULL),(865,'BZL','Aero Brazil','',0,'2021-05-23 14:32:01',NULL),(866,'BZS','Aero Biniza','BINIZA',0,'2021-05-23 14:32:01',NULL),(867,'BZZ','Butane Buzzard Aviation Corporation','BUZZARD',0,'2021-05-23 14:32:01',NULL),(868,'CA1','CanXpress','CAX',0,'2021-05-23 14:32:01',NULL),(869,'CAA','Atlantic Southeast Airlines','Chandler',0,'2021-05-23 14:32:01',NULL),(870,'CAB','Chesapeake Air Service','CHESAPEAKE AIR',0,'2021-05-23 14:32:01',NULL),(871,'CAC','Conquest Airlines','CONQUEST AIR',0,'2021-05-23 14:32:01',NULL),(872,'CAD','Chilliwack Aviation','CHILLIWACKAIR',0,'2021-05-23 14:32:01',NULL),(873,'CAE','Colibri Aviation','HUMMINGBIRD',0,'2021-05-23 14:32:01',NULL),(874,'CAG','China National Aviation Corporation','CHINA NATIONAL',0,'2021-05-23 14:32:01',NULL),(875,'CAH','Charlan Air Charter','CHARLAN',0,'2021-05-23 14:32:01',NULL),(876,'CAI','Corendon Airlines','CORENDON',0,'2021-05-23 14:32:01',NULL),(877,'CAJ','Air Caraibes Atlantique','CAR LINE',0,'2021-05-23 14:32:01',NULL),(878,'CAK','Congo Air','',0,'2021-05-23 14:32:01',NULL),(879,'CAL','China Airlines','DYNASTY',0,'2021-05-23 14:32:01',NULL),(880,'CAM','Camai Air','AIR CAMAI',0,'2021-05-23 14:32:01',NULL),(881,'CAN','Crest Aviation','CREST',0,'2021-05-23 14:32:01',NULL),(882,'CAO','Air China Cargo','AIRCHINA FREIGHT',1,'2021-05-23 14:32:01',NULL),(883,'CAP','CanXplorer','',0,'2021-05-23 14:32:01',NULL),(884,'CAQ','Cityair (Chester) Limited','AIR CHESTER',0,'2021-05-23 14:32:01',NULL),(885,'CAR','Inter RCA','QUEBEC ROMEO',0,'2021-05-23 14:32:01',NULL),(886,'CAS','Christman Air System','CHRISTMAN',0,'2021-05-23 14:32:01',NULL),(887,'CAT','Civil Air Transport','Mandarin',0,'2021-05-23 14:32:01',NULL),(888,'CAT','Copenhagen Airtaxi','AIRCAT',0,'2021-05-23 14:32:01',NULL),(889,'CAV','Calm Air','CALM AIR',0,'2021-05-23 14:32:01',NULL),(890,'CAW','Comair','COMMERCIAL',0,'2021-05-23 14:32:01',NULL),(891,'CAX','Central Air Express','CENTRAL EXPRESS',0,'2021-05-23 14:32:01',NULL),(892,'CAY','Cayman Airways','CAYMAN',0,'2021-05-23 14:32:01',NULL),(893,'CAZ','Cat Aviation','EUROCAT',0,'2021-05-23 14:32:01',NULL),(894,'CBA','Civil Aviation Inspectorate of the Czech Republic','CALIBRA',0,'2021-05-23 14:32:01',NULL),(895,'CBB','Cheboksary Airenterprise JSC','CHEBAIR',0,'2021-05-23 14:32:01',NULL),(896,'CBC','Caribair','CARIBAIR',0,'2021-05-23 14:32:01',NULL),(897,'CBD','Lockheed Martin Aeronautics','CATBIRD',0,'2021-05-23 14:32:01',NULL),(898,'CBE','Aerovias Caribe','AEROCARIBE',0,'2021-05-23 14:32:01',NULL),(899,'CBF','China Northern Airlines','CHINA NORTHERN',0,'2021-05-23 14:32:01',NULL),(900,'CBG','GX Airlines','SPRAY',0,'2021-05-23 14:32:01',NULL),(901,'CBI','CABI','CABI',0,'2021-05-23 14:32:01',NULL),(902,'CBL','Cumberland Airways (Nicholson Air Service)','CUMBERLAND',0,'2021-05-23 14:32:01',NULL),(903,'CBM','Cherokee Express','BLUE MAX',0,'2021-05-23 14:32:01',NULL),(904,'CBN','Swedish Civil Aviation Administration','CALIBRATION',0,'2021-05-23 14:32:01',NULL),(905,'CBO','Aerotaxi del Cabo','TAXI CABO',0,'2021-05-23 14:32:01',NULL),(906,'CBR','Cabair College of Air Training','CABAIR',0,'2021-05-23 14:32:01',NULL),(907,'CBS','Air Columbus','AIR COLUMBUS',0,'2021-05-23 14:32:01',NULL),(908,'CBT','Catalina Flying Boats','CATALINA AIR',0,'2021-05-23 14:32:01',NULL),(909,'CBV','Aero Cabo','CABOAEREO',0,'2021-05-23 14:32:01',NULL),(910,'CBY','Coningsby Flying Training Unit','TYPHOON',0,'2021-05-23 14:32:01',NULL),(911,'CCA','Air China','AIR CHINA',0,'2021-05-23 14:32:01',NULL),(912,'CCB','CARICOM AIRWAYS (BARBADOS) INC.','',0,'2021-05-23 14:32:01',NULL),(913,'CCC','CCML Airlines','',0,'2021-05-23 14:32:01',NULL),(914,'CCE','Cairo Air Transport Company','',0,'2021-05-23 14:32:01',NULL),(915,'CCF','CCF Manager Airline','TOMCAT',0,'2021-05-23 14:32:01',NULL),(916,'CCG','Central Connect Airlines','',0,'2021-05-23 14:32:01',NULL),(917,'CCH','Chilchota Taxi Aereo','CHILCHOTA',0,'2021-05-23 14:32:01',NULL),(918,'CCI','Capital Cargo International Airlines','CAPPY',1,'2021-05-23 14:32:01',NULL),(919,'CCK','Flight Trac','CABLE CHECK',0,'2021-05-23 14:32:01',NULL),(920,'CCM','Corse-Mediterranee','CORSICA',0,'2021-05-23 14:32:01',NULL),(921,'CCP','Champion Air','CHAMPION AIR',0,'2021-05-23 14:32:01',NULL),(922,'CCQ','Capital City Air Carriers','CAP CITY',0,'2021-05-23 14:32:01',NULL),(923,'CCV','Centro De Helicopteros Corporativos','HELICORPORATIVO',0,'2021-05-23 14:32:01',NULL),(924,'CCW','Coptrade Air Transport','COPTRADE AIR',0,'2021-05-23 14:32:01',NULL),(925,'CCX','Colt International','',0,'2021-05-23 14:32:01',NULL),(926,'CCY','Cherry Air','CHERRY',0,'2021-05-23 14:32:01',NULL),(927,'CDA','Aerocardal','CARDAL',0,'2021-05-23 14:32:01',NULL),(928,'CDE','Comed Group','COMEX',0,'2021-05-23 14:32:01',NULL),(929,'CDG','Shandong Airlines','SHANDONG',0,'2021-05-23 14:32:01',NULL),(930,'CDI','Cards Air Services','CARDS',0,'2021-05-23 14:32:01',NULL),(931,'CDL','Sunbird Airlines','CAROLINA',0,'2021-05-23 14:32:01',NULL),(932,'CDM','Carga Aerea Dominicana','CARGA AEREA',0,'2021-05-23 14:32:01',NULL),(933,'CDN','Canadian Airlines','CANADIAN',0,'2021-05-23 14:32:01',NULL),(934,'CDN','Canadian Helicopters','CANADIAN',0,'2021-05-23 14:32:01',NULL),(935,'CDP','Aero Condor Peru','CONDOR-PERU',0,'2021-05-23 14:32:01',NULL),(936,'CDR','Canadian Regional Airlines','CANADIAN REGIONAL',0,'2021-05-23 14:32:01',NULL),(937,'CDS','Spectrem Air','SPECDAS',0,'2021-05-23 14:32:01',NULL),(938,'CDT','Real Aero Club de Reus-Costa Dorado','AEROREUS',0,'2021-05-23 14:32:01',NULL),(939,'CDU','Aerotrans','',0,'2021-05-23 14:32:01',NULL),(940,'CDV','Airline Skol','SKOL',0,'2021-05-23 14:32:01',NULL),(941,'CDY','Heliaviation Limited','CADDY',0,'2021-05-23 14:32:01',NULL),(942,'CEA','RegionsAir','CORP-X',0,'2021-05-23 14:32:01',NULL),(943,'CEB','Cebu Pacific','CEBU AIR',0,'2021-05-23 14:32:01',NULL),(944,'CEC','Celtic Airways','CELTAIR',0,'2021-05-23 14:32:01',NULL),(945,'CED','CEDTA (Compania Ecuatoriana De Transportes Aereos)','CEDTA',0,'2021-05-23 14:32:01',NULL),(946,'CEE','Servicios Aereos Centrales','CENTRA AEREOS',0,'2021-05-23 14:32:01',NULL),(947,'CEF','Czech Air Force','CZECH AIR FORCE',0,'2021-05-23 14:32:01',NULL),(948,'CEG','Cega Aviation','CEGA',0,'2021-05-23 14:32:01',NULL),(949,'CEL','CEIBA Intercontinental','CEIBA LINE',0,'2021-05-23 14:32:01',NULL),(950,'CEM','Central Mongolia Airways','CENTRAL MONGOLIA',0,'2021-05-23 14:32:01',NULL),(951,'CEO','Comfort Express Virtual Charters','',0,'2021-05-23 14:32:01',NULL),(952,'CEP','Chipola Aviation','CHIPOLA',0,'2021-05-23 14:32:01',NULL),(953,'CER','Cetraca Aviation Service','CETRACA',0,'2021-05-23 14:32:01',NULL),(954,'CES','China Eastern Airlines','CHINA EASTERN',0,'2021-05-23 14:32:01',NULL),(955,'CET','Centrafrican Airlines','CENTRAFRICAIN',0,'2021-05-23 14:32:01',NULL),(956,'CEV','Cente D\'Essais En Vol','CENTEV',0,'2021-05-23 14:32:01',NULL),(957,'CEX','Capitol Air Express','CAPITOL EXPRESS',0,'2021-05-23 14:32:01',NULL),(958,'CEY','Air Century','',0,'2021-05-23 14:32:01',NULL),(959,'CFA','China Flying Dragon Aviation','FEILONG',0,'2021-05-23 14:32:01',NULL),(960,'CFC','Canadian Forces','CANFORCE',0,'2021-05-23 14:32:01',NULL),(961,'CFD','Cranfield University','AERONAUT',0,'2021-05-23 14:32:01',NULL),(962,'CFE','BA CityFlyer','FLYER',0,'2021-05-23 14:32:01',NULL),(963,'CFF','Aerofan','AEROFAN',0,'2021-05-23 14:32:01',NULL),(964,'CFG','Condor Flugdienst','CONDOR',0,'2021-05-23 14:32:01',NULL),(965,'CFH','Care Flight','CARE FLIGHT',0,'2021-05-23 14:32:01',NULL),(966,'CFI','Flight Inspection Center of the General Administration of Civil Aviation in China','CHINA JET',0,'2021-05-23 14:32:01',NULL),(967,'CFJ','Fujian Airlines','FUJIAN',0,'2021-05-23 14:32:01',NULL),(968,'CFL','Swedish Airlines','SWEDISH',0,'2021-05-23 14:32:01',NULL),(969,'CFM','ACEF','ACEF',0,'2021-05-23 14:32:01',NULL),(970,'CFN','Church Fenton Flying Training Unit','CHURCH FENTON',0,'2021-05-23 14:32:01',NULL),(971,'CFP','Compania de Aviacion Faucett','',0,'2021-05-23 14:32:01',NULL),(972,'CFR','Africa One','',0,'2021-05-23 14:32:01',NULL),(973,'CFS','Empire Airlines','EMPIRE AIR',0,'2021-05-23 14:32:01',NULL),(974,'CFT','Jet Freighters','CASPER FREIGHT',0,'2021-05-23 14:32:01',NULL),(975,'CFU','United Kingdom Civil Aviation Authority','MINAIR',0,'2021-05-23 14:32:01',NULL),(976,'CFV','Aero Calafia','CALAFIA',0,'2021-05-23 14:32:01',NULL),(977,'CFZ','Zhongfei General Aviation','ZHONGFEI',0,'2021-05-23 14:32:01',NULL),(978,'CGA','Congressional Air','CONGRESSIONAL',0,'2021-05-23 14:32:01',NULL),(979,'CGB','Air Cargo Belize','CARGO BELIZE',1,'2021-05-23 14:32:01',NULL),(980,'CGC','Cal Gulf Aviation','CAL-GULF',0,'2021-05-23 14:32:01',NULL),(981,'CGD','Charlotte Air National Guard','',0,'2021-05-23 14:32:01',NULL),(982,'CGE','Nelson Aviation College','COLLEGE',0,'2021-05-23 14:32:01',NULL),(983,'CGG','Walmart Aviation','CHARGE',0,'2021-05-23 14:32:01',NULL),(984,'CGH','Guizhou Airlines','GUIZHOU',0,'2021-05-23 14:32:01',NULL),(985,'CGI','Rusair JSAC','CGI-RUSAIR',0,'2021-05-23 14:32:01',NULL),(986,'CGK','Click Airways','CLICK AIR',0,'2021-05-23 14:32:01',NULL),(987,'CGL','Seagle Air','SEAGLE',0,'2021-05-23 14:32:01',NULL),(988,'CGM','Cargoman','HOTEL CHARLIE',1,'2021-05-23 14:32:01',NULL),(989,'CGN','Changan Airlines','CHANGAN',0,'2021-05-23 14:32:01',NULL),(990,'CGO','Chicago Air','WILD ONION',0,'2021-05-23 14:32:01',NULL),(991,'CGP','Cargo Plus Aviation','',1,'2021-05-23 14:32:01',NULL),(992,'CGR','Compagnia Generale Ripreseaeree','COMPRIP',0,'2021-05-23 14:32:01',NULL),(993,'CGS','Centre of Applied Geodynamica','GEO CENTRE',0,'2021-05-23 14:32:01',NULL),(994,'CGU','Chinguetti Airlines','CHINGUETTI',0,'2021-05-23 14:32:01',NULL),(995,'CGV','Aero Clube Do Algarve','CLUBE ALGARVE',0,'2021-05-23 14:32:01',NULL),(996,'CGW','Air Great Wall','CHANGCHENG',0,'2021-05-23 14:32:01',NULL),(997,'CGX','United States Coast Guard Auxiliary','COASTGUARD AUXAIR',0,'2021-05-23 14:32:01',NULL),(998,'CGY','Corporacion Paraguaya De Aeronautica','',0,'2021-05-23 14:32:01',NULL),(999,'CHA','Central Flying Service','CHARTER CENTRAL',0,'2021-05-23 14:32:01',NULL),(1000,'CHB','West Air China','WEST CHINA',0,'2021-05-23 14:32:01',NULL),(1001,'CHC','China Ocean Helicopter Corporation','CHINA HELICOPTER',0,'2021-05-23 14:32:01',NULL),(1002,'CHD','223 Flight Unit State Airline','CHKALOVSK-AVIA',0,'2021-05-23 14:32:01',NULL),(1003,'CHE','Top Flight Air Service','CHECK AIR',0,'2021-05-23 14:32:01',NULL),(1004,'CHF','Chitaavia','CHITA',0,'2021-05-23 14:32:01',NULL),(1005,'CHG','AC Challenge Aero','SKY CHALLENGER',0,'2021-05-23 14:32:01',NULL),(1006,'CHH','Hainan Airlines','HAINAN',0,'2021-05-23 14:32:01',NULL),(1007,'CHI','Cougar Helicopters','COUGAR',0,'2021-05-23 14:32:01',NULL),(1008,'CHJ','Aircompany Chaika','AIR CHAIKA',0,'2021-05-23 14:32:01',NULL),(1009,'CHK','Chalk\'s Ocean Airways','CHALKS',0,'2021-05-23 14:32:01',NULL),(1010,'CHL','Cohlmia Aviation','COHLMIA',0,'2021-05-23 14:32:01',NULL),(1011,'CHM','Chemech Aviation','',0,'2021-05-23 14:32:01',NULL),(1012,'CHN','Channel Island Aviation','CHANNEL',0,'2021-05-23 14:32:01',NULL),(1013,'CHO','Chrome Air Services','CHROME AIR',0,'2021-05-23 14:32:01',NULL),(1014,'CHP','Consorcio Aviaxsa','AVIACSA',0,'2021-05-23 14:32:01',NULL),(1015,'CHQ','Chautauqua Airlines','CHAUTAUQUA',0,'2021-05-23 14:32:01',NULL),(1016,'CHR','Air Charter Services','ZAIRE CHARTER',0,'2021-05-23 14:32:01',NULL),(1017,'CHS','Challenge Aviation','CHALLENGE AVIATION',0,'2021-05-23 14:32:01',NULL),(1018,'CHU','Church Aircraft','CHURCHAIR',0,'2021-05-23 14:32:01',NULL),(1019,'CHV','Air Charter Professionals','CHARTAIR',0,'2021-05-23 14:32:01',NULL),(1020,'CHW','Charter Air','CHARTER WIEN',0,'2021-05-23 14:32:01',NULL),(1021,'CHZ','Cherline','CHERL',0,'2021-05-23 14:32:01',NULL),(1022,'CIA','Civil Aviation Authority','CALIMERA',0,'2021-05-23 14:32:01',NULL),(1023,'CIB','Condor','CONDOR BERLIN',0,'2021-05-23 14:32:01',NULL),(1024,'CIC','ICC Canada','AIR TRADER',0,'2021-05-23 14:32:01',NULL),(1025,'CID','Asia Continental Airlines','ACID',0,'2021-05-23 14:32:01',NULL),(1026,'CIE','Czech Government Flying Service','CZECHIA',0,'2021-05-23 14:32:01',NULL),(1027,'CIF','CB Airways UK ( Interliging Flights )','',0,'2021-05-23 14:32:01',NULL),(1028,'CIG','Sirius-Aero','SIRIUS AERO',0,'2021-05-23 14:32:01',NULL),(1029,'CII','Cityfly','CITYFLY',0,'2021-05-23 14:32:01',NULL),(1030,'CIK','Country International Airlines','COUNTRY AIR',0,'2021-05-23 14:32:01',NULL),(1031,'CIL','Cecil Aviation','CECIL',0,'2021-05-23 14:32:01',NULL),(1032,'CIM','Cimber Air','CIMBER',0,'2021-05-23 14:32:01',NULL),(1033,'CIO','Il Ciocco International Travel Service','CIOCCO',0,'2021-05-23 14:32:01',NULL),(1034,'CIP','City-Air Germany','',0,'2021-05-23 14:32:01',NULL),(1035,'CIR','Arctic Circle Air Service','AIR ARCTIC',0,'2021-05-23 14:32:01',NULL),(1036,'CIU','Cielos Airlines','CIELOS',0,'2021-05-23 14:32:01',NULL),(1037,'CIV','Civil Aviation Authority of New Zealand','CIVAIR',0,'2021-05-23 14:32:01',NULL),(1038,'CIW','Civair Airways','CIVFLIGHT',0,'2021-05-23 14:32:01',NULL),(1039,'CIX','City Connexion Airlines','CONNEXION',0,'2021-05-23 14:32:01',NULL),(1040,'CJA','CanJet','CANJET',0,'2021-05-23 14:32:01',NULL),(1041,'CJC','Colgan Air','COLGAN',0,'2021-05-23 14:32:01',NULL),(1042,'CJE','Aeroservices Corporate','BIRD JET',0,'2021-05-23 14:32:01',NULL),(1043,'CJG','Zhejiang Airlines','ZHEJIANG',0,'2021-05-23 14:32:01',NULL),(1044,'CJI','Corporate Jets','SEA JET',0,'2021-05-23 14:32:01',NULL),(1045,'CJR','Caverton Helicopters','CAVERTON AIR',0,'2021-05-23 14:32:01',NULL),(1046,'CJS','Commonwealth Jet Service','COMMONWEALTH',0,'2021-05-23 14:32:01',NULL),(1047,'CJT','Cargojet Airways','CARGOJET',1,'2021-05-23 14:32:01',NULL),(1048,'CKA','Cook Inlet Aviation','COOK-AIR',0,'2021-05-23 14:32:01',NULL),(1049,'CKC','CKC Services','',0,'2021-05-23 14:32:01',NULL),(1050,'CKE','Corporate Aviation Services','CHECKMATE',0,'2021-05-23 14:32:01',NULL),(1051,'CKK','China Cargo Airlines','CARGO KING',1,'2021-05-23 14:32:01',NULL),(1052,'CKL','Aviation Charter Services','CIRCLE CITY',0,'2021-05-23 14:32:01',NULL),(1053,'CKM','BKS Air (Rivaflecha)','COSMOS',0,'2021-05-23 14:32:01',NULL),(1054,'CKR','Crown Air Systems','CROWN AIR',0,'2021-05-23 14:32:01',NULL),(1055,'CKS','Kalitta Air','CONNIE',0,'2021-05-23 14:32:01',NULL),(1056,'CLA','Comlux Aviation','COMLUX',0,'2021-05-23 14:32:01',NULL),(1057,'CLB','Flight Precision Limited','CALIBRATOR',0,'2021-05-23 14:32:01',NULL),(1058,'CLD','Clowes Estates Limited','CLOWES',0,'2021-05-23 14:32:01',NULL),(1059,'CLE','Colemill Enterprises','COLEMILL',0,'2021-05-23 14:32:01',NULL),(1060,'CLF','Bristol Flying Centre','CLIFTON',0,'2021-05-23 14:32:01',NULL),(1061,'CLG','Chalair Aviation','CHALLAIR',0,'2021-05-23 14:32:01',NULL),(1062,'CLH','Lufthansa CityLine','HANSALINE',0,'2021-05-23 14:32:01',NULL),(1063,'CLI','Calima Aviacion','CALIMA',0,'2021-05-23 14:32:01',NULL),(1064,'CLJ','Cello Aviation','CELLOJET',0,'2021-05-23 14:32:01',NULL),(1065,'CLK','Clark Aviation','CLARKAIR',0,'2021-05-23 14:32:01',NULL),(1066,'CLL','Aerovias Castillo','AEROCASTILLO',0,'2021-05-23 14:32:01',NULL),(1067,'CLM','Cargo Link (Caribbean)','CARGO LINK',1,'2021-05-23 14:32:01',NULL),(1068,'CLN','Barnes Olsen Aeroleasing','SEELINE',0,'2021-05-23 14:32:01',NULL),(1069,'CLP','Aero Club De Portugal','CLUB PORTUGAL',0,'2021-05-23 14:32:01',NULL),(1070,'CLR','Trans America','CLINTON AIRWAYS',0,'2021-05-23 14:32:01',NULL),(1071,'CLS','Challenge Air Transport','AIRISTO',0,'2021-05-23 14:32:01',NULL),(1072,'CLT','Caribbean Air Transport','CARIBBEAN',0,'2021-05-23 14:32:01',NULL),(1073,'CLU','Triple Alpha','CAROLUS',0,'2021-05-23 14:32:01',NULL),(1074,'CLV','Lom Praha Flying School','AEROTRAINING',0,'2021-05-23 14:32:01',NULL),(1075,'CLW','Centralwings','CENTRALWINGS',0,'2021-05-23 14:32:01',NULL),(1076,'CLX','Cargolux','CARGOLUX',1,'2021-05-23 14:32:01',NULL),(1077,'CLY','Clay Lacy Aviation','CLAY-LACY',0,'2021-05-23 14:32:01',NULL),(1078,'CLZ','Cloud 9 Air Charters','CLOUDLINE',0,'2021-05-23 14:32:01',NULL),(1079,'CMA','Central European Airlines','EUROCENTRAL',0,'2021-05-23 14:32:01',NULL),(1080,'CME','Prince Edward Air','COMET',0,'2021-05-23 14:32:01',NULL),(1081,'CMF','Air Care Alliance','COMPASSION',0,'2021-05-23 14:32:01',NULL),(1082,'CMG','Comet Airlines','SUNSPY',0,'2021-05-23 14:32:01',NULL),(1083,'CMH','Commair Aviation','COMMODORE',0,'2021-05-23 14:32:01',NULL),(1084,'CMI','Continental Micronesia','AIR MIKE',0,'2021-05-23 14:32:01',NULL),(1085,'CMJ','Mudanjiang General Aviation','MUDANJIANG',0,'2021-05-23 14:32:01',NULL),(1086,'CMK','Chernomor-Avia','CHERAVIA',0,'2021-05-23 14:32:01',NULL),(1087,'CML','Commander Air Charter','COMMANDAIR',0,'2021-05-23 14:32:01',NULL),(1088,'CMM','Compagnie Aerienne du Mali','CAMALI',0,'2021-05-23 14:32:01',NULL),(1089,'CMN','Eckles Aircraft','CIMMARON AIRE',0,'2021-05-23 14:32:01',NULL),(1090,'CMP','Copa Airlines','COPA',0,'2021-05-23 14:32:01',NULL),(1091,'CMR','CAM Air Management','CAMEO',0,'2021-05-23 14:32:01',NULL),(1092,'CMS','Commercial Aviation','ACCESS',0,'2021-05-23 14:32:01',NULL),(1093,'CMT','Casement Aviation','CASEMENT',0,'2021-05-23 14:32:01',NULL),(1094,'CMU','Northern Aviation Service','LANNA AIR',0,'2021-05-23 14:32:01',NULL),(1095,'CMX','El Caminante Taxi Aereo','EL CAMINANTE',0,'2021-05-23 14:32:01',NULL),(1096,'CMY','Cape Smythe Air','CAPE SMYTHE AIR',0,'2021-05-23 14:32:01',NULL),(1097,'CMZ','CM Stair','CEE-EM STAIRS',0,'2021-05-23 14:32:01',NULL),(1098,'CNA','Centavia','',0,'2021-05-23 14:32:01',NULL),(1099,'CNB','Cityline Hungary','CITYHUN',0,'2021-05-23 14:32:01',NULL),(1100,'CNC','Corporacion Aereo Cencor','CENCOR',0,'2021-05-23 14:32:01',NULL),(1101,'CND','Aero Continente Dominicana','CONDOMINICANA',0,'2021-05-23 14:32:01',NULL),(1102,'CNE','Air Toronto','CONNECTOR',0,'2021-05-23 14:32:01',NULL),(1103,'CNF','Canaryfly','',0,'2021-05-23 14:32:01',NULL),(1104,'CNG','Coastal Airways','SID-AIR',0,'2021-05-23 14:32:01',NULL),(1105,'CNH','Aquila Air','CHENANGO',0,'2021-05-23 14:32:01',NULL),(1106,'CNI','Empresa Nacional De Servicios Aereos','SERAER',0,'2021-05-23 14:32:01',NULL),(1107,'CNJ','Nanjing Airlines','NINGHANG',0,'2021-05-23 14:32:01',NULL),(1108,'CNK','Sunwest Home Aviation','CHINOOK',0,'2021-05-23 14:32:01',NULL),(1109,'CNL','Centennial Airlines','WYO-AIR',0,'2021-05-23 14:32:01',NULL),(1110,'CNN','Canadian World','Canadian',0,'2021-05-23 14:32:01',NULL),(1111,'CNO','SAS Braathens','SCANOR',0,'2021-05-23 14:32:01',NULL),(1112,'CNR','Condor Aero Services','CONAERO',0,'2021-05-23 14:32:01',NULL),(1113,'CNS','Centennial Flight Centre','CENTENNIAL',0,'2021-05-23 14:32:01',NULL),(1114,'CNT','CNET','KNET',0,'2021-05-23 14:32:01',NULL),(1115,'CNU','Air Consul','AIR CONSUL',0,'2021-05-23 14:32:01',NULL),(1116,'CNW','China Northwest Airlines','CHINA NORTHWEST',0,'2021-05-23 14:32:01',NULL),(1117,'CNX','Allcanada Express','CANEX',0,'2021-05-23 14:32:01',NULL),(1118,'CNY','Central Airways','CENTRAL LEONE',0,'2021-05-23 14:32:01',NULL),(1119,'COA','Continental Airlines','CONTINENTAL',0,'2021-05-23 14:32:01',NULL),(1120,'COD','Concordavia','CONCORDAVIA',0,'2021-05-23 14:32:01',NULL),(1121,'COE','Comtel Air','',0,'2021-05-23 14:32:01',NULL),(1122,'COF','Confort Air','CONFORT',0,'2021-05-23 14:32:01',NULL),(1123,'COH','Coltishall Flying Training Unit','COLT',0,'2021-05-23 14:32:01',NULL),(1124,'COL','Columbia Airlines','COLAIR',0,'2021-05-23 14:32:01',NULL),(1125,'COM','Comair','COMAIR',0,'2021-05-23 14:32:01',NULL),(1126,'CON','Continental Oil','CONOCO',0,'2021-05-23 14:32:01',NULL),(1127,'COO','Corporate Airlink','CORPORATE',0,'2021-05-23 14:32:01',NULL),(1128,'COP','Copper State Air Service','COPPER STATE',0,'2021-05-23 14:32:01',NULL),(1129,'COT','Cottesmore Flying Training Unit','COTTESMORE',0,'2021-05-23 14:32:01',NULL),(1130,'COV','Helicentre Coventry','HELICENTRE',0,'2021-05-23 14:32:01',NULL),(1131,'COW','Cowi','COWI',0,'2021-05-23 14:32:01',NULL),(1132,'COY','Coyne Aviation','COYNE AIR',0,'2021-05-23 14:32:01',NULL),(1133,'COZ','Cosmic Air','COSMIC AIR',0,'2021-05-23 14:32:01',NULL),(1134,'CPA','Cathay Pacific','CATHAY',0,'2021-05-23 14:32:01',NULL),(1135,'CPB','Corpac Canada','PENTA',0,'2021-05-23 14:32:01',NULL),(1136,'CPD','Capital Airlines','CAPITAL DELTA',0,'2021-05-23 14:32:01',NULL),(1137,'CPF','ATS Private Company','TECHSERVICE',0,'2021-05-23 14:32:01',NULL),(1138,'CPG','Corporacion Aeroangeles','CORPORANG',0,'2021-05-23 14:32:01',NULL),(1139,'CPH','Champagne Airlines','CHAMPAGNE',0,'2021-05-23 14:32:01',NULL),(1140,'CPI','CAI','AIRCAI',0,'2021-05-23 14:32:01',NULL),(1141,'CPJ','Baltimore Air Transport','CORPJET',0,'2021-05-23 14:32:01',NULL),(1142,'CPL','Chaparral Airlines','CHAPARRAL',0,'2021-05-23 14:32:01',NULL),(1143,'CPM','Compagnie Mauritanienne Des Transports','',0,'2021-05-23 14:32:01',NULL),(1144,'CPN','Caspian Airlines','CASPIAN',0,'2021-05-23 14:32:01',NULL),(1145,'CPO','Corporate Aircraft Company','MOKAN',0,'2021-05-23 14:32:01',NULL),(1146,'CPR','Corporate Air','CORPAIR',0,'2021-05-23 14:32:01',NULL),(1147,'CPS','Compass International Airways','COMPASS',0,'2021-05-23 14:32:01',NULL),(1148,'CPT','Corporate Air','AIR SPUR',0,'2021-05-23 14:32:01',NULL),(1149,'CPV','Air Corporate','AIRCORPORATE',0,'2021-05-23 14:32:01',NULL),(1150,'CPW','Chippewa Air Commuter','CHIPPEWA-AIR',0,'2021-05-23 14:32:01',NULL),(1151,'CPX','Capital Air Service','CAPAIR',0,'2021-05-23 14:32:01',NULL),(1152,'CPZ','Compass Airlines','Compass Rose',0,'2021-05-23 14:32:01',NULL),(1153,'CQC','Central Queensland Aviation College','',0,'2021-05-23 14:32:01',NULL),(1154,'CQH','Spring Airlines','AIR SPRING',0,'2021-05-23 14:32:01',NULL),(1155,'CQN','Chongqing Airlines','CHONG QING',0,'2021-05-23 14:32:01',NULL),(1156,'CR1','Regionalia Chile','',0,'2021-05-23 14:32:01',NULL),(1157,'CR7','Sky Wing Pacific','',0,'2021-05-23 14:32:01',NULL),(1158,'CRA','Coronado Aerolineas','CORAL',0,'2021-05-23 14:32:01',NULL),(1159,'CRC','Conair Aviation','CONAIR-CANADA',0,'2021-05-23 14:32:01',NULL),(1160,'CRD','Air Corridor','AIR CORRIDOR',0,'2021-05-23 14:32:01',NULL),(1161,'CRE','Cree Airways','CREE AIR',0,'2021-05-23 14:32:01',NULL),(1162,'CRF','Air Central','AIR CENTRAL',0,'2021-05-23 14:32:01',NULL),(1163,'CRG','Cargoitalia','WHITE PELICAN',1,'2021-05-23 14:32:01',NULL),(1164,'CRH','CRI Helicopters Mexico','HELI-MEX',0,'2021-05-23 14:32:01',NULL),(1165,'CRJ','Air Cruzal','AIR CRUZAL',0,'2021-05-23 14:32:01',NULL),(1166,'CRK','Hong Kong Airlines','BAUHINIA',0,'2021-05-23 14:32:01',NULL),(1167,'CRL','Corsairfly','CORSAIR',0,'2021-05-23 14:32:01',NULL),(1168,'CRM','Commander Mexicana','COMMANDERMEX',0,'2021-05-23 14:32:01',NULL),(1169,'CRN','Empresa Aerocaribbean','AEROCARIBBEAN',0,'2021-05-23 14:32:01',NULL),(1170,'CRO','Crown Airways','CROWN AIRWAYS',0,'2021-05-23 14:32:01',NULL),(1171,'CRP','Aerotransportes Corporativos','AEROTRANSCORP',0,'2021-05-23 14:32:01',NULL),(1172,'CRQ','Air Creebec','CREE',0,'2021-05-23 14:32:01',NULL),(1173,'CRR','Carranza','CARRANZA',0,'2021-05-23 14:32:01',NULL),(1174,'CRS','Comercial Aerea','COMERCIAL AEREA',0,'2021-05-23 14:32:01',NULL),(1175,'CRT','Caribintair','CARIBINTAIR',0,'2021-05-23 14:32:01',NULL),(1176,'CRV','Cargo Ivoire','CARGOIV',1,'2021-05-23 14:32:01',NULL),(1177,'CRW','Crownair','REGAL',0,'2021-05-23 14:32:01',NULL),(1178,'CRX','Cross Aviation','CROSSAIR',0,'2021-05-23 14:32:01',NULL),(1179,'CRY','Primavia Limited','CARRIERS',0,'2021-05-23 14:32:01',NULL),(1180,'CRZ','Cruzeiro do Sul Servicos Aereos','',0,'2021-05-23 14:32:01',NULL),(1181,'CSA','Czech Airlines','CSA-LINES',0,'2021-05-23 14:32:01',NULL),(1182,'CSC','Sichuan Airlines','SI CHUAN',0,'2021-05-23 14:32:01',NULL),(1183,'CSD','Courier Services','DELIVERY',0,'2021-05-23 14:32:01',NULL),(1184,'CSE','CSE Aviation','OXFORD',0,'2021-05-23 14:32:01',NULL),(1185,'CSF','Clasair','CALEDONIAN',0,'2021-05-23 14:32:01',NULL),(1186,'CSH','Shanghai Airlines','SHANGHAI AIR',0,'2021-05-23 14:32:01',NULL),(1187,'CSI','Central Skyport','SKYPORT',0,'2021-05-23 14:32:01',NULL),(1188,'CSJ','Castle Aviation','CASTLE',0,'2021-05-23 14:32:01',NULL),(1189,'CSK','Flightcraft','CASCADE',0,'2021-05-23 14:32:01',NULL),(1190,'CSL','California Air Shuttle','CALIFORNIA SHUTTLE',0,'2021-05-23 14:32:01',NULL),(1191,'CSM','Ratkhan Air','LORRY',0,'2021-05-23 14:32:01',NULL),(1192,'CSN','China Southern Airlines','CHINA SOUTHERN',0,'2021-05-23 14:32:01',NULL),(1193,'CSO','Casino Airline','CASAIR',0,'2021-05-23 14:32:01',NULL),(1194,'CSP','Casper Air Service','CASPER AIR',0,'2021-05-23 14:32:01',NULL),(1195,'CSQ','IBC Airways','CHASQUI',0,'2021-05-23 14:32:01',NULL),(1196,'CST','Coast Air','COAST CENTER',0,'2021-05-23 14:32:01',NULL),(1197,'CSU','Chari Aviation Services','CHARI SERVICE',0,'2021-05-23 14:32:01',NULL),(1198,'CSV','Coastal Travels','COASTAL TRAVEL',0,'2021-05-23 14:32:01',NULL),(1199,'CSW','Worldwide Air Charter Systems','CHARTER SYSTEMS',0,'2021-05-23 14:32:01',NULL),(1200,'CSX','Choice Airways','',0,'2021-05-23 14:32:01',NULL),(1201,'CSY','Shuangyang General Aviation','SHUANGYANG',0,'2021-05-23 14:32:01',NULL),(1202,'CSZ','Shenzhen Airlines','SHENZHEN AIR',0,'2021-05-23 14:32:01',NULL),(1203,'CTA','Aero Charter and Transport','CHAR-TRAN',0,'2021-05-23 14:32:01',NULL),(1204,'CTE','Air Tenglong','TENGLONG',0,'2021-05-23 14:32:01',NULL),(1205,'CTG','Canadian Coast Guard','CANADIAN COAST GUARD',0,'2021-05-23 14:32:01',NULL),(1206,'CTH','China General Aviation Corporation','TONGHANG',0,'2021-05-23 14:32:01',NULL),(1207,'CTK','East Midlands Helicopters','COSTOCK',0,'2021-05-23 14:32:01',NULL),(1208,'CTL','Central Airlines','CENTRAL COMMUTER',0,'2021-05-23 14:32:01',NULL),(1209,'CTM','Commandement Du Transport Aerien Militaire Francais','COTAM',0,'2021-05-23 14:32:01',NULL),(1210,'CTN','Croatia Airlines','CROATIA',0,'2021-05-23 14:32:01',NULL),(1211,'CTO','Cape Air Transport','',0,'2021-05-23 14:32:01',NULL),(1212,'CTP','Tashkent Aircraft Production Corporation','CORTAS',0,'2021-05-23 14:32:01',NULL),(1213,'CTQ','CTK Network Aviation','CITYLINK',0,'2021-05-23 14:32:01',NULL),(1214,'CTR','Aerlineas Centauro','CENTAURO',0,'2021-05-23 14:32:01',NULL),(1215,'CTS','Center-South','CENTER-SOUTH',0,'2021-05-23 14:32:01',NULL),(1216,'CTT','Custom Air Transport','CATT',0,'2021-05-23 14:32:01',NULL),(1217,'CTV','Escuela De Pilotos Are Aviacion','ARE AVIACION',0,'2021-05-23 14:32:01',NULL),(1218,'CTW','Cargo Three','THIRD CARGO',1,'2021-05-23 14:32:01',NULL),(1219,'CTY','Cryderman Air Service','CENTURY',0,'2021-05-23 14:32:01',NULL),(1220,'CTZ','CATA L','CATA',0,'2021-05-23 14:32:01',NULL),(1221,'CUA','China United Airlines','LIANHANG',0,'2021-05-23 14:32:01',NULL),(1222,'CUB','Cubana de Aviacin','CUBANA',0,'2021-05-23 14:32:01',NULL),(1223,'CUD','Air Cudlua','Cudlua',0,'2021-05-23 14:32:01',NULL),(1224,'CUI','Cancun Air','CAN-AIR',0,'2021-05-23 14:32:01',NULL),(1225,'CUK','Polo Aviation','CHUKKA',0,'2021-05-23 14:32:01',NULL),(1226,'CUO','Aerocuahonte','CUAHONTE',0,'2021-05-23 14:32:01',NULL),(1227,'CUT','Court Helicopters','COURT AIR',0,'2021-05-23 14:32:01',NULL),(1228,'CVA','Air Chathams','CHATHAM',0,'2021-05-23 14:32:01',NULL),(1229,'CVC','Centre-Avia','AVIACENTRE',0,'2021-05-23 14:32:01',NULL),(1230,'CVE','Cabo Verde Express','KABEX',0,'2021-05-23 14:32:01',NULL),(1231,'CVF','Dassault Falcon Jet Corporation','CLOVERLEAF',0,'2021-05-23 14:32:01',NULL),(1232,'CVG','Carill Aviation','CARILL',0,'2021-05-23 14:32:01',NULL),(1233,'CVL','Coval Air','COVAL',0,'2021-05-23 14:32:01',NULL),(1234,'CVO','Center Vol','CENTERVOL',0,'2021-05-23 14:32:01',NULL),(1235,'CVR','Chevron U.S.A','CHEVRON',0,'2021-05-23 14:32:01',NULL),(1236,'CVT','Peran','CVETA',0,'2021-05-23 14:32:01',NULL),(1237,'CVU','Grand Canyon Airlines','CANYON VIEW',0,'2021-05-23 14:32:01',NULL),(1238,'CVV','Comeravia','COMERAVIA',0,'2021-05-23 14:32:01',NULL),(1239,'CWA','Canadian Western Airlines','CANADIAN WESTERN',0,'2021-05-23 14:32:01',NULL),(1240,'CWC','Centurion Air Cargo','CHALLENGE CARGO',1,'2021-05-23 14:32:01',NULL),(1241,'CWD','Caernarfon Airworld','AMBASSADOR',0,'2021-05-23 14:32:01',NULL),(1242,'CWE','Celtic West','CELTIC',0,'2021-05-23 14:32:01',NULL),(1243,'CWH','Canadian Warplane Heritage Museum','WARPLANE HERITAGE',0,'2021-05-23 14:32:01',NULL),(1244,'CWK','Comores Airlines','CONTICOM',0,'2021-05-23 14:32:01',NULL),(1245,'CWL','Cranwell Flying Training Unit','CRANWELL',0,'2021-05-23 14:32:01',NULL),(1246,'CWM','Air Marshall Islands','AIR MARSHALLS',0,'2021-05-23 14:32:01',NULL),(1247,'CWN','Cardiff Wales Flying Club','CAMBRIAN',0,'2021-05-23 14:32:01',NULL),(1248,'CWP','Australian Customs Service','COASTWATCH',0,'2021-05-23 14:32:01',NULL),(1249,'CWS','California Western','',0,'2021-05-23 14:32:01',NULL),(1250,'CWT','Texas Airways','TEXAS AIRWAYS',0,'2021-05-23 14:32:01',NULL),(1251,'CWU','Wuhan Airlines','WUHAN AIR',0,'2021-05-23 14:32:01',NULL),(1252,'CWW','Canair','CANAIR',0,'2021-05-23 14:32:01',NULL),(1253,'CWX','Crow Executive Air','CROW EXPRESS',0,'2021-05-23 14:32:01',NULL),(1254,'CWY','Woodgate Executive Air Charter','CAUSEWAY',0,'2021-05-23 14:32:01',NULL),(1255,'CWZ','Capitol Wings Airline','CAPWINGS',0,'2021-05-23 14:32:01',NULL),(1256,'CX0','Copenhagen Express','Copex',0,'2021-05-23 14:32:01',NULL),(1257,'CXA','Xiamen Airlines','XIAMEN AIR',0,'2021-05-23 14:32:01',NULL),(1258,'CXH','China Xinhua Airlines','XINHUA',0,'2021-05-23 14:32:01',NULL),(1259,'CXI','Shanxi Airlines','SHANXI',0,'2021-05-23 14:32:01',NULL),(1260,'CXJ','Xinjiang Airlines','XINJIANG',0,'2021-05-23 14:32:01',NULL),(1261,'CXN','China Southwest Airlines','CHINA SOUTHWEST',0,'2021-05-23 14:32:01',NULL),(1262,'CXO','Conroe Aviation Services','CONROE AIR',0,'2021-05-23 14:32:01',NULL),(1263,'CXP','Xtra Airways','RUBY MOUNTAIN',0,'2021-05-23 14:32:01',NULL),(1264,'CXS','Boston-Maine Airways','CLIPPER CONNECTION',0,'2021-05-23 14:32:01',NULL),(1265,'CYA','Cheyenne Airways','CHEYENNE AIR',0,'2021-05-23 14:32:01',NULL),(1266,'CYC','Cyprair Tours','CYPRAIR',0,'2021-05-23 14:32:01',NULL),(1267,'CYD','Access Air','CYCLONE',0,'2021-05-23 14:32:01',NULL),(1268,'CYE','Aerocheyenne','AEROCHEYENNE',0,'2021-05-23 14:32:01',NULL),(1269,'CYF','Company Flight','COMPANY FLIGHT',0,'2021-05-23 14:32:01',NULL),(1270,'CYG','Yana Airlines','VICAIR',0,'2021-05-23 14:32:01',NULL),(1271,'CYH','Yunnan Airlines','YUNNAN',0,'2021-05-23 14:32:01',NULL),(1272,'CYL','Air One Cityliner','CITYLINER',0,'2021-05-23 14:32:01',NULL),(1273,'CYM','Compass Airlines (Australia)','Compair',0,'2021-05-23 14:32:01',NULL),(1274,'CYN','Zhongyuan Aviation','ZHONGYUAN',0,'2021-05-23 14:32:01',NULL),(1275,'CYO','Air Transport','COYOTE',0,'2021-05-23 14:32:01',NULL),(1276,'CYP','Cyprus Airways','CYPRUS',0,'2021-05-23 14:32:01',NULL),(1277,'CYS','Cypress Airlines','SKYBIRD',0,'2021-05-23 14:32:01',NULL),(1278,'CYT','Crystal Shamrock','CRYSTAL-AIR',0,'2021-05-23 14:32:01',NULL),(1279,'CYZ','China Postal Airlines','CHINA POST',0,'2021-05-23 14:32:01',NULL),(1280,'CZV','Via Conectia Airlines','',0,'2021-05-23 14:32:01',NULL),(1281,'DAA','Decatur Aviation','DECUR',0,'2021-05-23 14:32:01',NULL),(1282,'DAB','Dassault Aviation','',0,'2021-05-23 14:32:01',NULL),(1283,'DAC','McDonnell Douglas','DACO',0,'2021-05-23 14:32:01',NULL),(1284,'DAD','Dorado Air','DORADO AIR',0,'2021-05-23 14:32:01',NULL),(1285,'DAE','DHL Aero Expreso','YELLOW',1,'2021-05-23 14:32:01',NULL),(1286,'DAF','Danish Air Force','DANISH AIRFORCE',0,'2021-05-23 14:32:01',NULL),(1287,'DAG','Dagestan Airlines','DAGAL',0,'2021-05-23 14:32:01',NULL),(1288,'DAH','Air Algerie','AIR ALGERIE',0,'2021-05-23 14:32:01',NULL),(1289,'DAK','First Flying','',0,'2021-05-23 14:32:01',NULL),(1290,'DAL','Delta Air Lines','DELTA',0,'2021-05-23 14:32:01',NULL),(1291,'DAM','Kyrgyzstan Department of Aviation','FLIGHT RESCUE',0,'2021-05-23 14:32:01',NULL),(1292,'DAN','Dan-Air London','',0,'2021-05-23 14:32:01',NULL),(1293,'DAO','Daallo Airlines','DALO AIRLINES',0,'2021-05-23 14:32:01',NULL),(1294,'DAP','Aerovias DAP','DAP',0,'2021-05-23 14:32:01',NULL),(1295,'DAR','Danish Army','DANISH ARMY',0,'2021-05-23 14:32:01',NULL),(1296,'DAS','Damascene Airways','AIRDAM',0,'2021-05-23 14:32:01',NULL),(1297,'DAT','Brussels Airlines','BEE-LINE',0,'2021-05-23 14:32:01',NULL),(1298,'DAU','Dauair','DAUAIR',0,'2021-05-23 14:32:01',NULL),(1299,'DAV','Dornier Aviation Nigeria','DANA AIR',0,'2021-05-23 14:32:01',NULL),(1300,'DAY','Daya Aviation','DAYA',0,'2021-05-23 14:32:01',NULL),(1301,'DBA','Air Alpha','DOUBLE-A',0,'2021-05-23 14:32:01',NULL),(1302,'DBD','Air Niagara Express','AIR NIAGARA',0,'2021-05-23 14:32:01',NULL),(1303,'DBJ','Duchess of Britany (Jersey) Limited','DUCHESS',0,'2021-05-23 14:32:01',NULL),(1304,'DBK','Dubrovnik Air','SEAGULL',0,'2021-05-23 14:32:01',NULL),(1305,'DBR','Dutchbird','DUTCHBIRD',0,'2021-05-23 14:32:01',NULL),(1306,'DC2','Dense Connection','DC2',0,'2021-05-23 14:32:01',NULL),(1307,'DCA','Dreamcatcher Airways','DREAM CATCHER',0,'2021-05-23 14:32:01',NULL),(1308,'DCC','Caribbean Air Cargo','CARICARGO',1,'2021-05-23 14:32:01',NULL),(1309,'DCD','Air 26','DUCARD',0,'2021-05-23 14:32:01',NULL),(1310,'DCE','Dutch Caribbean Express','DUTCH CARIBBEAN',0,'2021-05-23 14:32:01',NULL),(1311,'DCL','Transportes Aereos Don Carlos','DON CARLOS',0,'2021-05-23 14:32:01',NULL),(1312,'DCM','FLTPLAN','DOT COM',0,'2021-05-23 14:32:01',NULL),(1313,'DCN','Federal Armed Forces','DIPLOMATIC CLEARANCE',0,'2021-05-23 14:32:01',NULL),(1314,'DCO','David Crawshaw Consultants Limited','',0,'2021-05-23 14:32:01',NULL),(1315,'DCS','Daimler Chrysler Aviation','TWIN STAR',0,'2021-05-23 14:32:01',NULL),(1316,'DCT','Direct Flight','',0,'2021-05-23 14:32:01',NULL),(1317,'DCV','Discover Air','DISCOVER',0,'2021-05-23 14:32:01',NULL),(1318,'DCX','Daimler-Chrysler','DAIMLER',0,'2021-05-23 14:32:01',NULL),(1319,'DDA','D & D Aviation','DUSTY',0,'2021-05-23 14:32:01',NULL),(1320,'DEA','Delta Aerotaxi','JET SERVICE',0,'2021-05-23 14:32:01',NULL),(1321,'DEE','Dixie Airways','TACAIR',0,'2021-05-23 14:32:01',NULL),(1322,'DEF','Aviation Defense Service','TIRPA',0,'2021-05-23 14:32:01',NULL),(1323,'DEG','Air Service Groningen','DEGGER',0,'2021-05-23 14:32:01',NULL),(1324,'DEI','Ecoair','',0,'2021-05-23 14:32:01',NULL),(1325,'DEL','Carib Aviation','RED TAIL',0,'2021-05-23 14:32:01',NULL),(1326,'DER','Deer Jet','DEER JET',0,'2021-05-23 14:32:01',NULL),(1327,'DES','Chilcotin Caribou Aviation','CHILCOTIN',0,'2021-05-23 14:32:01',NULL),(1328,'DET','DETA Air','SAMAL',0,'2021-05-23 14:32:01',NULL),(1329,'DEV','Red Devils Parachute Display Team','RED DEVILS',0,'2021-05-23 14:32:01',NULL),(1330,'DFA','Aero Coach Aviation','AERO COACH',0,'2021-05-23 14:32:01',NULL),(1331,'DFS','Dwyer Aircraft Services','DWYAIR',0,'2021-05-23 14:32:01',NULL),(1332,'DGO','DGO Jet','DGO JET',0,'2021-05-23 14:32:01',NULL),(1333,'DGT','Digital Equipment Corporation','DIGITAL',0,'2021-05-23 14:32:01',NULL),(1334,'DGX','Dasnair','DASNA',0,'2021-05-23 14:32:01',NULL),(1335,'DHA','Dahla Airlines','',0,'2021-05-23 14:32:01',NULL),(1336,'DHC','De Havilland','DEHAVILLAND',0,'2021-05-23 14:32:01',NULL),(1337,'DHE','DAP Helicopteros','HELIDAP',0,'2021-05-23 14:32:01',NULL),(1338,'DHI','Adam Air','ADAM SKY',0,'2021-05-23 14:32:01',NULL),(1339,'DHK','DHL Air','WORLD EXPRESS',1,'2021-05-23 14:32:01',NULL),(1340,'DHL','Astar Air Cargo','DAHL',1,'2021-05-23 14:32:01',NULL),(1341,'DHM','Archer Aviation','ARCHER',0,'2021-05-23 14:32:01',NULL),(1342,'DHV','DHL Aviation','WORLDSTAR',0,'2021-05-23 14:32:01',NULL),(1343,'DHX','DHL International','DILMUN',1,'2021-05-23 14:32:01',NULL),(1344,'DIA','Direct Air','BLUE SKY',0,'2021-05-23 14:32:01',NULL),(1345,'DIC','Aeromedica','AEROMEDICA',0,'2021-05-23 14:32:01',NULL),(1346,'DIN','Aerodin','AERODIN',0,'2021-05-23 14:32:01',NULL),(1347,'DIP','Diplomatic Freight Services','DIPFREIGHT',0,'2021-05-23 14:32:01',NULL),(1348,'DIR','Dirgantara Air Service','DIRGANTARA',0,'2021-05-23 14:32:01',NULL),(1349,'DIS','Di Air','DI AIR',0,'2021-05-23 14:32:01',NULL),(1350,'DIX','Dix Aviation','DIX FLIGHT',0,'2021-05-23 14:32:01',NULL),(1351,'DJA','Antinea Airlines','ANTINEA',0,'2021-05-23 14:32:01',NULL),(1352,'DJB','Djibouti Airlines','DJIBOUTI AIR',0,'2021-05-23 14:32:01',NULL),(1353,'DJE','Durango Jet','DURANGO JET',0,'2021-05-23 14:32:01',NULL),(1354,'DJS','DayJet','DAYJET',0,'2021-05-23 14:32:01',NULL),(1355,'DJT','Denver Jet','DENVER JET',0,'2021-05-23 14:32:01',NULL),(1356,'DJU','Air Djibouti','AIR DJIB',0,'2021-05-23 14:32:01',NULL),(1357,'DKA','Daka','',0,'2021-05-23 14:32:01',NULL),(1358,'DKE','Jubilee Airways','DUKE',0,'2021-05-23 14:32:01',NULL),(1359,'DKH','Juneyao Airlines','JUNEYAO AIRLINES',0,'2021-05-23 14:32:01',NULL),(1360,'DKN','Deccan Aviation','DECCAN',0,'2021-05-23 14:32:01',NULL),(1361,'DKT','Sioux Falls Aviation','DAKOTA',0,'2021-05-23 14:32:01',NULL),(1362,'DKY','Servicios Aereos Elite','DAKOY',0,'2021-05-23 14:32:01',NULL),(1363,'DLA','Air Dolomiti','DOLOMOTI',0,'2021-05-23 14:32:01',NULL),(1364,'DLH','Lufthansa','LUFTHANSA',0,'2021-05-23 14:32:01',NULL),(1365,'DLI','Delta Express International','DELTA EXPRESS',0,'2021-05-23 14:32:01',NULL),(1366,'DLK','Deccan Aviation (Lanka)','DEKKANLANKA',0,'2021-05-23 14:32:01',NULL),(1367,'DLR','Dala Air Services','DALA AIR',0,'2021-05-23 14:32:01',NULL),(1368,'DLS','Aero Modelo','AEROMODELO',0,'2021-05-23 14:32:01',NULL),(1369,'DLT','Deutsche Luftverkehrsgesellschaft','',0,'2021-05-23 14:32:01',NULL),(1370,'DLU','Aerolineas Del Sur','DEL SUR',0,'2021-05-23 14:32:01',NULL),(1371,'DMC','Aerodinamica de Monterrey','DINAMICAMONT',0,'2021-05-23 14:32:01',NULL),(1372,'DME','Royal Flight','',0,'2021-05-23 14:32:01',NULL),(1373,'DMI','Aeroservicios Dinamicos','AERODINAMICO',0,'2021-05-23 14:32:01',NULL),(1374,'DML','Aerotaxis Dosmil','',0,'2021-05-23 14:32:01',NULL),(1375,'DMO','Domodedovo Airlines','DOMODEDOVO',0,'2021-05-23 14:32:01',NULL),(1376,'DNA','Aerodespachos De El Salvador','AERODESPACHOS',0,'2021-05-23 14:32:01',NULL),(1377,'DNC','Aeroynamics Malaga','FLYINGOLIVE',0,'2021-05-23 14:32:01',NULL),(1378,'DND','Eldinder Aviation','DINDER',0,'2021-05-23 14:32:01',NULL),(1379,'DNI','Servicios Aereos Denim','AERO DENIM',0,'2021-05-23 14:32:01',NULL),(1380,'DNJ','Aerodynamics Incorporated','DYNAJET',0,'2021-05-23 14:32:01',NULL),(1381,'DNK','D&K Aviation','DIRECT JET',0,'2021-05-23 14:32:01',NULL),(1382,'DNL','Dutch Antilles Express','DUTCH ANTILLES',0,'2021-05-23 14:32:01',NULL),(1383,'DNM','Denim Air','DENIM',0,'2021-05-23 14:32:01',NULL),(1384,'DNR','Dynamair Aviation','DYNAMAIR',0,'2021-05-23 14:32:01',NULL),(1385,'DNU','Danu Oro Transportas','DANU',0,'2021-05-23 14:32:01',NULL),(1386,'DNV','Aeroflot-Don','DONAVIA',0,'2021-05-23 14:32:01',NULL),(1387,'DNY','Danish Navy','DANISH NAVY',0,'2021-05-23 14:32:01',NULL),(1388,'DOA','Dominicana de Aviaci','DOMINICANA',0,'2021-05-23 14:32:01',NULL),(1389,'DOB','Dobrolet','DOBROLET',0,'2021-05-23 14:32:01',NULL),(1390,'DOC','Norsk Luftambulanse','HELIDOC',0,'2021-05-23 14:32:01',NULL),(1391,'DOD','USAF Air Mobility Operations Control Center','',0,'2021-05-23 14:32:01',NULL),(1392,'DOI','U.S. Department of the Interior','INTERIOR',0,'2021-05-23 14:32:01',NULL),(1393,'DOJ','Justice Prisoner and Alien Transportation System','JUSTICE',0,'2021-05-23 14:32:01',NULL),(1394,'DOM','Dos Mundos','DOS MUNDOS',0,'2021-05-23 14:32:01',NULL),(1395,'DON','Donair Flying Club','DONAIR',0,'2021-05-23 14:32:01',NULL),(1396,'DOP','Dancopter','DANCOPTER',0,'2021-05-23 14:32:01',NULL),(1397,'DOR','Dornier','DORNIER',0,'2021-05-23 14:32:01',NULL),(1398,'DOT','Telnic Limited','DOT TEL',0,'2021-05-23 14:32:01',NULL),(1399,'DPL','Dome Petroleum','DOME',0,'2021-05-23 14:32:01',NULL),(1400,'DQA','Island Aviation Services','',0,'2021-05-23 14:32:01',NULL),(1401,'DRB','Didier Rousset Buy','DIDIER',0,'2021-05-23 14:32:01',NULL),(1402,'DRC','Triton Airlines','TRITON AIR',0,'2021-05-23 14:32:01',NULL),(1403,'DRD','Air Madrid','ALADA AIR',0,'2021-05-23 14:32:01',NULL),(1404,'DRE','Drummond Island Air','MICHIGAN',0,'2021-05-23 14:32:01',NULL),(1405,'DRK','Druk Air','ROYAL BHUTAN',0,'2021-05-23 14:32:01',NULL),(1406,'DRM','Airways Flight Training','DARTMOOR',0,'2021-05-23 14:32:01',NULL),(1407,'DRN','Central De Discos De Reynosa','DISCOS REYNOSA',0,'2021-05-23 14:32:01',NULL),(1408,'DRO','Aeronaves Del Noreste','AERONORESTE',0,'2021-05-23 14:32:01',NULL),(1409,'DRT','Darta','DARTA',0,'2021-05-23 14:32:01',NULL),(1410,'DRU','Alrosa Mirny Air Enterprise','MIRNY',0,'2021-05-23 14:32:01',NULL),(1411,'DRX','Des R Cargo Express','',1,'2021-05-23 14:32:01',NULL),(1412,'DRY','Deraya Air Taxi','DERAYA',0,'2021-05-23 14:32:01',NULL),(1413,'DSA','Danbury Airways','DANBURY AIRWAYS',0,'2021-05-23 14:32:01',NULL),(1414,'DSC','Addis Air Cargo Services','ADDIS CARGO',1,'2021-05-23 14:32:01',NULL),(1415,'','','',0,'2021-05-23 14:32:01',NULL),(1416,'DSH','Dash Air Charter','DASH CHARTER',0,'2021-05-23 14:32:01',NULL),(1417,'DSK','Aero Algarve','SKYBANNER',0,'2021-05-23 14:32:01',NULL),(1418,'DSL','Meridian Aviation','DIESEL',0,'2021-05-23 14:32:01',NULL),(1419,'DSM','LAN Argentina','LAN AR',0,'2021-05-23 14:32:01',NULL),(1420,'DSN','DESNA','DESNA',0,'2021-05-23 14:32:01',NULL),(1421,'DSO','Dassault Falcon Service','DASSAULT',0,'2021-05-23 14:32:01',NULL),(1422,'DSQ','Dasab Airlines','DASAB AIR',0,'2021-05-23 14:32:01',NULL),(1423,'DSR','DAS Air Cargo','DAIRAIR',1,'2021-05-23 14:32:01',NULL),(1424,'DST','Aex Air','DESERT',0,'2021-05-23 14:32:01',NULL),(1425,'DSU','Delta State University','DELTA STATE',0,'2021-05-23 14:32:01',NULL),(1426,'DSV','Direct Aero Services','',0,'2021-05-23 14:32:01',NULL),(1427,'DSY','Dennis Sky','DSY',0,'2021-05-23 14:32:01',NULL),(1428,'DTA','TAAG Angola Airlines','DTA',0,'2021-05-23 14:32:01',NULL),(1429,'DTH','Tassili Airlines','TASSILI AIR',0,'2021-05-23 14:32:01',NULL),(1430,'DTN','Data International','DATA AIR',0,'2021-05-23 14:32:01',NULL),(1431,'DTR','DAT Danish Air Transport','DANISH',0,'2021-05-23 14:32:01',NULL),(1432,'DTV','Centre Airlines','DUTCH VALLEY',0,'2021-05-23 14:32:01',NULL),(1433,'DTY','Destiny Air Services','DESTINY',0,'2021-05-23 14:32:01',NULL),(1434,'DUB','Dubai Airwing','DUBAI',0,'2021-05-23 14:32:01',NULL),(1435,'DUK','Ducair','LION KING',0,'2021-05-23 14:32:01',NULL),(1436,'DUN','Dun\'Air','DUNAIR',0,'2021-05-23 14:32:01',NULL),(1437,'DUO','Duo Airways','FLY DUO',0,'2021-05-23 14:32:01',NULL),(1438,'DVA','Discovery Airways','DISCOVERY AIRWAYS',0,'2021-05-23 14:32:01',NULL),(1439,'DVB','Don Avia','DONSEBAI',0,'2021-05-23 14:32:01',NULL),(1440,'DVI','Aero Davinci International','AERO DAVINCI',0,'2021-05-23 14:32:01',NULL),(1441,'DWA','Dense Airways','DENSE',0,'2021-05-23 14:32:01',NULL),(1442,'DWD','Deutsche Luftverkehrsgesellschaft (DLT)','',0,'2021-05-23 14:32:01',NULL),(1443,'DWN','Dawn Air','DAWN AIR',0,'2021-05-23 14:32:01',NULL),(1444,'DWR','Delaware Skyways','DELAWARE',0,'2021-05-23 14:32:01',NULL),(1445,'DWT','Darwin Airline','DARWIN',0,'2021-05-23 14:32:01',NULL),(1446,'DWW','Jet Courier Service','DON JUAN',0,'2021-05-23 14:32:01',NULL),(1447,'DXH','East Star Airlines','EAST STAR',0,'2021-05-23 14:32:01',NULL),(1448,'DXP','Dallas Express Airlines','DALLAS EXPRESS',0,'2021-05-23 14:32:01',NULL),(1449,'DXT','Dexter (DXT)','Dexter',0,'2021-05-23 14:32:01',NULL),(1450,'DYA','Dynamic Airways','',0,'2021-05-23 14:32:01',NULL),(1451,'DYE','Dynamic Air','DYNAMIC',0,'2021-05-23 14:32:01',NULL),(1452,'DYN','Aero Dynamics','AERO DYNAMIC',0,'2021-05-23 14:32:01',NULL),(1453,'EAA','Eastok Avia','',0,'2021-05-23 14:32:01',NULL),(1454,'EAB','Swiss Eagle','SWISS EAGLE',0,'2021-05-23 14:32:01',NULL),(1455,'EAC','Executive Air Charter','EXECAIR',0,'2021-05-23 14:32:01',NULL),(1456,'EAD','EAA Escola De Aviacao Aerocondor','AERO-ESCOLA',0,'2021-05-23 14:32:01',NULL),(1457,'EAE','Aeroservicios Ecuatorianos','AECA',0,'2021-05-23 14:32:01',NULL),(1458,'EAF','European Aviation Air Charter','EUROCHARTER',0,'2021-05-23 14:32:01',NULL),(1459,'EAG','European Aeronautical Group UK','',0,'2021-05-23 14:32:01',NULL),(1460,'EAH','Baltimore Airways','EASTERN',0,'2021-05-23 14:32:01',NULL),(1461,'EAI','Elite Air','ELAIR',0,'2021-05-23 14:32:01',NULL),(1462,'EAK','Euro-Asia Air','EAKAZ',0,'2021-05-23 14:32:01',NULL),(1463,'EAL','European Air Express','STAR WING',0,'2021-05-23 14:32:01',NULL),(1464,'EAM','Embassy Airlines','EMBASSY AIR',0,'2021-05-23 14:32:01',NULL),(1465,'EAN','Skypower Express Airways','NIGERIA EXPRESS',0,'2021-05-23 14:32:01',NULL),(1466,'EAP','Aero-Pyrenees','AERO-PYRENEES',0,'2021-05-23 14:32:01',NULL),(1467,'EAQ','Eastern Australia Airlines','',0,'2021-05-23 14:32:01',NULL),(1468,'EAR','Transporte Ejecutivo Aereo','EJECUTIVO-AEREO',0,'2021-05-23 14:32:01',NULL),(1469,'EAS','Executive Aerospace','AEROSPACE',0,'2021-05-23 14:32:01',NULL),(1470,'EAT','Air Transport','TRANS EUROPE',0,'2021-05-23 14:32:01',NULL),(1471,'EAV','Eastern Atlantic Virtual Airlines','EAVA',0,'2021-05-23 14:32:01',NULL),(1472,'EAX','Eastern Air Executive','EASTEX',0,'2021-05-23 14:32:01',NULL),(1473,'EAY','Aero Airlines','REVAL',0,'2021-05-23 14:32:01',NULL),(1474,'EAZ','Eastern Air','EASAIR',0,'2021-05-23 14:32:01',NULL),(1475,'EBA','Bond Aviation','BOND AVIATION',0,'2021-05-23 14:32:01',NULL),(1476,'EBC','Aero Ejecutivo De Baja California','CALIXJET',0,'2021-05-23 14:32:01',NULL),(1477,'EBE','Minebea Technologies','MINEBEA',0,'2021-05-23 14:32:01',NULL),(1478,'EBF','MSR Flug-Charter','SKYRUNNER',0,'2021-05-23 14:32:01',NULL),(1479,'EBG','Eurosense','EUROSENSE',0,'2021-05-23 14:32:01',NULL),(1480,'EBJ','European Business Jets','',0,'2021-05-23 14:32:01',NULL),(1481,'ECA','Eurocypria Airlines','EUROCYPRIA',0,'2021-05-23 14:32:01',NULL),(1482,'ECB','European Coastal Airlines','COASTAL CLIPPER',0,'2021-05-23 14:32:01',NULL),(1483,'ECC','Crossair Europe','Cigogne',0,'2021-05-23 14:32:01',NULL),(1484,'ECD','Ecotour','ECOTOUR',0,'2021-05-23 14:32:01',NULL),(1485,'ECE','Air City','AIRCITY',0,'2021-05-23 14:32:01',NULL),(1486,'ECF','Eurocopter','EUROCOPTER',0,'2021-05-23 14:32:01',NULL),(1487,'ECG','Aero Ejecutivos RCG','EJECTUIVOS RCG',0,'2021-05-23 14:32:01',NULL),(1488,'ECI','Eastern Carolina Aviation','EASTERN CAROLINA',0,'2021-05-23 14:32:01',NULL),(1489,'ECJ','East Coast Jets','EASTCOAST JET',0,'2021-05-23 14:32:01',NULL),(1490,'ECL','Aeronautica Castellana','AERO CASTELLANA',0,'2021-05-23 14:32:01',NULL),(1491,'ECM','Aerolineas Comerciales','AERO COMERCIALES',0,'2021-05-23 14:32:01',NULL),(1492,'ECN','Euro Continental AIE','EURO CONTINENTAL',0,'2021-05-23 14:32:01',NULL),(1493,'ECQ','Eco Air','SKYBRIDGE',0,'2021-05-23 14:32:01',NULL),(1494,'ECS','Executive Aircraft Charter and Charter Services','ECHO',0,'2021-05-23 14:32:01',NULL),(1495,'ECT','East Coast Airways','EASTWAY',0,'2021-05-23 14:32:01',NULL),(1496,'ECU','Ecuavia','ECUAVIA',0,'2021-05-23 14:32:01',NULL),(1497,'ECV','Ecuatoguineana De Aviacion (EGA)','EQUATOGUINEA',0,'2021-05-23 14:32:01',NULL),(1498,'ECX','Ecomex Air Cargo','AIR ECOMEX',1,'2021-05-23 14:32:01',NULL),(1499,'ECY','Euroceltic Airways','ECHELON',0,'2021-05-23 14:32:01',NULL),(1500,'EDA','Aerolineas Nacionales Del Ecuador','ANDES',0,'2021-05-23 14:32:01',NULL),(1501,'EDC','Edinburgh Air Charter','SALTIRE',0,'2021-05-23 14:32:01',NULL),(1502,'EDD','Lineas Aereas Ejectuivas De Durango','LINEAS DURANGO',0,'2021-05-23 14:32:01',NULL),(1503,'EDI','Eastern Atlantic Charters','',0,'2021-05-23 14:32:01',NULL),(1504,'EDJ','Edwards Jet Center of Montana','EDWARDS',0,'2021-05-23 14:32:01',NULL),(1505,'EDL','Polizeihubschrauberstaffel Bayern','POLICE EDELWEISS',0,'2021-05-23 14:32:01',NULL),(1506,'EDO','Elidolomiti','ELIDOLOMITI',0,'2021-05-23 14:32:01',NULL),(1507,'EDR','Lineas Aereas Eldorado','ELDORADRO',0,'2021-05-23 14:32:01',NULL),(1508,'EDW','Edelweiss Air','EDELWEISS',0,'2021-05-23 14:32:01',NULL),(1509,'EEA','Empresa Ecuatoriana De Aviacion','ECUATORIANA',0,'2021-05-23 14:32:01',NULL),(1510,'EET','Air Este','AESTE',0,'2021-05-23 14:32:01',NULL),(1511,'EEU','Eurofly Service','EUROFLY',0,'2021-05-23 14:32:01',NULL),(1512,'EEZ','Eurofly','E-FLY',0,'2021-05-23 14:32:01',NULL),(1513,'EFA','Far Eastern Air Transport','Far Eastern',0,'2021-05-23 14:32:01',NULL),(1514,'EFC','Air Mana','FLIGHT TAXI',0,'2021-05-23 14:32:01',NULL),(1515,'EFD','EFD Eisele Flugdienst','EVER FLIGHT',0,'2021-05-23 14:32:01',NULL),(1516,'EFG','Elifriulia','ELIFRIULIA',0,'2021-05-23 14:32:01',NULL),(1517,'EFS','EFAOS- Agencia De Viagens e Turismo','EFAOS',0,'2021-05-23 14:32:01',NULL),(1518,'EFT','Embassy Freight Company','EMBASSY FREIGHT',0,'2021-05-23 14:32:01',NULL),(1519,'EFY','EasyFly','EASYFLY',0,'2021-05-23 14:32:01',NULL),(1520,'EGF','American Eagle Airlines','EAGLE FLIGHT',0,'2021-05-23 14:32:01',NULL),(1521,'EGH','BBN-Airways','BBN',0,'2021-05-23 14:32:01',NULL),(1522,'EGJ','Eagle Jet Charter','EAGLE JET',0,'2021-05-23 14:32:01',NULL),(1523,'EGL','Capital Trading Aviation','PRESTIGE',0,'2021-05-23 14:32:01',NULL),(1524,'EGN','Eagle Aviation France','FRENCH EAGLE',0,'2021-05-23 14:32:01',NULL),(1525,'EGO','Gauteng Air Cargo','GAUTENG',1,'2021-05-23 14:32:01',NULL),(1526,'EGR','Eagle Air','EAGLE SIERRA',0,'2021-05-23 14:32:01',NULL),(1527,'EGS','Eagles Airlines','EAGLES',0,'2021-05-23 14:32:01',NULL),(1528,'EGU','Eagle Aviation','AFRICAN EAGLE',0,'2021-05-23 14:32:01',NULL),(1529,'EGV','Enrique Gleisner Vivanco','GLEISNER',0,'2021-05-23 14:32:01',NULL),(1530,'EGX','Eagle Air Company','THAI EAGLE',0,'2021-05-23 14:32:01',NULL),(1531,'EGY','Egyptian Air Force','',0,'2021-05-23 14:32:01',NULL),(1532,'EHA','East Hampton Aire','AIRE HAMPTON',0,'2021-05-23 14:32:01',NULL),(1533,'EHD','E H Darby Aviation','PLATINUM AIR',0,'2021-05-23 14:32:01',NULL),(1534,'EHM','Euro Harmony','',0,'2021-05-23 14:32:01',NULL),(1535,'EHN','East Horizon','EAST HORIZON',0,'2021-05-23 14:32:01',NULL),(1536,'EHR','Valfell-Verkflug','ROTOR',0,'2021-05-23 14:32:01',NULL),(1537,'EIA','Evergreen International Airlines','EVERGREEN',0,'2021-05-23 14:32:01',NULL),(1538,'EIC','Express International Cargo','EXCARGO',1,'2021-05-23 14:32:01',NULL),(1539,'EIJ','Efata Papua Airlines','EFATA',0,'2021-05-23 14:32:01',NULL),(1540,'EIN','Aer Lingus','SHAMROCK',0,'2021-05-23 14:32:01',NULL),(1541,'EIR','Eirjet','EIRJET',0,'2021-05-23 14:32:01',NULL),(1542,'EIS','EIS Aircraft','COOL',0,'2021-05-23 14:32:01',NULL),(1543,'EIX','Ei Air Exports','AIR EXPORTS',0,'2021-05-23 14:32:01',NULL),(1544,'EJA','NetJets','',0,'2021-05-23 14:32:01',NULL),(1545,'EJA','NetJets','EXECJET',0,'2021-05-23 14:32:01',NULL),(1546,'EJC','Grupo De Aviacion Ejecutiva','GRUPOEJECUTIVA',0,'2021-05-23 14:32:01',NULL),(1547,'EJD','Elite Jets','ELITE DUBAI',0,'2021-05-23 14:32:01',NULL),(1548,'EJM','Executive Jet Management','JET SPEED',0,'2021-05-23 14:32:01',NULL),(1549,'EJO','Execujet Middle East','MIDJET',0,'2021-05-23 14:32:01',NULL),(1550,'EJP','Aeroservicios Ejecutivos Corporativos','EJECCORPORATIVOS',0,'2021-05-23 14:32:01',NULL),(1551,'EJS','Eurojet Servis','EEJAY SERVICE',0,'2021-05-23 14:32:01',NULL),(1552,'EJT','Eclipse Aviation','ECLIPSE JET',0,'2021-05-23 14:32:01',NULL),(1553,'EJV','Compania Ejecutiva','EJECUTIVA',0,'2021-05-23 14:32:01',NULL),(1554,'EJX','Egyptian Aviation','',0,'2021-05-23 14:32:01',NULL),(1555,'EKA','Equaflight Service','EQUAFLIGHT',0,'2021-05-23 14:32:01',NULL),(1556,'EKC','East Kansas City Aviation','BLUE GOOSE',0,'2021-05-23 14:32:01',NULL),(1557,'ELA','Eastland Air','',0,'2021-05-23 14:32:01',NULL),(1558,'ELB','Elieuro','ELILOBARDIA',0,'2021-05-23 14:32:01',NULL),(1559,'ELC','Small Planet Airlines','',0,'2021-05-23 14:32:01',NULL),(1560,'ELG','Alpi Eagles','ALPI EAGLES',0,'2021-05-23 14:32:01',NULL),(1561,'ELH','Elilario Italia','LARIO',0,'2021-05-23 14:32:01',NULL),(1562,'ELJ','Delta Air Elite','ELITE JET',0,'2021-05-23 14:32:01',NULL),(1563,'ELK','ELK Airways','',0,'2021-05-23 14:32:01',NULL),(1564,'ELL','Estonian Air','ESTONIAN',0,'2021-05-23 14:32:01',NULL),(1565,'ELM','Crelam','CRELAM',0,'2021-05-23 14:32:01',NULL),(1566,'ELO','Eurolot','EUROLOT',0,'2021-05-23 14:32:01',NULL),(1567,'ELR','Elrom Aviation and Investments','',0,'2021-05-23 14:32:01',NULL),(1568,'ELS','El Sal Air','EL SAL',0,'2021-05-23 14:32:01',NULL),(1569,'ELT','Elliott Aviation','ELLIOT',0,'2021-05-23 14:32:01',NULL),(1570,'ELV','Transportes Aereos Nacionales De Selva Tans','AEREOS SELVA',0,'2021-05-23 14:32:01',NULL),(1571,'ELW','Yellow Wings Air Services','YELLOW WINGS',0,'2021-05-23 14:32:01',NULL),(1572,'ELX','Elan Express','ELAN',0,'2021-05-23 14:32:01',NULL),(1573,'ELY','El Al Israel Airlines','ELAL',0,'2021-05-23 14:32:01',NULL),(1574,'EMA','Egyptian Aviation Company','',0,'2021-05-23 14:32:01',NULL),(1575,'EMB','Empresa Brasileira De Aeronautica','EMBRAER',0,'2021-05-23 14:32:01',NULL),(1576,'EMD','Eaglemed (Ballard Aviation)','EAGLEMED',0,'2021-05-23 14:32:01',NULL),(1577,'EME','Eastern Metro Express','EMAIR',0,'2021-05-23 14:32:01',NULL),(1578,'EMI','Premium Air Shuttle','BLUE SHUTTLE',0,'2021-05-23 14:32:01',NULL),(1579,'EMN','Examiner Training Agency','AGENCY',0,'2021-05-23 14:32:01',NULL),(1580,'EMP','Empire Air Service','EMPIRE',0,'2021-05-23 14:32:01',NULL),(1581,'EMR','Zenmour Airlines','ZENMOUR',0,'2021-05-23 14:32:01',NULL),(1582,'EMS','Aero Servicios Empresariales','SERVIEMPRESARIAL',0,'2021-05-23 14:32:01',NULL),(1583,'EMT','Emetebe','EMETEBE',0,'2021-05-23 14:32:01',NULL),(1584,'EMU','East Asia Airlines','',0,'2021-05-23 14:32:01',NULL),(1585,'EMX','Euromanx Airways','EUROMANX',0,'2021-05-23 14:32:01',NULL),(1586,'ENA','Direccion General de Aviacion Civil y Telecomunicasciones','ENA',0,'2021-05-23 14:32:01',NULL),(1587,'ENC','Endecots','ENDECOTS',0,'2021-05-23 14:32:01',NULL),(1588,'END','Arrendoora y Transportadora Aerea','ARRENDADORA',0,'2021-05-23 14:32:01',NULL),(1589,'ENI','Enimex','ENIMEX',0,'2021-05-23 14:32:01',NULL),(1590,'ENJ','Enerjet','ENERJET AIR',0,'2021-05-23 14:32:01',NULL),(1591,'ENK','Enkor JSC','ENKOR',0,'2021-05-23 14:32:01',NULL),(1592,'ENR','Scenic Air','',0,'2021-05-23 14:32:01',NULL),(1593,'ENS','Entergy Services','ENTERGY SHUTTLE',0,'2021-05-23 14:32:01',NULL),(1594,'ENT','DAT Enterprise Limited','DATENT',0,'2021-05-23 14:32:01',NULL),(1595,'ENV','Victoria Aviation','ENDEAVOUR',0,'2021-05-23 14:32:01',NULL),(1596,'ENW','Aeronaves Del Noroeste','AERONOR',0,'2021-05-23 14:32:01',NULL),(1597,'ENY','Envoy Air','Envoy',0,'2021-05-23 14:32:01',NULL),(1598,'ENZ','Jota Aviation','ENZO',0,'2021-05-23 14:32:01',NULL),(1599,'EOA','Elilombarda','LOMBARDA',0,'2021-05-23 14:32:01',NULL),(1600,'EOL','Airailes','EOLE',0,'2021-05-23 14:32:01',NULL),(1601,'EOM','Aero Ermes','AERO ERMES',0,'2021-05-23 14:32:01',NULL),(1602,'EOS','Eliossola','ELIOSSOLA',0,'2021-05-23 14:32:01',NULL),(1603,'EPA','Shenzhen Donghai Airlines','DONGHAI AIR',0,'2021-05-23 14:32:01',NULL),(1604,'EPB','Eastern Pacific Aviation','EAST PAC',0,'2021-05-23 14:32:01',NULL),(1605,'EPC','Espace Aviation Services','ESPACE',0,'2021-05-23 14:32:01',NULL),(1606,'EPE','Aero Empresarial','AEROEMPRESARIAL',0,'2021-05-23 14:32:01',NULL),(1607,'EPL','Aero Transportes Empresariales','EMPRESARIALES',0,'2021-05-23 14:32:01',NULL),(1608,'EPS','Epps Air Service','EPPS AIR',0,'2021-05-23 14:32:01',NULL),(1609,'EQC','Ecuatorial Cargo','ECUA-CARGO',1,'2021-05-23 14:32:01',NULL),(1610,'EQL','Air S','EQUATORIAL',0,'2021-05-23 14:32:01',NULL),(1611,'EQT','Equatorial Airlines','',0,'2021-05-23 14:32:01',NULL),(1612,'EQZ','Equatair Air Services (Zambia)','ZAMBIA CARGO',1,'2021-05-23 14:32:01',NULL),(1613,'ERC','Esso Resources Canada','ESSO',0,'2021-05-23 14:32:01',NULL),(1614,'ERE','Erie Airways','AIR ERIE',0,'2021-05-23 14:32:01',NULL),(1615,'ERF','Erfoto','ERFOTO',0,'2021-05-23 14:32:01',NULL),(1616,'ERG','Avianergo','AVIANERGO',0,'2021-05-23 14:32:01',NULL),(1617,'ERH','Era Helicopters','ERAH',0,'2021-05-23 14:32:01',NULL),(1618,'ERI','Aero Servicios Regiomontanos','ASERGIO',0,'2021-05-23 14:32:01',NULL),(1619,'ERJ','Eurojet Italia','JET ITALIA',0,'2021-05-23 14:32:01',NULL),(1620,'ERK','Aerosec','AEROSEC',0,'2021-05-23 14:32:01',NULL),(1621,'ERM','Aeromaan','EOMAAN',0,'2021-05-23 14:32:01',NULL),(1622,'ERO','Sun D\'Or','ECHO ROMEO',0,'2021-05-23 14:32:01',NULL),(1623,'ERR','Era Alaska','ERAH',0,'2021-05-23 14:32:01',NULL),(1624,'ERT','Eritrean Airlines','ERITREAN',0,'2021-05-23 14:32:01',NULL),(1625,'ERV','Yerevan-Avia','YEREVAN-AVIA',0,'2021-05-23 14:32:01',NULL),(1626,'ERX','Earth Airlines Services','EARTH AIR',0,'2021-05-23 14:32:01',NULL),(1627,'ES2','Usa Sky Cargo','USKY',1,'2021-05-23 14:32:01',NULL),(1628,'ESB','Aerosaba','AEROSABA',0,'2021-05-23 14:32:01',NULL),(1629,'ESC','El Sol De America','SOLAMERICA',0,'2021-05-23 14:32:01',NULL),(1630,'ESE','Ensenada Vuelos Especiales','ENSENADA ESPECIAL',0,'2021-05-23 14:32:01',NULL),(1631,'ESF','Estafeta Carga Aerea','',0,'2021-05-23 14:32:01',NULL),(1632,'ESI','ESI Eliservizi Italiani','ELISERVIZI',0,'2021-05-23 14:32:01',NULL),(1633,'ESJ','Eastern Sky Jets','EASTERN SKYJETS',0,'2021-05-23 14:32:01',NULL),(1634,'ESK','SkyEurope','RELAX',0,'2021-05-23 14:32:01',NULL),(1635,'ESL','Russian Sky Airlines','RADUGA',0,'2021-05-23 14:32:01',NULL),(1636,'ESN','Euro Sun','EURO SUN',0,'2021-05-23 14:32:01',NULL),(1637,'ESO','Avitat','',0,'2021-05-23 14:32:01',NULL),(1638,'ESR','Eastar Jet','Eastar',0,'2021-05-23 14:32:01',NULL),(1639,'ESS','Eos Airlines','NEW DAWN',0,'2021-05-23 14:32:01',NULL),(1640,'EST','Carga Express Internacional','CARGAINTER',0,'2021-05-23 14:32:01',NULL),(1641,'ESU','Aerolineas Ejecutivas Del Sureste','ALESUR',0,'2021-05-23 14:32:01',NULL),(1642,'ESX','Euroskylink','CATFISH',0,'2021-05-23 14:32:01',NULL),(1643,'ESZ','Aeronautica Le Esperanza','ESPERANZA',0,'2021-05-23 14:32:01',NULL),(1644,'ETA','Estrellas Del Aire','ESTRELLAS',0,'2021-05-23 14:32:01',NULL),(1645,'ETC','ATTICO','TRANATTICO',0,'2021-05-23 14:32:01',NULL),(1646,'ETD','Etihad Airways','ETIHAD',0,'2021-05-23 14:32:01',NULL),(1647,'ETE','Aero Siete','AEROSIETE',0,'2021-05-23 14:32:01',NULL),(1648,'ETH','Ethiopian Airlines','ETHIOPIAN',0,'2021-05-23 14:32:01',NULL),(1649,'ETL','Patterson Aviation Company','ENTEL',0,'2021-05-23 14:32:01',NULL),(1650,'ETM','Etram Air Wing','ETRAM',0,'2021-05-23 14:32:01',NULL),(1651,'ETN','Chim-Nir Aviation','CHMINIR',0,'2021-05-23 14:32:01',NULL),(1652,'ETP','Empire Test Pilots\' School','TESTER',0,'2021-05-23 14:32:01',NULL),(1653,'ETS','Flygtransporter I Nykoping','EXTRANS',0,'2021-05-23 14:32:01',NULL),(1654,'ETV','European Executive','EURO EXEC',0,'2021-05-23 14:32:01',NULL),(1655,'EU9','Europe Jet','',0,'2021-05-23 14:32:01',NULL),(1656,'EUC','Eurocontrol','',0,'2021-05-23 14:32:01',NULL),(1657,'EUD','Air Italy Egypt','',0,'2021-05-23 14:32:01',NULL),(1658,'EUG','Euroguineana de Aviacion','EUROGUINEA',0,'2021-05-23 14:32:01',NULL),(1659,'EUJ','EUjet','UNION JET',0,'2021-05-23 14:32:01',NULL),(1660,'EUK','Air Atlanta Europe','SNOWBIRD',0,'2021-05-23 14:32:01',NULL),(1661,'EUP','Euroair','EUROSTAR',0,'2021-05-23 14:32:01',NULL),(1662,'EUT','European 2000 Airlines','FIESTA',0,'2021-05-23 14:32:01',NULL),(1663,'EUU','Euroamerican Air','EUROAMERICAN',0,'2021-05-23 14:32:01',NULL),(1664,'EUV','EuropeSky','EuropeSky',0,'2021-05-23 14:32:01',NULL),(1665,'EUY','EU Airways','EUROAIRWAYS',0,'2021-05-23 14:32:01',NULL),(1666,'EVA','EVA Air','EVA',0,'2021-05-23 14:32:01',NULL),(1667,'EVC','Comfort Express Virtual Charters Albany','Comfort Express',0,'2021-05-23 14:32:01',NULL),(1668,'EVE','Air Evex','SUNBEAM',0,'2021-05-23 14:32:01',NULL),(1669,'EVM','Natural Environment Research Council','SCIENCE',0,'2021-05-23 14:32:01',NULL),(1670,'EVN','Euraviation','EURAVIATION',0,'2021-05-23 14:32:01',NULL),(1671,'EVR','Aeronautical Academy of Europe','DIANA',0,'2021-05-23 14:32:01',NULL),(1672,'EWA','East-West Airlines','EASTWEST',0,'2021-05-23 14:32:01',NULL),(1673,'EWG','Eurowings','EUROWINGS',0,'2021-05-23 14:32:01',NULL),(1674,'EWS','Enterprise World Airways','WORLD ENTERPRISE',0,'2021-05-23 14:32:01',NULL),(1675,'EWW','Emery Worldwide Airlines','EMERY',0,'2021-05-23 14:32:01',NULL),(1676,'EXA','Execair Aviation','CANADIAN EXECAIRE',0,'2021-05-23 14:32:01',NULL),(1677,'EXB','Brazilian Army Aviation','BRAZILIAN ARMY',0,'2021-05-23 14:32:01',NULL),(1678,'EXC','European Executive Express','ECHO EXPRESS',0,'2021-05-23 14:32:01',NULL),(1679,'EXE','Executive Flight','EXEC',0,'2021-05-23 14:32:01',NULL),(1680,'EXF','Eximflight','EXIMFLIGHT',0,'2021-05-23 14:32:01',NULL),(1681,'EXG','Air Exchange','EXCHANGE',0,'2021-05-23 14:32:01',NULL),(1682,'EXH','G5 Executive','BATMAN',0,'2021-05-23 14:32:01',NULL),(1683,'EXJ','Executive Jet Charter','',0,'2021-05-23 14:32:01',NULL),(1684,'EXK','Executive Airlines','EXECUTIVE EAGLE',0,'2021-05-23 14:32:01',NULL),(1685,'EXL','Sunshine Express Airlines','',0,'2021-05-23 14:32:01',NULL),(1686,'EXM','United Kingdom Civil Aviation Authority','EXAM',0,'2021-05-23 14:32:01',NULL),(1687,'EXN','Exin','EXIN',0,'2021-05-23 14:32:01',NULL),(1688,'EXP','Business Express Delivery','EXPRESS AIR',0,'2021-05-23 14:32:01',NULL),(1689,'EXR','Expertos En Carga','EXPERTOS ENCARGA',0,'2021-05-23 14:32:01',NULL),(1690,'EXS','Jet2.com','CHANNEX',0,'2021-05-23 14:32:01',NULL),(1691,'EXT','Night Express','EXECUTIVE',0,'2021-05-23 14:32:01',NULL),(1692,'EXU','Executive Airlines','SACAIR',0,'2021-05-23 14:32:01',NULL),(1693,'EXV','Expo Aviation','EXPOAVIA',0,'2021-05-23 14:32:01',NULL),(1694,'EXW','Executive Airlines Services','ECHOLINE',0,'2021-05-23 14:32:01',NULL),(1695,'EXX','International Air Corporation','EXPRESS INTERNATIONAL',0,'2021-05-23 14:32:01',NULL),(1696,'EXY','South African Express','EXPRESSWAYS',0,'2021-05-23 14:32:01',NULL),(1697,'EXZ','East African Safari Air Express','TWIGA',0,'2021-05-23 14:32:01',NULL),(1698,'EYE','F.S. Air Service','SOCKEYE',0,'2021-05-23 14:32:01',NULL),(1699,'EZA','Eznis Airways','EZNIS',0,'2021-05-23 14:32:01',NULL),(1700,'EZB','Flugschule Eichenberger','EICHENBURGER',0,'2021-05-23 14:32:01',NULL),(1701,'EZE','Eastern Airways','EASTFLIGHT',0,'2021-05-23 14:32:01',NULL),(1702,'EZY','easyJet','EASY',0,'2021-05-23 14:32:01',NULL),(1703,'FAB','First Air','',0,'2021-05-23 14:32:01',NULL),(1704,'FAC','Atlantic Helicopters','FAROECOPTER',0,'2021-05-23 14:32:01',NULL),(1705,'FAD','Rog-Air','AIR FRONTIER',0,'2021-05-23 14:32:01',NULL),(1706,'FAE','Freshaer','WILDGOOSE',0,'2021-05-23 14:32:01',NULL),(1707,'FAF','Force Aerienne Francaise','FRENCH AIR FORCE',0,'2021-05-23 14:32:01',NULL),(1708,'FAG','Argentine Air Force','FUAER',0,'2021-05-23 14:32:01',NULL),(1709,'FAH','Farnair Hungary','BLUE STRIP',0,'2021-05-23 14:32:01',NULL),(1710,'FAJ','Air Fiji','FIJIAIR',0,'2021-05-23 14:32:01',NULL),(1711,'FAK','Financial Airxpress','FACTS',0,'2021-05-23 14:32:01',NULL),(1712,'FAL','Friendship Air Alaska','FRIENDSHIP',0,'2021-05-23 14:32:01',NULL),(1713,'FAM','Fumigacion Aerea Andaluza','FAASA',0,'2021-05-23 14:32:01',NULL),(1714,'FAN','AF-Air International','FANBIRD',0,'2021-05-23 14:32:01',NULL),(1715,'FAO','Falcon Air Express','PANTHER',0,'2021-05-23 14:32:01',NULL),(1716,'FAP','Parsons Airways Northern','',0,'2021-05-23 14:32:01',NULL),(1717,'FAR','Falcon Air','FALCAIR',0,'2021-05-23 14:32:01',NULL),(1718,'FAS','Freedom Airways','FREEDOM AIRWAYS',0,'2021-05-23 14:32:01',NULL),(1719,'FAT','Farnair Switzerland','FARNER',0,'2021-05-23 14:32:01',NULL),(1720,'FAU','Falcon Airline','FALCON AIRLINE',0,'2021-05-23 14:32:01',NULL),(1721,'FAV','Fair Aviation','FAIRAVIA',0,'2021-05-23 14:32:01',NULL),(1722,'FAW','Falwell Aviation','FALWELL',0,'2021-05-23 14:32:01',NULL),(1723,'FAX','Midwest Air Freighters','FAIRFAX',0,'2021-05-23 14:32:01',NULL),(1724,'FAY','Fayban Air Services','FAYBAN AIR',0,'2021-05-23 14:32:01',NULL),(1725,'FAZ','Flint Aviation Services','FLINT AIR',0,'2021-05-23 14:32:01',NULL),(1726,'FBA','Fab Air','FAB AIR',0,'2021-05-23 14:32:01',NULL),(1727,'FBF','Fine Airlines','FINE AIR',0,'2021-05-23 14:32:01',NULL),(1728,'FBL','Fly Brasil','FBL',0,'2021-05-23 14:32:01',NULL),(1729,'FBO','TAG Farnborough Airport','',0,'2021-05-23 14:32:01',NULL),(1730,'FBW','Aviation Data Systems','',0,'2021-05-23 14:32:01',NULL),(1731,'FCA','First Choice Airways','JETSET',0,'2021-05-23 14:32:01',NULL),(1732,'FCB','COBALT','COBALT',0,'2021-05-23 14:32:01',NULL),(1733,'FCC','First Cambodia Airlines','FIRST CAMBODIA',0,'2021-05-23 14:32:01',NULL),(1734,'FCE','Flycolumbia','FLYCOLUMBIA',0,'2021-05-23 14:32:01',NULL),(1735,'FCI','Air Carriers','FAST CHECK',0,'2021-05-23 14:32:01',NULL),(1736,'FCK','Flight Calibration Service','NAV CHECKER',0,'2021-05-23 14:32:01',NULL),(1737,'FCL','Florida Coastal Airlines','FLORIDA COASTAL',0,'2021-05-23 14:32:01',NULL),(1738,'FCM','Flybe Finland Oy','FINNCOMM',0,'2021-05-23 14:32:01',NULL),(1739,'FCN','Falcon Air','FALCON',0,'2021-05-23 14:32:01',NULL),(1740,'FCO','Aerofrisco','AEROFRISCO',0,'2021-05-23 14:32:01',NULL),(1741,'FCP','Flight Corporation','FLIGHTCORP',0,'2021-05-23 14:32:01',NULL),(1742,'FCR','Flying Carpet Company','FLYING CARPET',0,'2021-05-23 14:32:01',NULL),(1743,'FCS','Facts Air','MEXFACTS',0,'2021-05-23 14:32:01',NULL),(1744,'FCT','Fly CI Limited','DEALER',0,'2021-05-23 14:32:01',NULL),(1745,'FCU','Alfa 4','',0,'2021-05-23 14:32:01',NULL),(1746,'FCV','Flight Centre Victoria','NAVAIR',0,'2021-05-23 14:32:01',NULL),(1747,'FDA','African Airlines','AIR SANKORE',0,'2021-05-23 14:32:01',NULL),(1748,'FDB','Fly Dubai','',0,'2021-05-23 14:32:01',NULL),(1749,'FDD','Feeder Airlines','',0,'2021-05-23 14:32:01',NULL),(1750,'FDF','IVV Femida','',0,'2021-05-23 14:32:01',NULL),(1751,'FDL','Farmingdale State University','FARMINGDALE STATE',0,'2021-05-23 14:32:01',NULL),(1752,'FDN','Flying Dolphin Airlines','FLYING DOLPHIN',0,'2021-05-23 14:32:01',NULL),(1753,'FDO','France Douanes','FRENCH CUSTOM',0,'2021-05-23 14:32:01',NULL),(1754,'FDP','Flight Dispatch Services','',0,'2021-05-23 14:32:01',NULL),(1755,'FDR','Federal Air','FEDAIR',0,'2021-05-23 14:32:01',NULL),(1756,'FDS','African Medical and Research Foundation','FLYDOC',0,'2021-05-23 14:32:01',NULL),(1757,'FDX','Federal Express','FEDEX',1,'2021-05-23 14:32:01',NULL),(1758,'FEC','Denver Express','FALCON EXPRESS',0,'2021-05-23 14:32:01',NULL),(1759,'FED','Lineas Aereas Federales','FEDERALES',0,'2021-05-23 14:32:01',NULL),(1760,'FEE','Fly Europa Limited','FLY EURO',0,'2021-05-23 14:32:01',NULL),(1761,'FEG','FlyEgypt','',0,'2021-05-23 14:32:01',NULL),(1762,'FEI','Eagle Air Iceland','ARCTIC EAGLE',0,'2021-05-23 14:32:01',NULL),(1763,'FEO','Aeroferinco','FERINCO',0,'2021-05-23 14:32:01',NULL),(1764,'FER','Feria Aviacion','FERIA',0,'2021-05-23 14:32:01',NULL),(1765,'FES','Aero Taxis Y Servicios Alfe','AERO ALFE',0,'2021-05-23 14:32:01',NULL),(1766,'FEX','Flightexec','FLIGHTEXEC',0,'2021-05-23 14:32:01',NULL),(1767,'FFA','Avialesookhrana','AVIALESOOKHRANA',0,'2021-05-23 14:32:01',NULL),(1768,'FFB','Africair Service','FOXTROT FOXTROT',0,'2021-05-23 14:32:01',NULL),(1769,'FFC','Fairoaks Flight Centre','FAIROAKS',0,'2021-05-23 14:32:01',NULL),(1770,'FFD','Stuttgarter Flugdienst','FIRST FLIGHT',0,'2021-05-23 14:32:01',NULL),(1771,'FFF','Freedom Air Services','INTER FREEDOM',0,'2021-05-23 14:32:01',NULL),(1772,'FFG','Flugdienst Fehlhaber','WITCHCRAFT',0,'2021-05-23 14:32:01',NULL),(1773,'FFH','Shalom Air Services','PEACE AIR',0,'2021-05-23 14:32:01',NULL),(1774,'FFI','Infinit Air','INFINIT',0,'2021-05-23 14:32:01',NULL),(1775,'FFL','Intavia Limited','',0,'2021-05-23 14:32:01',NULL),(1776,'FFM','Firefly','FIREFLY',0,'2021-05-23 14:32:01',NULL),(1777,'FFP','Fischer Air Polska','FLYING FISH',0,'2021-05-23 14:32:01',NULL),(1778,'FFR','Fischer Air','FISCHER',0,'2021-05-23 14:32:01',NULL),(1779,'FFS','Florida Department of Agriculture','FORESTRY',0,'2021-05-23 14:32:01',NULL),(1780,'FFT','Frontier Airlines','FRONTIER FLIGHT',0,'2021-05-23 14:32:01',NULL),(1781,'FFU','GEC Marconi Avionics','FERRANTI',0,'2021-05-23 14:32:01',NULL),(1782,'FFV','Fly540','SWIFT TANGO',0,'2021-05-23 14:32:01',NULL),(1783,'FFY','Fun Flying Thai Air Service','FUN FLYING',0,'2021-05-23 14:32:01',NULL),(1784,'FGA','Georgian Aviation Federation','GEORGIA FED',0,'2021-05-23 14:32:01',NULL),(1785,'FGC','Departmento De Agricultura De La Generalitat De Cataluna','FORESTALES',0,'2021-05-23 14:32:01',NULL),(1786,'FGL','Futura Gael','Applewood',0,'2021-05-23 14:32:01',NULL),(1787,'FGN','Gendarmie Nationale','FRANCE GENDARME',0,'2021-05-23 14:32:01',NULL),(1788,'FGP','Flying-Research Aerogeophysical Center','FLYING CENTER',0,'2021-05-23 14:32:01',NULL),(1789,'FGS','Elitellina','ELITELLINA',0,'2021-05-23 14:32:01',NULL),(1790,'FGT','Aero Freight','FREIAERO',0,'2021-05-23 14:32:01',NULL),(1791,'FGY','Froggy Corporate Aviation','',0,'2021-05-23 14:32:01',NULL),(1792,'FHE','Hello','FLYHELLO',0,'2021-05-23 14:32:01',NULL),(1793,'FHI','FlyHigh Airlines Ireland (FH)','FLYHIRELAND',0,'2021-05-23 14:32:01',NULL),(1794,'FHL','Fast Helicopters','FINDON',0,'2021-05-23 14:32:01',NULL),(1795,'FHS','Forth and Clyde Helicopter Services','HELISCOT',0,'2021-05-23 14:32:01',NULL),(1796,'FHY','Free Bird Airlines','FREE BIRD',0,'2021-05-23 14:32:01',NULL),(1797,'FI5','Fly One','',0,'2021-05-23 14:32:01',NULL),(1798,'FIA','Four Island Air','ISLANDAIR',0,'2021-05-23 14:32:01',NULL),(1799,'FIC','Aerosafin','AEROSAFIN',0,'2021-05-23 14:32:01',NULL),(1800,'FIF','Air Finland','AIR FINLAND',0,'2021-05-23 14:32:01',NULL),(1801,'FII','Aerodata Flight Inspection','FLIGHT CHECKER',0,'2021-05-23 14:32:01',NULL),(1802,'FIL','Fly Line','FLYLINE',0,'2021-05-23 14:32:01',NULL),(1803,'FIN','Finnair','FINNAIR',0,'2021-05-23 14:32:01',NULL),(1804,'FIR','First Line Air','FIRSTLINE AIR',0,'2021-05-23 14:32:01',NULL),(1805,'FIV','Citationshares','FIVE STAR',0,'2021-05-23 14:32:01',NULL),(1806,'FIX','Airfix Aviation','AIRFIX',0,'2021-05-23 14:32:01',NULL),(1807,'FJC','Falcon Jet Centre','FALCONJET',0,'2021-05-23 14:32:01',NULL),(1808,'FJE','Silverjet','ENVOY',0,'2021-05-23 14:32:01',NULL),(1809,'FJI','Air Pacific','PACIFIC',0,'2021-05-23 14:32:01',NULL),(1810,'FJM','Fly Jamaica Airways','Greenheart',0,'2021-05-23 14:32:01',NULL),(1811,'FJS','Florida Jet Service','FLORIDAJET',0,'2021-05-23 14:32:01',NULL),(1812,'FKA','Flying kangaroo Airline','Skippy',0,'2021-05-23 14:32:01',NULL),(1813,'FKI','FLM Aviation Mohrdieck','KIEL AIR',0,'2021-05-23 14:32:01',NULL),(1814,'FKL','Kelner Airways','KELNER',0,'2021-05-23 14:32:01',NULL),(1815,'FKS','Focus Air','FOCUS',0,'2021-05-23 14:32:01',NULL),(1816,'FLA','Midway Express','PALM',0,'2021-05-23 14:32:01',NULL),(1817,'FLB','German Air Force - FLB','FLB',0,'2021-05-23 14:32:01',NULL),(1818,'FLC','FINFO Flight Inspection Aircraft','FLIGHT CHECK',0,'2021-05-23 14:32:01',NULL),(1819,'FLD','Air Falcon','',0,'2021-05-23 14:32:01',NULL),(1820,'FLE','Flair Airlines','FLAIR',0,'2021-05-23 14:32:01',NULL),(1821,'FLF','Friendship Airlines','FRIEND AIR',0,'2021-05-23 14:32:01',NULL),(1822,'FLG','Pinnacle Airlines','FLAGSHIP',0,'2021-05-23 14:32:01',NULL),(1823,'FLH','Sky Bus','MILE HIGH',0,'2021-05-23 14:32:01',NULL),(1824,'FLI','Atlantic Airways','FAROELINE',0,'2021-05-23 14:32:01',NULL),(1825,'FLK','Flylink Express','FLYLINK',0,'2021-05-23 14:32:01',NULL),(1826,'FLL','Federal Airlines','FEDERAL AIRLINES',0,'2021-05-23 14:32:01',NULL),(1827,'FLM','Fly Air','FLY WORLD',0,'2021-05-23 14:32:01',NULL),(1828,'FLN','Flamingo Air-Line','ILIAS',0,'2021-05-23 14:32:01',NULL),(1829,'FLO','Flycom','FLYCOM',0,'2021-05-23 14:32:01',NULL),(1830,'FLP','Aeroclub Flaps','AEROCLUB FLAPS',0,'2021-05-23 14:32:01',NULL),(1831,'FLR','Fleetair','FLEETAIR',0,'2021-05-23 14:32:01',NULL),(1832,'FLS','Fairlines','FAIRLINE',0,'2021-05-23 14:32:01',NULL),(1833,'FLT','Flightline','FLIGHTLINE',0,'2021-05-23 14:32:01',NULL),(1834,'FLU','Flugschule Basel','YELLOW FLYER',0,'2021-05-23 14:32:01',NULL),(1835,'FLW','FLowair Aviation','QUICKFLOW',0,'2021-05-23 14:32:01',NULL),(1836,'FLX','Flight Express','FLIGHT EXPRESS',0,'2021-05-23 14:32:01',NULL),(1837,'FLY','Fly Me Sweden','FLYBIRD',0,'2021-05-23 14:32:01',NULL),(1838,'FLZ','Air Florida','AIR FLORIDA',0,'2021-05-23 14:32:01',NULL),(1839,'FMC','Claessens International Limited','CLAESSENS',0,'2021-05-23 14:32:01',NULL),(1840,'FMG','FMG Verkehrsfliegerschule Flughafen Paderborn-Lippstadt','HUSKY',0,'2021-05-23 14:32:01',NULL),(1841,'FMR','Flamingo Air','FLAMINGO AIR',0,'2021-05-23 14:32:01',NULL),(1842,'FMS','Hadison Aviation','HADI',0,'2021-05-23 14:32:01',NULL),(1843,'FMT','Air Fret De Mauritanie','',0,'2021-05-23 14:32:01',NULL),(1844,'FMY','Aviation Legere De L\'Armee De Terre','FRENCH ARMY',0,'2021-05-23 14:32:01',NULL),(1845,'FN1','Finlandian','',0,'2021-05-23 14:32:01',NULL),(1846,'FNA','Norlandair','NORLAND',0,'2021-05-23 14:32:01',NULL),(1847,'FNC','Finalair Congo','FINALAIR CONGO',0,'2021-05-23 14:32:01',NULL),(1848,'FNF','Finnish Air Force','FINNFORCE',0,'2021-05-23 14:32:01',NULL),(1849,'FNG','Frontier Guard','FINNGUARD',0,'2021-05-23 14:32:01',NULL),(1850,'FNK','Feniks Airline','AURIKA',0,'2021-05-23 14:32:01',NULL),(1851,'FNL','Oulun Tilauslento','FINN FLIGHT',0,'2021-05-23 14:32:01',NULL),(1852,'FNM','Avio Nord','',0,'2021-05-23 14:32:01',NULL),(1853,'FNO','Aeroflota Del Noroeste','RIAZOR',0,'2021-05-23 14:32:01',NULL),(1854,'FNT','L-3 Communications Flight Internation Aviation','FLIGHT INTERNATIONAL',0,'2021-05-23 14:32:01',NULL),(1855,'FNV','Transaviaservice','TRANSAVIASERVICE',0,'2021-05-23 14:32:01',NULL),(1856,'FNX','Aero Fenix','AERO FENIX',0,'2021-05-23 14:32:01',NULL),(1857,'FNY','France Marine Nationale','FRENCH NAVY',0,'2021-05-23 14:32:01',NULL),(1858,'FOB','Ford Motor Company','FORDAIR',0,'2021-05-23 14:32:01',NULL),(1859,'FOC','Office Federal De\'Aviation Civile','FOCA',0,'2021-05-23 14:32:01',NULL),(1860,'FOF','Fred. Olsen','',0,'2021-05-23 14:32:01',NULL),(1861,'FOI','Flight Ops International','',0,'2021-05-23 14:32:01',NULL),(1862,'FOM','Freedom Air','FREE AIR',0,'2021-05-23 14:32:01',NULL),(1863,'FOP','Fokker','',0,'2021-05-23 14:32:01',NULL),(1864,'FOR','Formula One Management','FORMULA',0,'2021-05-23 14:32:01',NULL),(1865,'FOS','Bel Limited','',0,'2021-05-23 14:32:01',NULL),(1866,'FOS','Formosa Airlines','',0,'2021-05-23 14:32:01',NULL),(1867,'FOX','FOX Linhas Aereas','',0,'2021-05-23 14:32:01',NULL),(1868,'FPA','Flygprestanda','',0,'2021-05-23 14:32:01',NULL),(1869,'FPG','TAG Aviation','TAG AVIATION',0,'2021-05-23 14:32:01',NULL),(1870,'FPO','Europe Airpost','FRENCH POST',0,'2021-05-23 14:32:01',NULL),(1871,'FPR','Peruvian Air Force','',0,'2021-05-23 14:32:01',NULL),(1872,'FPS','Flightpass Limited','FLIGHTPASS',0,'2021-05-23 14:32:01',NULL),(1873,'FPT','FlyPortugal','FlyPortugal',0,'2021-05-23 14:32:01',NULL),(1874,'FPY','African Company Airlines','AFRICOMPANY',0,'2021-05-23 14:32:01',NULL),(1875,'FQR','CheapFlyingInternational','cheapflying',0,'2021-05-23 14:32:01',NULL),(1876,'FRA','FR Aviation','RUSHTON',0,'2021-05-23 14:32:01',NULL),(1877,'FRC','Icare Franche Compte','FRANCHE COMPTE',0,'2021-05-23 14:32:01',NULL),(1878,'FRD','Ford Motor Company','FORD',0,'2021-05-23 14:32:01',NULL),(1879,'FRE','Freedom Air','FREEDOM',0,'2021-05-23 14:32:01',NULL),(1880,'FRF','Fly France','',0,'2021-05-23 14:32:01',NULL),(1881,'FRG','Freight Runners Express','FREIGHT RUNNERS',0,'2021-05-23 14:32:01',NULL),(1882,'FRJ','Afrijet Airlines','AFRIJET',0,'2021-05-23 14:32:01',NULL),(1883,'FRK','Afrika Aviation Handlers','AFRIFAST',0,'2021-05-23 14:32:01',NULL),(1884,'FRL','Freedom Airlines','FREEDOM AIR',0,'2021-05-23 14:32:01',NULL),(1885,'FRM','Federal Armored Service','FEDARM',0,'2021-05-23 14:32:01',NULL),(1886,'FRN','Farnair Netherlands','FARNED',0,'2021-05-23 14:32:01',NULL),(1887,'FRQ','Afrique Chart\'air','CHARTER AFRIQUE',0,'2021-05-23 14:32:01',NULL),(1888,'FRR','Fresh Air','FRESH AIR',0,'2021-05-23 14:32:01',NULL),(1889,'FRT','Aerofreight Airlines','',0,'2021-05-23 14:32:01',NULL),(1890,'FRW','Farwest Airlines','FARWEST',0,'2021-05-23 14:32:01',NULL),(1891,'FSA','Foster Aviation','FOSTER-AIR',0,'2021-05-23 14:32:01',NULL),(1892,'FSB','FSB Flugservice & Development','SEABIRD',0,'2021-05-23 14:32:01',NULL),(1893,'FSC','Four Star Aviation / Four Star Cargo','FOUR STAR',1,'2021-05-23 14:32:01',NULL),(1894,'FSD','EFS-Flugservice','FLUGSERVICE',0,'2021-05-23 14:32:01',NULL),(1895,'FSH','Flash Airlines','FLASH',0,'2021-05-23 14:32:01',NULL),(1896,'FSL','Flight Safety Limited','FLIGHTSAFETY',0,'2021-05-23 14:32:01',NULL),(1897,'FSR','Flightstar Corporation','FLIGHTSTAR',0,'2021-05-23 14:32:01',NULL),(1898,'FST','Aereos Limited','FAST TRACK',0,'2021-05-23 14:32:01',NULL),(1899,'FSU','Flight Support Sweden','',0,'2021-05-23 14:32:01',NULL),(1900,'FSW','Faso Airways','FASO',0,'2021-05-23 14:32:01',NULL),(1901,'FSX','Flagship Express Services','FLAG',0,'2021-05-23 14:32:01',NULL),(1902,'FTA','Frontier Flying Service','FRONTIER-AIR',0,'2021-05-23 14:32:01',NULL),(1903,'FTC','Air Affaires Tchad','AFFAIRES TCHAD',0,'2021-05-23 14:32:01',NULL),(1904,'FTE','Fotografia F3','FOTOGRAFIA',0,'2021-05-23 14:32:01',NULL),(1905,'FTI','FTI Fluggesellschaft','',0,'2021-05-23 14:32:01',NULL),(1906,'FTM','Flyteam Aviation','FLYTEAM',0,'2021-05-23 14:32:01',NULL),(1907,'FTP','Keystone Aerial Surveys','FOOTPRINT',0,'2021-05-23 14:32:01',NULL),(1908,'FTR','Finist\'air','FINISTAIR',0,'2021-05-23 14:32:01',NULL),(1909,'FTS','First Sabre','FIRST SABRE',0,'2021-05-23 14:32:01',NULL),(1910,'FTY','ABC Bedarsflug','FLY TYROL',0,'2021-05-23 14:32:01',NULL),(1911,'FUA','Futura International Airways','FUTURA',0,'2021-05-23 14:32:01',NULL),(1912,'FUJ','Fujairah Aviation Centre','FUJAIRAH',0,'2021-05-23 14:32:01',NULL),(1913,'FUN','Funtshi Aviation Service','FUNTSHI',0,'2021-05-23 14:32:01',NULL),(1914,'FVA','Cardinal/Air Virginia','AIR VIRGINIA',0,'2021-05-23 14:32:01',NULL),(1915,'FVG','VG Airlines (IV)','Nico',0,'2021-05-23 14:32:01',NULL),(1916,'FVM','Flugfelag Vestmannaeyja','ELEGANT',0,'2021-05-23 14:32:01',NULL),(1917,'FVS','Falcon Aviation Services','FALCON AVIATION',0,'2021-05-23 14:32:01',NULL),(1918,'FWA','Interstate Airline','FREEWAYAIR',0,'2021-05-23 14:32:01',NULL),(1919,'FWC','Freeway Air','FREEWAY',0,'2021-05-23 14:32:01',NULL),(1920,'FWD','Fair Wind Air Charter','FAIR WIND',0,'2021-05-23 14:32:01',NULL),(1921,'FWI','Air Carabes','FRENCH WEST',0,'2021-05-23 14:32:01',NULL),(1922,'FWL','Florida West International Airways','FLO WEST',0,'2021-05-23 14:32:01',NULL),(1923,'FWQ','Flight West Airlines','',0,'2021-05-23 14:32:01',NULL),(1924,'FWY','Fairways Corporation','FAIRWAYS',0,'2021-05-23 14:32:01',NULL),(1925,'FWZ','Flugwerkzeuge Aviation Software','',0,'2021-05-23 14:32:01',NULL),(1926,'FXA','Express Air','EFFEX',0,'2021-05-23 14:32:01',NULL),(1927,'FXC','Fortunair Canada','AIR FUTURE',0,'2021-05-23 14:32:01',NULL),(1928,'FXF','VIP Air Charter','FOX FLIGHT',0,'2021-05-23 14:32:01',NULL),(1929,'FXI','Air Iceland','FAXI',0,'2021-05-23 14:32:01',NULL),(1930,'FXL','Fly Excellent','FLY EXCELLENT',0,'2021-05-23 14:32:01',NULL),(1931,'FXR','Foxair','WILDFOX',0,'2021-05-23 14:32:01',NULL),(1932,'FXT','Flexflight','',0,'2021-05-23 14:32:01',NULL),(1933,'FXX','Felix Airways','',0,'2021-05-23 14:32:01',NULL),(1934,'FXY','Flexair','FLEXY',0,'2021-05-23 14:32:01',NULL),(1935,'FYA','Servicios Aereos Integrales / Flyant','FLYANT',0,'2021-05-23 14:32:01',NULL),(1936,'FYE','Easy Link Aviation Services','FLYME',0,'2021-05-23 14:32:01',NULL),(1937,'FYG','Flying Service','FLYING GROUP',0,'2021-05-23 14:32:01',NULL),(1938,'FYH','Flyhy Cargo Airlines','FLY HIGH',1,'2021-05-23 14:32:01',NULL),(1939,'FYJ','FLYJET','Fast Jet',0,'2021-05-23 14:32:01',NULL),(1940,'FYN','Comfort Air','FLYNN',0,'2021-05-23 14:32:01',NULL),(1941,'FYS','American Flyers','AMERICAN FLYERS',0,'2021-05-23 14:32:01',NULL),(1942,'FZA','Fuzhou Airlines','',0,'2021-05-23 14:32:01',NULL),(1943,'FZW','Fly Africa Zimbabwe','Fresh Express',0,'2021-05-23 14:32:01',NULL),(1944,'GA0','Global Airlines','',0,'2021-05-23 14:32:01',NULL),(1945,'GAA','Business Express','BIZEX',0,'2021-05-23 14:32:01',NULL),(1946,'GAB','Gendall Air','GENDALL',0,'2021-05-23 14:32:01',NULL),(1947,'GAD','South Coast Aviation','SOUTHCOAST',0,'2021-05-23 14:32:01',NULL),(1948,'GAE','Grand Aire Express','GRAND EXPRESS',0,'2021-05-23 14:32:01',NULL),(1949,'GAF','German Air Force','GERMAN AIR FORCE',0,'2021-05-23 14:32:01',NULL),(1950,'GAG','Global Air Operations','GLOBAL AIRGROUP',0,'2021-05-23 14:32:01',NULL),(1951,'GAH','Ga-Ma Helicoptere','GAMHELICO',0,'2021-05-23 14:32:01',NULL),(1952,'GAI','Moskovia Airlines','GROMOV AIRLINE',0,'2021-05-23 14:32:01',NULL),(1953,'GAK','Global Aviation and Services Group','AVIAGROUP',0,'2021-05-23 14:32:01',NULL),(1954,'GAL','Galaxy Air','GALAXY',0,'2021-05-23 14:32:01',NULL),(1955,'GAM','German Army','GERMAN ARMY',0,'2021-05-23 14:32:01',NULL),(1956,'GAN','Gander Aviation','GANAIR',0,'2021-05-23 14:32:01',NULL),(1957,'GAO','Golden Air','GOLDEN',0,'2021-05-23 14:32:01',NULL),(1958,'GAP','Air Philippines','ORIENT PACIFIC',0,'2021-05-23 14:32:01',NULL),(1959,'GAQ','Golfe Air Quebec','GOLFAIR',0,'2021-05-23 14:32:01',NULL),(1960,'GAR','Commodore Aviation','',0,'2021-05-23 14:32:01',NULL),(1961,'GAS','Galena Air Service','GALENA AIR SERVICE',0,'2021-05-23 14:32:01',NULL),(1962,'GAT','Gulf Air Inc','GULF TRANS',0,'2021-05-23 14:32:01',NULL),(1963,'GAU','Aerogaucho','AEROGAUCHO',0,'2021-05-23 14:32:01',NULL),(1964,'GAV','Granada Aviacion','GRANAVI',0,'2021-05-23 14:32:01',NULL),(1965,'GAX','Full Express','GRAND AIRE',0,'2021-05-23 14:32:01',NULL),(1966,'GBA','Gulf Air Bahrain','GULF BAHRAIN',0,'2021-05-23 14:32:01',NULL),(1967,'GBB','Global Aviation Operations','GLOBE',0,'2021-05-23 14:32:01',NULL),(1968,'GBE','Gabon Express','GABEX',0,'2021-05-23 14:32:01',NULL),(1969,'GBJ','Aero Business Charter','GLOBAL JET',0,'2021-05-23 14:32:01',NULL),(1970,'GBK','Gabon Airlines','GABON AIRLINES',0,'2021-05-23 14:32:01',NULL),(1971,'GBL','GB Airways','GEEBEE AIRWAYS',0,'2021-05-23 14:32:01',NULL),(1972,'GBN','Atlantic Airlines','ATLANTIC GABON',0,'2021-05-23 14:32:01',NULL),(1973,'GBO','Ogooue Air Cargo','',1,'2021-05-23 14:32:01',NULL),(1974,'GBR','Rader Aviation','GREENBRIER AIR',0,'2021-05-23 14:32:01',NULL),(1975,'GBS','Global Air Services Nigeria','GLOBAL SERVE',0,'2021-05-23 14:32:01',NULL),(1976,'GBT','Gold Belt Air Transport','GOLD BELT',0,'2021-05-23 14:32:01',NULL),(1977,'GBX','GB Airlink','ISLAND TIGER',0,'2021-05-23 14:32:01',NULL),(1978,'GCA','Grand Cru Airlines','',0,'2021-05-23 14:32:01',NULL),(1979,'GCB','Lignes Nationales Aeriennes - Linacongo','LINACONGO',0,'2021-05-23 14:32:01',NULL),(1980,'GCC','GECAS','GECAS',0,'2021-05-23 14:32:01',NULL),(1981,'GCF','Aeronor','AEROCARTO',0,'2021-05-23 14:32:01',NULL),(1982,'GCK','Aerogem Cargo','AEROGEM',1,'2021-05-23 14:32:01',NULL),(1983,'GCN','Gulf Central Airlines','GULF CENTRAL',0,'2021-05-23 14:32:01',NULL),(1984,'GCO','Gemini Air Cargo','GEMINI',1,'2021-05-23 14:32:01',NULL),(1985,'GCR','Tianjin Airlines','',0,'2021-05-23 14:32:01',NULL),(1986,'GCS','GCS Air Service','GALION',0,'2021-05-23 14:32:01',NULL),(1987,'GDA','GoldAir','AIR PARTNER',0,'2021-05-23 14:32:01',NULL),(1988,'GDB','Gendarmerie Belge','BELGIAN GENERMERIE',0,'2021-05-23 14:32:01',NULL),(1989,'GDC','Grand China Air','GRAND CHINA',0,'2021-05-23 14:32:01',NULL),(1990,'GDD','Golden Airlines','GOLDEN AIRLINES',0,'2021-05-23 14:32:01',NULL),(1991,'GDE','Servicios Aereos Gadel','GADEL',0,'2021-05-23 14:32:01',NULL),(1992,'GDG','S.P. Aviation','GOLDEN GATE',0,'2021-05-23 14:32:01',NULL),(1993,'GDH','Guneydogu Havacilik Isletmesi','RISING SUN',0,'2021-05-23 14:32:01',NULL),(1994,'GDK','Goldeck-Flug','GOLDECK FLUG',0,'2021-05-23 14:32:01',NULL),(1995,'GDN','Gerry\'s Dnata','',0,'2021-05-23 14:32:01',NULL),(1996,'GDQ','Lincoln Air National Guard','',0,'2021-05-23 14:32:01',NULL),(1997,'GDR','Gadair European Airlines','GADAIR',0,'2021-05-23 14:32:01',NULL),(1998,'GEA','Guinea Ecuatorial Airlines','GEASA',0,'2021-05-23 14:32:01',NULL),(1999,'GEC','Lufthansa Cargo','LUFTHANSA CARGO',1,'2021-05-23 14:32:01',NULL),(2000,'GED','Europe Air Lines','LANGUEDOC',0,'2021-05-23 14:32:01',NULL),(2001,'GEE','Geesair','GEESAIR',0,'2021-05-23 14:32:01',NULL),(2002,'GEG','Georgian Airlines','',0,'2021-05-23 14:32:01',NULL),(2003,'GEN','GENSA','GENSA-BRASIL',0,'2021-05-23 14:32:01',NULL),(2004,'GER','German International Air Lines','',0,'2021-05-23 14:32:01',NULL),(2005,'GES','Gestair','GESTAIR',0,'2021-05-23 14:32:01',NULL),(2006,'GET','GETRA','GETRA',0,'2021-05-23 14:32:01',NULL),(2007,'GF5','Global Freightways','Freight',0,'2021-05-23 14:32:01',NULL),(2008,'GFA','Gulf Air','GULF AIR',0,'2021-05-23 14:32:01',NULL),(2009,'GFC','Gail Force Express','GAIL FORCE',0,'2021-05-23 14:32:01',NULL),(2010,'GFD','Gesekkschaft Fur Flugzieldarstellung','KITE',0,'2021-05-23 14:32:01',NULL),(2011,'GFF','Griffin Aviation','GRIFFIN AIR',0,'2021-05-23 14:32:01',NULL),(2012,'GFG','Georgian National Airlines','NATIONAL',0,'2021-05-23 14:32:01',NULL),(2013,'GFI','Caribbean Star Airlines','CARIB STAR',0,'2021-05-23 14:32:01',NULL),(2014,'GFN','The 955 Preservation Group','GRIFFON',0,'2021-05-23 14:32:01',NULL),(2015,'GFO','Aerovias del Golfo','AEROVIAS GOLFO',0,'2021-05-23 14:32:01',NULL),(2016,'GFS','Gulfstream Airlines','GULFSTAR',0,'2021-05-23 14:32:01',NULL),(2017,'GFT','Gulfstream International Airlines','GULF FLIGHT',0,'2021-05-23 14:32:01',NULL),(2018,'GFW','GFW Aviation','',0,'2021-05-23 14:32:01',NULL),(2019,'GFY','Greenfly','',0,'2021-05-23 14:32:01',NULL),(2020,'GGA','First Flying Squadron','JAWJA',0,'2021-05-23 14:32:01',NULL),(2021,'GGC','Cargo 360','LONG-HAUL',1,'2021-05-23 14:32:01',NULL),(2022,'GGE','Gobierno De Guinea Ecuatorial','',0,'2021-05-23 14:32:01',NULL),(2023,'GGF','Georgian Cargo Airlines Africa','GEORGIAN AFRICA',1,'2021-05-23 14:32:01',NULL),(2024,'GGL','Aeronautica','GIRA GLOBO',0,'2021-05-23 14:32:01',NULL),(2025,'GGN','Air Georgian','GEORGIAN',0,'2021-05-23 14:32:01',NULL),(2026,'GGS','GATSA','GATSA',0,'2021-05-23 14:32:01',NULL),(2027,'GGV','Houston Jet Services','GREGG AIR',0,'2021-05-23 14:32:01',NULL),(2028,'GGZ','Global Georgian Airways','GLOBAL GEORGIAN',0,'2021-05-23 14:32:01',NULL),(2029,'GHA','Ghana Airways','GHANA',0,'2021-05-23 14:32:01',NULL),(2030,'GHB','Ghana International Airlines','GHANA AIRLINES',0,'2021-05-23 14:32:01',NULL),(2031,'GHI','GH Stansted Limited','',0,'2021-05-23 14:32:01',NULL),(2032,'GHL','Aviance','HANDLING',0,'2021-05-23 14:32:01',NULL),(2033,'GHN','Air Ghana','AIR GHANA',0,'2021-05-23 14:32:01',NULL),(2034,'GHP','Colvin Aviation','GRASSHOPPER EX',0,'2021-05-23 14:32:01',NULL),(2035,'GHS','Gatari Hutama Air Services','GATARI',0,'2021-05-23 14:32:01',NULL),(2036,'GHT','Ghadames Air Transport','',0,'2021-05-23 14:32:01',NULL),(2037,'GHV','Ground Handling Service de Mexico','GROUND HANDLING',0,'2021-05-23 14:32:01',NULL),(2038,'GHY','German Sky Airlines','GERMAN SKY',0,'2021-05-23 14:32:01',NULL),(2039,'GIA','Garuda Indonesia','INDONESIA',0,'2021-05-23 14:32:01',NULL),(2040,'GIB','GR-Avia','GRAVIA',0,'2021-05-23 14:32:01',NULL),(2041,'GIC','Compagnie de Bauxites de Guinee','CEBEGE',0,'2021-05-23 14:32:01',NULL),(2042,'GIE','Elysian Airlines','',0,'2021-05-23 14:32:01',NULL),(2043,'GIF','Guinee Airlines','GUINEE AIRLINES',0,'2021-05-23 14:32:01',NULL),(2044,'GIG','Gacela Air Cargo','GACELA AIR',1,'2021-05-23 14:32:01',NULL),(2045,'GIH','Union des Transports Africains de Guinee','TRANSPORT AFRICAIN',0,'2021-05-23 14:32:01',NULL),(2046,'GIJ','Guinea Airways','GUINEA AIRWAYS',0,'2021-05-23 14:32:01',NULL),(2047,'GIK','Seba Airlines','SEBA',0,'2021-05-23 14:32:01',NULL),(2048,'GIL','African International Transport','AFRICAN TRANSPORT',0,'2021-05-23 14:32:01',NULL),(2049,'GIP','Air Guinee Express','FUTURE EXPRESS',0,'2021-05-23 14:32:01',NULL),(2050,'GIQ','Guinee Paramount Airlines','GUIPAR',0,'2021-05-23 14:32:01',NULL),(2051,'GIY','Probiz Guinee','PROBIZ',0,'2021-05-23 14:32:01',NULL),(2052,'GIZ','Africa Airlines','AFRILENS',0,'2021-05-23 14:32:01',NULL),(2053,'GJA','Globe Jet','',0,'2021-05-23 14:32:01',NULL),(2054,'GJB','Trans-Air-Link','SKY TRUCK',0,'2021-05-23 14:32:01',NULL),(2055,'GJS','GoJet Airlines','GATEWAY',0,'2021-05-23 14:32:01',NULL),(2056,'GJT','Gestion Aerea Ajecutiva','BANJET',0,'2021-05-23 14:32:01',NULL),(2057,'GKA','US Army Parachute Team','GOLDEN KNIGHTS',0,'2021-05-23 14:32:01',NULL),(2058,'GLA','Great Lakes Airlines','LAKES AIR',0,'2021-05-23 14:32:01',NULL),(2059,'GLB','Air Castle Corporation / Global Airways','GLO-AIR',0,'2021-05-23 14:32:01',NULL),(2060,'GLC','Global Aircargo','',1,'2021-05-23 14:32:01',NULL),(2061,'GLD','Golden Star Air Cargo','GOLDEN STAR',1,'2021-05-23 14:32:01',NULL),(2062,'GLE','Goliaf Air','GOLIAF AIR',0,'2021-05-23 14:32:01',NULL),(2063,'GLF','Gulfstream Aerospace','GULFSTREAM TEST',0,'2021-05-23 14:32:01',NULL),(2064,'GLG','Aerolineas Galapagos (Aerogal)','AEROGAL',0,'2021-05-23 14:32:01',NULL),(2065,'GLJ','Global Jet Austria','GLOBAL AUSTRIA',0,'2021-05-23 14:32:01',NULL),(2066,'GLL','Air Gemini','TWINS',0,'2021-05-23 14:32:01',NULL),(2067,'GLO','Gol Transportes Areos','GOL TRANSPORTE',0,'2021-05-23 14:32:01',NULL),(2068,'GLP','Globus','',0,'2021-05-23 14:32:01',NULL),(2069,'GLQ','El Quilada International Aviation','QUILADA',0,'2021-05-23 14:32:01',NULL),(2070,'GLR','Central Mountain Air','GLACIER',0,'2021-05-23 14:32:01',NULL),(2071,'GLS','Galaircervis','GALS',0,'2021-05-23 14:32:01',NULL),(2072,'GLT','Aero Charter','GASLIGHT',0,'2021-05-23 14:32:01',NULL),(2073,'GLU','Great Lakes Airways (Uganda)','LAKES CARGO',1,'2021-05-23 14:32:01',NULL),(2074,'GLW','Global Wings','',0,'2021-05-23 14:32:01',NULL),(2075,'GMA','Gama Aviation','GAMA',0,'2021-05-23 14:32:01',NULL),(2076,'GMC','General Motors','GENERAL MOTORS',0,'2021-05-23 14:32:01',NULL),(2077,'GME','Aguilas Mayas Internacional','MAYAN EAGLES',0,'2021-05-23 14:32:01',NULL),(2078,'GMG','GM Helicopters','GEE-EM HELICOPTERS',0,'2021-05-23 14:32:01',NULL),(2079,'GMH','Hughes Aircraft Company','HUGHES EXPRESS',0,'2021-05-23 14:32:01',NULL),(2080,'GMI','Germania','GERMANIA',0,'2021-05-23 14:32:01',NULL),(2081,'GMJ','Gamisa Aviacion','GAMISA',0,'2021-05-23 14:32:01',NULL),(2082,'GML','G & L Aviation','GEEANDEL',0,'2021-05-23 14:32:01',NULL),(2083,'GMM','Aerotaxis Guamuchil','AEROGUAMUCHIL',0,'2021-05-23 14:32:01',NULL),(2084,'GMR','Golden Myanmar Airlines','Golden Myanmar',0,'2021-05-23 14:32:01',NULL),(2085,'GMS','Aeroservicios Gama','SERVICIOS GAMA',0,'2021-05-23 14:32:01',NULL),(2086,'GMT','Grupoaereo Monterrey','GRUPOMONTERREY',0,'2021-05-23 14:32:01',NULL),(2087,'GNA','Servicios Aereos Gana','SERVIGANA',0,'2021-05-23 14:32:01',NULL),(2088,'GNC','Guinea Cargo','GUINEA CARGO',1,'2021-05-23 14:32:01',NULL),(2089,'GND','Grand Airways','GRAND VEGAS',0,'2021-05-23 14:32:01',NULL),(2090,'GNF','Gandalf Airlines','Gandalf',0,'2021-05-23 14:32:01',NULL),(2091,'GNJ','Gain Jet Aviation','HERCULES JET',0,'2021-05-23 14:32:01',NULL),(2092,'GNL','135 Airways','GENERAL',0,'2021-05-23 14:32:01',NULL),(2093,'GNN','Georgian International Airlines','GEO-LINE',0,'2021-05-23 14:32:01',NULL),(2094,'GNR','Gambia International Airlines','GAMBIA INTERNATIONAL',0,'2021-05-23 14:32:01',NULL),(2095,'GNS','Eastern Executive Air Charter','GENESIS',0,'2021-05-23 14:32:01',NULL),(2096,'GNT','Amber Air','GINTA',0,'2021-05-23 14:32:01',NULL),(2097,'GNX','Genex','',0,'2021-05-23 14:32:01',NULL),(2098,'GNY','German Navy','GERMAN NAVY',0,'2021-05-23 14:32:01',NULL),(2099,'GNZ','General Aviation','GONZO',0,'2021-05-23 14:32:01',NULL),(2100,'GOA','Alberta Government','ALBERTA',0,'2021-05-23 14:32:01',NULL),(2101,'GOB','Dash Aviation','PILGRIM',0,'2021-05-23 14:32:01',NULL),(2102,'GOD','GoDutch','',0,'2021-05-23 14:32:01',NULL),(2103,'GOE','Go Fly (United Kingdom)','Go Flight',0,'2021-05-23 14:32:01',NULL),(2104,'GOF','Gof-Air','GOF-AIR',0,'2021-05-23 14:32:01',NULL),(2105,'GOI','Gofir','SWISS HAWK',0,'2021-05-23 14:32:01',NULL),(2106,'GOJ','EuroJet Aviation','GOJET',0,'2021-05-23 14:32:01',NULL),(2107,'GOL','Cardolaar','CARGOLAAR',1,'2021-05-23 14:32:01',NULL),(2108,'GOM','Gomel Airlines','GOMEL',0,'2021-05-23 14:32:01',NULL),(2109,'GOR','Gorlitsa Airlines','GORLITSA',0,'2021-05-23 14:32:01',NULL),(2110,'GOS','Goldfields Air Services','',0,'2021-05-23 14:32:01',NULL),(2111,'GOT','Walter I Linkoping','GOTHIC',0,'2021-05-23 14:32:01',NULL),(2112,'GOW','Go Air','GOAIR',0,'2021-05-23 14:32:01',NULL),(2113,'GPA','Golden Pacific Airlines','GOLDEN PAC',0,'2021-05-23 14:32:01',NULL),(2114,'GPC','Gulf Pearl Air Lines','AIR GULFPEARL',0,'2021-05-23 14:32:01',NULL),(2115,'GPD','Tradewind Aviation','GOODSPEED',0,'2021-05-23 14:32:01',NULL),(2116,'GPE','GP Express Airlines','REGIONAL EXPRESS',0,'2021-05-23 14:32:01',NULL),(2117,'GPL','DLR','GERMAN POLAR',0,'2021-05-23 14:32:01',NULL),(2118,'GPM','Grup Air-Med','GRUPOMED',0,'2021-05-23 14:32:01',NULL),(2119,'GPR','GPM Aeroservicio','GPM AEROSERVICIO',0,'2021-05-23 14:32:01',NULL),(2120,'GRA','Great American Airways','GREAT AMERICAN',0,'2021-05-23 14:32:01',NULL),(2121,'GRD','National Grid','GRID',0,'2021-05-23 14:32:01',NULL),(2122,'GRE','Air Scotland','GREECE AIRWAYS',0,'2021-05-23 14:32:01',NULL),(2123,'GRG','Air Georgia','AIR GEORGIA',0,'2021-05-23 14:32:01',NULL),(2124,'GRI','Air Cargo Center','',1,'2021-05-23 14:32:01',NULL),(2125,'GRL','Air Greenland','GREENLAND',0,'2021-05-23 14:32:01',NULL),(2126,'GRN','Rio Grande Air','GRANDE',0,'2021-05-23 14:32:01',NULL),(2127,'GRO','Allegro','ALLEGRO',0,'2021-05-23 14:32:01',NULL),(2128,'GRP','Great Plains Airlines','GREAT PLAINS',0,'2021-05-23 14:32:01',NULL),(2129,'GRR','Agroar - Trabalhos Aereos','AGROAR',0,'2021-05-23 14:32:01',NULL),(2130,'GRS','Golden Rule Airlines','GOLDEN RULE',0,'2021-05-23 14:32:01',NULL),(2131,'GRT','Gabon-Air-Transport','',0,'2021-05-23 14:32:01',NULL),(2132,'GRV','Vernicos Aviation','NIGHT RIDER',0,'2021-05-23 14:32:01',NULL),(2133,'GRX','Aircompany Grodno','GRODNO',0,'2021-05-23 14:32:01',NULL),(2134,'GRY','New York State Police','GRAY RIDER',0,'2021-05-23 14:32:01',NULL),(2135,'GRZ','Government of Zambia Communications Flight','COM FLIGHT',0,'2021-05-23 14:32:01',NULL),(2136,'GSA','Garden State Airlines','GARDEN STATE',0,'2021-05-23 14:32:01',NULL),(2137,'GSJ','Grossmann Jet Service','GROSSJET',0,'2021-05-23 14:32:01',NULL),(2138,'GSK','Global Sky Aircharter','GLOBAL SKY',0,'2021-05-23 14:32:01',NULL),(2139,'GSL','Geographic Air Surveys','SURVEY-CANADA',0,'2021-05-23 14:32:01',NULL),(2140,'GSM','Flyglobespan','GLOBESPAN',0,'2021-05-23 14:32:01',NULL),(2141,'GSP','Airlift Alaska','GREEN SPEED',0,'2021-05-23 14:32:01',NULL),(2142,'GSS','Global Supply Systems','JET LIFT',1,'2021-05-23 14:32:01',NULL),(2143,'GSV','Agrocentr-Avia','AGRAV',0,'2021-05-23 14:32:01',NULL),(2144,'GSW','Sky Wings Airlines','',0,'2021-05-23 14:32:01',NULL),(2145,'GSY','Guard Systems','GUARD AIR',0,'2021-05-23 14:32:01',NULL),(2146,'GTA','City Airways','CITY AIR',0,'2021-05-23 14:32:01',NULL),(2147,'GTC','Altin Havayolu Tasimaciligi Turizm Ve Ticaret','GOLDEN WINGS',0,'2021-05-23 14:32:01',NULL),(2148,'GTH','General Aviation Flying Services','GOTHAM',0,'2021-05-23 14:32:01',NULL),(2149,'GTI','Atlas Air','GIANT',0,'2021-05-23 14:32:01',NULL),(2150,'GTP','Aerotaxi Grupo Tampico','GRUPOTAMPICO',0,'2021-05-23 14:32:01',NULL),(2151,'GTR','Gestar','STAR GESTAR',0,'2021-05-23 14:32:01',NULL),(2152,'GTV','Empresa de Aviacion Aerogaviota','GAVIOTA',0,'2021-05-23 14:32:01',NULL),(2153,'GTX','GTA Air','BIG-DEE',0,'2021-05-23 14:32:01',NULL),(2154,'GTY','National Aviation Company','',0,'2021-05-23 14:32:01',NULL),(2155,'GU1','Gulisano airways','',0,'2021-05-23 14:32:01',NULL),(2156,'GUA','Aerotaxis de Aguascalientes','AGUASCALIENTES',0,'2021-05-23 14:32:01',NULL),(2157,'GUF','Gulf African Airlines - Gambia','GULF AFRICAN',0,'2021-05-23 14:32:01',NULL),(2158,'GUG','Aviateca','AVIATECA',0,'2021-05-23 14:32:01',NULL),(2159,'GUI','Aguilar Connect','Moonexpress',0,'2021-05-23 14:32:01',NULL),(2160,'GUJ','Gujarat Airways','GUJARATAIR',0,'2021-05-23 14:32:01',NULL),(2161,'GUL','Gull Air','GULL-AIR',0,'2021-05-23 14:32:01',NULL),(2162,'GUM','Gum Air','GUM AIR',0,'2021-05-23 14:32:01',NULL),(2163,'GUN','Grant Aviation','HOOT',0,'2021-05-23 14:32:01',NULL),(2164,'GUS','Guja','GUJA',0,'2021-05-23 14:32:01',NULL),(2165,'GUY','Air Guyane','GREEN BIRD',0,'2021-05-23 14:32:01',NULL),(2166,'GVG','Flygaktiebolaget Gota Vingar','BLUECRAFT',0,'2021-05-23 14:32:01',NULL),(2167,'GVI','Air Victoria Georgia','IRINA',0,'2021-05-23 14:32:01',NULL),(2168,'GVN','Gavina','GAVINA',0,'2021-05-23 14:32:01',NULL),(2169,'GWA','Great Western Air','G-W AIR',0,'2021-05-23 14:32:01',NULL),(2170,'GWI','Germanwings','GERMAN WINGS',0,'2021-05-23 14:32:01',NULL),(2171,'GWL','Great Wall Airlines','GREAT WALL',0,'2021-05-23 14:32:01',NULL),(2172,'GWN','Gwyn Aviation','GWYN',0,'2021-05-23 14:32:01',NULL),(2173,'GWS','General Airways','GENAIR',0,'2021-05-23 14:32:01',NULL),(2174,'GWY','USA3000 Airlines','GETAWAY',0,'2021-05-23 14:32:01',NULL),(2175,'GXA','Grixona','GRIXONA',0,'2021-05-23 14:32:01',NULL),(2176,'GXG','GermanXL','',0,'2021-05-23 14:32:01',NULL),(2177,'GXL','Star XL German Airlines','STARDUST',0,'2021-05-23 14:32:01',NULL),(2178,'GXY','Galaxy Airlines','GALAX',0,'2021-05-23 14:32:01',NULL),(2179,'GYP','Eagle Aviation','GYPSY',0,'2021-05-23 14:32:01',NULL),(2180,'GZA','Excellent Air','EXCELLENT AIR',0,'2021-05-23 14:32:01',NULL),(2181,'GZD','Grizodubova Air Company','GRIZODUBOVA AIR',0,'2021-05-23 14:32:01',NULL),(2182,'GZP','Gazpromavia','GAZPROMAVIA',0,'2021-05-23 14:32:01',NULL),(2183,'HA1','Hankook Air US','',0,'2021-05-23 14:32:01',NULL),(2184,'HAA','Helicopteros Agroforestal','AGROFORESTAL',0,'2021-05-23 14:32:01',NULL),(2185,'HAC','Henebury Aviation','',0,'2021-05-23 14:32:01',NULL),(2186,'HAD','Air D\'Ayiti','HAITI AVIA',0,'2021-05-23 14:32:01',NULL),(2187,'HAF','Hellenic Air Force','HELLENIC AIR FORCE',0,'2021-05-23 14:32:01',NULL),(2188,'HAG','Hageland Aviation Services','HAGELAND',0,'2021-05-23 14:32:01',NULL),(2189,'HAH','Air Comores International','AIR COMORES',0,'2021-05-23 14:32:01',NULL),(2190,'HAI','Century Aviation International','',0,'2021-05-23 14:32:01',NULL),(2191,'HAJ','Hajvairy Airlines','HAJVAIRY',0,'2021-05-23 14:32:01',NULL),(2192,'HAK','Pegasus Helicopters','HELIFALCON',0,'2021-05-23 14:32:01',NULL),(2193,'HAL','Hawaiian Airlines','HAWAIIAN',0,'2021-05-23 14:32:01',NULL),(2194,'HAM','Haiti Ambassador Airlines','',0,'2021-05-23 14:32:01',NULL),(2195,'HAN','Hansung Airlines','HANSUNG AIR',0,'2021-05-23 14:32:01',NULL),(2196,'HAP','Helicopteros Aero Personal','HELIPERSONAL',0,'2021-05-23 14:32:01',NULL),(2197,'HAR','Harbor Airlines','HARBOR',0,'2021-05-23 14:32:01',NULL),(2198,'HAS','Honduras Airlines','HONDURAS AIR',0,'2021-05-23 14:32:01',NULL),(2199,'HAT','Air Taxi','TAXI BIRD',0,'2021-05-23 14:32:01',NULL),(2200,'HAU','Skyhaul','SKYHAUL',0,'2021-05-23 14:32:01',NULL),(2201,'HAV','Havilah Air Services','HAVILAH',0,'2021-05-23 14:32:01',NULL),(2202,'HAW','Bangkok Aviation Center','THAI HAWK',0,'2021-05-23 14:32:01',NULL),(2203,'HAX','Benair','SCOOP',0,'2021-05-23 14:32:01',NULL),(2204,'HAY','Hamburg Airways','',0,'2021-05-23 14:32:01',NULL),(2205,'HBA','Trail Lake Flying Service','HARBOR AIR',0,'2021-05-23 14:32:01',NULL),(2206,'HBC','Haitian Aviation Line','HALISA',0,'2021-05-23 14:32:01',NULL),(2207,'HBH','Hebei Airlines','Hebei Air',0,'2021-05-23 14:32:01',NULL),(2208,'HBI','CHC Denmark','HELIBIRD',0,'2021-05-23 14:32:01',NULL),(2209,'HBL','Faroecopter','HELIBLUE',0,'2021-05-23 14:32:01',NULL),(2210,'HBR','Hebradran Air Services','Hebradran',0,'2021-05-23 14:32:01',NULL),(2211,'HBT','Polizeihubschrauberstaffel Thuringen','HABICHT',0,'2021-05-23 14:32:01',NULL),(2212,'HBU','Universal Avia','KHARKIV UNIVERSAL',0,'2021-05-23 14:32:01',NULL),(2213,'HCA','Lake Havasu Air Service','HAVASU',0,'2021-05-23 14:32:01',NULL),(2214,'HCB','Helenair (Barbados)','HELEN',0,'2021-05-23 14:32:01',NULL),(2215,'HCC','Holidays Czech Airlines','',0,'2021-05-23 14:32:01',NULL),(2216,'HCL','Helenair Corporation','HELENCORP',0,'2021-05-23 14:32:01',NULL),(2217,'HCN','Halcyon Air/Bissau Airways','HALCYON',0,'2021-05-23 14:32:01',NULL),(2218,'HCP','Helicopter','HELI CZECH',0,'2021-05-23 14:32:01',NULL),(2219,'HCW','Star1 Airlines','',0,'2021-05-23 14:32:01',NULL),(2220,'HCY','Helios Airways','HELIOS',0,'2021-05-23 14:32:01',NULL),(2221,'HDA','Dragonair',' Hong Kong Dragon Airlines',0,'2021-05-23 14:32:01',NULL),(2222,'HDC','Helcopteros De Cataluna','HELICATALUNA',0,'2021-05-23 14:32:01',NULL),(2223,'HDI','Hoteles Dinamicos','DINAMICOS',0,'2021-05-23 14:32:01',NULL),(2224,'HDR','Helikopterdrift','HELIDRIFT',0,'2021-05-23 14:32:01',NULL),(2225,'HEA','Heliavia-Transporte Aereo','HELIAVIA',0,'2021-05-23 14:32:01',NULL),(2226,'HEB','Heli Bernina','HELIBERNINA',0,'2021-05-23 14:32:01',NULL),(2227,'HEC','Heliservicio Campeche','HELICAMPECHE',0,'2021-05-23 14:32:01',NULL),(2228,'HED','Herritage Aviation Developments','FLAPJACK',0,'2021-05-23 14:32:01',NULL),(2229,'HEI','Aerohein','AEROHEIN',0,'2021-05-23 14:32:01',NULL),(2230,'HEJ','Hellas Jet','HELLAS JET',0,'2021-05-23 14:32:01',NULL),(2231,'HEL','Helicol','HELICOL',0,'2021-05-23 14:32:01',NULL),(2232,'HEM','CHC Helicopters','HEMS',0,'2021-05-23 14:32:01',NULL),(2233,'HEN','Helicopteros Y Vehiculos Nacionales Aereos','HELINAC',0,'2021-05-23 14:32:01',NULL),(2234,'HER','Hex\'Air','HEX AIRLINE',0,'2021-05-23 14:32:01',NULL),(2235,'HET','TAF Helicopters','HELITAF',0,'2021-05-23 14:32:01',NULL),(2236,'HEX','Honiara Cargo Express','HONIARA CARGO',1,'2021-05-23 14:32:01',NULL),(2237,'HEY','Hellenic Airways','Hellenic',0,'2021-05-23 14:32:01',NULL),(2238,'HFR','Heli France','HELIFRANCE',0,'2021-05-23 14:32:01',NULL),(2239,'HFY','Hi Fly','SKY FLYER',0,'2021-05-23 14:32:01',NULL),(2240,'HGA','Hogan Air','HOGAN AIR',0,'2021-05-23 14:32:01',NULL),(2241,'HGD','Hangard Aviation','HANGARD',0,'2021-05-23 14:32:01',NULL),(2242,'HGH','Atlantic Air Lift','HIGHER',0,'2021-05-23 14:32:01',NULL),(2243,'HGK','Fika Salaama Airlines','SALAAMA',0,'2021-05-23 14:32:01',NULL),(2244,'HGR','Hangar 8','HANG',0,'2021-05-23 14:32:01',NULL),(2245,'HHA','Atlantic Airlines de Honduras','ATLANTIC HONDURAS',0,'2021-05-23 14:32:01',NULL),(2246,'HHE','Heli-Holland','HELI HOLLAND',0,'2021-05-23 14:32:01',NULL),(2247,'HHH','Helicsa','HELICSA',0,'2021-05-23 14:32:01',NULL),(2248,'HHI','Hamburg International','HAMBURG JET',0,'2021-05-23 14:32:01',NULL),(2249,'HHN','Hahn Air','ROOSTER',0,'2021-05-23 14:32:01',NULL),(2250,'HHO','Houston Helicopters','HOUSTON HELI',0,'2021-05-23 14:32:01',NULL),(2251,'HHP','Helenia Helicopter Service','HELENIA',0,'2021-05-23 14:32:01',NULL),(2252,'HHS','Hi-Jet Helicopter Services','HIJET',0,'2021-05-23 14:32:01',NULL),(2253,'HIA','Canadian Eagle Aviation','HAIDA',0,'2021-05-23 14:32:01',NULL),(2254,'HIB','Helibravo Aviacao','HELIBRAVO',0,'2021-05-23 14:32:01',NULL),(2255,'HID','Aviacion Ejecutiva De Hildago','EJECUTIVA HIDALGO',0,'2021-05-23 14:32:01',NULL),(2256,'HIF','Heli-Iberica Fotogrametria','HIFSA',0,'2021-05-23 14:32:01',NULL),(2257,'HIG','Heli-Inter Guyane','INTER GUYANNE',0,'2021-05-23 14:32:01',NULL),(2258,'HIN','Holding International Group','HOLDING GROUP',0,'2021-05-23 14:32:01',NULL),(2259,'HIP','Starship','STARSA',0,'2021-05-23 14:32:01',NULL),(2260,'HIS','Hispaniola Airways','HISPANIOLA',0,'2021-05-23 14:32:01',NULL),(2261,'HIT','Helitalia','HELITALIA',0,'2021-05-23 14:32:01',NULL),(2262,'HJA','Air Haiti','AIRHAITI',0,'2021-05-23 14:32:01',NULL),(2263,'HJE','Servicios Ejecutivos Gosa','GOSA',0,'2021-05-23 14:32:01',NULL),(2264,'HJL','Hamlin Jet','BIZJET',0,'2021-05-23 14:32:01',NULL),(2265,'HJT','Al Rais Cargo','AL-RAIS CARGO',1,'2021-05-23 14:32:01',NULL),(2266,'HKA','Superior Aviation','SPEND AIR',0,'2021-05-23 14:32:01',NULL),(2267,'HKE','Hong Kong Express Airways','HONGKONG SHUTTLE',0,'2021-05-23 14:32:01',NULL),(2268,'HKG','Government Flying Service','HONGKONG GOVERNMENT',0,'2021-05-23 14:32:01',NULL),(2269,'HKH','Air-Invest','HAWKHUNGARY',0,'2021-05-23 14:32:01',NULL),(2270,'HKI','Hawkaire','HAWKEYE',0,'2021-05-23 14:32:01',NULL),(2271,'HKL','Hak Air','HAK AIRLINE',0,'2021-05-23 14:32:01',NULL),(2272,'HKN','Jim Hankins Air Service','HANKINS',0,'2021-05-23 14:32:01',NULL),(2273,'HKR','Hawk Air','AIR HAW',0,'2021-05-23 14:32:01',NULL),(2274,'HKS','CHC Helikopter Service','HELIBUS',0,'2021-05-23 14:32:01',NULL),(2275,'HLA','HC Airlines','HEAVYLIFT',0,'2021-05-23 14:32:01',NULL),(2276,'HLB','High-Line Airways','HIGH-LINE',0,'2021-05-23 14:32:01',NULL),(2277,'HLC','Helicap','HELICAP',0,'2021-05-23 14:32:01',NULL),(2278,'HLD','Grampian Flight Centre','GRANITE',0,'2021-05-23 14:32:01',NULL),(2279,'HLE','UK HEMS','HELIMED',0,'2021-05-23 14:32:01',NULL),(2280,'HLF','Hapagfly','HAPAG LLOYD',0,'2021-05-23 14:32:01',NULL),(2281,'HLG','Helog','HELOG',0,'2021-05-23 14:32:01',NULL),(2282,'HLH','Hala Air','HALA AIR',0,'2021-05-23 14:32:01',NULL),(2283,'HLI','Heli Securite','HELI SAINT-TROPEZ',0,'2021-05-23 14:32:01',NULL),(2284,'HLK','Heli-Link','HELI-LINK',0,'2021-05-23 14:32:01',NULL),(2285,'HLM','Heli Medwest De Mexico','HELIMIDWEST',0,'2021-05-23 14:32:01',NULL),(2286,'HLO','Samaritan Air Service','HALO',0,'2021-05-23 14:32:01',NULL),(2287,'HLP','Helipistas','HELIPISTAS',0,'2021-05-23 14:32:01',NULL),(2288,'HLR','Heli Air Services','HELI BULGARIA',0,'2021-05-23 14:32:01',NULL),(2289,'HLS','Haiti Air Freight','',0,'2021-05-23 14:32:01',NULL),(2290,'HLT','Helitafe','HELITAFE',0,'2021-05-23 14:32:01',NULL),(2291,'HLU','Heli Union Heli Prestations','HELI UNION',0,'2021-05-23 14:32:01',NULL),(2292,'HLW','Heliworks','HELIWORKS',0,'2021-05-23 14:32:01',NULL),(2293,'HLX','TUIfly','YELLOW CAB',0,'2021-05-23 14:32:01',NULL),(2294,'HMA','Air Tahoma','TAHOMA',0,'2021-05-23 14:32:01',NULL),(2295,'HMC','Heliamerica De Mexico','HELIAMERICA',0,'2021-05-23 14:32:01',NULL),(2296,'HMD','Charlie Hammonds Flying Service','HAMMOND',0,'2021-05-23 14:32:01',NULL),(2297,'HMF','Norrlandsflyg','LIFEGUARD SWEDEN',0,'2021-05-23 14:32:01',NULL),(2298,'HMM','Hamra Air','HAMRA',0,'2021-05-23 14:32:01',NULL),(2299,'HMP','Papair Terminal','PAPAIR TERMINAL',0,'2021-05-23 14:32:01',NULL),(2300,'HMR','North American Charters','HAMMER',0,'2021-05-23 14:32:01',NULL),(2301,'HMS','Hemus Air','HEMUS AIR',0,'2021-05-23 14:32:01',NULL),(2302,'HMT','Air Nova','HAMILTON',0,'2021-05-23 14:32:01',NULL),(2303,'HMV','Homac Aviation','HOMAC',0,'2021-05-23 14:32:01',NULL),(2304,'HMX','Hawk De Mexico','HAWK MEXICO',0,'2021-05-23 14:32:01',NULL),(2305,'HMY','Harmony Airways','HARMONY',0,'2021-05-23 14:32:01',NULL),(2306,'HNA','Greek Navy','HELLENIC NAVY',0,'2021-05-23 14:32:01',NULL),(2307,'HNR','Haiti National Airlines (HANA)','HANAIR',0,'2021-05-23 14:32:01',NULL),(2308,'HNT','Helicopteros Internacionales','HELICOP INTER',0,'2021-05-23 14:32:01',NULL),(2309,'HNX','Hankook Airline','HNX',0,'2021-05-23 14:32:01',NULL),(2310,'HOA','Hola Airlines','HOLA',0,'2021-05-23 14:32:01',NULL),(2311,'HOL','Holiday Airlines','HOLIDAY',0,'2021-05-23 14:32:01',NULL),(2312,'HOM','Aero Homex','AERO HOMEX',0,'2021-05-23 14:32:01',NULL),(2313,'HOR','Horizon Air-Taxi','HORIZON',0,'2021-05-23 14:32:01',NULL),(2314,'HOZ','Horizontes Aereos','HORIZONTES AEREOS',0,'2021-05-23 14:32:01',NULL),(2315,'HPA','Pearl Airways','PEARL AIRWAYS',0,'2021-05-23 14:32:01',NULL),(2316,'HPJ','Hop-A-Jet','HOPA-JET',0,'2021-05-23 14:32:01',NULL),(2317,'HPL','Heliportugal','HELIPORTUGAL',0,'2021-05-23 14:32:01',NULL),(2318,'HPO','Almiron Aviation','ALMIRON',0,'2021-05-23 14:32:01',NULL),(2319,'HPR','Rick Lucas Helicopters','HELIPRO',0,'2021-05-23 14:32:01',NULL),(2320,'HPS','Horizon Plus','HORIZON PLUS',0,'2021-05-23 14:32:01',NULL),(2321,'HPY','Happy Air','',0,'2021-05-23 14:32:01',NULL),(2322,'HQO','Avinor','',0,'2021-05-23 14:32:01',NULL),(2323,'HRA','Heli-Iberica','ERICA',0,'2021-05-23 14:32:01',NULL),(2324,'HRB','Haiti International Airline','HAITI AIRLINE',0,'2021-05-23 14:32:01',NULL),(2325,'HRH','Royal Tongan Airlines','TONGA ROYAL',0,'2021-05-23 14:32:01',NULL),(2326,'HRI','Skyraidybos Mokymo Centras','HELIRIM',0,'2021-05-23 14:32:01',NULL),(2327,'HRM','Hermes Airlines','HERMES',0,'2021-05-23 14:32:01',NULL),(2328,'HRT','Chartright Air','CHARTRIGHT',0,'2021-05-23 14:32:01',NULL),(2329,'HRZ','Croatian Air Force','CROATIAN AIRFORCE',0,'2021-05-23 14:32:01',NULL),(2330,'HSA','East African Safari Air','DUMA',0,'2021-05-23 14:32:01',NULL),(2331,'HSE','Compania Helicopteros Del Sureste','HELISURESTE',0,'2021-05-23 14:32:01',NULL),(2332,'HSI','Heliswiss','HELISWISS',0,'2021-05-23 14:32:01',NULL),(2333,'HSK','Sky Europe Airlines','MATRA',0,'2021-05-23 14:32:01',NULL),(2334,'HSM','Horizon Air for Transport and Training','ALOFUKAIR',0,'2021-05-23 14:32:01',NULL),(2335,'HSO','Campania Helicopteros De Transporte','HELIASTURIAS',0,'2021-05-23 14:32:01',NULL),(2336,'HSP','International Jet Charter','HOSPITAL',0,'2021-05-23 14:32:01',NULL),(2337,'HSR','Citylink Airlines','HOOSIER',0,'2021-05-23 14:32:01',NULL),(2338,'HSS','Compania Transportes Aereos Del Sur','TAS HELICOPTEROS',0,'2021-05-23 14:32:01',NULL),(2339,'HST','Hellenic Star Airways','Hellenic Star',0,'2021-05-23 14:32:01',NULL),(2340,'HSU','Helisul','HELIS',0,'2021-05-23 14:32:01',NULL),(2341,'HSV','Svenska Direktflyg','HIGHSWEDE',0,'2021-05-23 14:32:01',NULL),(2342,'HSY','Sky Helicopteros','HELISKY',0,'2021-05-23 14:32:01',NULL),(2343,'HTA','Helitrans','SCANBIRD',0,'2021-05-23 14:32:01',NULL),(2344,'HTC','Haiti Trans Air','HAITI TRANSAIR',0,'2021-05-23 14:32:01',NULL),(2345,'HTE','Midwest Helicopters De Mexico','HELICOPTERSMEXICO',0,'2021-05-23 14:32:01',NULL),(2346,'HTG','Grossmann Air Service','GROSSMANN',0,'2021-05-23 14:32:01',NULL),(2347,'HTH','Helitt Lneas Areas','',0,'2021-05-23 14:32:01',NULL),(2348,'HTI','Haiti International Air','HAITI INTERNATIONAL',0,'2021-05-23 14:32:01',NULL),(2349,'HTL','Jet Link Aviation','HEARTLAND',0,'2021-05-23 14:32:01',NULL),(2350,'HTN','Haiti North Airline','',0,'2021-05-23 14:32:01',NULL),(2351,'HTO','Tango Bravo','HELI TANGO',0,'2021-05-23 14:32:01',NULL),(2352,'HTP','Heli Trip','HELI TRIP',0,'2021-05-23 14:32:01',NULL),(2353,'HTR','Holstenair Lubeck','HOLSTEN',0,'2021-05-23 14:32:01',NULL),(2354,'HTS','Helitrans Air Service','HELITRANS',0,'2021-05-23 14:32:01',NULL),(2355,'HTT','Air Tchad','HOTEL TANGO',0,'2021-05-23 14:32:01',NULL),(2356,'HUB','Hub Airlines','HUB',0,'2021-05-23 14:32:01',NULL),(2357,'HUC','Aerloineas de Techuacan','LINEAS TEHUACAN',0,'2021-05-23 14:32:01',NULL),(2358,'HUD','Horizons Unlimited','HUD',0,'2021-05-23 14:32:01',NULL),(2359,'HUF','Hungarian Air Force','HUNGARIAN AIRFORCE',0,'2021-05-23 14:32:01',NULL),(2360,'HUR','Miami Air Charter','HURRICANE CHARTER',0,'2021-05-23 14:32:01',NULL),(2361,'HUS','Huessler Air Service','HUESSLER',0,'2021-05-23 14:32:01',NULL),(2362,'HUT','Aerotransportes Huitzilin','AEROHUITZILIN',0,'2021-05-23 14:32:01',NULL),(2363,'HUV','Hunair Hungarian Airlines','SILVER EAGLE',0,'2021-05-23 14:32:01',NULL),(2364,'HUY','Aero Transportes Del Humaya','AERO HUMAYA',0,'2021-05-23 14:32:01',NULL),(2365,'HVA','Newair','HAVEN-AIR',0,'2021-05-23 14:32:01',NULL),(2366,'HVK','Turkish Air Force','TURKISH AIRFORCE',0,'2021-05-23 14:32:01',NULL),(2367,'HVL','Heavylift International','HEAVYLIFT INTERNATIONAL',0,'2021-05-23 14:32:01',NULL),(2368,'HVN','Vietnam Airlines','VIET NAM AIRLINES',0,'2021-05-23 14:32:01',NULL),(2369,'HVY','Heavylift Cargo Airlines','HEAVY CARGO',1,'2021-05-23 14:32:01',NULL),(2370,'HWD','HPM Investments','FLITEWISE',0,'2021-05-23 14:32:01',NULL),(2371,'HWY','Highland Airways','HIWAY',0,'2021-05-23 14:32:01',NULL),(2372,'HXA','China Express Airlines','CHINA EXPRESS',0,'2021-05-23 14:32:01',NULL),(2373,'HYA','Hyack Air','HYACK',0,'2021-05-23 14:32:01',NULL),(2374,'HYC','Hydro Air Flight Operations','HYDRO CARGO',1,'2021-05-23 14:32:01',NULL),(2375,'HYD','Hydro-Qubec','HYDRO',0,'2021-05-23 14:32:01',NULL),(2376,'HYH','Heli Hungary','HELIHUNGARY',0,'2021-05-23 14:32:01',NULL),(2377,'HYM','Himalayan Airlines','Himalayan',0,'2021-05-23 14:32:01',NULL),(2378,'HYR','Airlink Airways','HIGHFLYER',0,'2021-05-23 14:32:01',NULL),(2379,'HZA','Horizon Airlines','',0,'2021-05-23 14:32:01',NULL),(2380,'HZL','Hazelton Airlines','HAZELTON',0,'2021-05-23 14:32:01',NULL),(2381,'HZT','Air Horizon','HORIZON TOGO',0,'2021-05-23 14:32:01',NULL),(2382,'HZX','Citic General Aviation','ZHONGXIN',0,'2021-05-23 14:32:01',NULL),(2383,'IAA','Indonesian Airlines','INDO LINES',0,'2021-05-23 14:32:01',NULL),(2384,'IAC','Indian Airlines','INDAIR',0,'2021-05-23 14:32:01',NULL),(2385,'IAD','Fly Wex','FLYWEX',0,'2021-05-23 14:32:01',NULL),(2386,'IAE','AC Insat-Aero','',0,'2021-05-23 14:32:01',NULL),(2387,'IAF','Israeli Air Force','',0,'2021-05-23 14:32:01',NULL),(2388,'IAG','EPAG Groupe Air France','EPAG',0,'2021-05-23 14:32:01',NULL),(2389,'IAI','Israel Aircraft Industries','ISRAEL AIRCRAFT',0,'2021-05-23 14:32:01',NULL),(2390,'IAJ','Islandair Jersey','JARLAND',0,'2021-05-23 14:32:01',NULL),(2391,'IAK','International Air Cargo Corporation','AIR CARGO EGYPT',1,'2021-05-23 14:32:01',NULL),(2392,'IAM','Aeronautica Militare','Italian Airforce',0,'2021-05-23 14:32:01',NULL),(2393,'IAR','Iliamna Air Taxi','ILIAMNA AIR',0,'2021-05-23 14:32:01',NULL),(2394,'IAS','International Air Service','STARFLEET',0,'2021-05-23 14:32:01',NULL),(2395,'IAW','Iraqi Airways','IRAQI',0,'2021-05-23 14:32:01',NULL),(2396,'IAX','International Air Services','INTERAIR SERVICES',0,'2021-05-23 14:32:01',NULL),(2397,'IAY','Deadalos Flugtbetriebs','IASON',0,'2021-05-23 14:32:01',NULL),(2398,'IBB','Binter Canarias','',0,'2021-05-23 14:32:01',NULL),(2399,'IBC','Ibicenca Air','IBICENCA',0,'2021-05-23 14:32:01',NULL),(2400,'IBE','Iberia Airlines','IBERIA',0,'2021-05-23 14:32:01',NULL),(2401,'IBK','Norwegian Air International (D8)','NORTRANS',0,'2021-05-23 14:32:01',NULL),(2402,'IBL','IBL Aviation','CATOVAIR',0,'2021-05-23 14:32:01',NULL),(2403,'IBR','Ibertour Servicios Aereos','IBERTOUR',0,'2021-05-23 14:32:01',NULL),(2404,'IBS','Iberia Express','',0,'2021-05-23 14:32:01',NULL),(2405,'IBT','Ibertrans Aerea','IBERTRANS',0,'2021-05-23 14:32:01',NULL),(2406,'IBU','Indigo','INDIGO BLUE',0,'2021-05-23 14:32:01',NULL),(2407,'IBX','Ibex Airlines','IBEX',0,'2021-05-23 14:32:01',NULL),(2408,'IBY','International Business Aircraft','CENTRAL STAGE',0,'2021-05-23 14:32:01',NULL),(2409,'IBZ','International Business Air','INTERBIZ',0,'2021-05-23 14:32:01',NULL),(2410,'ICA','Icaro','ICARFLY',0,'2021-05-23 14:32:01',NULL),(2411,'ICB','Icebird Airline','ICEBIRD',0,'2021-05-23 14:32:01',NULL),(2412,'ICC','Instituto Cartografico de Cataluna','CARTO',0,'2021-05-23 14:32:01',NULL),(2413,'ICD','Icaro','ICARO',0,'2021-05-23 14:32:01',NULL),(2414,'ICE','Icelandair','ICEAIR',0,'2021-05-23 14:32:01',NULL),(2415,'ICG','Icelandic Coast Guard','ICELAND COAST',0,'2021-05-23 14:32:01',NULL),(2416,'ICJ','Icejet','ICEJET',0,'2021-05-23 14:32:01',NULL),(2417,'ICL','CAL Cargo Air Lines','CAL',1,'2021-05-23 14:32:01',NULL),(2418,'ICM','Air Inter Cameroun','INTER-CAMEROUN',0,'2021-05-23 14:32:01',NULL),(2419,'ICN','Inter-Canadian','INTER-CANADIAN',0,'2021-05-23 14:32:01',NULL),(2420,'ICP','Intercopters','CHOPER',0,'2021-05-23 14:32:01',NULL),(2421,'ICR','Eagle Aero','ICARUS FLIGHTS',0,'2021-05-23 14:32:01',NULL),(2422,'ICS','International Charter Services','INTERSERVI',0,'2021-05-23 14:32:01',NULL),(2423,'ICT','Intercontinental de Aviaci','CONTAVIA',0,'2021-05-23 14:32:01',NULL),(2424,'ICX','International Charter Xpress','INTEX',0,'2021-05-23 14:32:01',NULL),(2425,'IDA','Indonesia Air Transport','INTRA',0,'2021-05-23 14:32:01',NULL),(2426,'IDE','Independence Air','INDEPENDENCE AIR',0,'2021-05-23 14:32:01',NULL),(2427,'IDG','IDG Technology Air','INDIGO',0,'2021-05-23 14:32:01',NULL),(2428,'IDL','Ildefonso Redriguez','ILDEFONSO',0,'2021-05-23 14:32:01',NULL),(2429,'IDP','Independent Air Freighters','INDEPENDENT',0,'2021-05-23 14:32:01',NULL),(2430,'IDR','Indicator Company','INDICATOR',0,'2021-05-23 14:32:01',NULL),(2431,'IDS','Indonesia Sky','',0,'2021-05-23 14:32:01',NULL),(2432,'IDX','Indonesa Air Aisa X','Red Phoenix',0,'2021-05-23 14:32:01',NULL),(2433,'IEA','Inter European Airways','',0,'2021-05-23 14:32:01',NULL),(2434,'IEP','Elipiu\'','ELIPIU',0,'2021-05-23 14:32:01',NULL),(2435,'IFA','FAI Airservice','RED ANGLE',0,'2021-05-23 14:32:01',NULL),(2436,'IFC','Indian Air Force','INDIAN AIRFORCE',0,'2021-05-23 14:32:01',NULL),(2437,'IFF','Interfreight Forwarding','INTERFREIGHT',0,'2021-05-23 14:32:01',NULL),(2438,'IFI','Air Lift','HELLAS LIFT',0,'2021-05-23 14:32:01',NULL),(2439,'IFL','IFL Group','EIFEL',0,'2021-05-23 14:32:01',NULL),(2440,'IFS','Italy First','RIVIERA',0,'2021-05-23 14:32:01',NULL),(2441,'IFT','Interflight','INTERFLIGHT',0,'2021-05-23 14:32:01',NULL),(2442,'IFX','International Flight Training Academy','IFTA',0,'2021-05-23 14:32:01',NULL),(2443,'IG1','Indya Airline Group','Indya1',0,'2021-05-23 14:32:01',NULL),(2444,'IGA','Skytaxi','IGUANA',0,'2021-05-23 14:32:01',NULL),(2445,'IGN','Interguide Air','DIVINE AIR',0,'2021-05-23 14:32:01',NULL),(2446,'IGO','IndiGo Airlines','IFLY',0,'2021-05-23 14:32:01',NULL),(2447,'IGS','Isle Grande Flying School','ISLA GRANDE',0,'2021-05-23 14:32:01',NULL),(2448,'IHE','Interjet Helicopters','INTERCOPTER',0,'2021-05-23 14:32:01',NULL),(2449,'IHS','Thryluthjonustan','',0,'2021-05-23 14:32:01',NULL),(2450,'IIA','AIR INDOCHINE','',0,'2021-05-23 14:32:01',NULL),(2451,'IIG','International Company for Transport',' Trade and Public Works',0,'2021-05-23 14:32:01',NULL),(2452,'IIL','India International Airways','INDIA INTER',0,'2021-05-23 14:32:01',NULL),(2453,'IIN','Inter Islands Airlines','',0,'2021-05-23 14:32:01',NULL),(2454,'IIR','INAVIA Internacional','',0,'2021-05-23 14:32:01',NULL),(2455,'IJA','International Jet Aviation Services','I-JET',0,'2021-05-23 14:32:01',NULL),(2456,'IJE','Ivoire Jet Express','IVOIRE JET',0,'2021-05-23 14:32:01',NULL),(2457,'IJM','IJM International Jet Management','JET MANAGEMENT',0,'2021-05-23 14:32:01',NULL),(2458,'IJS','Silvair','',0,'2021-05-23 14:32:01',NULL),(2459,'IJT','InteliJet Airways','INTELIJET',0,'2021-05-23 14:32:01',NULL),(2460,'IJT','Interflight (Learjet)','',0,'2021-05-23 14:32:01',NULL),(2461,'IKA','Gorkha Airlines','GORKHA AIRLINES',0,'2021-05-23 14:32:01',NULL),(2462,'IKA','Itek Air','ITEK-AIR',0,'2021-05-23 14:32:01',NULL),(2463,'IKK','IKI International Airlines','IKIAIR',0,'2021-05-23 14:32:01',NULL),(2464,'IKM','Aero Survey','GHANA SURVEY',0,'2021-05-23 14:32:01',NULL),(2465,'IKN','IKON FTO','IKON',0,'2021-05-23 14:32:01',NULL),(2466,'IKR','Ikaros DK','IKAROS',0,'2021-05-23 14:32:01',NULL),(2467,'IKY','Intersky','GENERAL SKY',0,'2021-05-23 14:32:01',NULL),(2468,'ILC','Island Link','',0,'2021-05-23 14:32:01',NULL),(2469,'ILF','Island Air Charters','ISLAND FLIGHT',0,'2021-05-23 14:32:01',NULL),(2470,'ILK','Aero Airline','ILEK',0,'2021-05-23 14:32:01',NULL),(2471,'ILL','Ilyich-Avia','ILYICHAVIA',0,'2021-05-23 14:32:01',NULL),(2472,'ILN','Interair South Africa','INLINE',0,'2021-05-23 14:32:01',NULL),(2473,'ILP','Ilpo Aruba Cargo','',1,'2021-05-23 14:32:01',NULL),(2474,'ILS','Servicios Aereos Ilsa','SERVICIOS ILSA',0,'2021-05-23 14:32:01',NULL),(2475,'ILV','Il-Avia','ILAVIA',0,'2021-05-23 14:32:01',NULL),(2476,'ILW','Illinois Airways','',0,'2021-05-23 14:32:01',NULL),(2477,'ILY','Fly Illi','',0,'2021-05-23 14:32:01',NULL),(2478,'IMA','Inter-Mountain Airways','INTER-MOUNTAIN',0,'2021-05-23 14:32:01',NULL),(2479,'IME','Airtime Charters','AIRTIME',0,'2021-05-23 14:32:01',NULL),(2480,'IMN','Aerotaxis Cimarron','TAXI CIMARRON',0,'2021-05-23 14:32:01',NULL),(2481,'IMP','Hellenic Imperial Airways','IMPERIAL',0,'2021-05-23 14:32:01',NULL),(2482,'IMR','Imaer','IMAER',0,'2021-05-23 14:32:01',NULL),(2483,'IMT','Imtrec Aviation','IMTREC',0,'2021-05-23 14:32:01',NULL),(2484,'IMX','Zimex Aviation','ZIMEX',0,'2021-05-23 14:32:01',NULL),(2485,'INA','Aero International','AERO-NACIONAL',0,'2021-05-23 14:32:01',NULL),(2486,'INC','Insel Air International','INSELAIR',0,'2021-05-23 14:32:01',NULL),(2487,'IND','Iona National Airways','IONA',0,'2021-05-23 14:32:01',NULL),(2488,'INE','International Europe','',0,'2021-05-23 14:32:01',NULL),(2489,'ING','Aeroingenieria','AEROINGE',0,'2021-05-23 14:32:01',NULL),(2490,'INK','Sincom-Avia','SINCOM AVIA',0,'2021-05-23 14:32:01',NULL),(2491,'INL','Intal Avia','INTAL AVIA',0,'2021-05-23 14:32:01',NULL),(2492,'INO','Aeroservicios Intergrados de Norte','INTENOR',0,'2021-05-23 14:32:01',NULL),(2493,'INP','Peruvian Navy','',0,'2021-05-23 14:32:01',NULL),(2494,'INS','Inflite The Jet Centre','',0,'2021-05-23 14:32:01',NULL),(2495,'INT','Intair','INTAIRCO',0,'2021-05-23 14:32:01',NULL),(2496,'INU','Flyguppdraget Backamo','INSTRUCTOR',0,'2021-05-23 14:32:01',NULL),(2497,'INV','Inversija','INVER',0,'2021-05-23 14:32:01',NULL),(2498,'INX','Inter Express','INTER-EURO',0,'2021-05-23 14:32:01',NULL),(2499,'IOA','Iowa Airways','IOWA AIR',0,'2021-05-23 14:32:01',NULL),(2500,'IOM','Island Aviation and Travel','ISLE AVIA',0,'2021-05-23 14:32:01',NULL),(2501,'IOS','Isles of Scilly Skybus','SCILLONIA',0,'2021-05-23 14:32:01',NULL),(2502,'IPA','IPEC Aviation','IPEC',0,'2021-05-23 14:32:01',NULL),(2503,'IPL','Airpull Aviation','IPULL',0,'2021-05-23 14:32:01',NULL),(2504,'IPM','IPM Europe','SHIPEX',0,'2021-05-23 14:32:01',NULL),(2505,'IPN','Industri Pesawat Terbang Nusantara','NUSANTARA',0,'2021-05-23 14:32:01',NULL),(2506,'IPT','Interport Corporation','INTERPORT',0,'2021-05-23 14:32:01',NULL),(2507,'IPV','Parmiss Airlines (IPV)','IPV',0,'2021-05-23 14:32:01',NULL),(2508,'IQQ','Caribbean Airways','CARIBJET',0,'2021-05-23 14:32:01',NULL),(2509,'IRA','Iran Air','IRANAIR',0,'2021-05-23 14:32:01',NULL),(2510,'IRB','Iranair Tours','',0,'2021-05-23 14:32:01',NULL),(2511,'IRC','Iran Aseman Airlines','',0,'2021-05-23 14:32:01',NULL),(2512,'IRD','Arvand Airlines','ARVAND',0,'2021-05-23 14:32:01',NULL),(2513,'IRE','Pariz Air','PARIZAIR',0,'2021-05-23 14:32:01',NULL),(2514,'IRF','TA-Air Airline','TA-AIR',0,'2021-05-23 14:32:01',NULL),(2515,'IRG','Naft Air Lines','NAFT',0,'2021-05-23 14:32:01',NULL),(2516,'IRH','Atlas Aviation Group','ATLAS AVIA',0,'2021-05-23 14:32:01',NULL),(2517,'IRI','Navid','NAVID',0,'2021-05-23 14:32:01',NULL),(2518,'IRJ','Bonyad Airlines','BONYAD AIR',0,'2021-05-23 14:32:01',NULL),(2519,'IRK','Kish Air','KISHAIR',0,'2021-05-23 14:32:01',NULL),(2520,'IRL','Irish Air Corps','IRISH',0,'2021-05-23 14:32:01',NULL),(2521,'IRM','Mahan Air','MAHAN AIR',0,'2021-05-23 14:32:01',NULL),(2522,'IRO','CSA Air','IRON AIR',0,'2021-05-23 14:32:01',NULL),(2523,'IRP','Payam Air','PAYAMAIR',0,'2021-05-23 14:32:01',NULL),(2524,'IRQ','Qeshm Air','QESHM AIR',0,'2021-05-23 14:32:01',NULL),(2525,'IRR','Tara Air Line','TARAIR',0,'2021-05-23 14:32:01',NULL),(2526,'IRT','Irtysh Airlines','IRTYSH AIRLINES',0,'2021-05-23 14:32:01',NULL),(2527,'IRU','Chabahar Airlines','CHABAHAR',0,'2021-05-23 14:32:01',NULL),(2528,'IRV','Safat Airlines','SAFAT AIR',0,'2021-05-23 14:32:01',NULL),(2529,'IRW','Aram Airline','ARAM',0,'2021-05-23 14:32:01',NULL),(2530,'IRX','Aria Tour','ARIA',0,'2021-05-23 14:32:01',NULL),(2531,'IRY','Eram Air','ERAM AIR',0,'2021-05-23 14:32:01',NULL),(2532,'IRZ','Saha Airlines Services','SAHA',0,'2021-05-23 14:32:01',NULL),(2533,'ISD','ISD Avia','ISDAVIA',0,'2021-05-23 14:32:01',NULL),(2534,'ISF','International Sabilisation Assistance Force','',0,'2021-05-23 14:32:01',NULL),(2535,'ISG','Club Air','CLUBAIR',0,'2021-05-23 14:32:01',NULL),(2536,'ISI','Island Air','ISLANDMEX',0,'2021-05-23 14:32:01',NULL),(2537,'ISK','Intersky','INTERSKY',0,'2021-05-23 14:32:01',NULL),(2538,'ISL','Landsflug','ISLANDIA',0,'2021-05-23 14:32:01',NULL),(2539,'ISM','Auo Airclub AIST-M','STORK',0,'2021-05-23 14:32:01',NULL),(2540,'ISN','Interisland Airlines','TRI-BIRD',0,'2021-05-23 14:32:01',NULL),(2541,'ISR','Israir','ISRAIR',0,'2021-05-23 14:32:01',NULL),(2542,'ISS','Meridiana','MERAIR',0,'2021-05-23 14:32:01',NULL),(2543,'IST','Istanbul Airlines','ISTANBUL',0,'2021-05-23 14:32:01',NULL),(2544,'ISV','Islena De Inversiones','',0,'2021-05-23 14:32:01',NULL),(2545,'ISW','Islas Airways','PINTADERA',0,'2021-05-23 14:32:01',NULL),(2546,'ISX','Island Spirit','',0,'2021-05-23 14:32:01',NULL),(2547,'ITA','Inter-Air','CAFEX',0,'2021-05-23 14:32:01',NULL),(2548,'ITC','International Air Carrier Association','',0,'2021-05-23 14:32:01',NULL),(2549,'ITE','Aerotaxi','AEROTAXI',0,'2021-05-23 14:32:01',NULL),(2550,'ITF','Avita-Servicos Aereos','AIR AVITA',0,'2021-05-23 14:32:01',NULL),(2551,'ITH','International Trans-Air','INTRANS NIGERIA',0,'2021-05-23 14:32:01',NULL),(2552,'ITK','Interlink Airlines','INTERLINK',0,'2021-05-23 14:32:01',NULL),(2553,'ITN','Industrias Titan','TITANLUX',0,'2021-05-23 14:32:01',NULL),(2554,'ITO','Aero Citro','AERO CITRO',0,'2021-05-23 14:32:01',NULL),(2555,'ITR','Frontier Commuter','OUT BACK',0,'2021-05-23 14:32:01',NULL),(2556,'ITS','Inter-State Aviation','INTER-STATE',0,'2021-05-23 14:32:01',NULL),(2557,'ITU','Intervuelos','INTERLOS',0,'2021-05-23 14:32:01',NULL),(2558,'ITW','Inter Air','INTER WINGS',0,'2021-05-23 14:32:01',NULL),(2559,'ITX','Imair Airlines','IMPROTEX',0,'2021-05-23 14:32:01',NULL),(2560,'IUS','Icarus','ICARUS',0,'2021-05-23 14:32:01',NULL),(2561,'IVA','Innotech Aviation','INNOTECH',0,'2021-05-23 14:32:01',NULL),(2562,'IVE','Air Executive','COMPANY EXEC',0,'2021-05-23 14:32:01',NULL),(2563,'IVJ','Flight International','INVADER JACK',0,'2021-05-23 14:32:01',NULL),(2564,'IVR','Burundaiavia','RERUN',0,'2021-05-23 14:32:01',NULL),(2565,'IVS','Ivoire Aero Services','IVOIRE AERO',0,'2021-05-23 14:32:01',NULL),(2566,'IVT','Interaviatrans','INTERAVIA',0,'2021-05-23 14:32:01',NULL),(2567,'IVW','Ivoire Airways','IVOIRAIRWAYS',0,'2021-05-23 14:32:01',NULL),(2568,'IWA','Apache Air','APACHE',0,'2021-05-23 14:32:01',NULL),(2569,'IWD','Iberworld','',0,'2021-05-23 14:32:01',NULL),(2570,'IWS','Aviainvest','',0,'2021-05-23 14:32:01',NULL),(2571,'IWY','Interisland Airways Limited','ISLANDWAYS',0,'2021-05-23 14:32:01',NULL),(2572,'IXO','OCEAN AIR CARGO','',1,'2021-05-23 14:32:01',NULL),(2573,'IXR','Ixair','X-BIRD',0,'2021-05-23 14:32:01',NULL),(2574,'IXX','Dolphin Express Airlines','ISLAND EXPRESS',0,'2021-05-23 14:32:01',NULL),(2575,'IYE','Yemenia','YEMENI',0,'2021-05-23 14:32:01',NULL),(2576,'IZA','Izhavia','IZHAVIA',0,'2021-05-23 14:32:01',NULL),(2577,'IZG','Zagros Airlines','ZAGROS',0,'2021-05-23 14:32:01',NULL),(2578,'IZM','Izair','IZMIR',0,'2021-05-23 14:32:01',NULL),(2579,'J88','Regionalia Mxico','',0,'2021-05-23 14:32:01',NULL),(2580,'JAA','Japan Asia Airways','ASIA',0,'2021-05-23 14:32:01',NULL),(2581,'JAB','Air Bagan','AIR BAGAN',0,'2021-05-23 14:32:01',NULL),(2582,'JAC','Japan Air Commuter','COMMUTER',0,'2021-05-23 14:32:01',NULL),(2583,'JAD','Aerojal','AEROJAL',0,'2021-05-23 14:32:01',NULL),(2584,'JAE','Jade Cargo International','JADE CARGO',1,'2021-05-23 14:32:01',NULL),(2585,'JAF','Jetairfly','BEAUTY',0,'2021-05-23 14:32:01',NULL),(2586,'JAG','Jetalliance','JETALLIANCE',0,'2021-05-23 14:32:01',NULL),(2587,'JAI','Jet Airways','JET AIRWAYS',0,'2021-05-23 14:32:01',NULL),(2588,'JAK','Jana-Arka','YANZAR',0,'2021-05-23 14:32:01',NULL),(2589,'JAL','Japan Airlines','JAPANAIR',0,'2021-05-23 14:32:01',NULL),(2590,'JAL','Japan Airlines Domestic','J-BIRD',0,'2021-05-23 14:32:01',NULL),(2591,'JAM','Sunline Express','SUNTRACK',0,'2021-05-23 14:32:01',NULL),(2592,'JAR','Airlink','AIRLINK',0,'2021-05-23 14:32:01',NULL),(2593,'JAS','Japan Air System','Air System',0,'2021-05-23 14:32:01',NULL),(2594,'JAT','Jat Airways','JAT',0,'2021-05-23 14:32:01',NULL),(2595,'JAV','Jordan Aviation','JORDAN AVIATION',0,'2021-05-23 14:32:01',NULL),(2596,'JAW','Jamahiriya Airways','JAW',0,'2021-05-23 14:32:01',NULL),(2597,'JAX','Janair','JANAIR',0,'2021-05-23 14:32:01',NULL),(2598,'JAZ','JALways','JALWAYS',0,'2021-05-23 14:32:01',NULL),(2599,'JBA','Helijet','HELIJET',0,'2021-05-23 14:32:01',NULL),(2600,'JBR','Job Air','JOBAIR',0,'2021-05-23 14:32:01',NULL),(2601,'JBU','JetBlue Airways','JETBLUE',0,'2021-05-23 14:32:01',NULL),(2602,'JCB','J C Bamford (Excavators)','JAYSEEBEE',0,'2021-05-23 14:32:01',NULL),(2603,'JCC','Jetcraft Aviation','JETCRAFT',0,'2021-05-23 14:32:01',NULL),(2604,'JCF','Jet Center Flight Training','JET CENTER',0,'2021-05-23 14:32:01',NULL),(2605,'JCH','Trading Air Cargo','TRADING CARGO',1,'2021-05-23 14:32:01',NULL),(2606,'JCI','Jordan International Air Cargo','',1,'2021-05-23 14:32:01',NULL),(2607,'JCK','Jackson Air Services','JACKSON',0,'2021-05-23 14:32:01',NULL),(2608,'JCM','Secure Air Charter','SECUREAIR',0,'2021-05-23 14:32:01',NULL),(2609,'JCR','Rotterdam Jet Center','ROTTERDAM JETCENTER',0,'2021-05-23 14:32:01',NULL),(2610,'JCS','Jetclub','JETCLUB',0,'2021-05-23 14:32:01',NULL),(2611,'JCT','Jet Charter','JET CHARTER',0,'2021-05-23 14:32:01',NULL),(2612,'JCX','Jet Connection','JET CONNECT',0,'2021-05-23 14:32:01',NULL),(2613,'JDA','JDAviation','JAY DEE',0,'2021-05-23 14:32:01',NULL),(2614,'JDC','Deere and Company','JOHN DEERE',0,'2021-05-23 14:32:01',NULL),(2615,'JDG','Joanas Avialinijos','LADYBLUE',0,'2021-05-23 14:32:01',NULL),(2616,'JDI','Jet Service','JEDI',0,'2021-05-23 14:32:01',NULL),(2617,'JDP','JDP Lux','RED PELICAN',0,'2021-05-23 14:32:01',NULL),(2618,'JEA','Jet Air','JETA',0,'2021-05-23 14:32:01',NULL),(2619,'JEC','Jett8 Airlines Cargo','',1,'2021-05-23 14:32:01',NULL),(2620,'JED','Jet East International','JET EAST',0,'2021-05-23 14:32:01',NULL),(2621,'JEE','Ambjek Air Services','AMBJEK AIR',0,'2021-05-23 14:32:01',NULL),(2622,'JEF','Jetflite','JETFLITE',0,'2021-05-23 14:32:01',NULL),(2623,'JEI','Jet Executive International Charter','JET EXECUTIVE',0,'2021-05-23 14:32:01',NULL),(2624,'JEJ','Jets Ejecutivos','MEXJETS',0,'2021-05-23 14:32:01',NULL),(2625,'JEK','Jet Link','JET OPS',0,'2021-05-23 14:32:01',NULL),(2626,'JEL','Tal Air Charters','JETEL',0,'2021-05-23 14:32:01',NULL),(2627,'JEM','Emerald Airways','GEMSTONE',0,'2021-05-23 14:32:01',NULL),(2628,'JEP','Jets Personales','JET PERSONALES',0,'2021-05-23 14:32:01',NULL),(2629,'JES','JS Aviation','JAY-ESS AVIATION',0,'2021-05-23 14:32:01',NULL),(2630,'JET','Wind Jet','GHIBLI',0,'2021-05-23 14:32:01',NULL),(2631,'JEV','Lagun Air','',0,'2021-05-23 14:32:01',NULL),(2632,'JEX','JAL Express','JANEX',0,'2021-05-23 14:32:01',NULL),(2633,'JFC','LTV Jet Fleet Corporation','JET-FLEET',0,'2021-05-23 14:32:01',NULL),(2634,'JFK','Keenair Charter -','KEENAIR',0,'2021-05-23 14:32:01',NULL),(2635,'JFL','Jetfly Airlines','LINEFLYER',0,'2021-05-23 14:32:01',NULL),(2636,'JFS','Juanda Flying School','JAEMCO',0,'2021-05-23 14:32:01',NULL),(2637,'JFU','Jet4You','ARGAN',0,'2021-05-23 14:32:01',NULL),(2638,'JFY','Foster Yeoman','YEOMAN',0,'2021-05-23 14:32:01',NULL),(2639,'JGD','Jet G&D Aviation','JET GEE-AND-DEE',0,'2021-05-23 14:32:01',NULL),(2640,'JGN','Jagson Airlines','JAGSON',0,'2021-05-23 14:32:01',NULL),(2641,'JGO','JetsGo','JETSGO',0,'2021-05-23 14:32:01',NULL),(2642,'JHM','JHM Cargo Expreso','',1,'2021-05-23 14:32:01',NULL),(2643,'JHN','Johnson Air','AIR JOHNSON',0,'2021-05-23 14:32:01',NULL),(2644,'JIA','PSA Airlines','BLUE STREAK',0,'2021-05-23 14:32:01',NULL),(2645,'JIB','Jibair','JIBAIRLINE',0,'2021-05-23 14:32:01',NULL),(2646,'JIC','Jetgo International','JIC-JET',0,'2021-05-23 14:32:01',NULL),(2647,'JIM','Sark International Airways','SARK',0,'2021-05-23 14:32:01',NULL),(2648,'JJA','Jeju Air','JEJU AIR',0,'2021-05-23 14:32:01',NULL),(2649,'JJM','Regional Geodata Air','GEODATA',0,'2021-05-23 14:32:01',NULL),(2650,'JJP','Jetstar Japan ','ORANGE LINER',0,'2021-05-23 14:32:01',NULL),(2651,'JKK','Spanair','SPANAIR',0,'2021-05-23 14:32:01',NULL),(2652,'JKY','Helicopter & Aviation Services','JOCKEY',0,'2021-05-23 14:32:01',NULL),(2653,'JLA','MIA Airlines','SALLINE',0,'2021-05-23 14:32:01',NULL),(2654,'JLH','Jetlink Holland','',0,'2021-05-23 14:32:01',NULL),(2655,'JLJ','J-Air','J AIR',0,'2021-05-23 14:32:01',NULL),(2656,'JLN','Eurojet Limited','JET LINE',0,'2021-05-23 14:32:01',NULL),(2657,'JLX','Jetlink Express','KEN JET',0,'2021-05-23 14:32:01',NULL),(2658,'JMB','Jambo Africa Airlines','JAMBOAFRICA',0,'2021-05-23 14:32:01',NULL),(2659,'JMC','JMC Airlines','JAYEMMSEE',0,'2021-05-23 14:32:01',NULL),(2660,'JMG','JetMagic','JET MAGIC',0,'2021-05-23 14:32:01',NULL),(2661,'JMJ','Johnston Airways','JOHNSTON',0,'2021-05-23 14:32:01',NULL),(2662,'JMM','Joint Military Commission','JOICOMAR',0,'2021-05-23 14:32:01',NULL),(2663,'JMR','Alexandair','ALEXANDAIR',0,'2021-05-23 14:32:01',NULL),(2664,'JMT','Jomartaxi Aereo','JOMARTAXI',0,'2021-05-23 14:32:01',NULL),(2665,'JMX','Air Jamaica Express','JAMAICA EXPRESS',0,'2021-05-23 14:32:01',NULL),(2666,'JNA','Jin Air','Jin Air',0,'2021-05-23 14:32:01',NULL),(2667,'JNH','M & N Aviation','JONAH',0,'2021-05-23 14:32:01',NULL),(2668,'JNR','Jet Norte','JET NORTE',0,'2021-05-23 14:32:01',NULL),(2669,'JNV','Jetnova de Aviacion Ejecutiva','JETNOVA',0,'2021-05-23 14:32:01',NULL),(2670,'JNY','Jenney Beechcraft','JENAIR',0,'2021-05-23 14:32:01',NULL),(2671,'JOA','Air Swift Aviation','',0,'2021-05-23 14:32:01',NULL),(2672,'JOB','Aerojobeni','JOBENI',0,'2021-05-23 14:32:01',NULL),(2673,'JOL','Atyrau Air Ways','EDIL',0,'2021-05-23 14:32:01',NULL),(2674,'JON','Johnsons Air','JOHNSONSAIR',0,'2021-05-23 14:32:01',NULL),(2675,'JOR','Blue Air','BLUE TRANSPORT',0,'2021-05-23 14:32:01',NULL),(2676,'JOS','DHL de Guatemala','',0,'2021-05-23 14:32:01',NULL),(2677,'JOY','Joy Air','JOY AIR',0,'2021-05-23 14:32:01',NULL),(2678,'JPA','OSACOM','J-PAT',0,'2021-05-23 14:32:01',NULL),(2679,'JPN','Jeppesen UK','JETPLAN',0,'2021-05-23 14:32:01',NULL),(2680,'JPO','Jetpro','JETPRO',0,'2021-05-23 14:32:01',NULL),(2681,'JPQ','Jett Paqueteria','JETT PAQUETERIA',0,'2021-05-23 14:32:01',NULL),(2682,'JPR','Aerosmith Aviation','JASPER',0,'2021-05-23 14:32:01',NULL),(2683,'JPU','Jupiter Airlines','JUPITERAIR',0,'2021-05-23 14:32:01',NULL),(2684,'JRB','Jc royal.britannica','',0,'2021-05-23 14:32:01',NULL),(2685,'JRF','First Air Transport','',0,'2021-05-23 14:32:01',NULL),(2686,'JRI','Jetrider International','JETRIDER',0,'2021-05-23 14:32:01',NULL),(2687,'JRN','Jet Rent','JET RENT',0,'2021-05-23 14:32:01',NULL),(2688,'JSA','Jetstar Asia Airways','JETSTAR ASIA',0,'2021-05-23 14:32:01',NULL),(2689,'JSE','Jets Y Servicios Ejecutivos','SERVIJETS',0,'2021-05-23 14:32:01',NULL),(2690,'JSH','Jetstream Air','STREAM-AIR',0,'2021-05-23 14:32:01',NULL),(2691,'JSI','Jet Air Group','SISTEMA',0,'2021-05-23 14:32:01',NULL),(2692,'JSJ','JS Air','JS CHARTER',0,'2021-05-23 14:32:01',NULL),(2693,'JSM','Jet Stream','JET STREAM',0,'2021-05-23 14:32:01',NULL),(2694,'JSP','Palmer Aviation','PALMER',0,'2021-05-23 14:32:01',NULL),(2695,'JSR','Jusur airways','',0,'2021-05-23 14:32:01',NULL),(2696,'JST','Jetstar Airways','JETSTAR',0,'2021-05-23 14:32:01',NULL),(2697,'JSV','Japan Aircraft Service','',0,'2021-05-23 14:32:01',NULL),(2698,'JSW','Jigsaw Project','JIGSAW',0,'2021-05-23 14:32:01',NULL),(2699,'JTA','Japan Transocean Air','JAI OCEAN',0,'2021-05-23 14:32:01',NULL),(2700,'JTC','Jet Trans Aviation','JETRANS',0,'2021-05-23 14:32:01',NULL),(2701,'JTE','National Jet Express','JETEX',0,'2021-05-23 14:32:01',NULL),(2702,'JTG','Jettime','JETTIME',0,'2021-05-23 14:32:01',NULL),(2703,'JTI','Cirrus Middle East','',0,'2021-05-23 14:32:01',NULL),(2704,'JTL','Jetall Holdings','FIREFLY',0,'2021-05-23 14:32:01',NULL),(2705,'JTM','Exxavia Limited','SKYMAN',0,'2021-05-23 14:32:01',NULL),(2706,'JTN','Jettrain Corporation','JETTRAIN',0,'2021-05-23 14:32:01',NULL),(2707,'JTO','Jettor Airlines','JETHAPPY',0,'2021-05-23 14:32:01',NULL),(2708,'JTR','Executive Aviation Services','JESTER',0,'2021-05-23 14:32:01',NULL),(2709,'JTS','Arrendamiento de Aviones Jets','AVIONESJETS',0,'2021-05-23 14:32:01',NULL),(2710,'JTT','Jet-2000','MOSCOW JET',0,'2021-05-23 14:32:01',NULL),(2711,'JTU','Zhetysu','ZHETYSU',0,'2021-05-23 14:32:01',NULL),(2712,'JTX','Jet Aspen Air Lines','JET ASPEN',0,'2021-05-23 14:32:01',NULL),(2713,'JTY','Jatayu Airlines','JATAYU',0,'2021-05-23 14:32:01',NULL),(2714,'JUA','Aero Juarez','JUAREZ',0,'2021-05-23 14:32:01',NULL),(2715,'JUB','Jubba Airways','JUBBA',0,'2021-05-23 14:32:01',NULL),(2716,'JUC','Juba Cargo Services & Aviation Company','JUBA CARGO',1,'2021-05-23 14:32:01',NULL),(2717,'JUR','Ju-Air','JUNKERS',0,'2021-05-23 14:32:01',NULL),(2718,'JUS','USA Jet Airlines','JET USA',0,'2021-05-23 14:32:01',NULL),(2719,'JVK','Jorvik','ISLANDIC',0,'2021-05-23 14:32:01',NULL),(2720,'JWW','JetWind','Jetwind',0,'2021-05-23 14:32:01',NULL),(2721,'JWY','Jetways of Iowa','JETWAYS',0,'2021-05-23 14:32:01',NULL),(2722,'JXA','Jetex Aviation','',0,'2021-05-23 14:32:01',NULL),(2723,'JXT','Jetstream Executive Travel','VANNIN',0,'2021-05-23 14:32:01',NULL),(2724,'JXX','Jetx Airlines','JETBIRD',0,'2021-05-23 14:32:01',NULL),(2725,'JZA','Air Canada Jazz','JAZZ',0,'2021-05-23 14:32:01',NULL),(2726,'JZR','Jazeera Airways','JAZEERA',0,'2021-05-23 14:32:01',NULL),(2727,'K88','Voestar','',0,'2021-05-23 14:32:01',NULL),(2728,'KAA','Asia Aero Survey and Consulting Engineers','AASCO',0,'2021-05-23 14:32:01',NULL),(2729,'KAC','Kuwait Airways','KUWAITI',0,'2021-05-23 14:32:01',NULL),(2730,'KAD','Air Kirovograd','AIR KIROVOGRAD',0,'2021-05-23 14:32:01',NULL),(2731,'KAE','Kartika Airlines','KARTIKA',0,'2021-05-23 14:32:01',NULL),(2732,'KAH','Kent Aviation','DEKAIR',0,'2021-05-23 14:32:01',NULL),(2733,'KAI','Kaiser Air','KAISER',0,'2021-05-23 14:32:01',NULL),(2734,'KAJ','Karthago Airlines','KARTHAGO',0,'2021-05-23 14:32:01',NULL),(2735,'KAL','Korean Air','KOREANAIR',0,'2021-05-23 14:32:01',NULL),(2736,'KAM','Air Mach','ICO-AIR',0,'2021-05-23 14:32:01',NULL),(2737,'KAO','Kazan Aviation Production Association','KAZAVAIA',0,'2021-05-23 14:32:01',NULL),(2738,'KAP','Cape Air','CAIR',0,'2021-05-23 14:32:01',NULL),(2739,'KAR','Kar-Air','',0,'2021-05-23 14:32:01',NULL),(2740,'KAS','Kingston Air Services','KINGSTON AIR',0,'2021-05-23 14:32:01',NULL),(2741,'KAT','Kato Airline','KATO-AIR',0,'2021-05-23 14:32:01',NULL),(2742,'KAV','Air Kufra','AIRKUFRA',0,'2021-05-23 14:32:01',NULL),(2743,'KAW','Kaz Air West','KAZWEST',0,'2021-05-23 14:32:01',NULL),(2744,'KBA','Kenn Borek Air','BOREK AIR',0,'2021-05-23 14:32:01',NULL),(2745,'KBR','KoralBlue Airlines','KORAL BLUE',0,'2021-05-23 14:32:01',NULL),(2746,'KBV','Kustbevakningen','SWECOAST',0,'2021-05-23 14:32:01',NULL),(2747,'KBZ','Air KBZ','Air KBZ',0,'2021-05-23 14:32:01',NULL),(2748,'KCA','Trans-Kiev','TRANS-KIEV',0,'2021-05-23 14:32:01',NULL),(2749,'KCE','Irving Oil Transport','KACEY',0,'2021-05-23 14:32:01',NULL),(2750,'KCU','Skyline Ulasim Ticaret A.S.','Kocoglu',0,'2021-05-23 14:32:01',NULL),(2751,'KDA','Kendell Airlines','KENDELL',0,'2021-05-23 14:32:01',NULL),(2752,'KDC','K D Air Corporation','KAY DEE',0,'2021-05-23 14:32:01',NULL),(2753,'KDR','Royal Daisy Airlines','DARLINES',0,'2021-05-23 14:32:01',NULL),(2754,'KDZ','Flightworks','KUDZU',0,'2021-05-23 14:32:01',NULL),(2755,'KEA','Korea Express Air','',0,'2021-05-23 14:32:01',NULL),(2756,'KEE','Keystone Air Services','KEYSTONE',0,'2021-05-23 14:32:01',NULL),(2757,'KEK','Arkhabay','ARKHABAY',0,'2021-05-23 14:32:01',NULL),(2758,'KEN','Kenmore Air','KENMORE',0,'2021-05-23 14:32:01',NULL),(2759,'KES','Kallat El Saker Air Company','KALLAT EL SKER',0,'2021-05-23 14:32:01',NULL),(2760,'KEY','Key Airlines','KEY AIR',0,'2021-05-23 14:32:01',NULL),(2761,'KFA','Kelowna Flightcraft Air Charter','FLIGHTCRAFT',0,'2021-05-23 14:32:01',NULL),(2762,'KFC','Kremenchuk Flight College','KREMENCHUK',0,'2021-05-23 14:32:01',NULL),(2763,'KFK','Aero Charter Krifka','KRIFKA AIR',0,'2021-05-23 14:32:01',NULL),(2764,'KFR','Kingfisher Airlines','KINGFISHER',0,'2021-05-23 14:32:01',NULL),(2765,'KFS','Kalitta Charters','KALITTA',0,'2021-05-23 14:32:01',NULL),(2766,'KFT','Air Kraft Mir','AIR KRAFT MIR',0,'2021-05-23 14:32:01',NULL),(2767,'KGA','Kyrgyzstan Airlines','KYRGYZ',0,'2021-05-23 14:32:01',NULL),(2768,'KGB','Kyrgz General Aviation','KEMIN',0,'2021-05-23 14:32:01',NULL),(2769,'KGC','Peach Air','GOLDCREST',0,'2021-05-23 14:32:01',NULL),(2770,'KGD','Air Concorde','CONCORDE AIR',0,'2021-05-23 14:32:01',NULL),(2771,'KGL','Kogalymavia Air Company','KOGALYM',0,'2021-05-23 14:32:01',NULL),(2772,'KGO','Korongo Airlines','KORONGO',0,'2021-05-23 14:32:01',NULL),(2773,'KGT','Knights Airlines','KNIGHT-LINER',0,'2021-05-23 14:32:01',NULL),(2774,'KGZ','Kyrgyz Airlines','BERMET',0,'2021-05-23 14:32:01',NULL),(2775,'KHA','Kitty Hawk Aircargo','AIR KITTYHAWK',1,'2021-05-23 14:32:01',NULL),(2776,'KHB','Dalavia','DALAVIA',0,'2021-05-23 14:32:01',NULL),(2777,'KHC','Kitty Hawk Airways','CARGO HAWK',1,'2021-05-23 14:32:01',NULL),(2778,'KHE','Kanfey Ha\'emek Aviation','KANFEY HAEMEK',0,'2021-05-23 14:32:01',NULL),(2779,'KHH','Alexandria Airlines','',0,'2021-05-23 14:32:01',NULL),(2780,'KHK','Kharkiv Airlines','',0,'2021-05-23 14:32:01',NULL),(2781,'KHM','Cambodia Airlines','CAMBODIA AIRLINES',0,'2021-05-23 14:32:01',NULL),(2782,'KHO','Khors Aircompany','AIRCOMPANY KHORS',0,'2021-05-23 14:32:01',NULL),(2783,'KHP','Khoezestan Photros Air Lines','PHOTROS AIR',0,'2021-05-23 14:32:01',NULL),(2784,'KHR','Khazar','KHAZAR',0,'2021-05-23 14:32:01',NULL),(2785,'KHX','Knighthawk Express','RIZZ',0,'2021-05-23 14:32:01',NULL),(2786,'KHY','Khyber Afghan Airlines','KHYBER',0,'2021-05-23 14:32:01',NULL),(2787,'KIA','Kiwi International Air Lines','KIWI AIR',0,'2021-05-23 14:32:01',NULL),(2788,'KIE','Afit','TWEETY',0,'2021-05-23 14:32:01',NULL),(2789,'KIL','Kuban Airlines','AIR KUBAN',0,'2021-05-23 14:32:01',NULL),(2790,'KIN','Kinloss Flying Training Unit','KINLOSS',0,'2021-05-23 14:32:01',NULL),(2791,'KIP','Kinnarps','KINNARPS',0,'2021-05-23 14:32:01',NULL),(2792,'KIS','Contact Air','CONTACTAIR',0,'2021-05-23 14:32:01',NULL),(2793,'KIW','Royal New Zealand Air Force','KIWI',0,'2021-05-23 14:32:01',NULL),(2794,'KIZ','Kanaf-Arkia Airlines','',0,'2021-05-23 14:32:01',NULL),(2795,'KJC','Krasnojarsky Airlines','KRASNOJARSKY AIR',0,'2021-05-23 14:32:01',NULL),(2796,'KKA','Kazavia','KAKAIR',0,'2021-05-23 14:32:01',NULL),(2797,'KKB','Air South','KHAKI BLUE',0,'2021-05-23 14:32:01',NULL),(2798,'KKK','Atlasjet','ATLASJET',0,'2021-05-23 14:32:01',NULL),(2799,'KKS','Salem','KOKSHE',0,'2021-05-23 14:32:01',NULL),(2800,'KLA','Air Lithuania','KAUNAS',0,'2021-05-23 14:32:01',NULL),(2801,'KLB','Air Mali International','TRANS MALI',0,'2021-05-23 14:32:01',NULL),(2802,'KLC','KLM Cityhopper','CITY',0,'2021-05-23 14:32:01',NULL),(2803,'KLD','Air Klaipeda','AIR KLAIPEDA',0,'2021-05-23 14:32:01',NULL),(2804,'KLE','Rusaero','',0,'2021-05-23 14:32:01',NULL),(2805,'KLG','Karlog Air Charter','KARLOG',0,'2021-05-23 14:32:01',NULL),(2806,'KLH','KLM Helicopter','KLM HELI',0,'2021-05-23 14:32:01',NULL),(2807,'KLM','KLM Royal Dutch Airlines','KLM',0,'2021-05-23 14:32:01',NULL),(2808,'KLO','Flight-Ops International','KLONDIKE',0,'2021-05-23 14:32:01',NULL),(2809,'KLR','Columbus Air Transport','KAY-LER',0,'2021-05-23 14:32:01',NULL),(2810,'KLS','Kal Star Aviation','',0,'2021-05-23 14:32:01',NULL),(2811,'KLX','Kelix Air','KELIX',0,'2021-05-23 14:32:01',NULL),(2812,'KLZ','Aerokaluz','AEROKALUZ',0,'2021-05-23 14:32:01',NULL),(2813,'KMA','Komiaviatrans State Air Enterprise','KOMI AVIA',0,'2021-05-23 14:32:01',NULL),(2814,'KMB','Delta Engineering Aviation','KEMBLEJET',0,'2021-05-23 14:32:01',NULL),(2815,'KMC','Kahama Mining Corporation','KAHAMA',0,'2021-05-23 14:32:01',NULL),(2816,'KMF','Kam Air','KAMGAR',0,'2021-05-23 14:32:01',NULL),(2817,'KMG','Kosmas Air','KOSMAS CARGO',1,'2021-05-23 14:32:01',NULL),(2818,'KMI','K-Mile Air','KAY-MILE AIR',0,'2021-05-23 14:32:01',NULL),(2819,'KMP','Kampuchea Airlines','KAMPUCHEA',0,'2021-05-23 14:32:01',NULL),(2820,'KMR','Western Pacific Airlines','KOMSTAR',0,'2021-05-23 14:32:01',NULL),(2821,'KMV','Komiinteravia','KOMIINTER',0,'2021-05-23 14:32:01',NULL),(2822,'KNA','Knight Air','KNIGHTAIR',0,'2021-05-23 14:32:01',NULL),(2823,'KND','Kan Air','Kan Air',0,'2021-05-23 14:32:01',NULL),(2824,'KNE','Nas Air','NAS EXPRESS',0,'2021-05-23 14:32:01',NULL),(2825,'KNG','King Aviation','KING',0,'2021-05-23 14:32:01',NULL),(2826,'KNI','KD Avia','KALININGRAD AIR',0,'2021-05-23 14:32:01',NULL),(2827,'KNM','Komsomolsk-on-Amur Air Enterprise','KNAAPO',0,'2021-05-23 14:32:01',NULL),(2828,'KNS','Kinshasa Airways','KINSHASA AIRWAYS',0,'2021-05-23 14:32:01',NULL),(2829,'KNX','Knighthawk Air Express','KNIGHT FLIGHT',0,'2021-05-23 14:32:01',NULL),(2830,'KOA','Koanda Avacion','KOANDA',0,'2021-05-23 14:32:01',NULL),(2831,'KOB','Koob-Corp - 96 KFT','AUTOFLEX',0,'2021-05-23 14:32:01',NULL),(2832,'KOE','Northland Aviation','KOKEE',0,'2021-05-23 14:32:01',NULL),(2833,'KOK','Horizon Air Service','KOKO',0,'2021-05-23 14:32:01',NULL),(2834,'KOL','SOCHI AIR','SLOW FROG',0,'2021-05-23 14:32:01',NULL),(2835,'KOM','Kom Activity','COMJET',0,'2021-05-23 14:32:01',NULL),(2836,'KOP','Servicios Aereos Copters','COPTERS',0,'2021-05-23 14:32:01',NULL),(2837,'KOQ','Kostromskie avialinii','',0,'2021-05-23 14:32:01',NULL),(2838,'KOR','Air Koryo','AIR KORYO',0,'2021-05-23 14:32:01',NULL),(2839,'KOS','Kosova Airlines','KOSOVA',0,'2021-05-23 14:32:01',NULL),(2840,'KOV','Orlan-2000','ORLAN',0,'2021-05-23 14:32:01',NULL),(2841,'KOY','Araiavia','ALEKS',0,'2021-05-23 14:32:01',NULL),(2842,'KPA','Kunpeng Airlines','KUNPENG',0,'2021-05-23 14:32:01',NULL),(2843,'KPH','Kazan Helicopters','KAMA',0,'2021-05-23 14:32:01',NULL),(2844,'KQA','Kenya Airways','KENYA',0,'2021-05-23 14:32:01',NULL),(2845,'KRA','Transcontinental Airlines','REGATA',0,'2021-05-23 14:32:01',NULL),(2846,'KRB','Karibu Airways Company','KARIBU AIR',0,'2021-05-23 14:32:01',NULL),(2847,'KRC','New Zealand Air Defence Force','KIWI RESCUE',0,'2021-05-23 14:32:01',NULL),(2848,'KRE','AeroSucre','AEROSUCRE',0,'2021-05-23 14:32:01',NULL),(2849,'KRF','United Kingdom Royal VIP Flights','KITTYHAWK',0,'2021-05-23 14:32:01',NULL),(2850,'KRG','Krimaviamontag','AVIAMONTAG',0,'2021-05-23 14:32:01',NULL),(2851,'KRH','United Kingdom Royal VIP Flight','SPARROWHAWK',0,'2021-05-23 14:32:01',NULL),(2852,'KRI','Krylo Airlines','Krylo',0,'2021-05-23 14:32:01',NULL),(2853,'KRM','Crimea Universal Avia','TRANS UNIVERSAL',0,'2021-05-23 14:32:01',NULL),(2854,'KRN','Kaz Agros Avia','ANTOL',0,'2021-05-23 14:32:01',NULL),(2855,'KRO','Kroonk Air Agency','KROONK',0,'2021-05-23 14:32:01',NULL),(2856,'KRP','Carpatair','CARPATAIR',0,'2021-05-23 14:32:01',NULL),(2857,'KRT','Air Kokshetau','KOKTA',0,'2021-05-23 14:32:01',NULL),(2858,'KRV','Khoriv-Avia','KHORIV-AVIA',0,'2021-05-23 14:32:01',NULL),(2859,'KRY','Russkie Krylya','',0,'2021-05-23 14:32:01',NULL),(2860,'KSA','K S Avia','SKY CAMEL',0,'2021-05-23 14:32:01',NULL),(2861,'KSI','Air Kissari','KISSARI',0,'2021-05-23 14:32:01',NULL),(2862,'KSM','Kosmos','KOSMOS',0,'2021-05-23 14:32:01',NULL),(2863,'KSP','Servicios Aereos Expecializados En Transportes Petroleros','SAEP',0,'2021-05-23 14:32:01',NULL),(2864,'KSS','Raytheon Travel Air','KANSAS',0,'2021-05-23 14:32:01',NULL),(2865,'KST','PTL Luftfahrtunternehemen','KING STAR',0,'2021-05-23 14:32:01',NULL),(2866,'KSU','Kansas State University','K-STATE',0,'2021-05-23 14:32:01',NULL),(2867,'KSY','KSY','KSY',0,'2021-05-23 14:32:01',NULL),(2868,'KSZ','Sunrise Airways','',0,'2021-05-23 14:32:01',NULL),(2869,'KTA','Kirov Air Enterprise','VYATKA-AVIA',0,'2021-05-23 14:32:01',NULL),(2870,'KTB','Transaviabaltika','TRANSBALTIKA',0,'2021-05-23 14:32:01',NULL),(2871,'KTC','Kyrgyz Trans Avia','DINARA',0,'2021-05-23 14:32:01',NULL),(2872,'KTK','Katekavia','KATEKAVIA',0,'2021-05-23 14:32:01',NULL),(2873,'KTL','P & P Floss Pick Manufacturers','KNOTTSBERRY',0,'2021-05-23 14:32:01',NULL),(2874,'KTN','Aeronavigaciya','AERONAVIGACIYA',0,'2021-05-23 14:32:01',NULL),(2875,'KTR','HT Helikoptertransport','COPTER TRANS',0,'2021-05-23 14:32:01',NULL),(2876,'KTS','Transair-Gyraintiee','KOTAIR',0,'2021-05-23 14:32:01',NULL),(2877,'KTV','Kata Transportation','KATAVIA',0,'2021-05-23 14:32:01',NULL),(2878,'KUH','Kush Air','',0,'2021-05-23 14:32:01',NULL),(2879,'KUS','National Airlines','KUSWAG',0,'2021-05-23 14:32:01',NULL),(2880,'KVK','Olimp Air','PONTA',0,'2021-05-23 14:32:01',NULL),(2881,'KVR','Alliance Avia','KAVAIR',0,'2021-05-23 14:32:01',NULL),(2882,'KVS','Kevis','KEVIS',0,'2021-05-23 14:32:01',NULL),(2883,'KW1','Wataniya Airways','',0,'2021-05-23 14:32:01',NULL),(2884,'KWA','Vozdushnaya Academy','VOZAIR',0,'2021-05-23 14:32:01',NULL),(2885,'KWN','Kwena Air','KWENA',0,'2021-05-23 14:32:01',NULL),(2886,'KWY','Key Air','KeyAir',0,'2021-05-23 14:32:01',NULL),(2887,'KYA','Alghanim','',0,'2021-05-23 14:32:01',NULL),(2888,'KYB','Skybridge Airops','SKY AIROPS',0,'2021-05-23 14:32:01',NULL),(2889,'KYC','Av Atlantic','DOLPHIN',0,'2021-05-23 14:32:01',NULL),(2890,'KYM','Krym','CRIMEA AIR',0,'2021-05-23 14:32:01',NULL),(2891,'KYR','Sky Aeronautical Services','SKY AERONAUTICAL',0,'2021-05-23 14:32:01',NULL),(2892,'KYV','Kibris T','AIRKIBRIS',0,'2021-05-23 14:32:01',NULL),(2893,'KZA','Kurzemes Avio','',0,'2021-05-23 14:32:01',NULL),(2894,'KZE','Euro-Asia Air International','KAZEUR',0,'2021-05-23 14:32:01',NULL),(2895,'KZH','Zhez Air','',0,'2021-05-23 14:32:01',NULL),(2896,'KZK','Air Kazakhstan','Kazakh',0,'2021-05-23 14:32:01',NULL),(2897,'KZM','Phoebus Apolloa Zambia','CARZAM',0,'2021-05-23 14:32:01',NULL),(2898,'KZR','Air Astana','ASTANALINE',0,'2021-05-23 14:32:01',NULL),(2899,'KZS','Kazaviaspas','SPAKAZ',0,'2021-05-23 14:32:01',NULL),(2900,'KZU','Kuzu Airlines Cargo','KUZU CARGO',1,'2021-05-23 14:32:01',NULL),(2901,'KZW','Khalifa Airways','KHALIFA AIR',0,'2021-05-23 14:32:01',NULL),(2902,'LAA','Libyan Arab Airlines','LIBAIR',0,'2021-05-23 14:32:01',NULL),(2903,'LAB','L.A.B. Flying Service','LAB',0,'2021-05-23 14:32:01',NULL),(2904,'LAC','Lockeed Aircraft Corporation','LOCKHEED',0,'2021-05-23 14:32:01',NULL),(2905,'LAD','Lebanon Airport Development Corporation','LADCO-AIR',0,'2021-05-23 14:32:01',NULL),(2906,'LAF','Latvian Air Force','LATVIAN AIRFORCE',0,'2021-05-23 14:32:01',NULL),(2907,'LAG','Aerovias De Lagos','AEROLAGOS',0,'2021-05-23 14:32:01',NULL),(2908,'LAH','L A Helicopter','STAR SHIP',0,'2021-05-23 14:32:01',NULL),(2909,'LAJ','British Mediterranean Airways','BEE MED',0,'2021-05-23 14:32:01',NULL),(2910,'LAL','Labrador Airways','LAB AIR',0,'2021-05-23 14:32:01',NULL),(2911,'LAM','Linhas A','MOZAMBIQUE',0,'2021-05-23 14:32:01',NULL),(2912,'LAN','LAN Airlines','LAN',0,'2021-05-23 14:32:01',NULL),(2913,'LAO','Lao Airlines','LAO',0,'2021-05-23 14:32:01',NULL),(2914,'LAP','TAM Mercosur','PARAGUAYA',0,'2021-05-23 14:32:01',NULL),(2915,'LAQ','Lebanese Air Transport','LAT',0,'2021-05-23 14:32:01',NULL),(2916,'LAR','Lawrence Aviation','LAWRENCE',0,'2021-05-23 14:32:01',NULL),(2917,'LAT','Lebanese Air Transport (Charter)','LEBANESE AIR',0,'2021-05-23 14:32:01',NULL),(2918,'LAU','L','SURAMERICANO',0,'2021-05-23 14:32:01',NULL),(2919,'LAV','AlbaStar','',0,'2021-05-23 14:32:01',NULL),(2920,'LAW','Link Airways of Australia','',0,'2021-05-23 14:32:01',NULL),(2921,'LAY','Layang-Layang Aerospace','LAYANG',0,'2021-05-23 14:32:01',NULL),(2922,'LBC','Albanian Airlines','ALBANIAN',0,'2021-05-23 14:32:01',NULL),(2923,'LBH','Laker Airways (Bahamas)','LAKER BAHAMAS',0,'2021-05-23 14:32:01',NULL),(2924,'LBI','Albisa','ALBISA',0,'2021-05-23 14:32:01',NULL),(2925,'LBL','Line Blue','Bluebird',0,'2021-05-23 14:32:01',NULL),(2926,'LBQ','Quest Diagnostics','LABQUEST',0,'2021-05-23 14:32:01',NULL),(2927,'LBR','Elbe Air Transport','MOTION',0,'2021-05-23 14:32:01',NULL),(2928,'LBT','Nouvel Air Tunisie','NOUVELAIR',0,'2021-05-23 14:32:01',NULL),(2929,'LBW','Albatros Airways','ALBANWAYS',0,'2021-05-23 14:32:01',NULL),(2930,'LBY','Belle Air','ALBAN-BELLE',0,'2021-05-23 14:32:01',NULL),(2931,'LCA','Leconte Airlines','LECONTE',0,'2021-05-23 14:32:01',NULL),(2932,'LCB','LC Busre','BUSRE',0,'2021-05-23 14:32:01',NULL),(2933,'LCC','The Lancair Company','LANCAIR',0,'2021-05-23 14:32:01',NULL),(2934,'LCD','Lineas Aereas Azteca','LINEAS AZTECA',0,'2021-05-23 14:32:01',NULL),(2935,'LCG','Lignes Aeriennes Congolaises','CONGOLAISE',0,'2021-05-23 14:32:01',NULL),(2936,'LCH','Lynch Flying Service','LYNCH AIR',0,'2021-05-23 14:32:01',NULL),(2937,'LCM','Lineas Aereas Comerciales','LINEAS COMERCIALES',0,'2021-05-23 14:32:01',NULL),(2938,'LCN','Lineas Aereas Canedo LAC','CANEDO',0,'2021-05-23 14:32:01',NULL),(2939,'LCO','LAN Cargo','LAN CARGO',1,'2021-05-23 14:32:01',NULL),(2940,'LCR','Libyan Arab Air Cargo','LIBAC',1,'2021-05-23 14:32:01',NULL),(2941,'LCS','RAF Leuchars','LEUCHARS',0,'2021-05-23 14:32:01',NULL),(2942,'LCT','Compania De Actividades Y Servicios De Aviacion','STELLAIR',0,'2021-05-23 14:32:01',NULL),(2943,'LCY','London City Airport Jet Centre','LONDON CITY',0,'2021-05-23 14:32:01',NULL),(2944,'LDA','Lauda Air','LAUDA AIR',0,'2021-05-23 14:32:01',NULL),(2945,'LDE','LADE - Lineas Aereas Del Estado','LADE',0,'2021-05-23 14:32:01',NULL),(2946,'LDG','Aerolineas Aereas Ejecutivas De Durango','DURANGO',0,'2021-05-23 14:32:01',NULL),(2947,'LDI','Lauda Air Italy','LAUDA ITALY',0,'2021-05-23 14:32:01',NULL),(2948,'LDL','Aerologic','',1,'2021-05-23 14:32:01',NULL),(2949,'LDN','Al-Donas Airlines','ALDONAS AIR',0,'2021-05-23 14:32:01',NULL),(2950,'LDR','Aero Lider','AEROLIDER',0,'2021-05-23 14:32:01',NULL),(2951,'LEA','Unijet','LEADAIR',0,'2021-05-23 14:32:01',NULL),(2952,'LEC','Linex','LECA',0,'2021-05-23 14:32:01',NULL),(2953,'LED','Blom Geomatics','SWEEPER',0,'2021-05-23 14:32:01',NULL),(2954,'LEE','Leeming Flying Training Unit','JAVELIN',0,'2021-05-23 14:32:01',NULL),(2955,'LEG','The Army Aviation Heritage Foundation','LEGACY',0,'2021-05-23 14:32:01',NULL),(2956,'LEJ','FSH Luftfahrtunternehmen','LEIPZIG FAIR',0,'2021-05-23 14:32:01',NULL),(2957,'LEL','Leonsa De Aviacion','LEONAVIA',0,'2021-05-23 14:32:01',NULL),(2958,'LEM','Aleem','',0,'2021-05-23 14:32:01',NULL),(2959,'LEN','Lentini Aviation','LENTINI',0,'2021-05-23 14:32:01',NULL),(2960,'LEP','Laughlin Express','LAUGHLIN EXPRESS',0,'2021-05-23 14:32:01',NULL),(2961,'LER','Linea Aerea de Servicio Ejecutivo Regional','LASER',0,'2021-05-23 14:32:01',NULL),(2962,'LET','Aerolineas Ejecutivas','MEXEJECUTIV',0,'2021-05-23 14:32:01',NULL),(2963,'LEU','Lions-Air','LIONSAIR',0,'2021-05-23 14:32:01',NULL),(2964,'LEX','L\'Express','LEX',0,'2021-05-23 14:32:01',NULL),(2965,'LFA','Air Alfa','',0,'2021-05-23 14:32:01',NULL),(2966,'LFC','Aero Control Air','LIFE FLIGHT CANADA',0,'2021-05-23 14:32:01',NULL),(2967,'LFE','Luxflight Executive','LUX EXPRESS',0,'2021-05-23 14:32:01',NULL),(2968,'LFI','National Airways Corporation','AEROMED',0,'2021-05-23 14:32:01',NULL),(2969,'LFL','Executive Air','LIFE FLIGHT',0,'2021-05-23 14:32:01',NULL),(2970,'LFO','Deutsches Zentrum fur Luft-und Raumfahrt EV','LUFO',0,'2021-05-23 14:32:01',NULL),(2971,'LFP','Alfa Aerospace','ALFA-SPACE',0,'2021-05-23 14:32:01',NULL),(2972,'LFR','Atlantic Airfreight Aviation','LANFREIGHT',0,'2021-05-23 14:32:01',NULL),(2973,'LFT','Aerolift Company','LIFTCO',0,'2021-05-23 14:32:01',NULL),(2974,'LGD','Legend Airlines','LEGENDARY',0,'2021-05-23 14:32:01',NULL),(2975,'LGL','Luxair','LUXAIR',0,'2021-05-23 14:32:01',NULL),(2976,'LGN','Aerolaguna','AEROLAGUNA',0,'2021-05-23 14:32:01',NULL),(2977,'LGT','Longtail Aviation','LONGTAIL',0,'2021-05-23 14:32:01',NULL),(2978,'LGU','Servicios Aereos Ejecutivos De La Laguna','LAGUNA',0,'2021-05-23 14:32:01',NULL),(2979,'LGW','Luftfahrtgesellschaft Walter','WALTER',0,'2021-05-23 14:32:01',NULL),(2980,'LHC','London Helicopter Centres','MUSTANG',0,'2021-05-23 14:32:01',NULL),(2981,'LHN','Express One International','LONGHORN',0,'2021-05-23 14:32:01',NULL),(2982,'LHR','Al Ahram Aviation','AL AHRAM',0,'2021-05-23 14:32:01',NULL),(2983,'LHS','Luhansk','ENTERPRISE LUHANSK',0,'2021-05-23 14:32:01',NULL),(2984,'LHT','Lufthansa Technik','LUFTHANSA TECHNIK',0,'2021-05-23 14:32:01',NULL),(2985,'LIA','Leeward Islands Air Transport','LIAT',0,'2021-05-23 14:32:01',NULL),(2986,'LIB','Ploizeihubschrauberstaffel Hamburg','LIBELLE',0,'2021-05-23 14:32:01',NULL),(2987,'LID','Alidaunia','ALIDA',0,'2021-05-23 14:32:01',NULL),(2988,'LIE','Al-Dawood Air','AL-DAWOOD AIR',0,'2021-05-23 14:32:01',NULL),(2989,'LIF','Rocky Mountain Holdings','LIFECARE',0,'2021-05-23 14:32:01',NULL),(2990,'LIJ','Lineas Aereas San Jose','LINEAS JOSE',0,'2021-05-23 14:32:01',NULL),(2991,'LIL','FlyLal','LITHUANIA AIR',0,'2021-05-23 14:32:01',NULL),(2992,'LIO','LO Flugmennt','',0,'2021-05-23 14:32:01',NULL),(2993,'LIQ','Lid Air','',0,'2021-05-23 14:32:01',NULL),(2994,'LIR','Minsk Aircraft Overhaul Plant','LISLINE',0,'2021-05-23 14:32:01',NULL),(2995,'LIS','Eastern Express','LARISA',0,'2021-05-23 14:32:01',NULL),(2996,'LIV','Air Livonia','LIVONIA',0,'2021-05-23 14:32:01',NULL),(2997,'LIX','LionXpress','LIX',0,'2021-05-23 14:32:01',NULL),(2998,'LJA','Air Jamahiriya Company','AIR JAMAHIRIYA',0,'2021-05-23 14:32:01',NULL),(2999,'LJJ','Luchsh Airlines ','russian sky',0,'2021-05-23 14:32:01',NULL),(3000,'LJY','L J Aviation','ELJAY',0,'2021-05-23 14:32:01',NULL),(3001,'LKA','Lao Capricorn Air','NAKLOA',0,'2021-05-23 14:32:01',NULL),(3002,'LKD','Lignes Aeriennes Du Tchad','LATCHAD',0,'2021-05-23 14:32:01',NULL),(3003,'LKE','Lucky Air','LUCKY AIR',0,'2021-05-23 14:32:01',NULL),(3004,'LKL','Lakeland Aviation','LAKELAND',0,'2021-05-23 14:32:01',NULL),(3005,'LKN','Lankair','Lankair',0,'2021-05-23 14:32:01',NULL),(3006,'LKP','American Aviation','LAKE POWELL',0,'2021-05-23 14:32:01',NULL),(3007,'LKR','Laker Airways','LAKER',0,'2021-05-23 14:32:01',NULL),(3008,'LKS','Airlink Solutions','AIRLIN',0,'2021-05-23 14:32:01',NULL),(3009,'LKW','Top Sky International','TOPINTER',0,'2021-05-23 14:32:01',NULL),(3010,'LKY','Air Solutions','LUCKY',0,'2021-05-23 14:32:01',NULL),(3011,'LLA','Servico Leo Lopex','LEO LOPOZ',0,'2021-05-23 14:32:01',NULL),(3012,'LLB','Lloyd Aereo Boliviano','LLOYDAEREO',0,'2021-05-23 14:32:01',NULL),(3013,'LLC','Small Planet','',0,'2021-05-23 14:32:01',NULL),(3014,'LLL','Lao Air Company','LAVIE',0,'2021-05-23 14:32:01',NULL),(3015,'LLM','Yamal Airlines','YAMAL',0,'2021-05-23 14:32:01',NULL),(3016,'LLO','Operation Enduring Freedom','APOLLO',0,'2021-05-23 14:32:01',NULL),(3017,'LLP','Small Planet Poland','',0,'2021-05-23 14:32:01',NULL),(3018,'LLR','Alliance Air','ALLIED',0,'2021-05-23 14:32:01',NULL),(3019,'LLS','Servicios Aereos Estrella','SERVIESTRELLA',0,'2021-05-23 14:32:01',NULL),(3020,'LMA','Aerolima','AEROLIMA',0,'2021-05-23 14:32:01',NULL),(3021,'LMC','Linea Aerea Mexicana de Carga','LINEAS DECARGA',0,'2021-05-23 14:32:01',NULL),(3022,'LME','Lignes Mauritaniennes Air Express','LIMAIR EXPRESS',0,'2021-05-23 14:32:01',NULL),(3023,'LMG','South African Air Force','SOUTH AFRICAN',0,'2021-05-23 14:32:01',NULL),(3024,'LMJ','Masterjet','MASTERJET',0,'2021-05-23 14:32:01',NULL),(3025,'LMK','Grantex Aviation','LANDMARK',0,'2021-05-23 14:32:01',NULL),(3026,'LML','Alamia Air','ALAMIA AIR',0,'2021-05-23 14:32:01',NULL),(3027,'LMM','LCM AIRLINES','',0,'2021-05-23 14:32:01',NULL),(3028,'LMN','Lineas Aereas Monarca','LINEAS MONARCA',0,'2021-05-23 14:32:01',NULL),(3029,'LMO','Sky Limo Corporation','SKY LIMO',0,'2021-05-23 14:32:01',NULL),(3030,'LMP','Air Plus Argentina','AIR FLIGHT',0,'2021-05-23 14:32:01',NULL),(3031,'LMR','Lamra','LAMAIR',0,'2021-05-23 14:32:01',NULL),(3032,'LMS','Lomas Helicopters','LOMAS',0,'2021-05-23 14:32:01',NULL),(3033,'LMT','Almaty Aviation','ALMATY',0,'2021-05-23 14:32:01',NULL),(3034,'LMU','AlMasria Universal Airlines','ALMASRIA',0,'2021-05-23 14:32:01',NULL),(3035,'LMX','Aerolineas Mexicanas J S','LINEAS MEXICANAS',0,'2021-05-23 14:32:01',NULL),(3036,'LMY','Air Almaty','AGLEB',0,'2021-05-23 14:32:01',NULL),(3037,'LMZ','Air Almaty ZK','ALUNK',0,'2021-05-23 14:32:01',NULL),(3038,'LNA','Lnair Air Services','ELNAIR',0,'2021-05-23 14:32:01',NULL),(3039,'LNC','LAN Dominica','LANCANA',0,'2021-05-23 14:32:01',NULL),(3040,'LNE','Aerolane','LAN ECUADOR',0,'2021-05-23 14:32:01',NULL),(3041,'LNG','Lockheed Martin Aeronautics Company','LIGHTNING',0,'2021-05-23 14:32:01',NULL),(3042,'LNI','Lion Mentari Airlines','LION INTER',0,'2021-05-23 14:32:01',NULL),(3043,'LNK','Airlink','LINK',0,'2021-05-23 14:32:01',NULL),(3044,'LNP','Linea Aerea SAPSA','SAPSA',0,'2021-05-23 14:32:01',NULL),(3045,'LNT','Aerolineas Internacionales','LINEAINT',0,'2021-05-23 14:32:01',NULL),(3046,'LNX','London Executive Aviation','LONEX',0,'2021-05-23 14:32:01',NULL),(3047,'LOC','Locair','LOCAIR',0,'2021-05-23 14:32:01',NULL),(3048,'LOD','Malmoe Air Taxi','LOGIC',0,'2021-05-23 14:32:01',NULL),(3049,'LOF','Trans States Airlines','WATERSKI',0,'2021-05-23 14:32:01',NULL),(3050,'LOG','Logan Air','LOGAN',0,'2021-05-23 14:32:01',NULL),(3051,'LOK','Alok Air','ALOK AIR',0,'2021-05-23 14:32:01',NULL),(3052,'LOO','LSM Airlines','slowbird',0,'2021-05-23 14:32:01',NULL),(3053,'LOP','Linton-on-Ouse Flying Training Unit','LINTON ON OUSE',0,'2021-05-23 14:32:01',NULL),(3054,'LOR','Leo-Air','LEO CHARTER',0,'2021-05-23 14:32:01',NULL),(3055,'LOS','Lossiemouth Flying Training Unit','LOSSIE',0,'2021-05-23 14:32:01',NULL),(3056,'LOT','LOT Polish Airlines','POLLOT',0,'2021-05-23 14:32:01',NULL),(3057,'LOU','Air Saint Louis','AIR SAINTLOUIS',0,'2021-05-23 14:32:01',NULL),(3058,'LOV','London Flight Centre (Stansted)','LOVEAIR',0,'2021-05-23 14:32:01',NULL),(3059,'LPA','Pal Aerolineas','LINEASPAL',0,'2021-05-23 14:32:01',NULL),(3060,'LPC','Alpine Aviation','NETSTAR',0,'2021-05-23 14:32:01',NULL),(3061,'LPD','UK Royal/HRH Duke of York','LEOPARD',0,'2021-05-23 14:32:01',NULL),(3062,'LPE','LAN Peru','LANPERU',0,'2021-05-23 14:32:01',NULL),(3063,'LPL','Lease-a-Plane International','LEASE-A-PLANE',0,'2021-05-23 14:32:01',NULL),(3064,'LPN','Laoag International Airlines','LAOAG AIR',0,'2021-05-23 14:32:01',NULL),(3065,'LPR','L','LAPA',0,'2021-05-23 14:32:01',NULL),(3066,'LPV','Air Alps Aviation','ALPAV',0,'2021-05-23 14:32:01',NULL),(3067,'LRA','Little Red Air Service','LITTLE RED',0,'2021-05-23 14:32:01',NULL),(3068,'LRB','L R Airlines','LADY RACINE',0,'2021-05-23 14:32:01',NULL),(3069,'LRC','LACSA','LACSA',0,'2021-05-23 14:32:01',NULL),(3070,'LRD','Laredo Air','LAREDO AIR',0,'2021-05-23 14:32:01',NULL),(3071,'LRO','Alrosa-Avia','ALROSA',0,'2021-05-23 14:32:01',NULL),(3072,'LRR','Lorraine Aviation','LORRAINE',0,'2021-05-23 14:32:01',NULL),(3073,'LRS','SANSA','',0,'2021-05-23 14:32:01',NULL),(3074,'LRT','Lincoln Airlines','',0,'2021-05-23 14:32:01',NULL),(3075,'LRW','Al Rida Airways','AL RIDA',0,'2021-05-23 14:32:01',NULL),(3076,'LSA','LANSA','INTERNACIONAL',0,'2021-05-23 14:32:01',NULL),(3077,'LSC','Los Cedros Aviacion','CEDROS',0,'2021-05-23 14:32:01',NULL),(3078,'LSE','Linea De Aeroservicios','',0,'2021-05-23 14:32:01',NULL),(3079,'LSK','Aurela','AURELA',0,'2021-05-23 14:32:01',NULL),(3080,'LSM','Aerobusinessservice','',0,'2021-05-23 14:32:01',NULL),(3081,'LSP','Spectrum Aviation Incorporated','AIR TONY',0,'2021-05-23 14:32:01',NULL),(3082,'LSR','Alsair','ALSAIR',0,'2021-05-23 14:32:01',NULL),(3083,'LSS','Lone Star Airlines','LONE STAR',0,'2021-05-23 14:32:01',NULL),(3084,'LSU','Laus','LAUS AIR',0,'2021-05-23 14:32:01',NULL),(3085,'LSY','Lindsay Aviation','LINDSAY AIR',0,'2021-05-23 14:32:01',NULL),(3086,'LTA','Trans Atlantis','LANTRA',0,'2021-05-23 14:32:01',NULL),(3087,'LTC','LatCharter','LATCHARTER',0,'2021-05-23 14:32:01',NULL),(3088,'LTD','Southern Airways Express','LIGHTSPEED',0,'2021-05-23 14:32:01',NULL),(3089,'LTE','LTE International Airways','FUN JET',0,'2021-05-23 14:32:01',NULL),(3090,'LTF','Lufttaxi Fluggesellschaft','Garfield',0,'2021-05-23 14:32:01',NULL),(3091,'LTI','Aerotaxis Latinoamericanos','LATINO',0,'2021-05-23 14:32:01',NULL),(3092,'LTL','Benin Littoral Airways','LITTORAL',0,'2021-05-23 14:32:01',NULL),(3093,'LTO','LTU Austria','BILLA TRANSPORT',0,'2021-05-23 14:32:01',NULL),(3094,'LTR','Lufttransport','LUFT TRANSPORT',0,'2021-05-23 14:32:01',NULL),(3095,'LTS','Flight Inspections and Systems','SPECAIR',0,'2021-05-23 14:32:01',NULL),(3096,'LTU','LTU International','LTU',0,'2021-05-23 14:32:01',NULL),(3097,'LTU','Air Lituanica','LITUANICA',0,'2021-05-23 14:32:01',NULL),(3098,'LTW','Luchtvaartmaatschappij Twente','TWENTAIR',0,'2021-05-23 14:32:01',NULL),(3099,'LTY','Liberty Airways','',0,'2021-05-23 14:32:01',NULL),(3100,'LUC','Alninati Aeronautics','STEF',0,'2021-05-23 14:32:01',NULL),(3101,'LUK','LUKoil-Avia','LUKOIL',0,'2021-05-23 14:32:01',NULL),(3102,'LUR','Atlantis European Airways','',0,'2021-05-23 14:32:01',NULL),(3103,'LUT','Luft Carago','LUGO',0,'2021-05-23 14:32:01',NULL),(3104,'LUV','Luxembourg Air Rescue','LUX RESCUE',0,'2021-05-23 14:32:01',NULL),(3105,'LUZ','Luzair','LISBON JET',0,'2021-05-23 14:32:01',NULL),(3106,'LVB','IRS Airlines','SILVERBIRD',0,'2021-05-23 14:32:01',NULL),(3107,'LVD','Luftfahrt-Vermietungs-Dienst','AIR SANTE',0,'2021-05-23 14:32:01',NULL),(3108,'LVG','Livingston','LIVINGSTON',0,'2021-05-23 14:32:01',NULL),(3109,'LVN','Aliven','ALIVEN',0,'2021-05-23 14:32:01',NULL),(3110,'LVR','Aviavilsa','AVIAVILSA',0,'2021-05-23 14:32:01',NULL),(3111,'LVT','La Valenciana Taxi Aereo','TAXIVALENCIANA',0,'2021-05-23 14:32:01',NULL),(3112,'LWD','Leisure Air','LEISURE WORLD',0,'2021-05-23 14:32:01',NULL),(3113,'LXA','Luxaviation','RED LION',0,'2021-05-23 14:32:01',NULL),(3114,'LXF','Lynx Air International','LYNX FLIGHT',0,'2021-05-23 14:32:01',NULL),(3115,'LXG','Air Luxor GB','LUXOR GOLF',0,'2021-05-23 14:32:01',NULL),(3116,'LXJ','Bombardier Business Jet Solutions','FLEXJET',0,'2021-05-23 14:32:01',NULL),(3117,'LXO','Luxor Air','',0,'2021-05-23 14:32:01',NULL),(3118,'LXP','LAN Express','LANEX',0,'2021-05-23 14:32:01',NULL),(3119,'LXR','Air Luxor','AIRLUXOR',0,'2021-05-23 14:32:01',NULL),(3120,'LYC','Lynden Air Cargo','LYNDEN',1,'2021-05-23 14:32:01',NULL),(3121,'LYD','Lydd Air','LYDDAIR',0,'2021-05-23 14:32:01',NULL),(3122,'LYF','Lithuanian Air Force','LITHUANIAN AIRFORCE',0,'2021-05-23 14:32:01',NULL),(3123,'LYM','Key Lime Air','KEY LIME',0,'2021-05-23 14:32:01',NULL),(3124,'LYN','Kyrgyzstan','ALTYN AVIA',0,'2021-05-23 14:32:01',NULL),(3125,'LYT','Apatas Air','APATAS',0,'2021-05-23 14:32:01',NULL),(3126,'LYW','Libyan Airlines','LIBYAN AIRWAYS',0,'2021-05-23 14:32:01',NULL),(3127,'LYX','Lynx Aviation','LYNX AIR',0,'2021-05-23 14:32:01',NULL),(3128,'LZA','Lanza Air','AEROLANZA',0,'2021-05-23 14:32:01',NULL),(3129,'LZB','Bulgaria Air','FLYING BULGARIA',0,'2021-05-23 14:32:01',NULL),(3130,'LZP','Air Ban','DOC AIR',0,'2021-05-23 14:32:01',NULL),(3131,'LZR','Air Lazur','LAZUR BEE-GEE',0,'2021-05-23 14:32:01',NULL),(3132,'LZT','Lanzarote Aerocargo','BARAKA',1,'2021-05-23 14:32:01',NULL),(3133,'M1F','Maryland Air','Maryland Flight',0,'2021-05-23 14:32:01',NULL),(3134,'M7A','All America AR','',0,'2021-05-23 14:32:01',NULL),(3135,'MAA','MasAir','MAS CARGA',0,'2021-05-23 14:32:01',NULL),(3136,'MAB','Millardair','MILLARDAIR',0,'2021-05-23 14:32:01',NULL),(3137,'MAC','Malta Air Charter','MALTA CHARTER',0,'2021-05-23 14:32:01',NULL),(3138,'MAD','Maple Air Services','MAPLE AIR',0,'2021-05-23 14:32:01',NULL),(3139,'MAE','Mali Air','MALI AIREXPRESS',0,'2021-05-23 14:32:01',NULL),(3140,'MAF','Mission Aviation Fellowship','MISSI',0,'2021-05-23 14:32:01',NULL),(3141,'MAH','Malv','MALEV',0,'2021-05-23 14:32:01',NULL),(3142,'MAI','Max Avia','MAX AVIA',0,'2021-05-23 14:32:01',NULL),(3143,'MAI','Mauritania Airlines International','',0,'2021-05-23 14:32:01',NULL),(3144,'MAJ','Majestic Airlines','MAGIC AIR',0,'2021-05-23 14:32:01',NULL),(3145,'MAK','MAT Macedonian Airlines','MAKAVIO',0,'2021-05-23 14:32:01',NULL),(3146,'MAL','Morningstar Air Express','MORNINGSTAR',0,'2021-05-23 14:32:01',NULL),(3147,'MAM','Aerodromo De La Mancha','AEROMAN',0,'2021-05-23 14:32:01',NULL),(3148,'MAN','Mannion Air Charter','MANNION',0,'2021-05-23 14:32:01',NULL),(3149,'MAQ','Mac Aviation','MAC AVIATION',0,'2021-05-23 14:32:01',NULL),(3150,'MAR','March Helicopters','MARCH',0,'2021-05-23 14:32:01',NULL),(3151,'MAS','Malaysia Airlines','MALAYSIAN',0,'2021-05-23 14:32:01',NULL),(3152,'MAT','Maine Aviation','MAINE-AV',0,'2021-05-23 14:32:01',NULL),(3153,'MAU','Air Mauritius','AIRMAURITIUS',0,'2021-05-23 14:32:01',NULL),(3154,'MAV','Maldivo Airlines','Maldivo',0,'2021-05-23 14:32:01',NULL),(3155,'MAW','Mustique Airways','MUSTIQUE',0,'2021-05-23 14:32:01',NULL),(3156,'MAX','Max-Aviation','MAX AVIATION',0,'2021-05-23 14:32:01',NULL),(3157,'MAZ','Mines Air Services Zambia','MINES',0,'2021-05-23 14:32:01',NULL),(3158,'MBA','Avag Air','AVAG AIR',0,'2021-05-23 14:32:01',NULL),(3159,'MBB','Air Manas','AIR MANAS',0,'2021-05-23 14:32:01',NULL),(3160,'MBC','Airjet Exploracao Aerea De Carga','MABECO',0,'2021-05-23 14:32:01',NULL),(3161,'MBE','Martin-Baker','MARTIN',0,'2021-05-23 14:32:01',NULL),(3162,'MBI','Mountain Bird','MOUNTAIN BIRD',0,'2021-05-23 14:32:01',NULL),(3163,'MBL','First City Air','FIRST CITY',0,'2021-05-23 14:32:01',NULL),(3164,'MBN','Zambian Airways','ZAMBIANA',0,'2021-05-23 14:32:01',NULL),(3165,'MBO','Mobil Oil','MOBIL',0,'2021-05-23 14:32:01',NULL),(3166,'MBR','Brazilian Navy Aviation','BRAZILIAN NAVY',0,'2021-05-23 14:32:01',NULL),(3167,'MBS','Mbach Air','MBACHI AIR',0,'2021-05-23 14:32:01',NULL),(3168,'MBV','Aeriantur-M','AEREM',0,'2021-05-23 14:32:01',NULL),(3169,'MCA','MCA Airlines','CALSON',0,'2021-05-23 14:32:01',NULL),(3170,'MCB','Air Mercia','WESTMID',0,'2021-05-23 14:32:01',NULL),(3171,'MCC','MCC Aviation','DISCOVERY',0,'2021-05-23 14:32:01',NULL),(3172,'MCD','Air Medical','AIR MED',0,'2021-05-23 14:32:01',NULL),(3173,'MCE','Marshall Aerospace','MARSHALL',0,'2021-05-23 14:32:01',NULL),(3174,'MCF','MAC Fotografica','MAC FOTO',0,'2021-05-23 14:32:01',NULL),(3175,'MCG','SOS Helikoptern Gotland','MEDICOPTER',0,'2021-05-23 14:32:01',NULL),(3176,'MCH','McAlpine Helicopters','MACLINE',0,'2021-05-23 14:32:01',NULL),(3177,'MCK','Macair Airlines','',0,'2021-05-23 14:32:01',NULL),(3178,'MCL','Medical Aviation Services','MEDIC',0,'2021-05-23 14:32:01',NULL),(3179,'MCM','Heli-Air-Monaco','HELI AIR',0,'2021-05-23 14:32:01',NULL),(3180,'MCN','Mac Dan Aviation Corporation','MAC DAN',0,'2021-05-23 14:32:01',NULL),(3181,'MCO','Aerolineas Marcos','MARCOS',0,'2021-05-23 14:32:01',NULL),(3182,'MCP','Marcopolo Airways','MARCOPOLO',0,'2021-05-23 14:32:01',NULL),(3183,'MCS','Macedonian Airlines','MACAIR',0,'2021-05-23 14:32:01',NULL),(3184,'MCT','Transportacion Aerea Del Mar De Cortes','TRANS CORTES',0,'2021-05-23 14:32:01',NULL),(3185,'MCV','MTC Aviacion','MTC AVIACION',0,'2021-05-23 14:32:01',NULL),(3186,'MCX','Cargo Express','MAURICARGO',1,'2021-05-23 14:32:01',NULL),(3187,'MCY','Ambulance Air Africa','MERCY',0,'2021-05-23 14:32:01',NULL),(3188,'MDA','Mandarin Airlines','Mandarin',0,'2021-05-23 14:32:01',NULL),(3189,'MDB','Monde Air Charters','MONDEAIR CARGO',1,'2021-05-23 14:32:01',NULL),(3190,'MDC','Atlantic Aero and Mid-Atlantic Freight','NIGHT SHIP',0,'2021-05-23 14:32:01',NULL),(3191,'MDE','Mauritanienne De Transport Aerien','MAURI-TRANS',0,'2021-05-23 14:32:01',NULL),(3192,'MDF','Mediterranean Air Freight','MED-FREIGHT',0,'2021-05-23 14:32:01',NULL),(3193,'MDG','Air Madagascar','AIR MADAGASCAR',0,'2021-05-23 14:32:01',NULL),(3194,'MDH','Madina Air','MADINA AIR',0,'2021-05-23 14:32:01',NULL),(3195,'MDJ','Jetran Air','JETRAN AIR',0,'2021-05-23 14:32:01',NULL),(3196,'MDL','Mandala Airlines','MANDALA',0,'2021-05-23 14:32:01',NULL),(3197,'MDM','Medavia Company','MEDAVIA',0,'2021-05-23 14:32:01',NULL),(3198,'MDN','Mudan Airlines','',0,'2021-05-23 14:32:01',NULL),(3199,'MDO','Domenican Airlines','Domenican',0,'2021-05-23 14:32:01',NULL),(3200,'MDP','Medallion Air','MEDALS',0,'2021-05-23 14:32:01',NULL),(3201,'MDR','Compania Mexicana De Aeroplanos','AEROPLANOS',0,'2021-05-23 14:32:01',NULL),(3202,'MDS','McNeely Charter Services','MID-SOUTH',0,'2021-05-23 14:32:01',NULL),(3203,'MDT','Sundt Air','MIDNIGHT',0,'2021-05-23 14:32:01',NULL),(3204,'MDV','Moldavian Airlines','MOLDAVIAN',0,'2021-05-23 14:32:01',NULL),(3205,'MDW','Midway Airlines','MIDWAY',0,'2021-05-23 14:32:01',NULL),(3206,'MDX','Aerosud Charter','MEDAIR',0,'2021-05-23 14:32:01',NULL),(3207,'MDY','Mediterranean Airways','',0,'2021-05-23 14:32:01',NULL),(3208,'MEA','Middle East Airlines','CEDAR JET',0,'2021-05-23 14:32:01',NULL),(3209,'MEC','Mercury Aircourier Service','MERCAIR',0,'2021-05-23 14:32:01',NULL),(3210,'MED','Ontario Ministry of Health','MEDICAL',0,'2021-05-23 14:32:01',NULL),(3211,'MEE','Elimediterranea','ELIMEDITERRANEA',0,'2021-05-23 14:32:01',NULL),(3212,'MEF','Air Meridan','EMPENNAGE',0,'2021-05-23 14:32:01',NULL),(3213,'MEI','Merlin Airways','AVALON',0,'2021-05-23 14:32:01',NULL),(3214,'MEJ','Medjet International','MEDJET',0,'2021-05-23 14:32:01',NULL),(3215,'MEK','Med-Trans of Florida','MED-TRANS',0,'2021-05-23 14:32:01',NULL),(3216,'MEL','Mega Linhas Aereas','MEGA AIR',0,'2021-05-23 14:32:01',NULL),(3217,'MEM','Meridian Limited','MERIDIAN CHERRY',0,'2021-05-23 14:32:01',NULL),(3218,'MEP','Midwest Airlines','',0,'2021-05-23 14:32:01',NULL),(3219,'MER','Methow Aviation','METHOW',0,'2021-05-23 14:32:01',NULL),(3220,'MES','Mesaba Airlines','MESABA',0,'2021-05-23 14:32:01',NULL),(3221,'MET','Meteorological Research Flight','METMAN',0,'2021-05-23 14:32:01',NULL),(3222,'MEX','Metro Express','EAGLE EXPRESS',0,'2021-05-23 14:32:01',NULL),(3223,'MEY','Justair Scandinavia','MELODY',0,'2021-05-23 14:32:01',NULL),(3224,'MFA','Martyn Fiddler Associates','SEAHORSE',0,'2021-05-23 14:32:01',NULL),(3225,'MFC','Moncton Flying Club','EAST WIND',0,'2021-05-23 14:32:01',NULL),(3226,'MFL','Aero McFly','MCFLY',0,'2021-05-23 14:32:01',NULL),(3227,'MFR','Midline Air Freight','MIDLINE FREIGHT',0,'2021-05-23 14:32:01',NULL),(3228,'MFS','Miller Flying Services','MILLER TIME',0,'2021-05-23 14:32:01',NULL),(3229,'MFT','Multiflight','YORKAIR',0,'2021-05-23 14:32:01',NULL),(3230,'MFZ','Mofaz Air','MOFAZ AIR',0,'2021-05-23 14:32:01',NULL),(3231,'MGA','MG Aviacion','MAG AVACION',0,'2021-05-23 14:32:01',NULL),(3232,'MGB','Coulson Flying Service','MOCKINGBIRD',0,'2021-05-23 14:32:01',NULL),(3233,'MGE','Asia Pacific Airlines','MAGELLAN',0,'2021-05-23 14:32:01',NULL),(3234,'MGG','Elmagal Aviation Services','ELMAGAL',0,'2021-05-23 14:32:01',NULL),(3235,'MGI','Marghi Air','MARGHI',0,'2021-05-23 14:32:01',NULL),(3236,'MGK','Mega','MEGLA',0,'2021-05-23 14:32:01',NULL),(3237,'MGL','MIAT Mongolian Airlines','MONGOL AIR',0,'2021-05-23 14:32:01',NULL),(3238,'MGM','Transporte Aero MGM','AERO EMM-GEE-EMM',0,'2021-05-23 14:32:01',NULL),(3239,'MGO','Punto Fa','MANGO',0,'2021-05-23 14:32:01',NULL),(3240,'MGR','Magna Air','MAGNA AIR',0,'2021-05-23 14:32:01',NULL),(3241,'MGS','Aeromagar','AEROMAGAR',0,'2021-05-23 14:32:01',NULL),(3242,'MGX','Montenegro Airlines','MONTAIR',0,'2021-05-23 14:32:01',NULL),(3243,'MHA','Mountain High Aviation','MOUNTAIN HIGH',0,'2021-05-23 14:32:01',NULL),(3244,'MHC','Aero Jomacha','AERO JOMACHA',0,'2021-05-23 14:32:01',NULL),(3245,'MHL','Meridian Airlines','HASSIMAIR',0,'2021-05-23 14:32:01',NULL),(3246,'MHN','Manhattan Air','MANHATTAN',0,'2021-05-23 14:32:01',NULL),(3247,'MHS','Air Memphis','AIR MEMPHIS',0,'2021-05-23 14:32:01',NULL),(3248,'MHU','Air Memphis','MEPHIS UGANDA',0,'2021-05-23 14:32:01',NULL),(3249,'MIA','Mauria','MAURIA',0,'2021-05-23 14:32:01',NULL),(3250,'MIC','Mint Airways','',0,'2021-05-23 14:32:01',NULL),(3251,'MID','Midland Airport Services','',0,'2021-05-23 14:32:01',NULL),(3252,'MIE','Aero Premier De Mexico','AEROPREMIER',0,'2021-05-23 14:32:01',NULL),(3253,'MIF','Miras','MIRAS',0,'2021-05-23 14:32:01',NULL),(3254,'MIG','Russian Aircraft Corporation-MiG','MIG AVIA',0,'2021-05-23 14:32:01',NULL),(3255,'MIM','Mimino','MIMINO',0,'2021-05-23 14:32:01',NULL),(3256,'MIR','Miramichi Air Service','MIRAMICHI',0,'2021-05-23 14:32:01',NULL),(3257,'MIS','Midstate Airlines','MIDSTATE',0,'2021-05-23 14:32:01',NULL),(3258,'MIT','Flight Line','MATCO',0,'2021-05-23 14:32:01',NULL),(3259,'MIZ','Desarrollo Milaz','MILAZ',0,'2021-05-23 14:32:01',NULL),(3260,'MJB','Magic Blue Airlines','MAGIC BLUE',0,'2021-05-23 14:32:01',NULL),(3261,'MJG','Michael Airlines','MJG',0,'2021-05-23 14:32:01',NULL),(3262,'MJL','Jet Line International','MOLDJET',0,'2021-05-23 14:32:01',NULL),(3263,'MJM','Eti 2000','ELCO ETI',0,'2021-05-23 14:32:01',NULL),(3264,'MJN','Royal Air Force of Oman','MAJAN',0,'2021-05-23 14:32:01',NULL),(3265,'MJP','Air Majoro','Air Majoro',0,'2021-05-23 14:32:01',NULL),(3266,'MJR','Midamerica Jet','MAJOR',0,'2021-05-23 14:32:01',NULL),(3267,'MJT','Mex-Jet','MEJETS',0,'2021-05-23 14:32:01',NULL),(3268,'MJX','Euroline','GEO-LINE',0,'2021-05-23 14:32:01',NULL),(3269,'MKA','MK Airline','KRUGER-AIR',0,'2021-05-23 14:32:01',NULL),(3270,'MKD','MAT Airways','',0,'2021-05-23 14:32:01',NULL),(3271,'MKG','Air Mekong','Air Mekong',0,'2021-05-23 14:32:01',NULL),(3272,'MKH','Air Marrakech Service','AIR MARRAKECH',0,'2021-05-23 14:32:01',NULL),(3273,'MKK','Malaya Aviatsia Dona','AEROKEY',0,'2021-05-23 14:32:01',NULL),(3274,'MKL','McCall Aviation','MCCALL',0,'2021-05-23 14:32:01',NULL),(3275,'MKN','Mekong Airlines','MEKONG AIRLINES',0,'2021-05-23 14:32:01',NULL),(3276,'MKO','Markoss Aviation','GOSHAWK',0,'2021-05-23 14:32:01',NULL),(3277,'MKS','Pimichikamac Air','MIKISEW',0,'2021-05-23 14:32:01',NULL),(3278,'MKU','Island Air (WP)','',0,'2021-05-23 14:32:01',NULL),(3279,'MKY','Monky Aerotaxis','MONKY',0,'2021-05-23 14:32:01',NULL),(3280,'MLA','40-Mile Air','MILE-AIR',0,'2021-05-23 14:32:01',NULL),(3281,'MLB','Manaf International Airways','MANAF',0,'2021-05-23 14:32:01',NULL),(3282,'MLC','Malila Airlift','MALILA',0,'2021-05-23 14:32:01',NULL),(3283,'MLD','Air Moldova','AIR MOLDOVA',0,'2021-05-23 14:32:01',NULL),(3284,'MLE','Moldaeroservice','MOLDAERO',0,'2021-05-23 14:32:01',NULL),(3285,'MLF','Amal Airlines','AMAL',0,'2021-05-23 14:32:01',NULL),(3286,'MLG','Malagasy Airlines','',0,'2021-05-23 14:32:01',NULL),(3287,'MLH','Mahalo Air','MAHALO',0,'2021-05-23 14:32:01',NULL),(3288,'MLI','Air Mali','AIR MALI',0,'2021-05-23 14:32:01',NULL),(3289,'MLK','Millennium Air','NIGERJET',0,'2021-05-23 14:32:01',NULL),(3290,'MLN','Air Madeleine','AIR MADELEINE',0,'2021-05-23 14:32:01',NULL),(3291,'MLO','Servicios Aereos Milenio','MILENIO',0,'2021-05-23 14:32:01',NULL),(3292,'MLS','Mall Airways','MALL-AIRWAYS',0,'2021-05-23 14:32:01',NULL),(3293,'MLU','Zracno Pristaniste Mali Losinj','MALI LOSINJ',0,'2021-05-23 14:32:01',NULL),(3294,'MLX','Malawi Express','MALAWI EXPRESS',0,'2021-05-23 14:32:01',NULL),(3295,'MMC','Aermarche','AERMARCHE',0,'2021-05-23 14:32:01',NULL),(3296,'MMD','Air Alsie','MERMAID',0,'2021-05-23 14:32:01',NULL),(3297,'MMM','Aviation Company Meridian','AVIAMERIDIAN',0,'2021-05-23 14:32:01',NULL),(3298,'MMM','Myanmar Airways International','assignment postponed',0,'2021-05-23 14:32:01',NULL),(3299,'MMP','AMP Incorporated','AMP-INC',0,'2021-05-23 14:32:01',NULL),(3300,'MMR','Musrata Air Transport','MUSRATA AIR',0,'2021-05-23 14:32:01',NULL),(3301,'MMS','SAAD (A320) Limited','MUSAAD AIR',0,'2021-05-23 14:32:01',NULL),(3302,'MMX','Airmax','PERUMAX',0,'2021-05-23 14:32:01',NULL),(3303,'MMZ','EuroAtlantic Airways','EUROATLANTIC',0,'2021-05-23 14:32:01',NULL),(3304,'MNA','Merpati Nusantara Airlines','MERPATI',0,'2021-05-23 14:32:01',NULL),(3305,'MNB','MNG Airlines','BLACK SEA',0,'2021-05-23 14:32:01',NULL),(3306,'MNC','MIT Airlines','MUNCIE',0,'2021-05-23 14:32:01',NULL),(3307,'MNE','Aerolineas Amanecer','AEROAMANECER',0,'2021-05-23 14:32:01',NULL),(3308,'MNG','Aero Mongolia','AERO MONGOLIA',0,'2021-05-23 14:32:01',NULL),(3309,'MNH','Monarch Airlines','MONARCH AIR',0,'2021-05-23 14:32:01',NULL),(3310,'MNI','Aeromilenio','AEROMIL',0,'2021-05-23 14:32:01',NULL),(3311,'MNJ','Menajet','MENAJET',0,'2021-05-23 14:32:01',NULL),(3312,'MNL','Miniliner','MINILINER',0,'2021-05-23 14:32:01',NULL),(3313,'MNO','Mango','TULCA',0,'2021-05-23 14:32:01',NULL),(3314,'MNP','Spirit of Manila Airlines','MANILA SKY',0,'2021-05-23 14:32:01',NULL),(3315,'MNR','Mann Air','TEEMOL',0,'2021-05-23 14:32:01',NULL),(3316,'MNS','Ministic Air','MINISTIC',0,'2021-05-23 14:32:01',NULL),(3317,'MNT','Montserrat Airways','MONTSERRAT',0,'2021-05-23 14:32:01',NULL),(3318,'MNV','Mauritanienne Aerienne Et Navale','NAVALE',0,'2021-05-23 14:32:01',NULL),(3319,'MNX','Manx Airlines','MANX',0,'2021-05-23 14:32:01',NULL),(3320,'MNY','Mooney Aircraft Corporation','MOONEY FLIGHT',0,'2021-05-23 14:32:01',NULL),(3321,'MNZ','Murmansk Aircompany','MURMAN AIR',0,'2021-05-23 14:32:01',NULL),(3322,'MOC','Air Monarch Cargo','MONARCH CARGO',1,'2021-05-23 14:32:01',NULL),(3323,'MOH','Tigerfly','MOTH',0,'2021-05-23 14:32:01',NULL),(3324,'MON','Monarch Airlines','MONARCH',0,'2021-05-23 14:32:01',NULL),(3325,'MOP','Aeropublicitaria De Angola','PUBLICITARIA',0,'2021-05-23 14:32:01',NULL),(3326,'MOR','Aerolineas De Morelia','AEROMORELIA',0,'2021-05-23 14:32:01',NULL),(3327,'MOS','Misr Overseas Airways','',0,'2021-05-23 14:32:01',NULL),(3328,'MOV','VIM Airlines','MOV AIR',0,'2021-05-23 14:32:01',NULL),(3329,'MOW','Mowhawk Airlines','MOHAWK AIR',0,'2021-05-23 14:32:01',NULL),(3330,'MPA','Mid-Pacific Airlines','MID PAC',0,'2021-05-23 14:32:01',NULL),(3331,'MPC','Mountain Pacific Air','MOUNTAIN PACIFIC',0,'2021-05-23 14:32:01',NULL),(3332,'MPD','Air Plus Comet','RED COMET',0,'2021-05-23 14:32:01',NULL),(3333,'MPE','Canadian North','EMPRESS',0,'2021-05-23 14:32:01',NULL),(3334,'MPH','Martinair','MARTINAIR',0,'2021-05-23 14:32:01',NULL),(3335,'MPI','Mosphil Aero','MOSPHIL',0,'2021-05-23 14:32:01',NULL),(3336,'MPJ','MAP-Management and Planung','MAPJET',0,'2021-05-23 14:32:01',NULL),(3337,'MPL','Master Planner','',0,'2021-05-23 14:32:01',NULL),(3338,'MPO','Transportes Aereos Amparo','AMPARO',0,'2021-05-23 14:32:01',NULL),(3339,'MPR','Empire Aviation Services','',0,'2021-05-23 14:32:01',NULL),(3340,'MPS','Metroplis','METRO REGIONAL',0,'2021-05-23 14:32:01',NULL),(3341,'MPT','Miapet-Avia','MIAPET',0,'2021-05-23 14:32:01',NULL),(3342,'MPX','Aeromexpress','AEROMEXPRESS',0,'2021-05-23 14:32:01',NULL),(3343,'MQT','Air ITM','MUSKETEER',0,'2021-05-23 14:32:01',NULL),(3344,'MRA','Martinaire','MARTEX',0,'2021-05-23 14:32:01',NULL),(3345,'MRD','Meridian Air Cargo','MERIDIAN',1,'2021-05-23 14:32:01',NULL),(3346,'MRE','Namibia Commerical Aviation','MED RESCUE',0,'2021-05-23 14:32:01',NULL),(3347,'MRF','Mauritanienne Air Fret','MAUR-FRET',0,'2021-05-23 14:32:01',NULL),(3348,'MRG','MANAG\'AIR','MANAG\'AIR',0,'2021-05-23 14:32:01',NULL),(3349,'MRH','Marham Flying Training Unit','MARHAM',0,'2021-05-23 14:32:01',NULL),(3350,'MRI','Servicios Aereos Moritani','MORITANI',0,'2021-05-23 14:32:01',NULL),(3351,'MRK','Markair','MARKAIR',0,'2021-05-23 14:32:01',NULL),(3352,'MRL','Aeromorelos','AEROMORELOS',0,'2021-05-23 14:32:01',NULL),(3353,'MRM','Aerocharter','MARITIME',0,'2021-05-23 14:32:01',NULL),(3354,'MRN','Missions Gouvernemtales Francaises','MARIANNE',0,'2021-05-23 14:32:01',NULL),(3355,'MRO','Morrison Flying Service','MORRISON',0,'2021-05-23 14:32:01',NULL),(3356,'MRP','Abas','ABAS',0,'2021-05-23 14:32:01',NULL),(3357,'MRR','San Juan Airlines','MARINER',0,'2021-05-23 14:32:01',NULL),(3358,'MRS','Marusya Airways','snowball',0,'2021-05-23 14:32:01',NULL),(3359,'MRT','Air Mauritanie','MIKE ROMEO',0,'2021-05-23 14:32:01',NULL),(3360,'MRW','Mars RK','AVIAMARS',0,'2021-05-23 14:32:01',NULL),(3361,'MRX','Herman\'s Markair Express','SPEEDMARK',0,'2021-05-23 14:32:01',NULL),(3362,'MRZ','Medical Air Rescue Services','MARS',0,'2021-05-23 14:32:01',NULL),(3363,'MSA','Mistral Air','AIRMERCI',0,'2021-05-23 14:32:01',NULL),(3364,'MSC','Air Cairo','',0,'2021-05-23 14:32:01',NULL),(3365,'MSE','EgyptAir Express','EGYPTAIR EXPRESS',0,'2021-05-23 14:32:01',NULL),(3366,'MSF','Max Sea Food','MAXESA',0,'2021-05-23 14:32:01',NULL),(3367,'MSG','Servico Aereo Regional','SAR-REGIONAL',0,'2021-05-23 14:32:01',NULL),(3368,'MSH','US Marshals Service','MARSHALAIR',0,'2021-05-23 14:32:01',NULL),(3369,'MSI','Motor Sich','MOTOR SICH',0,'2021-05-23 14:32:01',NULL),(3370,'MSK','Air Sport','AIR SPORT',0,'2021-05-23 14:32:01',NULL),(3371,'MSL','Marsland Aviation','MARSLANDAIR',0,'2021-05-23 14:32:01',NULL),(3372,'MSM','Aeromas','AEROMAS EXPRESS',0,'2021-05-23 14:32:01',NULL),(3373,'MSN','Missionair','MISIONAIR',0,'2021-05-23 14:32:01',NULL),(3374,'MSO','Aerol','MESO AMERICANAS',0,'2021-05-23 14:32:01',NULL),(3375,'MSP','Servicio De Viglancia Aerea Del Ministerio De Seguridad Publica','SEGURIDAD',0,'2021-05-23 14:32:01',NULL),(3376,'MSQ','Meta Linhas A','META',0,'2021-05-23 14:32:01',NULL),(3377,'MSR','Egyptair','EGYPTAIR',0,'2021-05-23 14:32:01',NULL),(3378,'MSS','Morris Air Service','WASATCH',0,'2021-05-23 14:32:01',NULL),(3379,'MSV','Aero-Kamov','AERAFKAM',0,'2021-05-23 14:32:01',NULL),(3380,'MSW','Master Airways','MASTER AIRWAYS',0,'2021-05-23 14:32:01',NULL),(3381,'MSX','Egyptair Cargo','EGYPTAIR CARGO',1,'2021-05-23 14:32:01',NULL),(3382,'MSY','Massey University School of Aviation','MASSEY',0,'2021-05-23 14:32:01',NULL),(3383,'MTA','GAK/Mitchell Aero','GAK AVIATION',0,'2021-05-23 14:32:01',NULL),(3384,'MTB','Aerotaxis Metropolitanos','AEROMETROPOLIS',0,'2021-05-23 14:32:01',NULL),(3385,'MTC','Mountain Air Company','MOUNTAIN LEONE',0,'2021-05-23 14:32:01',NULL),(3386,'MTD','MacKnight Airlines','',0,'2021-05-23 14:32:01',NULL),(3387,'MTE','Aeromet Linea Aerea','AEROMET',0,'2021-05-23 14:32:01',NULL),(3388,'MTF','Interjet','INTERJET',0,'2021-05-23 14:32:01',NULL),(3389,'MTG','Servicios Aereos MTT','',0,'2021-05-23 14:32:01',NULL),(3390,'MTH','Massachusetts Institute of Technology','RESEARCH',0,'2021-05-23 14:32:01',NULL),(3391,'MTI','Monerrey Air Taxi','MONTERREY AIR',0,'2021-05-23 14:32:01',NULL),(3392,'MTJ','Metrojet','METROJET',0,'2021-05-23 14:32:01',NULL),(3393,'MTK','Air Metack','AIRMETACK',0,'2021-05-23 14:32:01',NULL),(3394,'MTL','RAF-Avia','MITAVIA',0,'2021-05-23 14:32:01',NULL),(3395,'MTN','Mountain Air Cargo','MOUNTAIN',1,'2021-05-23 14:32:01',NULL),(3396,'MTO','Manitoulin Air Services','MANITOULIN',0,'2021-05-23 14:32:01',NULL),(3397,'MTP','Island Helicopters','METROCOPTER',0,'2021-05-23 14:32:01',NULL),(3398,'MTR','Metroflight','METRO',0,'2021-05-23 14:32:01',NULL),(3399,'MTS','Mantrust Asahi Airways','MANTRUST',0,'2021-05-23 14:32:01',NULL),(3400,'MTV','Mountain Valley Air Service','MOUNTAIN VALLEY',0,'2021-05-23 14:32:01',NULL),(3401,'MTW','Mauritania Airways','MAURITANIA AIRWAYS',0,'2021-05-23 14:32:01',NULL),(3402,'MTX','Multi Taxi','MULTITAXI',0,'2021-05-23 14:32:01',NULL),(3403,'MTY','Air Montegomery','MONTY',0,'2021-05-23 14:32:01',NULL),(3404,'MTZ','Mali Airways','MALI AIRWAYS',0,'2021-05-23 14:32:01',NULL),(3405,'MUA','Murray Air','MURRAY AIR',0,'2021-05-23 14:32:01',NULL),(3406,'MUI','Trans Air','MAUI',0,'2021-05-23 14:32:01',NULL),(3407,'MUN','Aeromundo Ejecutivo','AEROMUNDO',0,'2021-05-23 14:32:01',NULL),(3408,'MUR','Aerolinea Muri','MURI',0,'2021-05-23 14:32:01',NULL),(3409,'MVA','Mississippi Valley Airways','VALAIR',0,'2021-05-23 14:32:01',NULL),(3410,'MVD','Kavminvodyavia','AIR MINVODY',0,'2021-05-23 14:32:01',NULL),(3411,'MVG','Moldova','MOLDOVA-STATE',0,'2021-05-23 14:32:01',NULL),(3412,'MVI','Metro Business Aviation','',0,'2021-05-23 14:32:01',NULL),(3413,'MVK','Helicopter Training & Hire','MAVRIK',0,'2021-05-23 14:32:01',NULL),(3414,'MVL','Mavial Magadan Airlines','Mavial',0,'2021-05-23 14:32:01',NULL),(3415,'MVM','Air Cargo America','PEGASUS',1,'2021-05-23 14:32:01',NULL),(3416,'MVN','Marvin Limited','MARVIN',0,'2021-05-23 14:32:01',NULL),(3417,'MVR','Maverick Airways','MAV-AIR',0,'2021-05-23 14:32:01',NULL),(3418,'MVY','VIM-Aviaservice','',0,'2021-05-23 14:32:01',NULL),(3419,'MWA','Midwest Airlines (Egypt)','',0,'2021-05-23 14:32:01',NULL),(3420,'MWI','Malaysia Wings','MWI',0,'2021-05-23 14:32:01',NULL),(3421,'MWR','Raslan Air Service','RASLAN',0,'2021-05-23 14:32:01',NULL),(3422,'MWS','Malta Wings','MALTA WINGS',0,'2021-05-23 14:32:01',NULL),(3423,'MWT','Midwest Aviation Division','MIDWEST',0,'2021-05-23 14:32:01',NULL),(3424,'MWY','Mauritanienne Airways','MAURITANIENNE',0,'2021-05-23 14:32:01',NULL),(3425,'MXA','Mexicana de Aviaci','MEXICANA',0,'2021-05-23 14:32:01',NULL),(3426,'MXB','Mex Blue','MEX BLUE',0,'2021-05-23 14:32:01',NULL),(3427,'MXC','Compania Mexicargo','MEXICARGO',1,'2021-05-23 14:32:01',NULL),(3428,'MXD','Malindo Air','Malindo',0,'2021-05-23 14:32:01',NULL),(3429,'MXE','Mocambique Expresso','MOZAMBIQUE EXPRESS',0,'2021-05-23 14:32:01',NULL),(3430,'MXI','MexicanaLink','LINK',0,'2021-05-23 14:32:01',NULL),(3431,'MXJ','Maxjet Airways','MAX-JET',0,'2021-05-23 14:32:01',NULL),(3432,'MXL','Maxair','MAXAIR',0,'2021-05-23 14:32:01',NULL),(3433,'MXO','Aerotaxi Mexicano','MAXAERO',0,'2021-05-23 14:32:01',NULL),(3434,'MXP','May Air Xpress','BEECHNUT',0,'2021-05-23 14:32:01',NULL),(3435,'MXQ','Transportes Aereos Mexiquenses','MEXIQUENSES',0,'2021-05-23 14:32:01',NULL),(3436,'MXS','Maxsus-Avia','MAXSUS-AVIA',0,'2021-05-23 14:32:01',NULL),(3437,'MXT','Mexico Transportes Aereos','TRANSMEX',0,'2021-05-23 14:32:01',NULL),(3438,'MXU','Maximus Air Cargo','CARGO MAX',1,'2021-05-23 14:32:01',NULL),(3439,'MXX','Merchant Express Aviation','MERCHANT',0,'2021-05-23 14:32:01',NULL),(3440,'MYA','Myflug','MYFLUG',0,'2021-05-23 14:32:01',NULL),(3441,'MYD','Maya Island Air','MYLAND',0,'2021-05-23 14:32:01',NULL),(3442,'MYI','Mayair','MAYAIR',0,'2021-05-23 14:32:01',NULL),(3443,'MYO','Dominguez Toledo (Grupo Mayoral)','MAYORAL',0,'2021-05-23 14:32:01',NULL),(3444,'MYP','Mann Yadanarpon Airlines','MANN ROYAL',0,'2021-05-23 14:32:01',NULL),(3445,'MYS','Aero Yaqui Mayo','AERO YAQUI',0,'2021-05-23 14:32:01',NULL),(3446,'MYT','MyTravel Airways','KESTREL',0,'2021-05-23 14:32:01',NULL),(3447,'MYW','My Way Airlines','FRANKY',0,'2021-05-23 14:32:01',NULL),(3448,'MZK','AVC Airlines','',0,'2021-05-23 14:32:01',NULL),(3449,'MZL','Aerovias Montes Azules','MONTES AZULES',0,'2021-05-23 14:32:01',NULL),(3450,'MZS','Mahfooz Aviation','MAHFOOZ',0,'2021-05-23 14:32:01',NULL),(3451,'N/A','Unknown','\\N',0,'2021-05-23 14:32:01',NULL),(3452,'N/A','Private flight','',0,'2021-05-23 14:32:01',NULL),(3453,'N12','12 North','12N',0,'2021-05-23 14:32:01',NULL),(3454,'N77','All Spain','',0,'2021-05-23 14:32:01',NULL),(3455,'N78','Regional Air Iceland','',0,'2021-05-23 14:32:01',NULL),(3456,'N99','All Europe','',0,'2021-05-23 14:32:01',NULL),(3457,'NAA','National Oceanic and Atmospheric Administration','NOAA',0,'2021-05-23 14:32:01',NULL),(3458,'NAB','Mina Airline Company','',0,'2021-05-23 14:32:01',NULL),(3459,'NAC','Northern Air Cargo','YUKON',1,'2021-05-23 14:32:01',NULL),(3460,'NAD','Seulawah Nad Air','SEULAWAH',0,'2021-05-23 14:32:01',NULL),(3461,'NAE','Nations Air Express Inc','NATIONS EXPRESS',0,'2021-05-23 14:32:01',NULL),(3462,'NAF','Royal Netherlands Air Force','NETHERLANDS AIR FORCE',0,'2021-05-23 14:32:01',NULL),(3463,'NAH','Nahanni Air Services Ltd','NAHANNI',0,'2021-05-23 14:32:01',NULL),(3464,'NAI','North Adria Aviation','NORTH-ADRIA',0,'2021-05-23 14:32:01',NULL),(3465,'NAJ','North American Jet Charter Group','JET GROUP',0,'2021-05-23 14:32:01',NULL),(3466,'NAK','Arik Niger','',0,'2021-05-23 14:32:01',NULL),(3467,'NAL','National Airlines','NATIONAL',0,'2021-05-23 14:32:01',NULL),(3468,'NAL','Northway Aviation Ltd','NORTHWAY',0,'2021-05-23 14:32:01',NULL),(3469,'NAM','Nortland Air Manitoba','MANITOBA',0,'2021-05-23 14:32:01',NULL),(3470,'NAN','National Airlines','NATION AIR',0,'2021-05-23 14:32:01',NULL),(3471,'NAP','Napier Air Service Inc','NAPIER',0,'2021-05-23 14:32:01',NULL),(3472,'NAR','Air Continental Inc','NIGHT AIR',0,'2021-05-23 14:32:01',NULL),(3473,'NAS','Nasair','NASAIRWAYS',0,'2021-05-23 14:32:01',NULL),(3474,'NAT','North Atlantic Air Inc','MASS AIR',0,'2021-05-23 14:32:01',NULL),(3475,'NAU','Antanik-Air','ANTANIK',0,'2021-05-23 14:32:01',NULL),(3476,'NAV','Nav Flight Planning','NAV DISPATCH',0,'2021-05-23 14:32:01',NULL),(3477,'NAX','Norwegian Air Shuttle','NOR SHUTTLE',0,'2021-05-23 14:32:01',NULL),(3478,'NAY','Navegacion Servicios Aereos Canarios SA','NAYSA',0,'2021-05-23 14:32:01',NULL),(3479,'NAZ','Servicios Aereos del Nazas SA de CV','NAZAS',0,'2021-05-23 14:32:01',NULL),(3480,'NBE','Novosibirsk Aviaenterprise','NAKAIR',0,'2021-05-23 14:32:01',NULL),(3481,'NBK','Albarka Air','AL-AIR',0,'2021-05-23 14:32:01',NULL),(3482,'NBL','Nobil Air','NOBIL AIR',0,'2021-05-23 14:32:01',NULL),(3483,'NBN','North British Airlines','TEESAIR',0,'2021-05-23 14:32:01',NULL),(3484,'NBR','Haughey Air','NORBROOK',0,'2021-05-23 14:32:01',NULL),(3485,'NBS','Nimbus Aviation','NIMBUS',0,'2021-05-23 14:32:01',NULL),(3486,'NCA','Nippon Cargo Airlines','NIPPON CARGO',1,'2021-05-23 14:32:01',NULL),(3487,'NCB','North Caribou Flying Service Ltd','NORTH CARIBOU',0,'2021-05-23 14:32:01',NULL),(3488,'NCC','North Coast Air Services Ltd','NORTH COAST',0,'2021-05-23 14:32:01',NULL),(3489,'NCE','Northcoast Executive Airlines','TOP HAT',0,'2021-05-23 14:32:01',NULL),(3490,'NCF','Norfolk County Flight College','COUNTY',0,'2021-05-23 14:32:01',NULL),(3491,'NCG','Nederlandse Kustwacht','NETHERLANDS COASTGUARD',0,'2021-05-23 14:32:01',NULL),(3492,'NCH','Chanchangi Airlines','CHANCHANGI',0,'2021-05-23 14:32:01',NULL),(3493,'NCL','ACA-Ancargo Air Sociedade de Transporte de Carga Lda','ANCARGO AIR',1,'2021-05-23 14:32:01',NULL),(3494,'NCM','Nas Air','AIR BANE',0,'2021-05-23 14:32:01',NULL),(3495,'NCN','National Airlines','',0,'2021-05-23 14:32:01',NULL),(3496,'NCN','Nicon Airways','NICON AIRWAYS',0,'2021-05-23 14:32:01',NULL),(3497,'NCO','Natalco Air Lines','NATALCO',0,'2021-05-23 14:32:01',NULL),(3498,'NCP','Capital Airlines Limited','CAPITAL SHUTTLE',0,'2021-05-23 14:32:01',NULL),(3499,'NCR','National Air Cargo','',1,'2021-05-23 14:32:01',NULL),(3500,'NCS','Simpson Air Ltd','COMMUTER-CANADA',0,'2021-05-23 14:32:01',NULL),(3501,'NDA','Northern Airways','NORTHERN DAKOTA',0,'2021-05-23 14:32:01',NULL),(3502,'NDC','FlyNordic','NORDIC',0,'2021-05-23 14:32:01',NULL),(3503,'NDF','Namibian Defence Force','NAMIBIAN AIR FORCE',0,'2021-05-23 14:32:01',NULL),(3504,'NDN','Transportes Aereos Cielos Andinos','ANDINOS',0,'2021-05-23 14:32:01',NULL),(3505,'NDS','Nordstree (Australia)','',0,'2021-05-23 14:32:01',NULL),(3506,'NDU','University of North Dakota','SIOUX',0,'2021-05-23 14:32:01',NULL),(3507,'NEA','New England Airlines','NEW ENGLAND',0,'2021-05-23 14:32:01',NULL),(3508,'NEB','State of Nebraska','NEBRASKA',0,'2021-05-23 14:32:01',NULL),(3509,'NEC','Necon Air','NECON AIR',0,'2021-05-23 14:32:01',NULL),(3510,'NEE','Northeast Airlines','NORTHEAST',0,'2021-05-23 14:32:01',NULL),(3511,'NEF','Nord-Flyg','NORDEX',0,'2021-05-23 14:32:01',NULL),(3512,'NEG','Linea Aerea de Fumig Aguas Negras','AGUAS NEGRAS',0,'2021-05-23 14:32:01',NULL),(3513,'NEL','Aero Servicios de Nuevo Laredo','AEROLAREDO',0,'2021-05-23 14:32:01',NULL),(3514,'NEN','North-East Airlines','NORTHEAST SWAN',0,'2021-05-23 14:32:01',NULL),(3515,'NER','Air Newark','NEWAIR',0,'2021-05-23 14:32:01',NULL),(3516,'NES','Nordeste Linhas Aereas Regionais','NORDESTE',0,'2021-05-23 14:32:01',NULL),(3517,'NET','Network Aviation Services','NETWORK',0,'2021-05-23 14:32:01',NULL),(3518,'NEX','Northern Executive Aviation','NEATAX',0,'2021-05-23 14:32:01',NULL),(3519,'NEZ','New England Air Express','ENGAIR',0,'2021-05-23 14:32:01',NULL),(3520,'NFA','North Flying','NORTH FLYING',0,'2021-05-23 14:32:01',NULL),(3521,'NFC','North Atlantic Cargo','NORTH ATLANTIC',1,'2021-05-23 14:32:01',NULL),(3522,'NFD','Nrnberger Flugdienst','',0,'2021-05-23 14:32:01',NULL),(3523,'NFF','Aircraft Support and Services','',0,'2021-05-23 14:32:01',NULL),(3524,'NFL','Northaire Feight Lines','GREAT LAKES',0,'2021-05-23 14:32:01',NULL),(3525,'NFS','Afrique CArgo Service Senegal','',1,'2021-05-23 14:32:01',NULL),(3526,'NFT','Nefteyugansk Aviation Division','NEFTEAVIA',0,'2021-05-23 14:32:01',NULL),(3527,'NGA','Nigeria Airways','NIGERIA',0,'2021-05-23 14:32:01',NULL),(3528,'NGB','Nordic Global Airlines','Nordic Global',0,'2021-05-23 14:32:01',NULL),(3529,'NGC','Angoservice','ANGOSERVICE',0,'2021-05-23 14:32:01',NULL),(3530,'NGE','Angel Airlines','ANGEL AIR',0,'2021-05-23 14:32:01',NULL),(3531,'NGF','Angel Flight America','ANGEL FLIGHT',0,'2021-05-23 14:32:01',NULL),(3532,'NGK','Oriental Air Bridge','ORIENTAL BRIDGE',0,'2021-05-23 14:32:01',NULL),(3533,'NGO','Air-Angol','AIR ANGOL',0,'2021-05-23 14:32:01',NULL),(3534,'NGP','Air Nigeria','REGAL EAGLE',0,'2021-05-23 14:32:01',NULL),(3535,'NGR','Nigerian Air Force','NIGERIAN AIRFORCE',0,'2021-05-23 14:32:01',NULL),(3536,'NGV','Angoavia','ANGOAVIA',0,'2021-05-23 14:32:01',NULL),(3537,'NGX','Nigerian Global','AIR GLOBAL',0,'2021-05-23 14:32:01',NULL),(3538,'NHG','NHT Lineas Aereas','HELGA',0,'2021-05-23 14:32:01',NULL),(3539,'NHK','Federal Aviation Administration','NIGHTHAWK',0,'2021-05-23 14:32:01',NULL),(3540,'NHL','Northumbria Helicopters','NORTHUMBRIA',0,'2021-05-23 14:32:01',NULL),(3541,'NHR','Nuevo Horizonte Internacional','NUEVO HORIZONTE',0,'2021-05-23 14:32:01',NULL),(3542,'NHT','New Heights 291','NEWHEIGHTS',0,'2021-05-23 14:32:01',NULL),(3543,'NHZ','Nada Air Service','NADA AIR',0,'2021-05-23 14:32:01',NULL),(3544,'NIA','Nile Air','NILEBIRD',0,'2021-05-23 14:32:01',NULL),(3545,'NIC','Northern Illinois Commuter','ILLINOIS COMMUTER',0,'2021-05-23 14:32:01',NULL),(3546,'NID','Aeroni','AERONI',0,'2021-05-23 14:32:01',NULL),(3547,'NIE','Aeroejecutiva Nieto','AERONIETO',0,'2021-05-23 14:32:01',NULL),(3548,'NIG','Aero Contractors','AEROLINE',0,'2021-05-23 14:32:01',NULL),(3549,'NIN','Nurman Avia Indopura','NURVINDO',0,'2021-05-23 14:32:01',NULL),(3550,'NIR','Norsk Flyrjeneste','NORSEMAN',0,'2021-05-23 14:32:01',NULL),(3551,'NIS','Nicaraguense De Aviacion','NICA',0,'2021-05-23 14:32:01',NULL),(3552,'NIT','Midwest Aviation','NIGHTTRAIN',0,'2021-05-23 14:32:01',NULL),(3553,'NJC','Nashville Jet Charters','NASHVILLE JET',0,'2021-05-23 14:32:01',NULL),(3554,'NJS','National Jet Systems','NATIONAL JET',0,'2021-05-23 14:32:01',NULL),(3555,'NKF','Barents AirLink','NORDFLIGHT',0,'2021-05-23 14:32:01',NULL),(3556,'NKL','Nakheel Aviation','NAKHEEL',0,'2021-05-23 14:32:01',NULL),(3557,'NKS','Spirit Airlines','SPIRIT WINGS',0,'2021-05-23 14:32:01',NULL),(3558,'NKV','Nikolaev-Air','AIR NIKOLAEV',0,'2021-05-23 14:32:01',NULL),(3559,'NKZ','Aerokuzbass','NOVOKUZNETSK',0,'2021-05-23 14:32:01',NULL),(3560,'NLA','Neiltown Air','NEILTOWN AIR',0,'2021-05-23 14:32:01',NULL),(3561,'NLC','Nelair Charters','NELAIR',0,'2021-05-23 14:32:01',NULL),(3562,'NLG','NEL Cargo','NELCARGO',1,'2021-05-23 14:32:01',NULL),(3563,'NLH','Norwegian Long Haul AS','NORSTAR',0,'2021-05-23 14:32:01',NULL),(3564,'NLK','Elbrus-Avia Air Enterprise','ELAVIA',0,'2021-05-23 14:32:01',NULL),(3565,'NLL','Northafrican Air Transport','NORTHAFRICAN AIR',0,'2021-05-23 14:32:01',NULL),(3566,'NLS','Nationale Luchtvaartschool','PANDER',0,'2021-05-23 14:32:01',NULL),(3567,'NLT','Newfoundland Labrador Air Transport','NALAIR',0,'2021-05-23 14:32:01',NULL),(3568,'NLW','Nile Wings Aviation Services','NILE WINGS',0,'2021-05-23 14:32:01',NULL),(3569,'NLY','Niki','FLYNIKI',0,'2021-05-23 14:32:01',NULL),(3570,'NMA','Nesma Airlines','Nesma Airlines',0,'2021-05-23 14:32:01',NULL),(3571,'NMB','Air Namibia','NAMIBIA',0,'2021-05-23 14:32:01',NULL),(3572,'NMD','Nomad Aviation','NOMAD AIR',0,'2021-05-23 14:32:01',NULL),(3573,'NMI','Pacific Wings','TSUNAMI',0,'2021-05-23 14:32:01',NULL),(3574,'NML','Gambia New Millennium Air','NEWMILL',0,'2021-05-23 14:32:01',NULL),(3575,'NOA','Norontair','NORONTAIR',0,'2021-05-23 14:32:01',NULL),(3576,'NOC','Norcopter','',0,'2021-05-23 14:32:01',NULL),(3577,'NOF','Fonnafly','FONNA',0,'2021-05-23 14:32:01',NULL),(3578,'NOH','No. 32 (The Royal) Squadron RAF','NORTHOLT',0,'2021-05-23 14:32:01',NULL),(3579,'NOK','Nok Air','NOK AIR',0,'2021-05-23 14:32:01',NULL),(3580,'NOL','National Overseas Airlines Company','NAT AIRLINE',0,'2021-05-23 14:32:01',NULL),(3581,'NON','Servicios Aereos Latinoamericanos','SERVICIOS LATINO',0,'2021-05-23 14:32:01',NULL),(3582,'NOR','Norsk Helikopter','NORSKE',0,'2021-05-23 14:32:01',NULL),(3583,'NOS','Neos','MOONFLOWER',0,'2021-05-23 14:32:01',NULL),(3584,'NOT','Linea Aerea Costa Norte','COSTA NORTE',0,'2021-05-23 14:32:01',NULL),(3585,'NOV','Nova Airline','NOVANILE',0,'2021-05-23 14:32:01',NULL),(3586,'NOW','Royal Norwegian Air Force','NORWEGIAN',0,'2021-05-23 14:32:01',NULL),(3587,'NOY','Noy Aviation','NOY AVIATION',0,'2021-05-23 14:32:01',NULL),(3588,'NPC','Western Air Couriers','NORPAC',0,'2021-05-23 14:32:01',NULL),(3589,'NPL','Air Nepal International','AIR NEPAL',0,'2021-05-23 14:32:01',NULL),(3590,'NPO','Novosibirsk Aviation Production Association','NOVSIB',0,'2021-05-23 14:32:01',NULL),(3591,'NPR','Air Napier','',0,'2021-05-23 14:32:01',NULL),(3592,'NPT','Atlantic Airlines','NEPTUNE',0,'2021-05-23 14:32:01',NULL),(3593,'NPX','Northeast Aviation','NORTHEAST EXPRESS',0,'2021-05-23 14:32:01',NULL),(3594,'NRC','North Sea Airways','NORTH SEA',0,'2021-05-23 14:32:01',NULL),(3595,'NRD','Nordic Regional','NORTH RIDER',0,'2021-05-23 14:32:01',NULL),(3596,'NRE','Aviones Are','AVIONES ARE',0,'2021-05-23 14:32:01',NULL),(3597,'NRG','Ross Aviation','ENERGY',0,'2021-05-23 14:32:01',NULL),(3598,'NRK','Naturelink Charter','NATURELINK',0,'2021-05-23 14:32:01',NULL),(3599,'NRL','Nolinor Aviation','NOLINOR',0,'2021-05-23 14:32:01',NULL),(3600,'NRN','Royal Netherland Navy','NETHERLANDS NAVY',0,'2021-05-23 14:32:01',NULL),(3601,'NRO','Aero Rent JSC','AEROMASTER',0,'2021-05-23 14:32:01',NULL),(3602,'NRP','Aeronord-Grup','AERONORD',0,'2021-05-23 14:32:01',NULL),(3603,'NRR','Natureair','NATUREAIR',0,'2021-05-23 14:32:01',NULL),(3604,'NRS','Atlantic Richfield Company','NORTH SLOPE',0,'2021-05-23 14:32:01',NULL),(3605,'NRT','Norestair','NORESTAIR',0,'2021-05-23 14:32:01',NULL),(3606,'NRV','North Vancouver Airlines','NORVAN',0,'2021-05-23 14:32:01',NULL),(3607,'NRW','Polizeifliegerstaffel Nordrhein-Westfalen','HUMMEL',0,'2021-05-23 14:32:01',NULL),(3608,'NRX','Norse Air Charter','NORSE AIR',0,'2021-05-23 14:32:01',NULL),(3609,'NRZ','Servicios Aereos Monarrez','MONARREZ',0,'2021-05-23 14:32:01',NULL),(3610,'NSA','Nile Safaris Aviation','NILE SAFARIS',0,'2021-05-23 14:32:01',NULL),(3611,'NSC','Societe De Transport Aerien De Mauritanie','TRANS-SOCIETE',0,'2021-05-23 14:32:01',NULL),(3612,'NSE','SATENA','SATENA',0,'2021-05-23 14:32:01',NULL),(3613,'NSF','Northamptonshire School of Flying','NORTON',0,'2021-05-23 14:32:01',NULL),(3614,'NSK','Air Intersalonika','INTERSALONIKA',0,'2021-05-23 14:32:01',NULL),(3615,'NSL','Neric','NERICAIR',0,'2021-05-23 14:32:01',NULL),(3616,'NSM','Global Jet Corporation','THUNDERCLOUD',0,'2021-05-23 14:32:01',NULL),(3617,'NSO','Aerolineas Sosa','SOSA',0,'2021-05-23 14:32:01',NULL),(3618,'NSP','Novosibirsk Aircraft Repairing Plant','NARPAIR',0,'2021-05-23 14:32:01',NULL),(3619,'NSR','National Air Charter','NASAIR',0,'2021-05-23 14:32:01',NULL),(3620,'NSS','Northstar Aviation','NORTHSTAR',0,'2021-05-23 14:32:01',NULL),(3621,'NSW','Country Connection Airlines','',0,'2021-05-23 14:32:01',NULL),(3622,'NTA','Northern Thunderbird Air','THUNDERBIRD',0,'2021-05-23 14:32:01',NULL),(3623,'NTB','Servicios Aereos Del Norte','SERVINORTE',0,'2021-05-23 14:32:01',NULL),(3624,'NTC','Gibson Aviation','NIGHT CHASE',0,'2021-05-23 14:32:01',NULL),(3625,'NTD','Aero Norte','',0,'2021-05-23 14:32:01',NULL),(3626,'NTE','Interaire','INTERMEX',0,'2021-05-23 14:32:01',NULL),(3627,'NTG','Servicios Intergrales De Aviacion','INTERGRALES',0,'2021-05-23 14:32:01',NULL),(3628,'NTH','Hokkaido Air System','NORTH AIR',0,'2021-05-23 14:32:01',NULL),(3629,'NTJ','NextJet','NEXTJET',0,'2021-05-23 14:32:01',NULL),(3630,'NTK','Natioanl Air Traffic Controllers Association','NATCA',0,'2021-05-23 14:32:01',NULL),(3631,'NTL','Air Anatolia','AIR ANATOLIA',0,'2021-05-23 14:32:01',NULL),(3632,'NTM','North American Airlines','NORTHAM',0,'2021-05-23 14:32:01',NULL),(3633,'NTR','TNT International Aviation','NITRO',0,'2021-05-23 14:32:01',NULL),(3634,'NTS','Cirrus Air','NITE STAR',0,'2021-05-23 14:32:01',NULL),(3635,'NTT','Inter Tropic Airlines','INTER-TROPIC',0,'2021-05-23 14:32:01',NULL),(3636,'NTV','Air Inter Ivoire','INTER-IVOIRE',0,'2021-05-23 14:32:01',NULL),(3637,'NTW','Nationwide Airlines','NATIONWIDE',0,'2021-05-23 14:32:01',NULL),(3638,'NTX','Northern Jet Management','NORTAX',0,'2021-05-23 14:32:01',NULL),(3639,'NUL','Aeroservicios De Nuevo Leon','SERVICIOS NUEVOLEON',0,'2021-05-23 14:32:01',NULL),(3640,'NUN','Nunasi-Central Airlines','NUNASI',0,'2021-05-23 14:32:01',NULL),(3641,'NVA','Nile Valley Aviation Company','',0,'2021-05-23 14:32:01',NULL),(3642,'NVC','NAV CANADA','NAV CAN',0,'2021-05-23 14:32:01',NULL),(3643,'NVD','Nordic Solutions','NORDVIND',0,'2021-05-23 14:32:01',NULL),(3644,'NVG','Novogorod Air Enterprise','SADKO AVIA',0,'2021-05-23 14:32:01',NULL),(3645,'NVI','Avial NV Aviation Company','NEW AVIAL',0,'2021-05-23 14:32:01',NULL),(3646,'NVJ','Fly International Airways','NOUVINTER',0,'2021-05-23 14:32:01',NULL),(3647,'NVK','Nizhnevartovskavia','VARTOSKAVIA',0,'2021-05-23 14:32:01',NULL),(3648,'NVL','Navigator Airlines','NAVLINES',0,'2021-05-23 14:32:01',NULL),(3649,'NVM','Naviera Mexicana','NAVIERA',0,'2021-05-23 14:32:01',NULL),(3650,'NVP','Navegacao Aerea De Portugal','',0,'2021-05-23 14:32:01',NULL),(3651,'NVR','Novair','NAVIGATOR',0,'2021-05-23 14:32:01',NULL),(3652,'NVY','Royal Navy','NAVY',0,'2021-05-23 14:32:01',NULL),(3653,'NWA','Northwest Airlines','NORTHWEST',0,'2021-05-23 14:32:01',NULL),(3654,'NWD','New World Jet Corporation','NEW WORLD',0,'2021-05-23 14:32:01',NULL),(3655,'NWE','Northwest Aero Associates','',0,'2021-05-23 14:32:01',NULL),(3656,'NWG','Airwing','NORWING',0,'2021-05-23 14:32:01',NULL),(3657,'NWL','North-Wright Airways','NORTHWRIGHT',0,'2021-05-23 14:32:01',NULL),(3658,'NWN','Northwinds Northern','NORTHWINDS',0,'2021-05-23 14:32:01',NULL),(3659,'NWO','Northwood Headquarters (RAF','',0,'2021-05-23 14:32:01',NULL),(3660,'NWR','Northwest Regional Airlines','',0,'2021-05-23 14:32:01',NULL),(3661,'NWS','NordWind Airlines','NORDLAND',0,'2021-05-23 14:32:01',NULL),(3662,'NWT','Northwest Territorial Airways','TERRITORIAL',0,'2021-05-23 14:32:01',NULL),(3663,'NWW','North West Airlines','HALANT',0,'2021-05-23 14:32:01',NULL),(3664,'NWZ','Nationwide Airlines (Zambia)','ZAMNAT',0,'2021-05-23 14:32:01',NULL),(3665,'NX1','Nihon.jet connect','',0,'2021-05-23 14:32:01',NULL),(3666,'NXA','Air Next','BLUE-DOLPHIN',0,'2021-05-23 14:32:01',NULL),(3667,'NXB','NEXT Brasil','XB',0,'2021-05-23 14:32:01',NULL),(3668,'NXF','Nextflight Aviation','NEXTFLIGHT',0,'2021-05-23 14:32:01',NULL),(3669,'NXS','Nexus Aviation','NEXUS AVIATION',0,'2021-05-23 14:32:01',NULL),(3670,'NXT','National Express','NATIONAL FREIGHT',0,'2021-05-23 14:32:01',NULL),(3671,'NYA','Nanyah Aviation','NANYAH',0,'2021-05-23 14:32:01',NULL),(3672,'NYB','Belgian Navy','BELGIAN NAVY',0,'2021-05-23 14:32:01',NULL),(3673,'NYH','New York Helicopter','NEW YORK',0,'2021-05-23 14:32:01',NULL),(3674,'NYL','Mid Airlines','NILE',0,'2021-05-23 14:32:01',NULL),(3675,'NYS','Nyasa Express','NYASA',0,'2021-05-23 14:32:01',NULL),(3676,'NYT','Yeti Airlines ','',0,'2021-05-23 14:32:01',NULL),(3677,'NZA','Nayzak Air Transport','',0,'2021-05-23 14:32:01',NULL),(3678,'NZM','Mount Cook Airlines','MOUNTCOOK',0,'2021-05-23 14:32:01',NULL),(3679,'OAA','Oxley Aviation','',0,'2021-05-23 14:32:01',NULL),(3680,'OAB','Orbit Airlines Azerbaijan','Orbitaz',0,'2021-05-23 14:32:01',NULL),(3681,'OAC','Oriental Airlines','ORIENTAL AIR',0,'2021-05-23 14:32:01',NULL),(3682,'OAD','Orscom Tourist Installations Company','ORSCOM',0,'2021-05-23 14:32:01',NULL),(3683,'OAE','Omni Air International','OMNI-EXPRESS',0,'2021-05-23 14:32:01',NULL),(3684,'OAI','Orbit International Airlines','OA',0,'2021-05-23 14:32:01',NULL),(3685,'OAL','Olympic Airlines','OLYMPIC',0,'2021-05-23 14:32:01',NULL),(3686,'OAN','Orbit Atlantic Airways','',0,'2021-05-23 14:32:01',NULL),(3687,'OAO','Arkhangelsk 2 Aviation Division','DVINA',0,'2021-05-23 14:32:01',NULL),(3688,'OAP','COAPA AIR','COAPA',0,'2021-05-23 14:32:01',NULL),(3689,'OAR','Orbit Regional Airlines','OA',0,'2021-05-23 14:32:01',NULL),(3690,'OAV','Omni - Aviacao e Tecnologia','OMNI',0,'2021-05-23 14:32:01',NULL),(3691,'OAW','Helvetic Airways','HELVETIC',0,'2021-05-23 14:32:01',NULL),(3692,'OAX','Operational Aviation Services','',0,'2021-05-23 14:32:01',NULL),(3693,'OBA','Aerobanana','AEROBANANA',0,'2021-05-23 14:32:01',NULL),(3694,'OBK','Amako Airlines','AMAKO AIR',0,'2021-05-23 14:32:01',NULL),(3695,'OBS','Orbest','ORBEST',0,'2021-05-23 14:32:01',NULL),(3696,'OBT','Orbit Airlines','Orbit',0,'2021-05-23 14:32:01',NULL),(3697,'OCA','Aserca Airlines','AROSCA',0,'2021-05-23 14:32:01',NULL),(3698,'OCE','Heliocean','HELIOCEAN',0,'2021-05-23 14:32:01',NULL),(3699,'OCM','O\'Connor Airlines','OCONNOR',0,'2021-05-23 14:32:01',NULL),(3700,'OCN','O Air','O-BIRD',0,'2021-05-23 14:32:01',NULL),(3701,'OCO','Ostend Air College','AIR COLLEGE',0,'2021-05-23 14:32:01',NULL),(3702,'OCS','Ocean Sky (UK)','OCEANSKY',0,'2021-05-23 14:32:01',NULL),(3703,'ODI','Jonsson',' H Air Taxi',0,'2021-05-23 14:32:01',NULL),(3704,'ODM','Pan African Airways','',0,'2021-05-23 14:32:01',NULL),(3705,'ODS','Odessa Airlines','ODESSA AIR',0,'2021-05-23 14:32:01',NULL),(3706,'ODY','Odyssey International','ODYSSEY',0,'2021-05-23 14:32:01',NULL),(3707,'OEA','Orient Thai Airlines','ORIENT THAI',0,'2021-05-23 14:32:01',NULL),(3708,'OEC','Christophorus Flugrettungsverein','CHRISTOPHORUS',0,'2021-05-23 14:32:01',NULL),(3709,'OED','Orion Air Charter','ORION CHARTER',0,'2021-05-23 14:32:01',NULL),(3710,'OFA','Helitaxi Ofavi','OFAVI',0,'2021-05-23 14:32:01',NULL),(3711,'OFF','Challenge International Airlines','CHALLENGE AIR',0,'2021-05-23 14:32:01',NULL),(3712,'OGI','Aerogisa','AEROGISA',0,'2021-05-23 14:32:01',NULL),(3713,'OGJ','Bakoji Airlines Services','BAKO AIR',0,'2021-05-23 14:32:01',NULL),(3714,'OGN','Origin Pacific Airways','ORIGIN',0,'2021-05-23 14:32:01',NULL),(3715,'OHK','Oasis Hong Kong Airlines','OASIS',0,'2021-05-23 14:32:01',NULL),(3716,'OHY','Onur Air','ONUR AIR',0,'2021-05-23 14:32:01',NULL),(3717,'OIC','Iwamoto Crane Co Ltd','',0,'2021-05-23 14:32:01',NULL),(3718,'OIX','Orion-x','ORIONIX',0,'2021-05-23 14:32:01',NULL),(3719,'OJY','Florida Air','OHJAY',0,'2021-05-23 14:32:01',NULL),(3720,'OKA','Okay Airways','OKAYJET',0,'2021-05-23 14:32:01',NULL),(3721,'OKJ','Okada Airlines','OKADA AIR',0,'2021-05-23 14:32:01',NULL),(3722,'OKL','Oklahoma Department of Public Safety','OKLAHOMA',0,'2021-05-23 14:32:01',NULL),(3723,'OKP','Okapi Airways','OKAPI',0,'2021-05-23 14:32:01',NULL),(3724,'OKS','Slok Air Gambia','SLOK GAMBIA',0,'2021-05-23 14:32:01',NULL),(3725,'OKT','Soko Aviation','SOKO AIR',0,'2021-05-23 14:32:01',NULL),(3726,'OLA','Overland Airways','OVERLAND',0,'2021-05-23 14:32:01',NULL),(3727,'OLC','Solar Cargo','SOLARCARGO',1,'2021-05-23 14:32:01',NULL),(3728,'OLE','Operadora de Lineas Ejecutivas','OPERADORA',0,'2021-05-23 14:32:01',NULL),(3729,'OLO','Soloflight','SOLO',0,'2021-05-23 14:32:01',NULL),(3730,'OLR','Colaereos','COLAEREOS',0,'2021-05-23 14:32:01',NULL),(3731,'OLS','Sol Lineas Aereas','FLIGHT SOL',0,'2021-05-23 14:32:01',NULL),(3732,'OLT','Ostfriesische Lufttransport','OLTRA',0,'2021-05-23 14:32:01',NULL),(3733,'OLV','Aerolineas Olve','OLVE',0,'2021-05-23 14:32:01',NULL),(3734,'OLX','Olimex Aerotaxi','OLIMEX',0,'2021-05-23 14:32:01',NULL),(3735,'OLY','Olympic Aviation','OLAVIA',0,'2021-05-23 14:32:01',NULL),(3736,'OMA','Oman Air','OMAN AIR',0,'2021-05-23 14:32:01',NULL),(3737,'OME','Homer Air','',0,'2021-05-23 14:32:01',NULL),(3738,'OMF','Omniflys','OMNIFLYS',0,'2021-05-23 14:32:01',NULL),(3739,'OMG','Aeromega','OMEGA',0,'2021-05-23 14:32:01',NULL),(3740,'OML','Organizacoes Mambra','MAMBRA',0,'2021-05-23 14:32:01',NULL),(3741,'OMR','Minair','ORMINE',0,'2021-05-23 14:32:01',NULL),(3742,'OMS','Omskavia Airline','OMSK',0,'2021-05-23 14:32:01',NULL),(3743,'ONE','Oceanair','OCEANAIR',0,'2021-05-23 14:32:01',NULL),(3744,'ONG','Sonnig SA','SONNIG',0,'2021-05-23 14:32:01',NULL),(3745,'ONM','Presidencia de La Republica de Guinea Ecuatorial','',0,'2021-05-23 14:32:01',NULL),(3746,'ONR','Air One Nine','EDER',0,'2021-05-23 14:32:01',NULL),(3747,'ONT','Air Ontario','ONTARIO',0,'2021-05-23 14:32:01',NULL),(3748,'OOM','Zoom Airlines','ZOOM',0,'2021-05-23 14:32:01',NULL),(3749,'OOT','Out Of The Blue Air Safaris','OOTBAS',0,'2021-05-23 14:32:01',NULL),(3750,'OPA','Opal Air','',0,'2021-05-23 14:32:01',NULL),(3751,'OPC','Krystel Air Charter','OPTIC',0,'2021-05-23 14:32:01',NULL),(3752,'OPS','Jet-Ops','OPS-JET',0,'2021-05-23 14:32:01',NULL),(3753,'OPT','Flight Options','OPTIONS',0,'2021-05-23 14:32:01',NULL),(3754,'OPV','Operadora de Veulos Ejectutivos','OPERADORA DE VUELOS',0,'2021-05-23 14:32:01',NULL),(3755,'ORA','Long Island Airlines','LONG ISLAND',0,'2021-05-23 14:32:01',NULL),(3756,'ORB','Orenburg Airlines','ORENBURG',0,'2021-05-23 14:32:01',NULL),(3757,'ORC','Orchid Airlines','',0,'2021-05-23 14:32:01',NULL),(3758,'ORD','Orange Air Services','ORANGE SERVICES',0,'2021-05-23 14:32:01',NULL),(3759,'ORE','Orange Aviation','ORANGE AVIATION',0,'2021-05-23 14:32:01',NULL),(3760,'ORF','Oman Royal Flight','OMAN',0,'2021-05-23 14:32:01',NULL),(3761,'ORG','Orenburzhie','',0,'2021-05-23 14:32:01',NULL),(3762,'ORJ','Orange Air Sierra Leone','ORANGE SIERRA',0,'2021-05-23 14:32:01',NULL),(3763,'ORK','Orca Air','ORCA TAXI',0,'2021-05-23 14:32:01',NULL),(3764,'ORL','On Air Limited','ON AIR',0,'2021-05-23 14:32:01',NULL),(3765,'ORM','Orel State Air Enterprise','ORPRISE',0,'2021-05-23 14:32:01',NULL),(3766,'ORN','Orient Airways','ORIENT LINER',0,'2021-05-23 14:32:01',NULL),(3767,'ORO','C N Air','CAPRI',0,'2021-05-23 14:32:01',NULL),(3768,'ORP','Aerocorp','CORPSA',0,'2021-05-23 14:32:01',NULL),(3769,'ORR','Operadora Turistica Aurora','TURISTICA AURORA',0,'2021-05-23 14:32:01',NULL),(3770,'ORS','Action Air','AVIATION SERVICE',0,'2021-05-23 14:32:01',NULL),(3771,'ORX','Orbit Express Airlines','OREX',0,'2021-05-23 14:32:01',NULL),(3772,'ORZ','Zorex','ZOREX',0,'2021-05-23 14:32:01',NULL),(3773,'OSA','Open Sky Aviation','',0,'2021-05-23 14:32:01',NULL),(3774,'OSH','Osh Avia','OSH AVIA',0,'2021-05-23 14:32:01',NULL),(3775,'OSL','Sosoliso Airlines','SOSOLISO',0,'2021-05-23 14:32:01',NULL),(3776,'OSN','Aerosan','AEROSAN',0,'2021-05-23 14:32:01',NULL),(3777,'OSO','Aviapartner Limited Company','',0,'2021-05-23 14:32:01',NULL),(3778,'OSS','Servicios Aereos Noticiosos','NOTICIOSOS',0,'2021-05-23 14:32:01',NULL),(3779,'OST','Airline Alania','ALANIA',0,'2021-05-23 14:32:01',NULL),(3780,'OSW','JetAfrica Swaziland','BEVO',0,'2021-05-23 14:32:01',NULL),(3781,'OSY','Open Skies Consultative Commission','OPEN SKIES',0,'2021-05-23 14:32:01',NULL),(3782,'OTA','Organizacion De Transportes Aereos','ORGANIZACION',0,'2021-05-23 14:32:01',NULL),(3783,'OTG','One Two Go Airlines','THAI EXPRESS',0,'2021-05-23 14:32:01',NULL),(3784,'OTJ','Fly Romania','TENDER AIR',0,'2021-05-23 14:32:01',NULL),(3785,'OTL','South Airlines','SOUTHLINE',0,'2021-05-23 14:32:01',NULL),(3786,'OTM','Onetime Airlines Zambia','ZEDTIME',0,'2021-05-23 14:32:01',NULL),(3787,'OTN','LASTP','LASTP',0,'2021-05-23 14:32:01',NULL),(3788,'OTP','Operadora de Transportes Aereos','OPERADORA AEREO',0,'2021-05-23 14:32:01',NULL),(3789,'OTR','Orient Airlines','ORIENTROC',0,'2021-05-23 14:32:01',NULL),(3790,'OUL','Air Atonabee','CITY EXPRESS',0,'2021-05-23 14:32:01',NULL),(3791,'OVA','Aero Nova','AERONOVA',0,'2021-05-23 14:32:01',NULL),(3792,'OVC','Aerovic','',0,'2021-05-23 14:32:01',NULL),(3793,'OVE','Aeromover','AEROMOVER',0,'2021-05-23 14:32:01',NULL),(3794,'OVI','Aerovias Ejecutivas','VIAS EJECUTIVAS',0,'2021-05-23 14:32:01',NULL),(3795,'OVV','Orient Air','ORIENTSYR',0,'2021-05-23 14:32:01',NULL),(3796,'OWL','Miami Valley Aviation','NIGHT OWL',0,'2021-05-23 14:32:01',NULL),(3797,'OXE','Oxaero','OXOE',0,'2021-05-23 14:32:01',NULL),(3798,'OXO','Million Air','MILL AIR',0,'2021-05-23 14:32:01',NULL),(3799,'OYE','Koda International','KODA AIR',0,'2021-05-23 14:32:01',NULL),(3800,'OZJ','Ozjet Airlines','AUSJET',0,'2021-05-23 14:32:01',NULL),(3801,'OZR','Ozark Air Lines','OZARK',0,'2021-05-23 14:32:01',NULL),(3802,'OZU','Hozu-Avia','HOZAVIA',0,'2021-05-23 14:32:01',NULL),(3803,'OZW','Skywest Airlines','OZWEST',0,'2021-05-23 14:32:01',NULL),(3804,'PAA','Pan American Airways','',0,'2021-05-23 14:32:01',NULL),(3805,'PAA','Pan American World Airways','CLIPPER',0,'2021-05-23 14:32:01',NULL),(3806,'PAB','Pacific Air Boats','AIR BOATS',0,'2021-05-23 14:32:01',NULL),(3807,'PAC','Polar Air Cargo','POLAR',1,'2021-05-23 14:32:01',NULL),(3808,'PAD','Professional Express Courier Service','AIR PROFESSIONAL',0,'2021-05-23 14:32:01',NULL),(3809,'PAE','Paisajes Espanoles','PAISAJES',0,'2021-05-23 14:32:01',NULL),(3810,'PAG','Perimeter Aviation','PERIMETER',0,'2021-05-23 14:32:01',NULL),(3811,'PAH','Panorama Air Tour','LANI',0,'2021-05-23 14:32:01',NULL),(3812,'PAI','Paradise Airways','SEA RAY',0,'2021-05-23 14:32:01',NULL),(3813,'PAJ','Aliparma','ALIPARMA',0,'2021-05-23 14:32:01',NULL),(3814,'PAK','Pacific Alaska Airlines','PACIFIC ALASKA',0,'2021-05-23 14:32:01',NULL),(3815,'PAL','Philippine Airlines','PHILIPPINE',0,'2021-05-23 14:32:01',NULL),(3816,'PAM','Phoenix Air Service','PHOENIX',0,'2021-05-23 14:32:01',NULL),(3817,'PAO','Polynesian Airlines','POLYNESIAN',0,'2021-05-23 14:32:01',NULL),(3818,'PAP','Langtry Flying Group','PROFLIGHT',0,'2021-05-23 14:32:01',NULL),(3819,'PAR','Pacific Rim Airways','PACRIM',0,'2021-05-23 14:32:01',NULL),(3820,'PAS','Pelita Air Service','PELITA',0,'2021-05-23 14:32:01',NULL),(3821,'PAT','Priority Air Transport','PAT',0,'2021-05-23 14:32:01',NULL),(3822,'PAV','VIP Avia','NICOL',0,'2021-05-23 14:32:01',NULL),(3823,'PAW','Pointair Burkina','POINTAIR BURKINA',0,'2021-05-23 14:32:01',NULL),(3824,'PAX','Pan Air','PANNEX',0,'2021-05-23 14:32:01',NULL),(3825,'PAZ','Point Afrique Niger','POINTAIR NIGER',0,'2021-05-23 14:32:01',NULL),(3826,'PBA','PB Air','PEEBEE AIR',0,'2021-05-23 14:32:01',NULL),(3827,'PBB','Polizeihubschrauberstaffel Brandenburg','ADEBAR',0,'2021-05-23 14:32:01',NULL),(3828,'PBD','Pobeda','POBEDA',0,'2021-05-23 14:32:01',NULL),(3829,'PBN','Pacific Blue','BLUEBIRD',0,'2021-05-23 14:32:01',NULL),(3830,'PBT','Air Parabet','PARABET',0,'2021-05-23 14:32:01',NULL),(3831,'PBU','Air Burundi','AIR-BURUNDI',0,'2021-05-23 14:32:01',NULL),(3832,'PBW','Polizeihubschrauberstaffel Baden-Wurtemberg','BUSSARD',0,'2021-05-23 14:32:01',NULL),(3833,'PBY','Pearl Air Services','PEARL SERVICES',0,'2021-05-23 14:32:01',NULL),(3834,'PCA','Penya De L\'Aire','PENA DEL AIRE',0,'2021-05-23 14:32:01',NULL),(3835,'PCC','Perforadora Central','PERFORADORA CENTRAL',0,'2021-05-23 14:32:01',NULL),(3836,'PCE','Pace Airlines','PACE',0,'2021-05-23 14:32:01',NULL),(3837,'PCF','Pacific Air Express','PACIFIC EXPRESS',0,'2021-05-23 14:32:01',NULL),(3838,'PCG','Aeropostal Cargo de Mexico','POSTAL CARGO',1,'2021-05-23 14:32:01',NULL),(3839,'PCH','Pilatus Flugzeugwerke','PILATUS WINGS',0,'2021-05-23 14:32:01',NULL),(3840,'PCJ','Pacific Jet','PACIFIC JET',0,'2021-05-23 14:32:01',NULL),(3841,'PCK','Air Pack Express','AIRPACK EXPRESS',0,'2021-05-23 14:32:01',NULL),(3842,'PCL','Pinnacle Air Group','PINNACLE GROUP',0,'2021-05-23 14:32:01',NULL),(3843,'PCM','Westair Industries','PAC VALLEY',0,'2021-05-23 14:32:01',NULL),(3844,'PCN','Princeton Aviation Corporation','PRINCETON',0,'2021-05-23 14:32:01',NULL),(3845,'PCO','Pacific Coastal Airline','PASCO',0,'2021-05-23 14:32:01',NULL),(3846,'PCR','PAC Air','PACAIR',0,'2021-05-23 14:32:01',NULL),(3847,'PCS','Air Palace','AIR PALACE',0,'2021-05-23 14:32:01',NULL),(3848,'PCV','Pacific Aviation (Australia)','PACAV',0,'2021-05-23 14:32:01',NULL),(3849,'PCW','Trans-Pacific Orient Airways','PACIFIC ORIENT',0,'2021-05-23 14:32:01',NULL),(3850,'PCX','Pacific Aviation (United States)','',0,'2021-05-23 14:32:01',NULL),(3851,'PDA','Podilia-Avia','PODILIA',0,'2021-05-23 14:32:01',NULL),(3852,'PDC','Potomac Air','DISTRICT',0,'2021-05-23 14:32:01',NULL),(3853,'PDD','Phillips Alaska','PADA',0,'2021-05-23 14:32:01',NULL),(3854,'PDF','Pelican Air Services','PELICAN AIRWAYS',0,'2021-05-23 14:32:01',NULL),(3855,'PDG','PLM Dollar Group','OSPREY',0,'2021-05-23 14:32:01',NULL),(3856,'PDI','Paradise Island Airways','PARADISE ISLAND',0,'2021-05-23 14:32:01',NULL),(3857,'PDQ','PDQ Air Charter','DISPATCH',0,'2021-05-23 14:32:01',NULL),(3858,'PDR','COMAV','SPEEDSTER',0,'2021-05-23 14:32:01',NULL),(3859,'PDT','Piedmont Airlines (1948-1989)','PIEDMONT',0,'2021-05-23 14:32:01',NULL),(3860,'PDV','Elicar','ELICAR',0,'2021-05-23 14:32:01',NULL),(3861,'PDY','Pen-Avia','PENDLEY',0,'2021-05-23 14:32:01',NULL),(3862,'PEA','Pan Europeenne Air Service','',0,'2021-05-23 14:32:01',NULL),(3863,'PEB','Benders Air','PALEMA',0,'2021-05-23 14:32:01',NULL),(3864,'PEC','Pacific East Asia Cargo Airlines','PAC-EAST CARGO',1,'2021-05-23 14:32:01',NULL),(3865,'PEI','Panamedia','PANAMEDIA',0,'2021-05-23 14:32:01',NULL),(3866,'PEL','Aeropelican Air Services','PELICAN',0,'2021-05-23 14:32:01',NULL),(3867,'PEM','Pem-Air','PEM-AIR',0,'2021-05-23 14:32:01',NULL),(3868,'PEN','Peninsula Airways','PENINSULA',0,'2021-05-23 14:32:01',NULL),(3869,'PER','Pioneers Limited','',0,'2021-05-23 14:32:01',NULL),(3870,'PET','Aerotransporte Petrolero','AEROPETRO',0,'2021-05-23 14:32:01',NULL),(3871,'PEV','Pegasus Aviation','PEGAVIATION',0,'2021-05-23 14:32:01',NULL),(3872,'PEX','Pelican Express','PELICAN EXPRESS',0,'2021-05-23 14:32:01',NULL),(3873,'PFA','Pacific Flight Services','PACIFIC SING',0,'2021-05-23 14:32:01',NULL),(3874,'PFI','Aerolineas Chihuahua','PACIFICO CHIHUAHUA',0,'2021-05-23 14:32:01',NULL),(3875,'PFL','Pacific Flier','KOROR',0,'2021-05-23 14:32:01',NULL),(3876,'PFN','Pan African Air Services','PANAFRICAN',0,'2021-05-23 14:32:01',NULL),(3877,'PFR','Pacificair Airlines','PACIFIC WEST',0,'2021-05-23 14:32:01',NULL),(3878,'PFS','Prairie Flying Service','PRAIRIE',0,'2021-05-23 14:32:01',NULL),(3879,'PFT','Air Cargo Express International','PROFREIGHT',1,'2021-05-23 14:32:01',NULL),(3880,'PFZ','Propflight Air Services','PROFLIGHT-ZAMBIA',0,'2021-05-23 14:32:01',NULL),(3881,'PGA','Portugalia','PORTUGALIA',0,'2021-05-23 14:32:01',NULL),(3882,'PGF','Paragon Global Flight Support','',0,'2021-05-23 14:32:01',NULL),(3883,'PGH','Pulkovo Aircraft Services','',0,'2021-05-23 14:32:01',NULL),(3884,'PGI','Panagra Airways','PANAGRA',0,'2021-05-23 14:32:01',NULL),(3885,'PGL','Premiair Aviation Services','PREMIERE',0,'2021-05-23 14:32:01',NULL),(3886,'PGP','Perm Airlines','PERM AIR',0,'2021-05-23 14:32:01',NULL),(3887,'PGS','Tauranga Aer Club','',0,'2021-05-23 14:32:01',NULL),(3888,'PGT','Pegasus Airlines','SUNTURK',0,'2021-05-23 14:32:01',NULL),(3889,'PGX','Paragon Air Express','PARAGON EXPRESS',0,'2021-05-23 14:32:01',NULL),(3890,'PHA','Phoenix Air Group','GRAY BIRD',0,'2021-05-23 14:32:01',NULL),(3891,'PHB','Phoebus Apollo Aviation','PHOEBUS',0,'2021-05-23 14:32:01',NULL),(3892,'PHC','Petroleum Helicopters de Colombia','HELICOPTERS',0,'2021-05-23 14:32:01',NULL),(3893,'PHD','Duncan Aviation','PANHANDLE',0,'2021-05-23 14:32:01',NULL),(3894,'PHE','Pawan Hans','PAWAN HANS',0,'2021-05-23 14:32:01',NULL),(3895,'PHG','Phoenix Aviation','PHOENIX GROUP',0,'2021-05-23 14:32:01',NULL),(3896,'PHH','Polizeihubschrauberstaffel Hessen','IBIS',0,'2021-05-23 14:32:01',NULL),(3897,'PHI','Philips Aviation Services','PHILAIR',0,'2021-05-23 14:32:01',NULL),(3898,'PHJ','Pim Air','Pim Air',0,'2021-05-23 14:32:01',NULL),(3899,'PHL','Phillips Michigan City Flying Service','PHILLIPS',0,'2021-05-23 14:32:01',NULL),(3900,'PHM','Petroleum Helicopters','PETROLEUM',0,'2021-05-23 14:32:01',NULL),(3901,'PHN','Phoenix Air Lines','PHOENIX BRASIL',0,'2021-05-23 14:32:01',NULL),(3902,'PHO','L&L Flygbildteknik','PHOTOFLIGHT',0,'2021-05-23 14:32:01',NULL),(3903,'PHR','Al Farana Airline','PHARAOH',0,'2021-05-23 14:32:01',NULL),(3904,'PHS','Polizeihubschrauberstaffel Sachsen','PASSAT',0,'2021-05-23 14:32:01',NULL),(3905,'PHT','Pan Havacilik Ve Ticaret','PANANK',0,'2021-05-23 14:32:01',NULL),(3906,'PHU','Pannon Air Service','PANNON',0,'2021-05-23 14:32:01',NULL),(3907,'PHV','Phenix Aviation','NEW BIRD',0,'2021-05-23 14:32:01',NULL),(3908,'PHW','Ave.com','PHOENIX SHARJAH',0,'2021-05-23 14:32:01',NULL),(3909,'PHY','Phoenix Avia','PHOENIX ARMENIA',0,'2021-05-23 14:32:01',NULL),(3910,'PIA','Pakistan International Airlines','PAKISTAN',0,'2021-05-23 14:32:01',NULL),(3911,'PIC','Jetstar Pacific','PACIFIC AIRLINES',0,'2021-05-23 14:32:01',NULL),(3912,'PIE','Air South West','PIRATE',0,'2021-05-23 14:32:01',NULL),(3913,'PIF','Aeroservicios California Pacifico','AEROCALPA',0,'2021-05-23 14:32:01',NULL),(3914,'PIK','Polizeihuberschrauberstaffel Sachsen-Anhalt','POLICE IKARUS',0,'2021-05-23 14:32:01',NULL),(3915,'PIL','Canada Jet Charters','PINNACLE',0,'2021-05-23 14:32:01',NULL),(3916,'PIM','Pinframat','PINFRAMAT',0,'2021-05-23 14:32:01',NULL),(3917,'PIN','Pacific International Airlines','ROAD RUNNERS',0,'2021-05-23 14:32:01',NULL),(3918,'PIO','Pioneer Airlines','PIONEER',0,'2021-05-23 14:32:01',NULL),(3919,'PIR','Pamir Airways','PAMIR',0,'2021-05-23 14:32:01',NULL),(3920,'PIV','Sokol','AEROSOKOL',0,'2021-05-23 14:32:01',NULL),(3921,'PIX','Metropix UK','METROPIX',0,'2021-05-23 14:32:01',NULL),(3922,'PJA','Private Jet Management','PRIVATE FLIGHT',0,'2021-05-23 14:32:01',NULL),(3923,'PJE','Private Jet Expeditions','PEE JAY',0,'2021-05-23 14:32:01',NULL),(3924,'PJP','Princely Jets','PRINCELY JETS',0,'2021-05-23 14:32:01',NULL),(3925,'PJS','Jet Aviation','JETAVIATION',0,'2021-05-23 14:32:01',NULL),(3926,'PKA','AST Pakistan Airways','PAKISTAN AIRWAY',0,'2021-05-23 14:32:01',NULL),(3927,'PKP','Mountain Air Express','PIKES PEAK',0,'2021-05-23 14:32:01',NULL),(3928,'PKR','Pakker Avio','PAKKER AVIO',0,'2021-05-23 14:32:01',NULL),(3929,'PKV','','',0,'2021-05-23 14:32:01',NULL),(3930,'PKW','Pak West Airlines','PLATINUM WEST',0,'2021-05-23 14:32:01',NULL),(3931,'PKZ','Prime Aviation','PRAVI',0,'2021-05-23 14:32:01',NULL),(3932,'PLA','Polynesian Air-Ways','POLYAIR',0,'2021-05-23 14:32:01',NULL),(3933,'PLB','Polynesian Blue','POLYBLUE',0,'2021-05-23 14:32:01',NULL),(3934,'PLC','Police Aviation Services','SPECIAL',0,'2021-05-23 14:32:01',NULL),(3935,'PLF','Polish Air Force','POLISH AIRFORCE',0,'2021-05-23 14:32:01',NULL),(3936,'PLI','Aeroper','Aeroperu',0,'2021-05-23 14:32:01',NULL),(3937,'PLL','Air Pal','AIRPAL',0,'2021-05-23 14:32:01',NULL),(3938,'PLM','Air Pullmantur','PULLMANTUR',0,'2021-05-23 14:32:01',NULL),(3939,'PLN','Planar','PLANAR',0,'2021-05-23 14:32:01',NULL),(3940,'PLR','Northwestern Air','POLARIS',0,'2021-05-23 14:32:01',NULL),(3941,'PLT','South Carolina Aeronautics Commission','PALMETTO',0,'2021-05-23 14:32:01',NULL),(3942,'PLU','Pilatus PC-12 Center De Mexico','PILATUS MEXICO',0,'2021-05-23 14:32:01',NULL),(3943,'PLX','Pool Aviation','POOLEX',0,'2021-05-23 14:32:01',NULL),(3944,'PLY','Puma Linhas Aereas','PUMA BRASIL',0,'2021-05-23 14:32:01',NULL),(3945,'PLZ','Planet Airways','PLANET',0,'2021-05-23 14:32:01',NULL),(3946,'PMA','Pan Malaysian Air Transport','PAN MALAYSIA',0,'2021-05-23 14:32:01',NULL),(3947,'PMC','Primas Courier','PRIMAC',0,'2021-05-23 14:32:01',NULL),(3948,'PME','Premiair Fliyng Club','ADUR',0,'2021-05-23 14:32:01',NULL),(3949,'PMK','Palair Macedonia','',0,'2021-05-23 14:32:01',NULL),(3950,'PMM','Primair','PRIMAVIA',0,'2021-05-23 14:32:01',NULL),(3951,'PMO','Polar Airlines de Mexico','POLAR MEXICO',0,'2021-05-23 14:32:01',NULL),(3952,'PMR','Servicios Aereos Premier','SERVICIOS PREMIER',0,'2021-05-23 14:32:01',NULL),(3953,'PMS','Planemaster Services','PLANEMASTER',0,'2021-05-23 14:32:01',NULL),(3954,'PMT','PMTair','MULTITRADE',0,'2021-05-23 14:32:01',NULL),(3955,'PMU','Premium Aviation','PREMIUM',0,'2021-05-23 14:32:01',NULL),(3956,'PMV','Polizeihubschrauberstaffel Mecklenburg-Vorpommern','POLICE MERLIN',0,'2021-05-23 14:32:01',NULL),(3957,'PMW','Paramount Airways','PARAWAY',0,'2021-05-23 14:32:01',NULL),(3958,'PMX','Petroleos Mexicanos','PEMEX',0,'2021-05-23 14:32:01',NULL),(3959,'PMY','Phetchabun Airline','PHETCHABUN AIR',0,'2021-05-23 14:32:01',NULL),(3960,'PNA','Universal Airlines','PACIFIC NORTHERN',0,'2021-05-23 14:32:01',NULL),(3961,'PNC','Pan-Air','PANAIRSA',0,'2021-05-23 14:32:01',NULL),(3962,'PND','Pond Air Express','POND AIR',0,'2021-05-23 14:32:01',NULL),(3963,'PNE','Peninter Aerea','PENINTER',0,'2021-05-23 14:32:01',NULL),(3964,'PNF','Panafrican Airways','PANWAYS',0,'2021-05-23 14:32:01',NULL),(3965,'PNG','Puerto Rico National Guard','',0,'2021-05-23 14:32:01',NULL),(3966,'PNH','Panh','KUBAN LIK',0,'2021-05-23 14:32:01',NULL),(3967,'PNL','Aero Personal','AEROPERSONAL',0,'2021-05-23 14:32:01',NULL),(3968,'PNM','Panorama','PANORAMA',0,'2021-05-23 14:32:01',NULL),(3969,'PNP','Pineapple Air','PINEAPPLE AIR',0,'2021-05-23 14:32:01',NULL),(3970,'PNR','PAN Air','SKYJET',0,'2021-05-23 14:32:01',NULL),(3971,'PNS','Survey Udara (Penas)','PENAS',0,'2021-05-23 14:32:01',NULL),(3972,'PNT','Balmoral Central Contracts','PORTNET',0,'2021-05-23 14:32:01',NULL),(3973,'PNU','Aero Servicios Platinum','AERO PLATINUM',0,'2021-05-23 14:32:01',NULL),(3974,'PNW','Palestinian Airlines','PALESTINIAN',0,'2021-05-23 14:32:01',NULL),(3975,'PNX','Imperial Airways','PHOENIX',0,'2021-05-23 14:32:01',NULL),(3976,'PNY','Polish Navy','POLISH NAVY',0,'2021-05-23 14:32:01',NULL),(3977,'POA','Portuguese Army','PORTUGUESE ARMY',0,'2021-05-23 14:32:01',NULL),(3978,'POB','Servicios Aereos Poblanos','POBLANOS',0,'2021-05-23 14:32:01',NULL),(3979,'POC','Pocono Air Lines','POCONO',0,'2021-05-23 14:32:01',NULL),(3980,'POE','Porter Airlines','PORTER AIR',0,'2021-05-23 14:32:01',NULL),(3981,'POF','Police Aux Frontiers','AIRPOL',0,'2021-05-23 14:32:01',NULL),(3982,'POI','BGB Air','BOJBAN',0,'2021-05-23 14:32:01',NULL),(3983,'POL','Rikspolisstyrelsen','',0,'2021-05-23 14:32:01',NULL),(3984,'PON','Portuguese Navy','PORTUGUESE NAVY',0,'2021-05-23 14:32:01',NULL),(3985,'POR','Porteadora De Cosola','PORTEADORA',0,'2021-05-23 14:32:01',NULL),(3986,'POT','Polet','POLET',0,'2021-05-23 14:32:01',NULL),(3987,'POV','Meridian','AIR POLTAVA',0,'2021-05-23 14:32:01',NULL),(3988,'POW','Hagondale Limited','AIRNET',0,'2021-05-23 14:32:01',NULL),(3989,'POY','Apoyo Aereo','APOYO AEREO',0,'2021-05-23 14:32:01',NULL),(3990,'PPA','Propheter Aviation','AIR PROP',0,'2021-05-23 14:32:01',NULL),(3991,'PPC','Palau Asia Pacific Airlines','PALAU ASIAPAC',0,'2021-05-23 14:32:01',NULL),(3992,'PPG','Phoenix Air Transport','PAPAGO',0,'2021-05-23 14:32:01',NULL),(3993,'PPH','Polizeihibschrauberstaffel Neidersachsen','POLICE PHOENIX',0,'2021-05-23 14:32:01',NULL),(3994,'PPK','Ramp 66','PELICAN',0,'2021-05-23 14:32:01',NULL),(3995,'PPL','Air Pegasus','',0,'2021-05-23 14:32:01',NULL),(3996,'PPM','Pacific Pearl Airways','PACIFIC PEARL',0,'2021-05-23 14:32:01',NULL),(3997,'PPQ','Personas Y Pasquetes Por Air','PERSONSPAQ',0,'2021-05-23 14:32:01',NULL),(3998,'PPS','Butte Aviation','PIPESTONE',0,'2021-05-23 14:32:01',NULL),(3999,'PPW','Royal Phnom Penh Airways','PHNOM-PENH AIR',0,'2021-05-23 14:32:01',NULL),(4000,'PQA','Pacific Coast Airlines','SAGE BRUSH',0,'2021-05-23 14:32:01',NULL),(4001,'PQW','PanAm World Airways','',0,'2021-05-23 14:32:01',NULL),(4002,'PRA','Pars Aviation Service','PARSAVIA',0,'2021-05-23 14:32:01',NULL),(4003,'PRC','Pacific Air Charter','PACIFIC CHARTER',0,'2021-05-23 14:32:01',NULL),(4004,'PRD','Presidential Aviation','PRESIDENTIAL',0,'2021-05-23 14:32:01',NULL),(4005,'PRE','Precision Airlines','PRECISION',0,'2021-05-23 14:32:01',NULL),(4006,'PRF','Precision Air','PRECISION AIR',0,'2021-05-23 14:32:01',NULL),(4007,'PRG','Empresa Aero-Servicios Parrague','ASPAR',0,'2021-05-23 14:32:01',NULL),(4008,'PRH','Pro Air','PROHAWK',0,'2021-05-23 14:32:01',NULL),(4009,'PRI','Aerotransportes Privados','AEROPRIV',0,'2021-05-23 14:32:01',NULL),(4010,'PRL','Pearl Air','PEARL LINE',0,'2021-05-23 14:32:01',NULL),(4011,'PRM','Prime Air','PRIME AIR',0,'2021-05-23 14:32:01',NULL),(4012,'PRN','Pirinair Express','PRINAIR EXPRESS',0,'2021-05-23 14:32:01',NULL),(4013,'PRO','Propair','PROPAIR',0,'2021-05-23 14:32:01',NULL),(4014,'PRP','PRT Aviation','PRONTO',0,'2021-05-23 14:32:01',NULL),(4015,'PRR','Paramount Airlines','PARAMOUNT',0,'2021-05-23 14:32:01',NULL),(4016,'PRT','Atlantic Coast Jet','PATRIOT',0,'2021-05-23 14:32:01',NULL),(4017,'PRV','Provincial Express','PROVINCIAL',0,'2021-05-23 14:32:01',NULL),(4018,'PRX','VIP Avia','PAREX',0,'2021-05-23 14:32:01',NULL),(4019,'PRY','Priority Air Charter','PRIORITY AIR',0,'2021-05-23 14:32:01',NULL),(4020,'PRZ','Air Paradise International','RADISAIR',0,'2021-05-23 14:32:01',NULL),(4021,'PSA','Pacific Island Aviation','PACIFIC ISLE',0,'2021-05-23 14:32:01',NULL),(4022,'PSB','Syrian Pearl Airlines','',0,'2021-05-23 14:32:01',NULL),(4023,'PSC','Pascan Aviation','PASCAN',0,'2021-05-23 14:32:01',NULL),(4024,'PSD','President Airlines','',0,'2021-05-23 14:32:01',NULL),(4025,'PSE','Aeroservicio Sipse','SIPSE',0,'2021-05-23 14:32:01',NULL),(4026,'PSF','Plymouth School of Flying','LIZARD',0,'2021-05-23 14:32:01',NULL),(4027,'PSG','Aviones Para Servirle','SERVIAVIONES',0,'2021-05-23 14:32:01',NULL),(4028,'PSH','Red Aviation','PASSION',0,'2021-05-23 14:32:01',NULL),(4029,'PSI','Pont International Airline Services','PONT',0,'2021-05-23 14:32:01',NULL),(4030,'PSL','Aeroservicios Corporativos De San Luis','CORSAN',0,'2021-05-23 14:32:01',NULL),(4031,'PSN','Potosina Del Aire','POTOSINA',0,'2021-05-23 14:32:01',NULL),(4032,'PSP','Publiservicios Aereos','PUBLISERVICIOS',0,'2021-05-23 14:32:01',NULL),(4033,'PSR','Polestar Aviation','POLESTAR',0,'2021-05-23 14:32:01',NULL),(4034,'PSS','TSSKB-Progress','PROGRESS',0,'2021-05-23 14:32:01',NULL),(4035,'PST','Parsa','TURISMO REGIONAL',0,'2021-05-23 14:32:01',NULL),(4036,'PSV','Servicios Aereos Profesionales','PROSERVICIOS',0,'2021-05-23 14:32:01',NULL),(4037,'PSW','Pskovavia','PSKOVAVIA',0,'2021-05-23 14:32:01',NULL),(4038,'PSX','Pacific Southwest Airlines','SMILEY',0,'2021-05-23 14:32:01',NULL),(4039,'PSZ','Pro Air Service','POP-AIR',0,'2021-05-23 14:32:01',NULL),(4040,'PTA','Ptarmigan Airways','PTARMIGAN',0,'2021-05-23 14:32:01',NULL),(4041,'PTB','Passaredo Transportes Aereos','PASSAREDO',0,'2021-05-23 14:32:01',NULL),(4042,'PTC','Patria Cargas Aereas','PATRIA',0,'2021-05-23 14:32:01',NULL),(4043,'PTD','Aero Servicio Pity','PITY',0,'2021-05-23 14:32:01',NULL),(4044,'PTE','Aero Copter','',0,'2021-05-23 14:32:01',NULL),(4045,'PTH','Proteus Helicopteres','PROTEUS',0,'2021-05-23 14:32:01',NULL),(4046,'PTI','Privatair','PRIVATAIR',0,'2021-05-23 14:32:01',NULL),(4047,'PTK','Petropavlovsk-Kamchatsk Air Enterprise','PETROKAM',0,'2021-05-23 14:32:01',NULL),(4048,'PTL','Providence Airline','PLANTATION',0,'2021-05-23 14:32:01',NULL),(4049,'PTM','Southeastern Airways','POSTMAN',0,'2021-05-23 14:32:01',NULL),(4050,'PTN','Pantanal Linhas Areas','PANTANAL',0,'2021-05-23 14:32:01',NULL),(4051,'PTO','North West Geomatics','PHOTO',0,'2021-05-23 14:32:01',NULL),(4052,'PTP','Palau Trans Pacific Airline','TRANS PACIFIC',0,'2021-05-23 14:32:01',NULL),(4053,'PTQ','Port Townsend Airways','TOWNSEND',0,'2021-05-23 14:32:01',NULL),(4054,'PTR','Nova Scotia Department of Lands and Forests','PATROL',0,'2021-05-23 14:32:01',NULL),(4055,'PTS','Points of Call Airlines','POINTSCALL',0,'2021-05-23 14:32:01',NULL),(4056,'PTT','Promotora Industria Totolapa','TOTOLAPA',0,'2021-05-23 14:32:01',NULL),(4057,'PTV','Puntavia Air Services','PUNTAVIA',0,'2021-05-23 14:32:01',NULL),(4058,'PTY','Petty Transport','PETTY',0,'2021-05-23 14:32:01',NULL),(4059,'PUA','PLUNA','PLUNA',0,'2021-05-23 14:32:01',NULL),(4060,'PUE','Aeropuelche','PUELCHE',0,'2021-05-23 14:32:01',NULL),(4061,'PUR','Spurwing Airlines','SPURWING',0,'2021-05-23 14:32:01',NULL),(4062,'PUT','Aeroput','',0,'2021-05-23 14:32:01',NULL),(4063,'PUV','Publivoo','PUBLIVOO',0,'2021-05-23 14:32:01',NULL),(4064,'PVA','Aerotransportes Privados','TRANSPRIVADO',0,'2021-05-23 14:32:01',NULL),(4065,'PVG','Privilege Style L','PRIVILEGE',0,'2021-05-23 14:32:01',NULL),(4066,'PVI','Panavia','',0,'2021-05-23 14:32:01',NULL),(4067,'PVK','Association of Private Pilots of Kazakhstan','BORIS',0,'2021-05-23 14:32:01',NULL),(4068,'PVL','Professione VOlare','VOLARE',0,'2021-05-23 14:32:01',NULL),(4069,'PVO','Bearing Supplies Limited','PROVOST',0,'2021-05-23 14:32:01',NULL),(4070,'PVU','Peau Vava%G%@u','PEAU',0,'2021-05-23 14:32:01',NULL),(4071,'PVV','Continental Airways','CONTAIR',0,'2021-05-23 14:32:01',NULL),(4072,'PWA','Priester Aviation','PRIESTER',0,'2021-05-23 14:32:01',NULL),(4073,'PWC','Pratt and Whitney Canada','PRATT',0,'2021-05-23 14:32:01',NULL),(4074,'PWD','Pan Am World Airways','',0,'2021-05-23 14:32:01',NULL),(4075,'PWF','Private Wings Flugcharter','PRIVATE WINGS',0,'2021-05-23 14:32:01',NULL),(4076,'PWL','Powell Air','POWELL AIR',0,'2021-05-23 14:32:01',NULL),(4077,'PXA','Pecotox Air','PECOTOX',0,'2021-05-23 14:32:01',NULL),(4078,'PXP','Pacific Air Transport','PAK EXPRESS',0,'2021-05-23 14:32:01',NULL),(4079,'PXX','Aroostook Aviation','PINE STATE',0,'2021-05-23 14:32:01',NULL),(4080,'PYA','Pouya Air','',0,'2021-05-23 14:32:01',NULL),(4081,'PYB','All America BOPY','BOPY',0,'2021-05-23 14:32:01',NULL),(4082,'PYC','Aeropycsa','AEROPYCSA',0,'2021-05-23 14:32:01',NULL),(4083,'PYN','Haverfordwest Air Charter Services','POYSTON',0,'2021-05-23 14:32:01',NULL),(4084,'PYR','Pyramid Air Lines','PYAIR',0,'2021-05-23 14:32:01',NULL),(4085,'PYZ','Players Air','PLAYERS AIR',0,'2021-05-23 14:32:01',NULL),(4086,'PZA','Aereo Taxi Paraza','AEREO PARAZA',0,'2021-05-23 14:32:01',NULL),(4087,'PZR','Sky Trek International Airlines','PHAZER',0,'2021-05-23 14:32:01',NULL),(4088,'PZY','Zapolyarie Airlines','',0,'2021-05-23 14:32:01',NULL),(4089,'QAC','Qatar Air Cargo','QATAR CARGO',1,'2021-05-23 14:32:01',NULL),(4090,'QAF','Qatar Amiri Flight','AMIRI',0,'2021-05-23 14:32:01',NULL),(4091,'QAH','Quick Airways Holland','QUICK',0,'2021-05-23 14:32:01',NULL),(4092,'QAJ','Quick Air Jet Charter','DAGOBERT',0,'2021-05-23 14:32:01',NULL),(4093,'QAQ','Qurinea Air Service','QURINEA AIR',0,'2021-05-23 14:32:01',NULL),(4094,'QAS','Quisqueya Airlines','QUISQUEYA',0,'2021-05-23 14:32:01',NULL),(4095,'QAT','Aero Taxi','AIR QUASAR',0,'2021-05-23 14:32:01',NULL),(4096,'QAX','QatXpress','',0,'2021-05-23 14:32:01',NULL),(4097,'QCC','Qwest Commuter Corporation','QWEST AIR',0,'2021-05-23 14:32:01',NULL),(4098,'QCL','Air Class Lineas Aereas','ACLA',0,'2021-05-23 14:32:01',NULL),(4099,'QEA','Aviation Consultancy Office','',0,'2021-05-23 14:32:01',NULL),(4100,'QER','SOCHI AIR CHATER','russian doll',0,'2021-05-23 14:32:01',NULL),(4101,'QFA','Qantas','QANTAS',0,'2021-05-23 14:32:01',NULL),(4102,'QFZ','Fars Air Qeshm','FARS AIR',0,'2021-05-23 14:32:01',NULL),(4103,'QGA','Windrose Air','QUADRIGA',0,'2021-05-23 14:32:01',NULL),(4104,'QKC','Aero Taxi Aviation','QUAKER CITY',0,'2021-05-23 14:32:01',NULL),(4105,'QLA','Aviation Quebec Labrador','QUEBEC LABRADOR',0,'2021-05-23 14:32:01',NULL),(4106,'QNA','Queen Air','QUEEN AIR',0,'2021-05-23 14:32:01',NULL),(4107,'QNK','Kabo Air','KABO',0,'2021-05-23 14:32:01',NULL),(4108,'QNT','Qanot Sharq','QANAT SHARQ',0,'2021-05-23 14:32:01',NULL),(4109,'QNZ','JetConnect','QANTAS JETCONNECT',0,'2021-05-23 14:32:01',NULL),(4110,'QQQ','ENTERair','',0,'2021-05-23 14:32:01',NULL),(4111,'QRT','4D Air','QUARTET',0,'2021-05-23 14:32:01',NULL),(4112,'QSC','African Safari Airways','ZEBRA',0,'2021-05-23 14:32:01',NULL),(4113,'QTR','Qatar Airways','QATARI',0,'2021-05-23 14:32:01',NULL),(4114,'QTX','Quantex Environmental','AIR QUANTEX',0,'2021-05-23 14:32:01',NULL),(4115,'QUE','Quebec Government Air Service','QUEBEC',0,'2021-05-23 14:32:01',NULL),(4116,'QUI','Aero Quimmco','QUIMMCO',0,'2021-05-23 14:32:01',NULL),(4117,'QVR','Kvadro Aero','PEGASO',0,'2021-05-23 14:32:01',NULL),(4118,'QWA','Qwestair','',0,'2021-05-23 14:32:01',NULL),(4119,'QWL','Qwila Air','Q-CHARTER',0,'2021-05-23 14:32:01',NULL),(4120,'QXE','Horizon Air','HORIZON AIR',0,'2021-05-23 14:32:01',NULL),(4121,'R1R','All America CL','',0,'2021-05-23 14:32:01',NULL),(4122,'RAA','Rynes Aviation','RYNES AVIATION',0,'2021-05-23 14:32:01',NULL),(4123,'RAB','Rainbow Air (RAI)','Rainbow',0,'2021-05-23 14:32:01',NULL),(4124,'RAC','Icar Air','TUZLA AIR',0,'2021-05-23 14:32:01',NULL),(4125,'RAC','Royal Air Cambodge','',0,'2021-05-23 14:32:01',NULL),(4126,'RAD','Alada','AIR ALADA',0,'2021-05-23 14:32:01',NULL),(4127,'RAE','Rgional','REGIONAL EUROPE',0,'2021-05-23 14:32:01',NULL),(4128,'RAF','Farnas Aviation Services','FARNAS',0,'2021-05-23 14:32:01',NULL),(4129,'RAG','Regio Air','GERMAN LINK',0,'2021-05-23 14:32:01',NULL),(4130,'RAH','Regent Air','REGENT',0,'2021-05-23 14:32:01',NULL),(4131,'RAI','Aerotur-Air','DIASA',0,'2021-05-23 14:32:01',NULL),(4132,'RAJ','Raji Airlines','RAJI',0,'2021-05-23 14:32:01',NULL),(4133,'RAK','Riga Airclub','SPORT CLUB',0,'2021-05-23 14:32:01',NULL),(4134,'RAL','Roswell Airlines','ROSWELL',0,'2021-05-23 14:32:01',NULL),(4135,'RAM','Royal Air Maroc','ROYALAIR MAROC',0,'2021-05-23 14:32:01',NULL),(4136,'RAN','Renan','RENAN',0,'2021-05-23 14:32:01',NULL),(4137,'RAP','Air Center Helicopters','RAPTOR',0,'2021-05-23 14:32:01',NULL),(4138,'RAQ','Rath Aviaton','RATH AVIATION',0,'2021-05-23 14:32:01',NULL),(4139,'RAR','Air Rarotonga','',0,'2021-05-23 14:32:01',NULL),(4140,'RAS','Jim Ratliff Air Service','SHANHIL',0,'2021-05-23 14:32:01',NULL),(4141,'RAT','Chief Rat Flight Services','RIVERRAT',0,'2021-05-23 14:32:01',NULL),(4142,'RAU','Uganda Royal Airways','UGANDA ROYAL',0,'2021-05-23 14:32:01',NULL),(4143,'RAV','Reed Aviation','REED AVIATION',0,'2021-05-23 14:32:01',NULL),(4144,'RAW','Royal Airways','RAW',0,'2021-05-23 14:32:01',NULL),(4145,'RAX','Royal Air Freight','AIR ROYAL',0,'2021-05-23 14:32:01',NULL),(4146,'RAY','Rainbow Air Canada','Rainbow CAN',0,'2021-05-23 14:32:01',NULL),(4147,'RAZ','Rijnmond Air Services','RIJNMOND',0,'2021-05-23 14:32:01',NULL),(4148,'RBA','Royal Brunei Airlines','BRUNEI',0,'2021-05-23 14:32:01',NULL),(4149,'RBB','Rabbit-Air','RABBIT',0,'2021-05-23 14:32:01',NULL),(4150,'RBC','Republicair','REPUBLICAIR',0,'2021-05-23 14:32:01',NULL),(4151,'RBD','Trans World Express','RED BIRD',0,'2021-05-23 14:32:01',NULL),(4152,'RBE','Aur Rum Benin','RUM BENIN',0,'2021-05-23 14:32:01',NULL),(4153,'RBG','Air Arabia Egypt','',0,'2021-05-23 14:32:01',NULL),(4154,'RBH','Regal Bahamas International Airways','CALYPSO',0,'2021-05-23 14:32:01',NULL),(4155,'RBJ','Aeroserivios Del Bajio','AEROBAJIO',0,'2021-05-23 14:32:01',NULL),(4156,'RBN','Red Baron Aviation','RED BARON',0,'2021-05-23 14:32:01',NULL),(4157,'RBT','Robinton Aero','ROBIN',0,'2021-05-23 14:32:01',NULL),(4158,'RBU','Airbus France','AIRBUS FRANCE',0,'2021-05-23 14:32:01',NULL),(4159,'RBV','Air Roberval','AIR ROBERVAL',0,'2021-05-23 14:32:01',NULL),(4160,'RBW','Shandong Airlines Rainbow Jet','CAI HONG',0,'2021-05-23 14:32:01',NULL),(4161,'RBX','Arubaexel','ARUBA',0,'2021-05-23 14:32:01',NULL),(4162,'RBY','Vision Airlines (V2)','RUBY',0,'2021-05-23 14:32:01',NULL),(4163,'RCA','Richland Aviation','RICHLAND',0,'2021-05-23 14:32:01',NULL),(4164,'RCB','Real Aero Club De Baleares','BALEARES',0,'2021-05-23 14:32:01',NULL),(4165,'RCC','Air Charters Eelde','RACER',0,'2021-05-23 14:32:01',NULL),(4166,'RCD','Real Aeroclub De Ternerife','AEROCLUB',0,'2021-05-23 14:32:01',NULL),(4167,'RCE','Aerocer','AEROCER',0,'2021-05-23 14:32:01',NULL),(4168,'RCF','Aeroflot-Cargo','AEROFLOT-CARGO',1,'2021-05-23 14:32:01',NULL),(4169,'RCG','Royal Air Cargo','ROYAL CARGO',1,'2021-05-23 14:32:01',NULL),(4170,'RCH','Air Mobility Command','REACH',0,'2021-05-23 14:32:01',NULL),(4171,'RCI','Air Cassai','AIR CASSAI',0,'2021-05-23 14:32:01',NULL),(4172,'RCJ','Raytheon Corporate Jets','NEWPIN',0,'2021-05-23 14:32:01',NULL),(4173,'RCK','Faroejet','ROCKROSE',0,'2021-05-23 14:32:01',NULL),(4174,'RCO','Aero Renta De Coahuila','AEROCOAHUILA',0,'2021-05-23 14:32:01',NULL),(4175,'RCP','Aerocorp','AEROCORPSA',0,'2021-05-23 14:32:01',NULL),(4176,'RCQ','Aerolineas Regionales','REGIONAL CARGO',1,'2021-05-23 14:32:01',NULL),(4177,'RCT','Ryan Air Service','ARCTIC TRANPORT',0,'2021-05-23 14:32:01',NULL),(4178,'RCU','Atlantic S.L.','AIR COURIER',0,'2021-05-23 14:32:01',NULL),(4179,'RCX','Air Service Center','SERVICE CENTER',0,'2021-05-23 14:32:01',NULL),(4180,'RCY','Package Express','RACE CITY',0,'2021-05-23 14:32:01',NULL),(4181,'RDD','Adygeya Airlines','ADLINES',0,'2021-05-23 14:32:01',NULL),(4182,'RDE','II Lione Alato Arl','FLIGHT RED',0,'2021-05-23 14:32:01',NULL),(4183,'RDK','Irish Air Transport','IRISH TRANS',0,'2021-05-23 14:32:01',NULL),(4184,'RDL','Roadair Lines','ROADAIR',0,'2021-05-23 14:32:01',NULL),(4185,'RDM','Air Ada','AIR ADA',0,'2021-05-23 14:32:01',NULL),(4186,'RDN','Dinar','AERO DINAR',0,'2021-05-23 14:32:01',NULL),(4187,'RDP','Eurojet Romania','JET-ARROW',0,'2021-05-23 14:32:01',NULL),(4188,'RDR','Goodridge (UK) Limited','RED STAR',0,'2021-05-23 14:32:01',NULL),(4189,'RDS','Rhoades Aviation','RHOADES EXPRESS',0,'2021-05-23 14:32:01',NULL),(4190,'RDV','Red Sea Aviation','RED AVIATION',0,'2021-05-23 14:32:01',NULL),(4191,'RDW','Valair AG (Helicoptere)','ROADWATCH',0,'2021-05-23 14:32:01',NULL),(4192,'RDZ','Rodze Air','RODZE AIR',0,'2021-05-23 14:32:01',NULL),(4193,'REA','Aer Arann','AER ARANN',0,'2021-05-23 14:32:01',NULL),(4194,'REB','Rebus','REBUS',0,'2021-05-23 14:32:01',NULL),(4195,'REC','Trans Reco','TRANS-RECO',0,'2021-05-23 14:32:01',NULL),(4196,'RED','International Committee of the Red Cross','RED CROSS',0,'2021-05-23 14:32:01',NULL),(4197,'REF','Reef Air','REEF AIR',0,'2021-05-23 14:32:01',NULL),(4198,'REG','Regional Air Services','REGIONAL SERVICES',0,'2021-05-23 14:32:01',NULL),(4199,'REI','Ray Aviation','RAY AVIATION',0,'2021-05-23 14:32:01',NULL),(4200,'REJ','SA Airlink Regional','REGIONAL LINK',0,'2021-05-23 14:32:01',NULL),(4201,'REK','Reem Air','REEM AIR',0,'2021-05-23 14:32:01',NULL),(4202,'REL','Reliance Aviation','RELIANCE AIR',0,'2021-05-23 14:32:01',NULL),(4203,'REN','Aero-Rent','AERORENT',0,'2021-05-23 14:32:01',NULL),(4204,'REO','Rio Airways','RIO',0,'2021-05-23 14:32:01',NULL),(4205,'REP','Regional Paraguaya','REGIOPAR',0,'2021-05-23 14:32:01',NULL),(4206,'RER','Servicio Aereo Regional Regair','REGAIR',0,'2021-05-23 14:32:01',NULL),(4207,'RES','Australian Maritime Safety Authority','RESCUE',0,'2021-05-23 14:32:01',NULL),(4208,'REU','Air Austral','REUNION',0,'2021-05-23 14:32:01',NULL),(4209,'REW','Regional Air Express','REGIONAL WINGS',0,'2021-05-23 14:32:01',NULL),(4210,'REX','Ram Air Freight','RAM EXPRESS',0,'2021-05-23 14:32:01',NULL),(4211,'REY','Aero-Rey','AEROREY',0,'2021-05-23 14:32:01',NULL),(4212,'REZ','Cal-West Aviation','CAL AIR',0,'2021-05-23 14:32:01',NULL),(4213,'RFA','Raleigh Flying Service','RALEIGH SERVICE',0,'2021-05-23 14:32:01',NULL),(4214,'RFC','Aero Africa','AERO AFRICA',0,'2021-05-23 14:32:01',NULL),(4215,'RFD','Aerotransportes Rafilher','RAFHILER',0,'2021-05-23 14:32:01',NULL),(4216,'RFF','Russian Federation Air Force','RUSSIAN AIRFORCE',0,'2021-05-23 14:32:01',NULL),(4217,'RFI','National Air Traffic Services','SHERLOCK',0,'2021-05-23 14:32:01',NULL),(4218,'RFJ','Royal Falcon','',0,'2021-05-23 14:32:01',NULL),(4219,'RFL','Interfly','INFLY',0,'2021-05-23 14:32:01',NULL),(4220,'RFR','Royal Air Force','RAFAIR',0,'2021-05-23 14:32:01',NULL),(4221,'RFS','Rossair','',0,'2021-05-23 14:32:01',NULL),(4222,'RFT','Scoala Superioara De Aviatie Civila','ROMANIAN ACADEMY',0,'2021-05-23 14:32:01',NULL),(4223,'RFX','J P Hunt Air Carriers','REFLEX',0,'2021-05-23 14:32:01',NULL),(4224,'RGA','Royal Ghanaian Airlines','ROYAL GHANA',0,'2021-05-23 14:32:01',NULL),(4225,'RGC','Servicios Aereos Regiomontanos','REGIOMONTANO',0,'2021-05-23 14:32:01',NULL),(4226,'RGG','TransRussiaAirlines','',0,'2021-05-23 14:32:01',NULL),(4227,'RGL','Regional Air Lines','MAROC REGIONAL',0,'2021-05-23 14:32:01',NULL),(4228,'RGM','Rangemile Limited','RANGEMILE',0,'2021-05-23 14:32:01',NULL),(4229,'RGN','Cygnus Air','CYGNUS AIR',0,'2021-05-23 14:32:01',NULL),(4230,'RGO','Argo','ARGOS',0,'2021-05-23 14:32:01',NULL),(4231,'RGP','River State Government of Nigeria','GARDEN CITY',0,'2021-05-23 14:32:01',NULL),(4232,'RGR','Region Air','REGIONAIR',0,'2021-05-23 14:32:01',NULL),(4233,'RGS','Renown Aviation','RENOWN',0,'2021-05-23 14:32:01',NULL),(4234,'RGT','Airbourne School of Flying','AIRGOAT',0,'2021-05-23 14:32:01',NULL),(4235,'RGY','Regency Airlines','REGENCY',0,'2021-05-23 14:32:01',NULL),(4236,'RHA','Robin Hood Aviation','Sherwood',0,'2021-05-23 14:32:01',NULL),(4237,'RHC','Redhill Aviation','REDAIR',0,'2021-05-23 14:32:01',NULL),(4238,'RHD','Bond Air Services','RED HEAD',0,'2021-05-23 14:32:01',NULL),(4239,'RHL','Air Archipels','ARCHIPELS',0,'2021-05-23 14:32:01',NULL),(4240,'RIA','Rich International Airways','RICHAIR',0,'2021-05-23 14:32:01',NULL),(4241,'RIC','Richardson\'s Airway','RICHARDSON',0,'2021-05-23 14:32:01',NULL),(4242,'RID','Ridder Avia','AKRID',0,'2021-05-23 14:32:01',NULL),(4243,'RIF','Aviation Ministry of the Interior of the Russian Federation','INTERMIN AVIA',0,'2021-05-23 14:32:01',NULL),(4244,'RIL','Regional Air','',0,'2021-05-23 14:32:01',NULL),(4245,'RIM','Rimrock Airlines','RIMROCK',0,'2021-05-23 14:32:01',NULL),(4246,'RIS','Aeris Gestion','AERIS',0,'2021-05-23 14:32:01',NULL),(4247,'RIT','Asian Spirit','ASIAN SPIRIT',0,'2021-05-23 14:32:01',NULL),(4248,'RIU','Riau Airlines','RIAU AIR',0,'2021-05-23 14:32:01',NULL),(4249,'RJA','Royal Jordanian','JORDANIAN',0,'2021-05-23 14:32:01',NULL),(4250,'RJD','Rotana Jet','ROTANA',0,'2021-05-23 14:32:01',NULL),(4251,'RJM','Millen Corporation','MILLEN',0,'2021-05-23 14:32:01',NULL),(4252,'RJS','Aeroservicios Jet','ASERJET',0,'2021-05-23 14:32:01',NULL),(4253,'RJT','RA Jet Aeroservicios','RA JET',0,'2021-05-23 14:32:01',NULL),(4254,'RJZ','Royal Jordanian Air Force','JORDAN AIR FORCE',0,'2021-05-23 14:32:01',NULL),(4255,'RKA','Air Afrique','AIRAFRIC',0,'2021-05-23 14:32:01',NULL),(4256,'RKC','DAS Airlines','DAS CONGO',0,'2021-05-23 14:32:01',NULL),(4257,'RKH','Royal Khmer Airlines','KHMER AIR',0,'2021-05-23 14:32:01',NULL),(4258,'RKM','RAK Airways','RAKAIR',0,'2021-05-23 14:32:01',NULL),(4259,'RKT','Rotormotion','ROCKET',0,'2021-05-23 14:32:01',NULL),(4260,'RKW','Rockwell Collins Avionics','ROCKWELL',0,'2021-05-23 14:32:01',NULL),(4261,'RLA','Airlinair','AIRLINAIR',0,'2021-05-23 14:32:01',NULL),(4262,'RLE','Rico Linhas A','RICO',0,'2021-05-23 14:32:01',NULL),(4263,'RLK','Air Nelson','',0,'2021-05-23 14:32:01',NULL),(4264,'RLL','Air Leone','AEROLEONE',0,'2021-05-23 14:32:01',NULL),(4265,'RLM','Royal American Airways','ROYAL AMERICAN',0,'2021-05-23 14:32:01',NULL),(4266,'RLN','Aero Lanka','AERO LANKA',0,'2021-05-23 14:32:01',NULL),(4267,'RLR','Business Airfreight','RATTLER',0,'2021-05-23 14:32:01',NULL),(4268,'RLS','S-Air','S-AIRLINES',0,'2021-05-23 14:32:01',NULL),(4269,'RLT','Reliant Airlines','RELIANT',0,'2021-05-23 14:32:01',NULL),(4270,'RLU','Rusline','RUSLINE AIR',0,'2021-05-23 14:32:01',NULL),(4271,'RLV','Real Aviation','REAL',0,'2021-05-23 14:32:01',NULL),(4272,'RLX','Go2Sky','RELAX',0,'2021-05-23 14:32:01',NULL),(4273,'RLZ','Air Alize','ALIZE',0,'2021-05-23 14:32:01',NULL),(4274,'RMA','Rocky Mountain Airways','ROCKY MOUNTAIN',0,'2021-05-23 14:32:01',NULL),(4275,'RMD','Air Amder','AIR AMDER',0,'2021-05-23 14:32:01',NULL),(4276,'RME','Armenian Airlines','ARMENIAN',0,'2021-05-23 14:32:01',NULL),(4277,'RMF','Royal Malaysian Air Force','ANGKASA',0,'2021-05-23 14:32:01',NULL),(4278,'RMG','Rumugu Air & Space Nigeria','RUMUGU AIR',0,'2021-05-23 14:32:01',NULL),(4279,'RMI','Point Airlines','POINT AIRLINE',0,'2021-05-23 14:32:01',NULL),(4280,'RMK','Simrik Airlines','',0,'2021-05-23 14:32:01',NULL),(4281,'RML','Armenian International Airways','',0,'2021-05-23 14:32:01',NULL),(4282,'RMO','Arm-Aero','ARM-AERO',0,'2021-05-23 14:32:01',NULL),(4283,'RMP','Servicios De Rampa Y Mostrador','SERAMSA',0,'2021-05-23 14:32:01',NULL),(4284,'RMS','Tas Aviation','TASS AIR',0,'2021-05-23 14:32:01',NULL),(4285,'RMT','Ram Aircraft Corporation','RAM FLIGHT',0,'2021-05-23 14:32:01',NULL),(4286,'RMU','C.S.P.',' Societe',0,'2021-05-23 14:32:01',NULL),(4287,'RMV','Romavia','AEROMAVIA',0,'2021-05-23 14:32:01',NULL),(4288,'RMX','Air Max','AEROMAX',0,'2021-05-23 14:32:01',NULL),(4289,'RNA','Nepal Airlines','ROYAL NEPAL',0,'2021-05-23 14:32:01',NULL),(4290,'RNA','Royal Nepal Airlines','ROYAL NEPAL',0,'2021-05-23 14:32:01',NULL),(4291,'RNB','Rosneft-Baltika','ROSBALT',0,'2021-05-23 14:32:01',NULL),(4292,'RND','Rutland Aviation','RUTLAND',0,'2021-05-23 14:32:01',NULL),(4293,'RNE','Air Salone','AIR SALONE',0,'2021-05-23 14:32:01',NULL),(4294,'RNG','Ornage Aircraft Leasing','ORANGE',0,'2021-05-23 14:32:01',NULL),(4295,'RNM','Aeronem Air Cargo','AEROMNEM',1,'2021-05-23 14:32:01',NULL),(4296,'RNR','Air Cargo Masters','RUNNER',1,'2021-05-23 14:32:01',NULL),(4297,'RNS','Ronso','RONSO',0,'2021-05-23 14:32:01',NULL),(4298,'RNV','Armavia','ARMAVIA',0,'2021-05-23 14:32:01',NULL),(4299,'RNX','1Time Airline','NEXTIME',0,'2021-05-23 14:32:01',NULL),(4300,'RNY','Rainbow Air US','Rainbow Air',0,'2021-05-23 14:32:01',NULL),(4301,'ROA','Reno Air','RENO AIR',0,'2021-05-23 14:32:01',NULL),(4302,'ROB','ROYAL BRITAIN','',0,'2021-05-23 14:32:01',NULL),(4303,'ROC','Rocky Mountain Airlines','',0,'2021-05-23 14:32:01',NULL),(4304,'ROD','Aerodan','AERODAN',0,'2021-05-23 14:32:01',NULL),(4305,'ROE','Aeroeste','ESTE-BOLIVIA',0,'2021-05-23 14:32:01',NULL),(4306,'ROF','Romanian Air Force','ROMAF',0,'2021-05-23 14:32:01',NULL),(4307,'ROG','Fundaci Rego','REGO',0,'2021-05-23 14:32:01',NULL),(4308,'ROH','Aero Gen','AEROGEN',0,'2021-05-23 14:32:01',NULL),(4309,'ROI','Avior Airlines','AVIOR',0,'2021-05-23 14:32:01',NULL),(4310,'ROJ','Royal Jet','ROYALJET',0,'2021-05-23 14:32:01',NULL),(4311,'ROK','National Airlines','RED ROCK',0,'2021-05-23 14:32:01',NULL),(4312,'ROL','Aeroel Airways','AEROEL',0,'2021-05-23 14:32:01',NULL),(4313,'ROM','Aeromar','BRAVO QUEBEC',0,'2021-05-23 14:32:01',NULL),(4314,'RON','Nauru Air Corporation','AIR NAURU',0,'2021-05-23 14:32:01',NULL),(4315,'RON','Our Airline','OUR AIRLINE',0,'2021-05-23 14:32:01',NULL),(4316,'ROO','Aeroitalia','AEROITALIA',0,'2021-05-23 14:32:01',NULL),(4317,'ROP','Royal Oman Police','',0,'2021-05-23 14:32:01',NULL),(4318,'ROR','Roraima Airways','RORAIMA',0,'2021-05-23 14:32:01',NULL),(4319,'ROS','Rossair Europe','CATCHER',0,'2021-05-23 14:32:01',NULL),(4320,'ROT','Tarom','TAROM',0,'2021-05-23 14:32:01',NULL),(4321,'ROU','Transportes Aereos I.R. Crusoe','ROBINSON CRUSOE',0,'2021-05-23 14:32:01',NULL),(4322,'ROV','Rover Airways International','ROVERAIR',0,'2021-05-23 14:32:01',NULL),(4323,'ROX','Roblex Aviation','ROBLEX',0,'2021-05-23 14:32:01',NULL),(4324,'ROY','Conifair Aviation','',0,'2021-05-23 14:32:01',NULL),(4325,'RPA','Republic Airlines','BRICKYARD',0,'2021-05-23 14:32:01',NULL),(4326,'RPB','AeroRep','AEROREPUBLICA',0,'2021-05-23 14:32:01',NULL),(4327,'RPC','Aerolineas Del Pacifico','AEROPACSA',0,'2021-05-23 14:32:01',NULL),(4328,'RPH','Republic Express Airlines','PUBLIC EXPRESS',0,'2021-05-23 14:32:01',NULL),(4329,'RPK','Royal Airlines','ROYAL PAKISTAN',0,'2021-05-23 14:32:01',NULL),(4330,'RPO','Rainbow Air Polynesia','Rainbow Air',0,'2021-05-23 14:32:01',NULL),(4331,'RPS','Global Air Charter','RESPONSE',0,'2021-05-23 14:32:01',NULL),(4332,'RPX','BAC Express Airlines','RAPEX',0,'2021-05-23 14:32:01',NULL),(4333,'RQX','Air Engiadina-BRN','Engiadina',0,'2021-05-23 14:32:01',NULL),(4334,'RRA','Royal Rwanda Airlines','ROYAL RWANDA',0,'2021-05-23 14:32:01',NULL),(4335,'RRC','Aero Roca','AEROROCA',0,'2021-05-23 14:32:01',NULL),(4336,'RRE','Aerotransportes Internacionales De Torreon','AERO TORREON',0,'2021-05-23 14:32:01',NULL),(4337,'RRF','Royal Air Force','KITTY',0,'2021-05-23 14:32:01',NULL),(4338,'RRJ','AirRussia','russiancloud',0,'2021-05-23 14:32:01',NULL),(4339,'RRL','Rolls-Royce Limited','MERLIN',0,'2021-05-23 14:32:01',NULL),(4340,'RRM','Acvila Air-Romanian Carrier','AIR ROMANIA',0,'2021-05-23 14:32:01',NULL),(4341,'RRR','Royal Air Force','ASCOT',0,'2021-05-23 14:32:01',NULL),(4342,'RRS','Boscombe Down DERA (Formation)','BLACKBOX',0,'2021-05-23 14:32:01',NULL),(4343,'RRT','Transportes Aereos Sierra','SIERRA ALTA',0,'2021-05-23 14:32:01',NULL),(4344,'RRU','Cirrus','HELICIRRUS',0,'2021-05-23 14:32:01',NULL),(4345,'RRV','Mombasa Air Safari','SKYROVER',0,'2021-05-23 14:32:01',NULL),(4346,'RRY','Tbilisi Aviation University','AIRFERRY',0,'2021-05-23 14:32:01',NULL),(4347,'RRZ','Rollright Aviation','ROLLRIGHT',0,'2021-05-23 14:32:01',NULL),(4348,'RS1','Royal Southern Airlines.','RSA',0,'2021-05-23 14:32:01',NULL),(4349,'RSA','Elisra Airlines','ESRA',0,'2021-05-23 14:32:01',NULL),(4350,'RSB','Rubystar','RUBYSTAR',0,'2021-05-23 14:32:01',NULL),(4351,'RSC','Aerolineas Ejecutivas Tarascas','TARASCAS',0,'2021-05-23 14:32:01',NULL),(4352,'RSD','Russia State Transport','STATE AERO',0,'2021-05-23 14:32:01',NULL),(4353,'RSE','SNAS Aviation','RED SEA',0,'2021-05-23 14:32:01',NULL),(4354,'RSF','Royal Saudi Air Force','ARSAF',0,'2021-05-23 14:32:01',NULL),(4355,'RSH','Air Sahara','SAHARA',0,'2021-05-23 14:32:01',NULL),(4356,'RSI','Air Sunshine','AIR SUNSHINE',0,'2021-05-23 14:32:01',NULL),(4357,'RSJ','RusJet','',0,'2021-05-23 14:32:01',NULL),(4358,'RSK','DSWA','REDSKIN',0,'2021-05-23 14:32:01',NULL),(4359,'RSL','Rio Sul Servi','RIO SUL',0,'2021-05-23 14:32:01',NULL),(4360,'RSM','Air Somalia','AIR SOMALIA',0,'2021-05-23 14:32:01',NULL),(4361,'RSN','Royal Swazi National Airways','SWAZI NATIONAL',0,'2021-05-23 14:32:01',NULL),(4362,'RSO','Aero Asia International','AERO ASIA',0,'2021-05-23 14:32:01',NULL),(4363,'RSP','Jet Suite','Red Stripe',0,'2021-05-23 14:32:01',NULL),(4364,'RSQ','International SOS WIndhoek','SKYMEDIC',0,'2021-05-23 14:32:01',NULL),(4365,'RSR','Aero-Service','CONGOSERV',0,'2021-05-23 14:32:01',NULL),(4366,'RSS','Rossair','ROSS CHARTER',0,'2021-05-23 14:32:01',NULL),(4367,'RST','Resort Air','RESORT AIR',0,'2021-05-23 14:32:01',NULL),(4368,'RSU','Aerosur','AEROSUR',0,'2021-05-23 14:32:01',NULL),(4369,'RSV','Red Sky Ventures','RED SKY',0,'2021-05-23 14:32:01',NULL),(4370,'RSY','I-Fly','RUSSIAN SKY',0,'2021-05-23 14:32:01',NULL),(4371,'RTE','Aeronorte','LUZAVIA',0,'2021-05-23 14:32:01',NULL),(4372,'RTH','Artis','ARTHELICO',0,'2021-05-23 14:32:01',NULL),(4373,'RTL','Rheintalflug','Rheintal',0,'2021-05-23 14:32:01',NULL),(4374,'RTM','Trans Am Compania','AERO TRANSAM',0,'2021-05-23 14:32:01',NULL),(4375,'RTN','Raytheon Aircraft Company','RAYTHEON',0,'2021-05-23 14:32:01',NULL),(4376,'RTO','Arhabaev Tourism Airlines','ARTOAIR',0,'2021-05-23 14:32:01',NULL),(4377,'RTQ','Air Turquoise','TURQUOISE',0,'2021-05-23 14:32:01',NULL),(4378,'RTR','Rotatur','ROTATUR',0,'2021-05-23 14:32:01',NULL),(4379,'RTS','Relief Transport Services','RELIEF',0,'2021-05-23 14:32:01',NULL),(4380,'RTU','Aerotucan','AEROTUCAN',0,'2021-05-23 14:32:01',NULL),(4381,'RTV','Nortavia','TIC-TAC',0,'2021-05-23 14:32:01',NULL),(4382,'RUA','Rwanda Airlines','',0,'2021-05-23 14:32:01',NULL),(4383,'RUC','Rutas Aereas','RUTACA',0,'2021-05-23 14:32:01',NULL),(4384,'RUD','Air Anastasia','ANASTASIA',0,'2021-05-23 14:32:01',NULL),(4385,'RUE','Rainbow Air Euro','Rainbow Air',0,'2021-05-23 14:32:01',NULL),(4386,'RUH','Rusich-T','',0,'2021-05-23 14:32:01',NULL),(4387,'RUM','Air Rum','AIR RUM',0,'2021-05-23 14:32:01',NULL),(4388,'RUN','ACT Havayollari','CARGO TURK',1,'2021-05-23 14:32:01',NULL),(4389,'RUR','Rusaero','',0,'2021-05-23 14:32:01',NULL),(4390,'RUS','Cirrus Airlines','CIRRUS AIR',0,'2021-05-23 14:32:01',NULL),(4391,'RUZ','Rusuertol','ROSTUERTOL',0,'2021-05-23 14:32:01',NULL),(4392,'RVC','Richards Aviation','RIVER CITY',0,'2021-05-23 14:32:01',NULL),(4393,'RVE','Airventure','AIRVENTURE',0,'2021-05-23 14:32:01',NULL),(4394,'RVI','Aero Servicios','AERO SERVICIOS',0,'2021-05-23 14:32:01',NULL),(4395,'RVL','Airvallee','AIR VALLEE',0,'2021-05-23 14:32:01',NULL),(4396,'RVM','River Ministries Air Charter','RIVER',0,'2021-05-23 14:32:01',NULL),(4397,'RVN','Raven Air','RAVEN U-S',0,'2021-05-23 14:32:01',NULL),(4398,'RVP','Air VIP','AEROVIP',0,'2021-05-23 14:32:01',NULL),(4399,'RVR','Raven Air','RAVEN',0,'2021-05-23 14:32:01',NULL),(4400,'RVT','Aircompany Veteran','AIR-VET',0,'2021-05-23 14:32:01',NULL),(4401,'RVV','Reeve Aleutian Airways','REEVE',0,'2021-05-23 14:32:01',NULL),(4402,'RWA','Rwanda Airways','',0,'2021-05-23 14:32:01',NULL),(4403,'RWB','Alliance Express Rwanda','',0,'2021-05-23 14:32:01',NULL),(4404,'RWC','Arrow Ecuador Arrowec','ARROWEC',0,'2021-05-23 14:32:01',NULL),(4405,'RWD','Rwandair Express','RWANDAIR',0,'2021-05-23 14:32:01',NULL),(4406,'RWE','Royal West Airlines','ROYAL WEST',0,'2021-05-23 14:32:01',NULL),(4407,'RWG','C&M Airways','RED WING',0,'2021-05-23 14:32:01',NULL),(4408,'RWL','RWL Luftfahrtgesellschaft','RHEINTRAINER',0,'2021-05-23 14:32:01',NULL),(4409,'RWS','Air Whitsunday','',0,'2021-05-23 14:32:01',NULL),(4410,'RWW','Fly Europa','',0,'2021-05-23 14:32:01',NULL),(4411,'RWY','Aerogroup 98 Limited','TYNWALD',0,'2021-05-23 14:32:01',NULL),(4412,'RWZ','Red Wings','AIR RED',0,'2021-05-23 14:32:01',NULL),(4413,'RXA','Regional Express','REX',0,'2021-05-23 14:32:01',NULL),(4414,'RXP','Royal Aviation Express','ROY EXPRESS',0,'2021-05-23 14:32:01',NULL),(4415,'RXR','REXAIR VIRTUEL','Rexair',0,'2021-05-23 14:32:01',NULL),(4416,'RXT','Aeroxtra','AERO-EXTRA',0,'2021-05-23 14:32:01',NULL),(4417,'RXX','Express Air Charter','REX AIR',0,'2021-05-23 14:32:01',NULL),(4418,'RYA','Ryan Air Services','RYAN AIR',0,'2021-05-23 14:32:01',NULL),(4419,'RYB','Royal Bahrain Airlines','ROYAL BAHRAIN',0,'2021-05-23 14:32:01',NULL),(4420,'RYL','Royal Aruban Airline','ROYAL ARUBAN',0,'2021-05-23 14:32:01',NULL),(4421,'RYN','Ryan International Airlines','RYAN INTERNATIONAL',0,'2021-05-23 14:32:01',NULL),(4422,'RYR','Ryanair','RYANAIR',0,'2021-05-23 14:32:01',NULL),(4423,'RYS','Royal Sky','ROYAL SKY',0,'2021-05-23 14:32:01',NULL),(4424,'RYT','Raya Jet','',0,'2021-05-23 14:32:01',NULL),(4425,'RYZ','Ryazan State Air Enterprise','RYAZAN AIR',0,'2021-05-23 14:32:01',NULL),(4426,'RZA','Jet Fighter Flights','RAZOR',0,'2021-05-23 14:32:01',NULL),(4427,'RZL','Aero Zambia','AERO ZAMBIA',0,'2021-05-23 14:32:01',NULL),(4428,'RZN','Aero Zano','ZANO',0,'2021-05-23 14:32:01',NULL),(4429,'RZO','SATA International','AIR AZORES',0,'2021-05-23 14:32:01',NULL),(4430,'RZR','Zephyr Express','RECOVERY',0,'2021-05-23 14:32:01',NULL),(4431,'RZV','Z-Avia','ZEDAVIA',0,'2021-05-23 14:32:01',NULL),(4432,'RZZ','Anoka Air Charter','RED ZONE',0,'2021-05-23 14:32:01',NULL),(4433,'SA1','Serbian Airlines','',0,'2021-05-23 14:32:01',NULL),(4434,'SAA','South African Airways','SPRINGBOK',0,'2021-05-23 14:32:01',NULL),(4435,'SAB','Sky Way Air','SKY WORKER',0,'2021-05-23 14:32:01',NULL),(4436,'SAC','SASCO Airlines','SASCO',0,'2021-05-23 14:32:01',NULL),(4437,'SAE','SOCHI AIR EXPRESS','ADLER EXPRESS',0,'2021-05-23 14:32:01',NULL),(4438,'SAF','Republic of Singapore Air Force','SINGA',0,'2021-05-23 14:32:01',NULL),(4439,'SAG','SOS Flygambulans','MEDICAL AIR',0,'2021-05-23 14:32:01',NULL),(4440,'SAH','Sayakhat Airlines','SAYAKHAT',0,'2021-05-23 14:32:01',NULL),(4441,'SAI','Shaheen Air International','SHAHEEN AIR',0,'2021-05-23 14:32:01',NULL),(4442,'SAJ','Golden Eagle Air Services (FAA)','SAJEN',0,'2021-05-23 14:32:01',NULL),(4443,'SAK','Red Arrows Display Squadron','RED ARROWS',0,'2021-05-23 14:32:01',NULL),(4444,'SAL','Spike Airlines','Spike Air',0,'2021-05-23 14:32:01',NULL),(4445,'SAM','SAM Colombia','SAM',0,'2021-05-23 14:32:01',NULL),(4446,'SAN','Servicios Aereos Nacionales (SAN)','AEREOS',0,'2021-05-23 14:32:01',NULL),(4447,'SAO','Sahel Aviation Service','SAVSER',0,'2021-05-23 14:32:01',NULL),(4448,'SAP','Avia Jaynar','TOBOL',0,'2021-05-23 14:32:01',NULL),(4449,'SAQ','Springbank Aviation','SPRINGBANK',0,'2021-05-23 14:32:01',NULL),(4450,'SAS','Scandinavian Airlines System','SCANDINAVIAN',0,'2021-05-23 14:32:01',NULL),(4451,'SAT','SATA Air Acores','SATA',0,'2021-05-23 14:32:01',NULL),(4452,'SAU','United Aviation Services','UNISERVE',0,'2021-05-23 14:32:01',NULL),(4453,'SAV','Samal Air','',0,'2021-05-23 14:32:01',NULL),(4454,'SAW','Sham Wing Airlines','SHAMWING',0,'2021-05-23 14:32:01',NULL),(4455,'SAX','Sabah Air','SABAH AIR',0,'2021-05-23 14:32:01',NULL),(4456,'SAY','ScotAirways','SUCKLING',0,'2021-05-23 14:32:01',NULL),(4457,'SAZ','Swiss Air-Ambulance','SWISS AMBULANCE',0,'2021-05-23 14:32:01',NULL),(4458,'SBA','STA-MALI','STA-MALI',0,'2021-05-23 14:32:01',NULL),(4459,'SBB','Steinman Aviation','SABER EXPRESS',0,'2021-05-23 14:32:01',NULL),(4460,'SBC','Emoyeni Air Charter','SABIAN AIR',0,'2021-05-23 14:32:01',NULL),(4461,'SBD','Snowbird Airlines','',0,'2021-05-23 14:32:01',NULL),(4462,'SBF','Seven Bar Flying Service','S-BAR',0,'2021-05-23 14:32:01',NULL),(4463,'SBG','Sabre Incorporated','',0,'2021-05-23 14:32:01',NULL),(4464,'SBH','Aerosaab','AEROSAAB',0,'2021-05-23 14:32:01',NULL),(4465,'SBI','S7 Airlines','SIBERIAN AIRLINES',0,'2021-05-23 14:32:01',NULL),(4466,'SBJ','Trans Sahara Air','TRANS SAHARA',0,'2021-05-23 14:32:01',NULL),(4467,'SBK','Air Srpska','Air Srpska',0,'2021-05-23 14:32:01',NULL),(4468,'SBL','Sobel Airlines of Ghana','SOBGHANA',0,'2021-05-23 14:32:01',NULL),(4469,'SBM','Sky Bahamas','SKY BAHAMAS',0,'2021-05-23 14:32:01',NULL),(4470,'SBO','Stabo Air','STABAIR',0,'2021-05-23 14:32:01',NULL),(4471,'SBQ','Smithkline Beacham Clinical Labs','SKIBBLE',0,'2021-05-23 14:32:01',NULL),(4472,'SBR','Saber Aviation','FREIGHTER',0,'2021-05-23 14:32:01',NULL),(4473,'SBS','Seaborne Airlines','SEABORNE',0,'2021-05-23 14:32:01',NULL),(4474,'SBT','Taftan Airlines','TAFTAN',0,'2021-05-23 14:32:01',NULL),(4475,'SBU','Saint Barth Commuter','BLACK FIN',0,'2021-05-23 14:32:01',NULL),(4476,'SBX','North Star Air Cargo','SKY BOX',1,'2021-05-23 14:32:01',NULL),(4477,'SBZ','Scibe Airlift','SCIBE AIRLIFT',0,'2021-05-23 14:32:01',NULL),(4478,'SCA','South Central Air','SOUTH CENTRAL',0,'2021-05-23 14:32:01',NULL),(4479,'SCC','Seacoast Airlines','SEA-COASTER',0,'2021-05-23 14:32:01',NULL),(4480,'SCD','Associated Aviation','ASSOCIATED',0,'2021-05-23 14:32:01',NULL),(4481,'SCE','Scenic Airlines','SCENIC',0,'2021-05-23 14:32:01',NULL),(4482,'SCF','Socofer','SOCOFER',0,'2021-05-23 14:32:01',NULL),(4483,'SCH','CHC Airways','',0,'2021-05-23 14:32:01',NULL),(4484,'SCI','Servicios Aereos San Cristobal','SAN CRISTOBAL',0,'2021-05-23 14:32:01',NULL),(4485,'SCJ','Business Jet Sweden','SCANJET',0,'2021-05-23 14:32:01',NULL),(4486,'SCK','Sky Cam','SKYCAM',0,'2021-05-23 14:32:01',NULL),(4487,'SCL','Switfair Cargo','SWIFTAIR',1,'2021-05-23 14:32:01',NULL),(4488,'SCM','American Jet International','SCREAMER',0,'2021-05-23 14:32:01',NULL),(4489,'SCN','South American Airlines','SOUTH AMERICAN',0,'2021-05-23 14:32:01',NULL),(4490,'SCO','Helikopterservice Euro Air','SWEDCOPTER',0,'2021-05-23 14:32:01',NULL),(4491,'SCO','Scoot','',0,'2021-05-23 14:32:01',NULL),(4492,'SCP','Scorpio','SCORPIO',0,'2021-05-23 14:32:01',NULL),(4493,'SCR','Si-Chang Flying Service','SICHART',0,'2021-05-23 14:32:01',NULL),(4494,'SCS','South African Non Scheduled Airways','SOUTHERN CHARTERS',0,'2021-05-23 14:32:01',NULL),(4495,'SCT','SAAB-Aircraft','SAAB-CRAFT',0,'2021-05-23 14:32:01',NULL),(4496,'SCU','Air Scorpio','SCORPIO UNIVERS',0,'2021-05-23 14:32:01',NULL),(4497,'SCV','Servicios Aereos Del Centro','SACSA',0,'2021-05-23 14:32:01',NULL),(4498,'SCW','Malmo Aviation','SCANWING',0,'2021-05-23 14:32:01',NULL),(4499,'SCW','Malm Aviation','Scanwings',0,'2021-05-23 14:32:01',NULL),(4500,'SCX','Sun Country Airlines','SUN COUNTRY',0,'2021-05-23 14:32:01',NULL),(4501,'SDA','St. Andrews Airways','SAINT ANDREWS',0,'2021-05-23 14:32:01',NULL),(4502,'SDB','Sukhoi Design Bureau Company','SU-CRAFT',0,'2021-05-23 14:32:01',NULL),(4503,'SDC','Sunrise Airlines','SUNDANCE',0,'2021-05-23 14:32:01',NULL),(4504,'SDD','Skymaster Air Taxi','SKY DANCE',0,'2021-05-23 14:32:01',NULL),(4505,'SDF','Sundorph Aeronautical Corporation','SUNDORPH',0,'2021-05-23 14:32:01',NULL),(4506,'SDH','Servicio De Helicopteros','ARCOS',0,'2021-05-23 14:32:01',NULL),(4507,'SDI','San Dima Air','FAREFLIGHT',0,'2021-05-23 14:32:01',NULL),(4508,'SDJ','Club 328','SPACEJET',0,'2021-05-23 14:32:01',NULL),(4509,'SDK','SADELCA - Sociedad Aerea Del Caqueta','SADELCA',0,'2021-05-23 14:32:01',NULL),(4510,'SDL','Skydrift','SKYDRIFT',0,'2021-05-23 14:32:01',NULL),(4511,'SDM','Rossiya-Russian Airlines','PULKOVO',0,'2021-05-23 14:32:01',NULL),(4512,'SDN','Spirit of Africa Airlines','BLUE NILE',0,'2021-05-23 14:32:01',NULL),(4513,'SDO','Air Santo Domingo','AERO DOMINGO',0,'2021-05-23 14:32:01',NULL),(4514,'SDP','Aero Sudpacifico','SUDPACIFICO',0,'2021-05-23 14:32:01',NULL),(4515,'SDR','City Airline','SWEDESTAR',0,'2021-05-23 14:32:01',NULL),(4516,'SDS','United Kingdom Civil Aviation Authority','STANDARDS',0,'2021-05-23 14:32:01',NULL),(4517,'SDU','Sud Airlines','SUD LINES',0,'2021-05-23 14:32:01',NULL),(4518,'SDV','Servicios Aereos Del Vaupes','SELVA',0,'2021-05-23 14:32:01',NULL),(4519,'SDX','Servicio Tecnico Aero De Mexico','SERVICIO TECNICO',0,'2021-05-23 14:32:01',NULL),(4520,'SDY','Island Express','SANDY ISLE',0,'2021-05-23 14:32:01',NULL),(4521,'SDZ','Sudan Pezetel for Aviation','SUDANA',0,'2021-05-23 14:32:01',NULL),(4522,'SEA','Southeast Air','SOUTHEAST AIR',0,'2021-05-23 14:32:01',NULL),(4523,'SEB','Servicios Aereos Luce','SERVILUCE',0,'2021-05-23 14:32:01',NULL),(4524,'SEC','3D Aviation','SECUREX',0,'2021-05-23 14:32:01',NULL),(4525,'SED','Sedona Air Center','SEDONA AIR',0,'2021-05-23 14:32:01',NULL),(4526,'SEE','Shaheen Air Cargo','SHAHEEN CARGO',1,'2021-05-23 14:32:01',NULL),(4527,'SEF','Aero Servicios Ejecutivas Del Pacifico','SERVIPACIFICO',0,'2021-05-23 14:32:01',NULL),(4528,'SEG','Eagle International','SEN-EAGLE',0,'2021-05-23 14:32:01',NULL),(4529,'SEH','Sky Express','AIR CRETE',0,'2021-05-23 14:32:01',NULL),(4530,'SEI','Transportes Aereos Sierra Madre','TRANSPORTE SIERRA',0,'2021-05-23 14:32:01',NULL),(4531,'SEJ','Spicejet','SPICEJET',0,'2021-05-23 14:32:01',NULL),(4532,'SEK','Skyjet','SKALA',0,'2021-05-23 14:32:01',NULL),(4533,'SEL','Sentel Corporation','SENTEL',0,'2021-05-23 14:32:01',NULL),(4534,'SEM','Cape Central Airways','SEMO',0,'2021-05-23 14:32:01',NULL),(4535,'SEN','Sevenair','SEVENAIR',0,'2021-05-23 14:32:01',NULL),(4536,'SEO','Selcon Airlines','SELCON AIR',0,'2021-05-23 14:32:01',NULL),(4537,'SEQ','Sky Eyes','SKY EYES',0,'2021-05-23 14:32:01',NULL),(4538,'SER','Aero California','AEROCALIFORNIA',0,'2021-05-23 14:32:01',NULL),(4539,'SES','Servicio Aereo Saltillo','SERVISAL',0,'2021-05-23 14:32:01',NULL),(4540,'SET','SAETA','SAETA',0,'2021-05-23 14:32:01',NULL),(4541,'SEU','XL Airways France','STARWAY',0,'2021-05-23 14:32:01',NULL),(4542,'SEV','Serair Transworld Press','CARGOPRESS',1,'2021-05-23 14:32:01',NULL),(4543,'SEY','Air Seychelles','SEYCHELLES',0,'2021-05-23 14:32:01',NULL),(4544,'SFA','SEFA','SEFA',0,'2021-05-23 14:32:01',NULL),(4545,'SFB','Air Sofia','AIR SOFIA',0,'2021-05-23 14:32:01',NULL),(4546,'SFC','Shuswap Flight Centre','SHUSWAP',0,'2021-05-23 14:32:01',NULL),(4547,'SFE','Sefofane Air Charters','SEFOFANE',0,'2021-05-23 14:32:01',NULL),(4548,'SFF','Safewings Aviation Company','SWIFTWING',0,'2021-05-23 14:32:01',NULL),(4549,'SFG','Sun Freight Logistics','AERO GULF',0,'2021-05-23 14:32:01',NULL),(4550,'SFJ','Star Flyer','STARFLYER',0,'2021-05-23 14:32:01',NULL),(4551,'SFL','Southflight Aviation','SOUTHFLIGHT',0,'2021-05-23 14:32:01',NULL),(4552,'SFM','A-Safar Air Services','AIR SAFAR',0,'2021-05-23 14:32:01',NULL),(4553,'SFN','Safiran Airlines','SAFIRAN',0,'2021-05-23 14:32:01',NULL),(4554,'SFP','Safe Air','SAFE AIR',0,'2021-05-23 14:32:01',NULL),(4555,'SFR','Safair','CARGO',1,'2021-05-23 14:32:01',NULL),(4556,'SFS','Southern Frontier Air Transport','SOUTHERN FRONTIER',0,'2021-05-23 14:32:01',NULL),(4557,'SFT','Skyfreight','SKYFREIGHT',0,'2021-05-23 14:32:01',NULL),(4558,'SFU','Solent Flight','SAINTS',0,'2021-05-23 14:32:01',NULL),(4559,'SFX','S.K. Logistics','SWAMP FOX',0,'2021-05-23 14:32:01',NULL),(4560,'SFY','Gulf Flite Center','SKY FLITE',0,'2021-05-23 14:32:01',NULL),(4561,'SGA','Air Saigon','AIR SAIGON',0,'2021-05-23 14:32:01',NULL),(4562,'SGB','Sky King','SONGBIRD',0,'2021-05-23 14:32:01',NULL),(4563,'SGC','Southern Right Air Charter','SOUTHERNRIGHT',0,'2021-05-23 14:32:01',NULL),(4564,'SGD','Sky Gate International Aviation','AIR BISHKEK',0,'2021-05-23 14:32:01',NULL),(4565,'SGF','STAC Swiss Government Flights','STAC',0,'2021-05-23 14:32:01',NULL),(4566,'SGG','Senegal Airlines','',0,'2021-05-23 14:32:01',NULL),(4567,'SGH','Servisair','SERVISAIR',0,'2021-05-23 14:32:01',NULL),(4568,'SGI','Servicios Aereos Agricolas','SERAGRI',0,'2021-05-23 14:32:01',NULL),(4569,'SGK','Skyward Aviation','SKYWARD',0,'2021-05-23 14:32:01',NULL),(4570,'SGM','Sky Aircraft Service','SIGMA',0,'2021-05-23 14:32:01',NULL),(4571,'SGN','Siam GA','SIAM',0,'2021-05-23 14:32:01',NULL),(4572,'SGP','Sagolair Transportes Ejecutivos','SAGOLAIR',0,'2021-05-23 14:32:01',NULL),(4573,'SGR','Eastwind Airlines','STINGER',0,'2021-05-23 14:32:01',NULL),(4574,'SGS','Saskatchewan Government Executive Air Service','SASKATCHEWAN',0,'2021-05-23 14:32:01',NULL),(4575,'SGT','Skygate','SKYGATE',0,'2021-05-23 14:32:01',NULL),(4576,'SGU','Samgau','RAUSHAN',0,'2021-05-23 14:32:01',NULL),(4577,'SGV','Aerosegovia','SEGOVIA',0,'2021-05-23 14:32:01',NULL),(4578,'SGX','Saga Airlines','',0,'2021-05-23 14:32:01',NULL),(4579,'SGY','Skagway Air Service','SKAGWAY AIR',0,'2021-05-23 14:32:01',NULL),(4580,'SHA','Sharp Airlines','SHARP',0,'2021-05-23 14:32:01',NULL),(4581,'SHB','Shabair','SHABAIR',0,'2021-05-23 14:32:01',NULL),(4582,'SHC','Sky Harbor Air Service','SKY HARBOR CHEYENNE',0,'2021-05-23 14:32:01',NULL),(4583,'SHD','Sahara Airlines','',0,'2021-05-23 14:32:01',NULL),(4584,'SHE','Shell Aircraft','SHELL',0,'2021-05-23 14:32:01',NULL),(4585,'SHF','Royal Air Force','VORTEX',0,'2021-05-23 14:32:01',NULL),(4586,'SHG','Shoprite Group','SHOP AIR',0,'2021-05-23 14:32:01',NULL),(4587,'SHH','Airshare Holdings','AIRSHARE',0,'2021-05-23 14:32:01',NULL),(4588,'SHI','Seoul Air International','SEOUL AIR',0,'2021-05-23 14:32:01',NULL),(4589,'SHJ','Sharjah Ruler\'s Flight','SHARJAH',0,'2021-05-23 14:32:01',NULL),(4590,'SHK','Shorouk Air','',0,'2021-05-23 14:32:01',NULL),(4591,'SHL','Samson Aviation','SAMSON',0,'2021-05-23 14:32:01',NULL),(4592,'SHM','Sheltam Aviation','SHELTAM',0,'2021-05-23 14:32:01',NULL),(4593,'SHN','Shaheen Airport Services','SUGAR ALFA',0,'2021-05-23 14:32:01',NULL),(4594,'SHO','Sheremetyevo-Cargo','',1,'2021-05-23 14:32:01',NULL),(4595,'SHP','Service Aerien Francais','SAF',0,'2021-05-23 14:32:01',NULL),(4596,'SHQ','Shanghai Airlines Cargo','SHANGHAI CARGO',1,'2021-05-23 14:32:01',NULL),(4597,'SHR','Shooter Air Courier','SHOOTER',0,'2021-05-23 14:32:01',NULL),(4598,'SHS','Shura Air Transport Services','SHURA AIR',0,'2021-05-23 14:32:01',NULL),(4599,'SHT','British Airways Shuttle','SHUTTLE',0,'2021-05-23 14:32:01',NULL),(4600,'SHU','Sakhalinskie Aviatrassy (SAT)','SATAIR',0,'2021-05-23 14:32:01',NULL),(4601,'SHV','Shavano Air','SHAVANO',0,'2021-05-23 14:32:01',NULL),(4602,'SHW','Shawnee Airline','SHAWNEE',0,'2021-05-23 14:32:01',NULL),(4603,'SHX','Slim Aviation Services','SLIM AIR',0,'2021-05-23 14:32:01',NULL),(4604,'SHY','Sky Airlines','ANTALYA BIRD',0,'2021-05-23 14:32:01',NULL),(4605,'SIA','Singapore Airlines','SINGAPORE',0,'2021-05-23 14:32:01',NULL),(4606,'SIB','Sibaviatrans','SIBAVIA',0,'2021-05-23 14:32:01',NULL),(4607,'SIE','Sierra Express','SEREX',0,'2021-05-23 14:32:01',NULL),(4608,'SIH','Skynet Airlines','BLUEJET',0,'2021-05-23 14:32:01',NULL),(4609,'SII','Aero Servicios Ejecutivos Internacionales','ASEISA',0,'2021-05-23 14:32:01',NULL),(4610,'SIJ','Seco International','',0,'2021-05-23 14:32:01',NULL),(4611,'SIL','Servicios Aeronauticos Integrales','SERVICIOS INTEGRALES',0,'2021-05-23 14:32:01',NULL),(4612,'SIM','Star Air','',0,'2021-05-23 14:32:01',NULL),(4613,'SIO','Sirio','SIRIO',0,'2021-05-23 14:32:01',NULL),(4614,'SIP','Air Spirit','AIR SPIRIT',0,'2021-05-23 14:32:01',NULL),(4615,'SIR','Salair','SALAIR',0,'2021-05-23 14:32:01',NULL),(4616,'SIS','Saber Airlines','',0,'2021-05-23 14:32:01',NULL),(4617,'SIT','SITA','',0,'2021-05-23 14:32:01',NULL),(4618,'SIV','Slovenian Armed Forces','SLOVENIAN',0,'2021-05-23 14:32:01',NULL),(4619,'SIW','Sirio Executive','SIRIO EXECUTIVE',0,'2021-05-23 14:32:01',NULL),(4620,'SIY','Aerosiyusa','SIYUSA',0,'2021-05-23 14:32:01',NULL),(4621,'SIZ','Aero Silza','AEROSILZA',0,'2021-05-23 14:32:01',NULL),(4622,'SJA','Servicios Aereos Especiales De Jalisco','SERVICIOJAL',0,'2021-05-23 14:32:01',NULL),(4623,'SJC','Servicios Ejecutivos Continental','SERVIEJECUTIVO',0,'2021-05-23 14:32:01',NULL),(4624,'SJE','Sunair 2001','SUNBIZ',0,'2021-05-23 14:32:01',NULL),(4625,'SJJ','Spirit Aviation','SPIRIT JET',0,'2021-05-23 14:32:01',NULL),(4626,'SJL','Servicios Especiales Del Pacifico Jalisco','SERVICIOS JALISCO',0,'2021-05-23 14:32:01',NULL),(4627,'SJM','Svyaz Rossiya','RussianConnecty',0,'2021-05-23 14:32:01',NULL),(4628,'SJN','Air San Juan','SAN JUAN',0,'2021-05-23 14:32:01',NULL),(4629,'SJO','Spring Airlines Japan','',0,'2021-05-23 14:32:01',NULL),(4630,'SJS','Southjet','',0,'2021-05-23 14:32:01',NULL),(4631,'SJT','Swiss Jet','SWISS JET',0,'2021-05-23 14:32:01',NULL),(4632,'SJU','Skyjet Airlines','SKYJET',0,'2021-05-23 14:32:01',NULL),(4633,'SJY','Sriwijaya Air','SRIWIJAYA',0,'2021-05-23 14:32:01',NULL),(4634,'SKA','Rio Air Express','RIO EXPRESS',0,'2021-05-23 14:32:01',NULL),(4635,'SKB','Skybus Airlines','SKYBUS',0,'2021-05-23 14:32:01',NULL),(4636,'SKC','Skymaster Air Lines','SKYMASTER AIR',0,'2021-05-23 14:32:01',NULL),(4637,'SKD','Sky Harbor Air Service','SKY DAWG',0,'2021-05-23 14:32:01',NULL),(4638,'SKE','Sky Tours','SKYISLE',0,'2021-05-23 14:32:01',NULL),(4639,'SKF','Skycraft','SKYCRAFT',0,'2021-05-23 14:32:01',NULL),(4640,'SKG','Skycraft Air Transport','SKYCRAFT-CANADA',0,'2021-05-23 14:32:01',NULL),(4641,'SKH','British Sky Broadcasting','SKYNEWS',0,'2021-05-23 14:32:01',NULL),(4642,'SKI','Skyking','SKYKING',0,'2021-05-23 14:32:01',NULL),(4643,'SKI','SkyKing Turks and Caicos Airways','SKYKING',0,'2021-05-23 14:32:01',NULL),(4644,'SKK','Skylink Aviation','SKYLINK',0,'2021-05-23 14:32:01',NULL),(4645,'SKL','Skycharter (Malton)','SKYCHARTER',0,'2021-05-23 14:32:01',NULL),(4646,'SKM','Fayetteville Flying Service and Scheduled Skyways System','SKYTEM',0,'2021-05-23 14:32:01',NULL),(4647,'SKN','Skyline Aviation Services','SKYLINER',0,'2021-05-23 14:32:01',NULL),(4648,'SKO','Scottish Airways Flyers','SKYWORK',0,'2021-05-23 14:32:01',NULL),(4649,'SKP','Aero-North Aviation Services','SKIPPER',0,'2021-05-23 14:32:01',NULL),(4650,'SKQ','Labcorp','SKYLAB',0,'2021-05-23 14:32:01',NULL),(4651,'SKR','Skyscapes Air Charters','SKYSCAPES',0,'2021-05-23 14:32:01',NULL),(4652,'SKS','Sky Service','SKY SERVICE',0,'2021-05-23 14:32:01',NULL),(4653,'SKT','Skystar Airways','SKY YOU',0,'2021-05-23 14:32:01',NULL),(4654,'SKU','Sky Airline','AEROSKY',0,'2021-05-23 14:32:01',NULL),(4655,'SKV','Sky Regional','Sky Regional',0,'2021-05-23 14:32:01',NULL),(4656,'SKV','Sky Regional Airlines','Maple',0,'2021-05-23 14:32:01',NULL),(4657,'SKW','SkyWest','SKYWEST',0,'2021-05-23 14:32:01',NULL),(4658,'SKX','Skyways Express','SKY EXPRESS',0,'2021-05-23 14:32:01',NULL),(4659,'SKY','Skymark Airlines','SKYMARK',0,'2021-05-23 14:32:01',NULL),(4660,'SKZ','Skyway Enterprises','SKYWAY-INC',0,'2021-05-23 14:32:01',NULL),(4661,'SLA','Sierra National Airlines','SELAIR',0,'2021-05-23 14:32:01',NULL),(4662,'SLB','Slok Air','SLOK AIR',0,'2021-05-23 14:32:01',NULL),(4663,'SLC','Salsa d\\\\\'Haiti','SALSA',0,'2021-05-23 14:32:01',NULL),(4664,'SLD','Silver Air','SILVERLINE',0,'2021-05-23 14:32:01',NULL),(4665,'SLE','Streamline','SLIPSTREAM',0,'2021-05-23 14:32:01',NULL),(4666,'SLF','Starfly','ELISTARFLY',0,'2021-05-23 14:32:01',NULL),(4667,'SLG','Saskatchewan Government','LIFEGUARD',0,'2021-05-23 14:32:01',NULL),(4668,'SLH','Silverhawk Aviation','SILVERHAWK',0,'2021-05-23 14:32:01',NULL),(4669,'SLI','Aerolitoral','COSTERA',0,'2021-05-23 14:32:01',NULL),(4670,'SLK','SilkAir','SILKAIR',0,'2021-05-23 14:32:01',NULL),(4671,'SLL','Slovak Airlines','SLOV LINE',0,'2021-05-23 14:32:01',NULL),(4672,'SLM','Surinam Airways','SURINAM',0,'2021-05-23 14:32:01',NULL),(4673,'SLN','Sloane Aviation','SLOANE',0,'2021-05-23 14:32:01',NULL),(4674,'SLO','Edgartown Air','SLOW',0,'2021-05-23 14:32:01',NULL),(4675,'SLP','Salpa Aviation','SALPA',0,'2021-05-23 14:32:01',NULL),(4676,'SLS','Servicios Aereos Slainte','SERVICIOS SLAINTE',0,'2021-05-23 14:32:01',NULL),(4677,'SLU','Avio Sluzba','AVIO SLUZBA',0,'2021-05-23 14:32:01',NULL),(4678,'SLV','Stella Aviation','AVISTELLA',0,'2021-05-23 14:32:01',NULL),(4679,'SLW','Salama Airlines Nigeria','SALMA AIR',0,'2021-05-23 14:32:01',NULL),(4680,'SLX','Sete Linhas Aereas','SETE',0,'2021-05-23 14:32:01',NULL),(4681,'SLY','Sky Line for Air Services','SKYCO',0,'2021-05-23 14:32:01',NULL),(4682,'SLZ','Super Luza','LUZA',0,'2021-05-23 14:32:01',NULL),(4683,'SMA','SMA Airlines','SESAME',0,'2021-05-23 14:32:01',NULL),(4684,'SMC','Sabang Merauke Raya Air Charter','SAMER',0,'2021-05-23 14:32:01',NULL),(4685,'SMD','Servicios Aereos La Marquesa','SERVICIOS MARQUESA',0,'2021-05-23 14:32:01',NULL),(4686,'SME','Semos','SEMICH',0,'2021-05-23 14:32:01',NULL),(4687,'SMF','Smalandsflyg','GORDON',0,'2021-05-23 14:32:01',NULL),(4688,'SMG','RAF St Mawgan Search and Rescue','',0,'2021-05-23 14:32:01',NULL),(4689,'SMH','Smithair','SMITHAIR',0,'2021-05-23 14:32:01',NULL),(4690,'SMI','Aero Sami','SAMI',0,'2021-05-23 14:32:01',NULL),(4691,'SMJ','Avient Aviation','AVAVIA',0,'2021-05-23 14:32:01',NULL),(4692,'SMK','Semeyavia','ERTIS',0,'2021-05-23 14:32:01',NULL),(4693,'SML','Smith Air (1976)','SMITH AIR',0,'2021-05-23 14:32:01',NULL),(4694,'SMM','Summit Airlines','SUMMIT-AIR',0,'2021-05-23 14:32:01',NULL),(4695,'SMQ','Samar Air','SAMAR AIR',0,'2021-05-23 14:32:01',NULL),(4696,'SMR','Somon Air','SOMON AIR',0,'2021-05-23 14:32:01',NULL),(4697,'SMS','Linhas Aereas Santomenses','SANTOMENSES',0,'2021-05-23 14:32:01',NULL),(4698,'SMT','Skyline','SKYLIMIT',0,'2021-05-23 14:32:01',NULL),(4699,'SMW','Carpatair Flight Training','Smartwings',0,'2021-05-23 14:32:01',NULL),(4700,'SMX','Alitalia Express','ALIEXPRESS',0,'2021-05-23 14:32:01',NULL),(4701,'SMY','Sama Airlines','NAJIM',0,'2021-05-23 14:32:01',NULL),(4702,'SMZ','RAF Scampton','SCAMPTON',0,'2021-05-23 14:32:01',NULL),(4703,'SNA','Senator Aviation Charter','SENATOR',0,'2021-05-23 14:32:01',NULL),(4704,'SNB','Sterling Airlines','STERLING',0,'2021-05-23 14:32:01',NULL),(4705,'SNC','Air Cargo Carriers','NIGHT CARGO',1,'2021-05-23 14:32:01',NULL),(4706,'SND','Air Samarkand','ARSAM',0,'2021-05-23 14:32:01',NULL),(4707,'SNE','Servicios Aereos De Nicaragua (SANSA)','SANSA',0,'2021-05-23 14:32:01',NULL),(4708,'SNF','Shans Air','SHANS AIR',0,'2021-05-23 14:32:01',NULL),(4709,'SNG','Air Senegal International','AIR SENEGAL',0,'2021-05-23 14:32:01',NULL),(4710,'SNH','Senair Services','SENSERVICE',0,'2021-05-23 14:32:01',NULL),(4711,'SNI','Savanah Airlines','SAVANAHLINE',0,'2021-05-23 14:32:01',NULL),(4712,'SNJ','Skynet Asia Airways','NEWSKY',0,'2021-05-23 14:32:01',NULL),(4713,'SNK','Southeast Airlines (Sun Jet International)','SUN KING',0,'2021-05-23 14:32:01',NULL),(4714,'SNL','Soonair Lines','SOONAIR',0,'2021-05-23 14:32:01',NULL),(4715,'SNM','Servizi Aerei','SERVIZI AEREI',0,'2021-05-23 14:32:01',NULL),(4716,'SNO','Delta Air Charter','SNOWBALL',0,'2021-05-23 14:32:01',NULL),(4717,'SNP','Sun Pacific International','SUN PACIFIC',0,'2021-05-23 14:32:01',NULL),(4718,'SNQ','Sun Quest Executive Air Charter','EXECU-QUEST',0,'2021-05-23 14:32:01',NULL),(4719,'SNS','Societe Centrafricaine De Transport Aerien','',0,'2021-05-23 14:32:01',NULL),(4720,'SNT','Suncoast Aviation','SUNCOAST',0,'2021-05-23 14:32:01',NULL),(4721,'SNU','Snunit Aviation','',0,'2021-05-23 14:32:01',NULL),(4722,'SNV','Sudanese States Aviation','SUDANESE',0,'2021-05-23 14:32:01',NULL),(4723,'SNW','Sun West Airlines','SUN WEST',0,'2021-05-23 14:32:01',NULL),(4724,'SNX','Sun Air Aviation Services','SUNEX',0,'2021-05-23 14:32:01',NULL),(4725,'SNY','Air Sandy','AIR SANDY',0,'2021-05-23 14:32:01',NULL),(4726,'SOA','Southern Air Charter','',0,'2021-05-23 14:32:01',NULL),(4727,'SOB','Stabo Freight','STABO',0,'2021-05-23 14:32:01',NULL),(4728,'SOC','Southern Cargo Air Lines','',1,'2021-05-23 14:32:01',NULL),(4729,'SOD','Aerolineas Sol','ALSOL',0,'2021-05-23 14:32:01',NULL),(4730,'SOE','Air Soleil','AIR SOLEIL',0,'2021-05-23 14:32:01',NULL),(4731,'SOG','Aero Soga','AEROSOGA',0,'2021-05-23 14:32:01',NULL),(4732,'SOH','Southern Ohio Aviation Sales','SOUTHERN OHIO',0,'2021-05-23 14:32:01',NULL),(4733,'SOI','Southern Aviation','SOAVAIR',0,'2021-05-23 14:32:01',NULL),(4734,'SOL','Solomon Airlines','SOLOMON',0,'2021-05-23 14:32:01',NULL),(4735,'SOM','Somali Airlines','SOMALAIR',0,'2021-05-23 14:32:01',NULL),(4736,'SON','Sunshine Air Tours','SUNSHINE TOURS',0,'2021-05-23 14:32:01',NULL),(4737,'SOO','Southern Air','SOUTHERN AIR',0,'2021-05-23 14:32:01',NULL),(4738,'SOP','Solinair','SOLINAIR',0,'2021-05-23 14:32:01',NULL),(4739,'SOR','Sonair Servico Aereo','SONAIR',0,'2021-05-23 14:32:01',NULL),(4740,'SOT','Southeast Correct Craft','SOUTH COURIER',0,'2021-05-23 14:32:01',NULL),(4741,'SOU','Southern Airways','SOUTHERN EXPRESS',0,'2021-05-23 14:32:01',NULL),(4742,'SOV','Saratov Aviation Division','SARATOV AIR',0,'2021-05-23 14:32:01',NULL),(4743,'SOW','Sowind Air','SOWIND',0,'2021-05-23 14:32:01',NULL),(4744,'SOX','Solid Air','SOLIDAIR',0,'2021-05-23 14:32:01',NULL),(4745,'SOY','Island Aviation','SORIANO',0,'2021-05-23 14:32:01',NULL),(4746,'SOZ','Sat Airlines','SATCO',0,'2021-05-23 14:32:01',NULL),(4747,'SPA','Sierra Pacific Airlines','SIERRA PACIFIC',0,'2021-05-23 14:32:01',NULL),(4748,'SPB','Springbok Classic Air','SPRING CLASSIC',0,'2021-05-23 14:32:01',NULL),(4749,'SPC','Skyworld Airlines','PORT',0,'2021-05-23 14:32:01',NULL),(4750,'SPD','Airspeed Aviation','SPEEDLINE',0,'2021-05-23 14:32:01',NULL),(4751,'SPE','Sprague Electric Company','SPRAGUE',0,'2021-05-23 14:32:01',NULL),(4752,'SPF','Space World Airline','SPACE WORLD',0,'2021-05-23 14:32:01',NULL),(4753,'SPG','Springdale Air Service','SPRING AIR',0,'2021-05-23 14:32:01',NULL),(4754,'SPH','Sapphire Executive Air','SAPPHIRE-CHARTER',0,'2021-05-23 14:32:01',NULL),(4755,'SPI','South Pacific Island Airways','SOUTH PACIFIC',0,'2021-05-23 14:32:01',NULL),(4756,'SPJ','Air Service','AIR SKOPJE',0,'2021-05-23 14:32:01',NULL),(4757,'SPK','Diamond Aviation','SPARKLE',0,'2021-05-23 14:32:01',NULL),(4758,'SPL','Servicios Corporativos Aereos De La Laguna','CORPORATIVOS LAGUNA',0,'2021-05-23 14:32:01',NULL),(4759,'SPM','Air Saint Pierre','',0,'2021-05-23 14:32:01',NULL),(4760,'SPN','Skorpion Air','AIR SKORPIO',0,'2021-05-23 14:32:01',NULL),(4761,'SPO','Aeroservicios Ejecutivos Del Pacifico','EJECTUIV PACIFICO',0,'2021-05-23 14:32:01',NULL),(4762,'SPP','Sapphire Aviation','SAPPHIRE',0,'2021-05-23 14:32:01',NULL),(4763,'SPQ','Servicios Aereos Palenque','SERVICOS PALENQUE',0,'2021-05-23 14:32:01',NULL),(4764,'SPR','Provincial Airlines','SPEEDAIR',0,'2021-05-23 14:32:01',NULL),(4765,'SPS','SPASA','SALDUERO',0,'2021-05-23 14:32:01',NULL),(4766,'SPT','Speed Aviation','SPEED AVIATION',0,'2021-05-23 14:32:01',NULL),(4767,'SPU','Southeast Airmotive','SPUTTER',0,'2021-05-23 14:32:01',NULL),(4768,'SPV','Servicios Privados De Aviacion','SERVICIOS PRIVADOS',0,'2021-05-23 14:32:01',NULL),(4769,'SPW','Speedwings','SPEEDWING',0,'2021-05-23 14:32:01',NULL),(4770,'SPX','Service People Gesselschaft fur Charter und Service','',0,'2021-05-23 14:32:01',NULL),(4771,'SPY','Asian Aerospace Service','THAI SPACE',0,'2021-05-23 14:32:01',NULL),(4772,'SPZ','Airworld','SPEED SERVICE',0,'2021-05-23 14:32:01',NULL),(4773,'SQA','Slovak National Aeroclub','SLOVAK AEROCLUB',0,'2021-05-23 14:32:01',NULL),(4774,'SQC','Singapore Airlines Cargo','SINGCARGO',1,'2021-05-23 14:32:01',NULL),(4775,'SQF','Slovak Air Force','SLOVAK AIRFORCE',0,'2021-05-23 14:32:01',NULL),(4776,'SQH','SeaPort Airlines','SASQUATCH',0,'2021-05-23 14:32:01',NULL),(4777,'SQL','Servicos De Alquiler','ALQUILER',0,'2021-05-23 14:32:01',NULL),(4778,'SQR','Alsaqer Aviation','ALSAQER AVIATION',0,'2021-05-23 14:32:01',NULL),(4779,'SRA','Sair Aviation','SAIR',0,'2021-05-23 14:32:01',NULL),(4780,'SRB','Solar Air','Solar Air',0,'2021-05-23 14:32:01',NULL),(4781,'SRC','Searca','SEARCA',0,'2021-05-23 14:32:01',NULL),(4782,'SRD','Search and Rescue 22','',0,'2021-05-23 14:32:01',NULL),(4783,'SRF','Transportes Aereos San Rafael','SAN RAFEAL',0,'2021-05-23 14:32:01',NULL),(4784,'SRG','Search and Rescue 202','',0,'2021-05-23 14:32:01',NULL),(4785,'SRH','Siem Reap Airways','SIEMREAP AIR',0,'2021-05-23 14:32:01',NULL),(4786,'SRI','Air Safaris and Services','AIRSAFARI',0,'2021-05-23 14:32:01',NULL),(4787,'SRJ','C Air Jet Airlines','SYRJET',0,'2021-05-23 14:32:01',NULL),(4788,'SRK','Sky Work Airlines','SKYFOX',0,'2021-05-23 14:32:01',NULL),(4789,'SRL','Swedline Express','Starline',0,'2021-05-23 14:32:01',NULL),(4790,'SRL','Servicios Aeronauticos Aero Personal','SERVICIOS PERSONAL',0,'2021-05-23 14:32:01',NULL),(4791,'SRN','Sirair','SIRAIR',0,'2021-05-23 14:32:01',NULL),(4792,'SRN','Sprintair','',0,'2021-05-23 14:32:01',NULL),(4793,'SRO','Servicios Aereos Ejecutivos Saereo','SAEREO',0,'2021-05-23 14:32:01',NULL),(4794,'SRP','Polizeihubschrafterstaffel Rheinland-Pfalz','SPERBER',0,'2021-05-23 14:32:01',NULL),(4795,'SRQ','South East Asian Airlines','SEAIR',0,'2021-05-23 14:32:01',NULL),(4796,'SRR','Star Air','WHITESTAR',0,'2021-05-23 14:32:01',NULL),(4797,'SRS','Selkirk Remote Sensing','PHOTO CHARLIE',0,'2021-05-23 14:32:01',NULL),(4798,'SRT','Trans Asian Airlines','TRASER',0,'2021-05-23 14:32:01',NULL),(4799,'SRU','Star Up','STAR-UP',0,'2021-05-23 14:32:01',NULL),(4800,'SRV','Aero Servicio Corporativo','SERVICORP',0,'2021-05-23 14:32:01',NULL),(4801,'SRW','Sarit Airlines','SARIA',0,'2021-05-23 14:32:01',NULL),(4802,'SRX','Sierra Expressway Airlines','SIERRA EX',0,'2021-05-23 14:32:01',NULL),(4803,'SRY','ViaAir','Stingray',0,'2021-05-23 14:32:01',NULL),(4804,'SRZ','Strato Air Services','STRATO',0,'2021-05-23 14:32:01',NULL),(4805,'SSA','All America US','',0,'2021-05-23 14:32:01',NULL),(4806,'SSB','Sasair','SASIR',0,'2021-05-23 14:32:01',NULL),(4807,'SSC','Southern Seaplane','SOUTHERN SKIES',0,'2021-05-23 14:32:01',NULL),(4808,'SSD','Star Service International','STAR SERVICE',0,'2021-05-23 14:32:01',NULL),(4809,'SSE','Servicios Aereos Sunset','SUNSET',0,'2021-05-23 14:32:01',NULL),(4810,'SSF','Severstal','SEVERSTAL',0,'2021-05-23 14:32:01',NULL),(4811,'SSG','Slovak Government Flying Service','SLOVAK GOVERNMENT',0,'2021-05-23 14:32:01',NULL),(4812,'SSH','Heritiage Flight (Valley Air Services)','SNOWSHOE',0,'2021-05-23 14:32:01',NULL),(4813,'SSI','Vision Airlines','SUPER JET',0,'2021-05-23 14:32:01',NULL),(4814,'SSK','Skystar International','SKYSTAR',0,'2021-05-23 14:32:01',NULL),(4815,'SSL','Air Sultan','SIERRA SULTAN',0,'2021-05-23 14:32:01',NULL),(4816,'SSM','Aero 1 Pro-Jet','RAPID',0,'2021-05-23 14:32:01',NULL),(4817,'SSN','Airquarius Air Charter','SUNSTREAM',0,'2021-05-23 14:32:01',NULL),(4818,'SSO','Special Scope Limited','DOPE',0,'2021-05-23 14:32:01',NULL),(4819,'SSP','Starspeed','STARSPEED',0,'2021-05-23 14:32:01',NULL),(4820,'SSQ','Sunstate Airlines','SUNSTATE',0,'2021-05-23 14:32:01',NULL),(4821,'SSS','SAESA','SAESA',0,'2021-05-23 14:32:01',NULL),(4822,'SST','Sunwest Airlines','SUNFLIGHT',0,'2021-05-23 14:32:01',NULL),(4823,'SSU','SASCA','SASCA',0,'2021-05-23 14:32:01',NULL),(4824,'SSV','Skyservice Airlines','SKYTOUR',0,'2021-05-23 14:32:01',NULL),(4825,'SSW','Streamline Aviation','STREAMLINE',0,'2021-05-23 14:32:01',NULL),(4826,'SSX','Lynx Aviation (L3/SSX)','Shasta',0,'2021-05-23 14:32:01',NULL),(4827,'SSY','Sky Aviation','SIERRA SKY',0,'2021-05-23 14:32:01',NULL),(4828,'SSZ','Specsavers Aviation','SPECSAVERS',0,'2021-05-23 14:32:01',NULL),(4829,'STA','Star Aviation','STAR',0,'2021-05-23 14:32:01',NULL),(4830,'STB','Status-Alpha Airline','STATUS-ALPHA',0,'2021-05-23 14:32:01',NULL),(4831,'STC','Stadium City Limited','STADIUM',0,'2021-05-23 14:32:01',NULL),(4832,'STD','Servicios De Aerotransportacion De Aguascalientes','AERO AGUASCALINETES',0,'2021-05-23 14:32:01',NULL),(4833,'STE','Semitool Europe','SEMITRANS',0,'2021-05-23 14:32:01',NULL),(4834,'STF','SFT-Sudanese Flight','',0,'2021-05-23 14:32:01',NULL),(4835,'STG','Sedalia',' Marshall',0,'2021-05-23 14:32:01',NULL),(4836,'STH','South-Airlines','',0,'2021-05-23 14:32:01',NULL),(4837,'STI','Sontair','SONTAIR',0,'2021-05-23 14:32:01',NULL),(4838,'STJ','Sella Aviation','STELLAVIA',0,'2021-05-23 14:32:01',NULL),(4839,'STK','Aeropac','SAT PAK',0,'2021-05-23 14:32:01',NULL),(4840,'STL','Stapleford Flight Centre','STAPLEFORD',0,'2021-05-23 14:32:01',NULL),(4841,'STN','RAF St Athan','SAINT ATHAN',0,'2021-05-23 14:32:01',NULL),(4842,'STO','Streamline Ops','SLOPS',0,'2021-05-23 14:32:01',NULL),(4843,'STP','STP Airways','SAOTOME AIRWAYS',0,'2021-05-23 14:32:01',NULL),(4844,'STQ','Star Air','STERA',0,'2021-05-23 14:32:01',NULL),(4845,'STR','Red Star','STARLINE',0,'2021-05-23 14:32:01',NULL),(4846,'STS','Starling Airlines Spain','STARLING',0,'2021-05-23 14:32:01',NULL),(4847,'STT','Air St. Thomas','PARADISE',0,'2021-05-23 14:32:01',NULL),(4848,'STU','Servicios de Transportes A','FUEGUINO',0,'2021-05-23 14:32:01',NULL),(4849,'STU','Star African Air','STARSOM',0,'2021-05-23 14:32:01',NULL),(4850,'STV','Southern Aviation','SOUTHERN AVIATION',0,'2021-05-23 14:32:01',NULL),(4851,'STW','South West Air Corporation','SIERRA WHISKEY',0,'2021-05-23 14:32:01',NULL),(4852,'STX','Stars Away Aviation','STARSAWAY',0,'2021-05-23 14:32:01',NULL),(4853,'STY','Styrian Airways','STYRIAN',0,'2021-05-23 14:32:01',NULL),(4854,'SUA','Silesia Air','AIR SILESIA',0,'2021-05-23 14:32:01',NULL),(4855,'SUB','Suburban Air Freight','SUB AIR',0,'2021-05-23 14:32:01',NULL),(4856,'SUD','Sudan Airways','SUDANAIR',0,'2021-05-23 14:32:01',NULL),(4857,'SUE','Aerolineas Del Sureste','AEROSURESTE',0,'2021-05-23 14:32:01',NULL),(4858,'SUF','Sun Air (Fiji)','SUNFLOWER',0,'2021-05-23 14:32:01',NULL),(4859,'SUG','Sunu Air','SUNU AIR',0,'2021-05-23 14:32:01',NULL),(4860,'SUH','Sun Light','LIGHT AIR',0,'2021-05-23 14:32:01',NULL),(4861,'SUI','Swiss Air Force','SWISS AIR FORCE',0,'2021-05-23 14:32:01',NULL),(4862,'SUK','Superior Aviation Services','SKYCARGO',1,'2021-05-23 14:32:01',NULL),(4863,'SUM','State Unitary Air Enterprise','SUMES',0,'2021-05-23 14:32:01',NULL),(4864,'SUN','Antillana De Navegacion Aerea','',0,'2021-05-23 14:32:01',NULL),(4865,'SUO','Aeroservicios De San Luis','SERVICIO SANLUIS',0,'2021-05-23 14:32:01',NULL),(4866,'SUP','Aerosuper','AEROSUPER',0,'2021-05-23 14:32:01',NULL),(4867,'SUR','Sun Air','',0,'2021-05-23 14:32:01',NULL),(4868,'SUS','Sun Air of Scandinavia','SUNSCAN',0,'2021-05-23 14:32:01',NULL),(4869,'SUT','Sistemas Aeronauuticos 2000','SISTEMAS AERONAUTICOS',0,'2021-05-23 14:32:01',NULL),(4870,'SUU','Star West Aviation','SUNSTAR',0,'2021-05-23 14:32:01',NULL),(4871,'SUV','Sundance Air','DANCEAIR',0,'2021-05-23 14:32:01',NULL),(4872,'SUW','Interavia Airlines','ASTAIR',0,'2021-05-23 14:32:01',NULL),(4873,'SUY','Aerial Surveys (1980) Limited','SURVEY',0,'2021-05-23 14:32:01',NULL),(4874,'SVA','Saudi Arabian Airlines','SAUDIA',0,'2021-05-23 14:32:01',NULL),(4875,'SVD','St. Vincent Grenadines Air (1990)','GRENADINES',0,'2021-05-23 14:32:01',NULL),(4876,'SVE','Aero Servicios Expecializados','AEROESPECIAL',0,'2021-05-23 14:32:01',NULL),(4877,'SVF','Swedish Armed Forces','SWEDEFORCE',0,'2021-05-23 14:32:01',NULL),(4878,'SVG','SVG Air','Grenadines',0,'2021-05-23 14:32:01',NULL),(4879,'SVH','Sterling Helicopters','SILVER',0,'2021-05-23 14:32:01',NULL),(4880,'SVI','Servicios De Transporte Aereo','SETRA',0,'2021-05-23 14:32:01',NULL),(4881,'SVJ','Silver Air','',0,'2021-05-23 14:32:01',NULL),(4882,'SVK','Air Slovakia','SLOVAKIA',0,'2021-05-23 14:32:01',NULL),(4883,'SVL','Sevastopol-Avia','SEVAVIA',0,'2021-05-23 14:32:01',NULL),(4884,'SVM','Aeroservicios Monterrey','SERVIMONTE',0,'2021-05-23 14:32:01',NULL),(4885,'SVN','Savanair (Angola)','SAVANAIR',0,'2021-05-23 14:32:01',NULL),(4886,'SVO','Servicios Aeronauticos De Oriente','SERVIORIENTE',0,'2021-05-23 14:32:01',NULL),(4887,'SVR','Ural Airlines','SVERDLOVSK AIR',0,'2021-05-23 14:32:01',NULL),(4888,'SVS','Servicios Aereos Saar','AEREOS SAAR',0,'2021-05-23 14:32:01',NULL),(4889,'SVT','Seven Four Eight Air Services','SIERRA SERVICES',0,'2021-05-23 14:32:01',NULL),(4890,'SVW','Global Jet Luxembourg','SILVER ARROWS',0,'2021-05-23 14:32:01',NULL),(4891,'SVX','Security Aviation','SECURITY AIR',0,'2021-05-23 14:32:01',NULL),(4892,'SVY','Cooper Aerial Surveys','SURVEYOR',0,'2021-05-23 14:32:01',NULL),(4893,'SWA','Southwest Airlines','SOUTHWEST',0,'2021-05-23 14:32:01',NULL),(4894,'SWB','Swissboogie Parapro','SWISSBOOGIE',0,'2021-05-23 14:32:01',NULL),(4895,'SWC','South West Air','SAINT CLAIR',0,'2021-05-23 14:32:01',NULL),(4896,'SWD','Southern Winds Airlines','SOUTHERN WINDS',0,'2021-05-23 14:32:01',NULL),(4897,'SWE','Swedeways','SWEDELINE',0,'2021-05-23 14:32:01',NULL),(4898,'SWF','Galair International','GALAIR',0,'2021-05-23 14:32:01',NULL),(4899,'SWG','Sunwing Airlines','SUNWING',0,'2021-05-23 14:32:01',NULL),(4900,'SWH','Adler Aviation','SHOCKWAVE',0,'2021-05-23 14:32:01',NULL),(4901,'SWI','Sunworld Airlines','SUNWORLD',0,'2021-05-23 14:32:01',NULL),(4902,'SWJ','Stateswest Airlines','STATES',0,'2021-05-23 14:32:01',NULL),(4903,'SWK','General Aerospace','SKYWALKER',0,'2021-05-23 14:32:01',NULL),(4904,'SWL','Trans Jet Airways','TRANSJET',0,'2021-05-23 14:32:01',NULL),(4905,'SWM','Sky Angkor Airlines (ZA)','SKY ANGKOR',0,'2021-05-23 14:32:01',NULL),(4906,'SWN','West Air Sweden','AIR SWEDEN',0,'2021-05-23 14:32:01',NULL),(4907,'SWO','Surninam International Victory Airline','SIVA',0,'2021-05-23 14:32:01',NULL),(4908,'SWP','Star Work Sky','STAR WORK',0,'2021-05-23 14:32:01',NULL),(4909,'SWQ','Swift Air (Interstate Equipment Leasing)','SWIFTFLIGHT',0,'2021-05-23 14:32:01',NULL),(4910,'SWR','Swiss International Air Lines','SWISS',0,'2021-05-23 14:32:01',NULL),(4911,'SWR','Swissair','Swissair',0,'2021-05-23 14:32:01',NULL),(4912,'SWS','Sunwest Aviation (Lindquist Investment)','SUNNY WEST',0,'2021-05-23 14:32:01',NULL),(4913,'SWT','Swiftair','SWIFT',0,'2021-05-23 14:32:01',NULL),(4914,'SWU','Swiss European Air Lines','EUROSWISS',0,'2021-05-23 14:32:01',NULL),(4915,'SWV','Swe Fly','FLYING SWEDE',0,'2021-05-23 14:32:01',NULL),(4916,'SWW','Shovkoviy Shlyah','WAY AERO',0,'2021-05-23 14:32:01',NULL),(4917,'SWX','Swazi Express Airways','SWAZI EXPRESS',0,'2021-05-23 14:32:01',NULL),(4918,'SWY','Sky Jet','SWISSLINK',0,'2021-05-23 14:32:01',NULL),(4919,'SWZ','Servair',' Private Charter',0,'2021-05-23 14:32:01',NULL),(4920,'SXA','Southern Cross Aviation','FERRY',0,'2021-05-23 14:32:01',NULL),(4921,'SXC','Sky Exec Aviation Services','SKY EXEC',0,'2021-05-23 14:32:01',NULL),(4922,'SXE','Southeast Express Airlines','DOGWOOD EXPRESS',0,'2021-05-23 14:32:01',NULL),(4923,'SXM','Servicios Aereos Sepecializados Mexicanos','SERVIMEX',0,'2021-05-23 14:32:01',NULL),(4924,'SXP','Sky Express','EXPRESS SKY',0,'2021-05-23 14:32:01',NULL),(4925,'SXR','Sky Express','SKYSTORM',0,'2021-05-23 14:32:01',NULL),(4926,'SXS','SunExpress','SUNEXPRESS',0,'2021-05-23 14:32:01',NULL),(4927,'SXT','Servicios De Taxi Aereo','SERTA',0,'2021-05-23 14:32:01',NULL),(4928,'SXX','Satellite Aero','SATELLITE EXPRESS',0,'2021-05-23 14:32:01',NULL),(4929,'SXY','Safari Express Cargo','SAFARI EXPRESS',1,'2021-05-23 14:32:01',NULL),(4930,'SYA','Skyways','LINEAS CARDINAL',0,'2021-05-23 14:32:01',NULL),(4931,'SYC','Systec 2000','SYSTEC',0,'2021-05-23 14:32:01',NULL),(4932,'SYE','Sheba Aviation','',0,'2021-05-23 14:32:01',NULL),(4933,'SYF','Sky One Express Airlines','SKY FIRST',0,'2021-05-23 14:32:01',NULL),(4934,'SYG','Synergy Aviation','SYNERGY',0,'2021-05-23 14:32:01',NULL),(4935,'SYI','Sonalysts','',0,'2021-05-23 14:32:01',NULL),(4936,'SYJ','Slate Falls Airways','',0,'2021-05-23 14:32:01',NULL),(4937,'SYK','Satsair','AEROCAB',0,'2021-05-23 14:32:01',NULL),(4938,'SYL','Aircompany Yakutia','AIR YAKUTIA',0,'2021-05-23 14:32:01',NULL),(4939,'SYN','Syncrude Canada','SYNCRUDE',0,'2021-05-23 14:32:01',NULL),(4940,'SYR','Syrian Arab Airlines','SYRIANAIR',0,'2021-05-23 14:32:01',NULL),(4941,'SYS','Shawbury Flying Training Unit','SHAWBURY',0,'2021-05-23 14:32:01',NULL),(4942,'SYT','Aerosud Aviation','SKYTRACK',0,'2021-05-23 14:32:01',NULL),(4943,'SYV','Special Aviation Systems','SPECIAL SYSTEM',0,'2021-05-23 14:32:01',NULL),(4944,'SYX','Skywalk Airlines','SKYWAY-EX',0,'2021-05-23 14:32:01',NULL),(4945,'SYY','South African Historic Flight','SKY COACH',0,'2021-05-23 14:32:01',NULL),(4946,'SZA','Aerolineas De El Salvador','AESA',0,'2021-05-23 14:32:01',NULL),(4947,'SZB','Aerolineas heredas santa maria','',0,'2021-05-23 14:32:01',NULL),(4948,'SZL','Swaziland Airlink','SWAZILINK',0,'2021-05-23 14:32:01',NULL),(4949,'SZT','Servicios Aeronauticos Z','AERO ZEE',0,'2021-05-23 14:32:01',NULL),(4950,'SZZ','SUR Lineas Aereas','',0,'2021-05-23 14:32:01',NULL),(4951,'T&O','Tom\\\\\'s & co airliners','T&',0,'2021-05-23 14:32:01',NULL),(4952,'T33','THREE','',0,'2021-05-23 14:32:01',NULL),(4953,'T9P','Tomp Airlines','',0,'2021-05-23 14:32:01',NULL),(4954,'TAA','Aeroservicios de La Costa','AERO COSTA',0,'2021-05-23 14:32:01',NULL),(4955,'TAC','Turbot Air Cargo','TURBOT',1,'2021-05-23 14:32:01',NULL),(4956,'TAD','Tranporte Aereo Dominicano','TRANS DOMINICAN',0,'2021-05-23 14:32:01',NULL),(4957,'TAE','TAME','TAME',0,'2021-05-23 14:32:01',NULL),(4958,'TAG','TAG Aviation USA','TAG U-S',0,'2021-05-23 14:32:01',NULL),(4959,'TAH','Air Moorea','AIR MOOREA',0,'2021-05-23 14:32:01',NULL),(4960,'TAJ','Tunisavia','TUNISAVIA',0,'2021-05-23 14:32:01',NULL),(4961,'TAK','Tatarstan Airlines','TATARSTAN',0,'2021-05-23 14:32:01',NULL),(4962,'TAL','Talair','TALAIR',0,'2021-05-23 14:32:01',NULL),(4963,'TAM','TAM Brazilian Airlines','TAM',0,'2021-05-23 14:32:01',NULL),(4964,'TAN','Zanair','ZANAIR',0,'2021-05-23 14:32:01',NULL),(4965,'TAO','Aeromar','TRANS-AEROMAR',0,'2021-05-23 14:32:01',NULL),(4966,'TAP','TAP Portugal','AIR PORTUGAL',0,'2021-05-23 14:32:01',NULL),(4967,'TAQ','Taunus Air Gmbh','Taunusair',0,'2021-05-23 14:32:01',NULL),(4968,'TAR','Tunisair','TUNAIR',0,'2021-05-23 14:32:01',NULL),(4969,'TAS','Lotus Air','LOTUS FLOWER',0,'2021-05-23 14:32:01',NULL),(4970,'TAT','Grupo TACA','TACA-COSTARICA',0,'2021-05-23 14:32:01',NULL),(4971,'TAU','Transportes Aereos Tauro','TRANSTAURO',0,'2021-05-23 14:32:01',NULL),(4972,'TAV','Compania de Servicios Aereos Tavisa','TAVISA',0,'2021-05-23 14:32:01',NULL),(4973,'TAX','Travelair','TRAVELAIR',0,'2021-05-23 14:32:01',NULL),(4974,'TAY','TNT Airways','QUALITY',0,'2021-05-23 14:32:01',NULL),(4975,'TBA','Transbrasil','TRANSBRASIL',0,'2021-05-23 14:32:01',NULL),(4976,'TBC','Turbine Air Cargo UK','',1,'2021-05-23 14:32:01',NULL),(4977,'TBD','Thunderbird Tours','ORCA',0,'2021-05-23 14:32:01',NULL),(4978,'TBG','Tropical Airways','',0,'2021-05-23 14:32:01',NULL),(4979,'TBH','Trinity Air Bahamas','',0,'2021-05-23 14:32:01',NULL),(4980,'TBI','TAB Express International','TAB INTERNATIONAL',0,'2021-05-23 14:32:01',NULL),(4981,'TBL','Aerotrebol','AEROTREBOL',0,'2021-05-23 14:32:01',NULL),(4982,'TBM','Taban Air Lines','TABAN AIR',0,'2021-05-23 14:32:01',NULL),(4983,'TBN','Teebah Airlines','TEEBAH',0,'2021-05-23 14:32:01',NULL),(4984,'TBO','Aero Taxi de Los Cabos','AERO CABOS',0,'2021-05-23 14:32:01',NULL),(4985,'TBR','Tubelair','TUBELAIR',0,'2021-05-23 14:32:01',NULL),(4986,'TBS','Servicios Aereos Tribasa','TRIBASA',0,'2021-05-23 14:32:01',NULL),(4987,'TBX','Tobago Express','TABEX',0,'2021-05-23 14:32:01',NULL),(4988,'TBZ','TrasBrasil','',0,'2021-05-23 14:32:01',NULL),(4989,'TCA','Tropican Air Services','TROPICANA',0,'2021-05-23 14:32:01',NULL),(4990,'TCB','Transporte del Caribe','TRANSCARIBE',0,'2021-05-23 14:32:01',NULL),(4991,'TCC','Trans Continental Airlines','TRANSCAL',0,'2021-05-23 14:32:01',NULL),(4992,'TCD','Tchad Airlines','TCHADLINES',0,'2021-05-23 14:32:01',NULL),(4993,'TCE','Trans-Colorado Airlines','TRANS-COLORADO',0,'2021-05-23 14:32:01',NULL),(4994,'TCF','Shuttle America','MERCURY',0,'2021-05-23 14:32:01',NULL),(4995,'TCG','Thai Air Cargo','THAI CARGO',1,'2021-05-23 14:32:01',NULL),(4996,'TCH','Transcontinental Air','TRANS GULF',0,'2021-05-23 14:32:01',NULL),(4997,'TCI','Air Turks and Caicos','KERRMONT',0,'2021-05-23 14:32:01',NULL),(4998,'TCL','Coastal Air Transport','TRANS COASTAL',0,'2021-05-23 14:32:01',NULL),(4999,'TCM','Teledyne Continental Motors','TELEDYNE',0,'2021-05-23 14:32:01',NULL),(5000,'TCN','Trans Continental Airlines','TRANSCON',0,'2021-05-23 14:32:01',NULL),(5001,'TCO','Aerotranscolombina de Carga','TRANSCOLOMBIA',0,'2021-05-23 14:32:01',NULL),(5002,'TCP','Transcorp Airways','TRANSCORP',0,'2021-05-23 14:32:01',NULL),(5003,'TCR','Lanaes Aereas Trans Costa Rica','TICOS',0,'2021-05-23 14:32:01',NULL),(5004,'TCT','Transcontinental Sur','TRANS-CONT',0,'2021-05-23 14:32:01',NULL),(5005,'TCU','Transglobal Airways Corporation','TRANSGLOBAL',0,'2021-05-23 14:32:01',NULL),(5006,'TCV','TACV','CABOVERDE',0,'2021-05-23 14:32:01',NULL),(5007,'TCW','Thomas Cook Airlines','THOMAS COOK',0,'2021-05-23 14:32:01',NULL),(5008,'TCX','Thomas Cook Airlines','KESTREL',0,'2021-05-23 14:32:01',NULL),(5009,'TCY','Twin Cities Air Service','TWIN CITY',0,'2021-05-23 14:32:01',NULL),(5010,'TDA','TDA Toa Domestic Airlines','Toa Domes',0,'2021-05-23 14:32:01',NULL),(5011,'TDB','Welch Aviation','THUNDER BAY',0,'2021-05-23 14:32:01',NULL),(5012,'TDC','Tadair','TADAIR',0,'2021-05-23 14:32:01',NULL),(5013,'TDE','Tellavia / Flight One','TELLURIDE',0,'2021-05-23 14:32:01',NULL),(5014,'TDG','Air Cargo Express','TURBO DOG',1,'2021-05-23 14:32:01',NULL),(5015,'TDI','Transportes Aereos de Ixtlan','TRANSIXTLAN',0,'2021-05-23 14:32:01',NULL),(5016,'TDK','Transavia Denmark','',0,'2021-05-23 14:32:01',NULL),(5017,'TDM','Tandem Aero','TANDEM',0,'2021-05-23 14:32:01',NULL),(5018,'TDO','TRADO','TRADO',0,'2021-05-23 14:32:01',NULL),(5019,'TDR','Trade Air','TRADEAIR',0,'2021-05-23 14:32:01',NULL),(5020,'TDT','Atlas Helicopters','TRIDENT',0,'2021-05-23 14:32:01',NULL),(5021,'TDV','Taxi Aero Nacional Del Evora','TAXI EVORA',0,'2021-05-23 14:32:01',NULL),(5022,'TDX','Tradewinds Airlines','TRADEWINDS EXPRESS',0,'2021-05-23 14:32:01',NULL),(5023,'TDY','Air Today','AIR TODAY',0,'2021-05-23 14:32:01',NULL),(5024,'TEA','Executive Turbine Aviation','TRAVELMAX',0,'2021-05-23 14:32:01',NULL),(5025,'TEB','Tenir Airlines','TENIR AIR',0,'2021-05-23 14:32:01',NULL),(5026,'TED','Aero Servicios Azteca','AEROAZTECA',0,'2021-05-23 14:32:01',NULL),(5027,'TEE','West Freugh DTEO','TEEBIRD',0,'2021-05-23 14:32:01',NULL),(5028,'TEF','Tecnicas Fotograficas','TECFOTO',0,'2021-05-23 14:32:01',NULL),(5029,'TEH','Tempelhof Airways','TEMPELHOF',0,'2021-05-23 14:32:01',NULL),(5030,'TEL','Telford Aviation','TELFORD',0,'2021-05-23 14:32:01',NULL),(5031,'TEM','Tech-Mont Helicopter Company','TECHMONT',0,'2021-05-23 14:32:01',NULL),(5032,'TEN','Tennessee Airways','TENNESSEE',0,'2021-05-23 14:32:01',NULL),(5033,'TEP','Transeuropean Airlines','TRANSEURLINE',0,'2021-05-23 14:32:01',NULL),(5034,'TER','Territorial Airlines','TERRI-AIRE',0,'2021-05-23 14:32:01',NULL),(5035,'TES','TAES Transportes Aereos de El Salvador','TAES',0,'2021-05-23 14:32:01',NULL),(5036,'TET','Tepavia-Trans Airlines','TEPAVIA',0,'2021-05-23 14:32:01',NULL),(5037,'TEX','Catex','CATEX',0,'2021-05-23 14:32:01',NULL),(5038,'TEZ','Tez Jet Airlines','',0,'2021-05-23 14:32:01',NULL),(5039,'TFA','Trans-Florida Airlines','TRANS FLORIDA',0,'2021-05-23 14:32:01',NULL),(5040,'TFB','Tair Airways','ROYAL TEE-AIR',0,'2021-05-23 14:32:01',NULL),(5041,'TFF','Talon Air','TALON FLIGHT',0,'2021-05-23 14:32:01',NULL),(5042,'TFG','MAS Airways','TRAFALGAR',0,'2021-05-23 14:32:01',NULL),(5043,'TFH','Thai Flying Helicopter Service','THAI HELICOPTER',0,'2021-05-23 14:32:01',NULL),(5044,'TFI','Transport Facilitators','',0,'2021-05-23 14:32:01',NULL),(5045,'TFK','Transafrik International','',0,'2021-05-23 14:32:01',NULL),(5046,'TFL','Arkefly','ARKEFLY',0,'2021-05-23 14:32:01',NULL),(5047,'TFN','Norwegian Aviation College','SPRIT',0,'2021-05-23 14:32:01',NULL),(5048,'TFO','Transportes Aereos del Pacifico','TRANSPORTES PACIFICO',0,'2021-05-23 14:32:01',NULL),(5049,'TFT','Thai Flying Service','THAI FLYING',0,'2021-05-23 14:32:01',NULL),(5050,'TFU','213 Flight Unit','',0,'2021-05-23 14:32:01',NULL),(5051,'TFY','Tayside Aviation','TAYSIDE',0,'2021-05-23 14:32:01',NULL),(5052,'TGA','Air Togo','AIR TOGO',0,'2021-05-23 14:32:01',NULL),(5053,'TGC','TG Aviation','THANET',0,'2021-05-23 14:32:01',NULL),(5054,'TGE','Trabajos Aereos','TASA',0,'2021-05-23 14:32:01',NULL),(5055,'TGI','Transportes Aereos Regionales','TRANSPORTE REGIONAL',0,'2021-05-23 14:32:01',NULL),(5056,'TGM','TAG Aviation Espana','TAG ESPANA',0,'2021-05-23 14:32:01',NULL),(5057,'TGN','Trigana Air Service','TRIGANA',0,'2021-05-23 14:32:01',NULL),(5058,'TGO','Transport Canada','TRANSPORT',0,'2021-05-23 14:32:01',NULL),(5059,'TGT','SAAB Nyge Aero','TARGET',0,'2021-05-23 14:32:01',NULL),(5060,'TGW','Tiger Airways','GO CAT',0,'2021-05-23 14:32:01',NULL),(5061,'TGW','Tiger Airways Australia','GO CAT',0,'2021-05-23 14:32:01',NULL),(5062,'TGX','Transair Gabon]','TRANSGABON',0,'2021-05-23 14:32:01',NULL),(5063,'TGY','Trans Guyana Airways','TRANS GUYANA',0,'2021-05-23 14:32:01',NULL),(5064,'TGZ','Georgian Airways','TAMAZI',0,'2021-05-23 14:32:01',NULL),(5065,'THA','Thai Airways International','THAI',0,'2021-05-23 14:32:01',NULL),(5066,'THB','Spark Air','THAI SABAI',0,'2021-05-23 14:32:01',NULL),(5067,'THC','Tar Heel Aviation','TARHEEL',0,'2021-05-23 14:32:01',NULL),(5068,'THD','611897 Alberta Limited','DONUT',0,'2021-05-23 14:32:01',NULL),(5069,'THE','Toumai Air Tchad','TOUMAI AIR',0,'2021-05-23 14:32:01',NULL),(5070,'THF','Touraine Helicoptere','TOURAINE HELICO',0,'2021-05-23 14:32:01',NULL),(5071,'THG','Thai Global Airline','THAI GLOBAL',0,'2021-05-23 14:32:01',NULL),(5072,'THI','TransHolding','',0,'2021-05-23 14:32:01',NULL),(5073,'THJ','Thai Jet Intergroup','THAI JET',0,'2021-05-23 14:32:01',NULL),(5074,'THK','Turk Hava Kurumu Hava Taksi Isletmesi','HUR KUS',0,'2021-05-23 14:32:01',NULL),(5075,'THM','Airmark Aviation','THAI AIRMARK',0,'2021-05-23 14:32:01',NULL),(5076,'THN','International Security Assistance Force','ATHENA',0,'2021-05-23 14:32:01',NULL),(5077,'THO','TACA De Honduras','LEMPIRA',0,'2021-05-23 14:32:01',NULL),(5078,'THR','Tehran Airline','TEHRAN AIR',0,'2021-05-23 14:32:01',NULL),(5079,'THS','TransBrasil Airlines','',0,'2021-05-23 14:32:01',NULL),(5080,'THT','Air Tahiti Nui','TAHITI AIRLINES',0,'2021-05-23 14:32:01',NULL),(5081,'THU','Thunder Airlines','AIR THUNDER',0,'2021-05-23 14:32:01',NULL),(5082,'THY','Turkish Airlines','TURKAIR',0,'2021-05-23 14:32:01',NULL),(5083,'THZ','Trans Helicoptere Service','LYON HELIJET',0,'2021-05-23 14:32:01',NULL),(5084,'TIA','Trans International Airlines','TRANS INTERNATIONAL',0,'2021-05-23 14:32:01',NULL),(5085,'TIB','TRIP Linhas A','TRIP',0,'2021-05-23 14:32:01',NULL),(5086,'TIC','Travel International Air Charters','TRAVEL INTERNATIONAL',0,'2021-05-23 14:32:01',NULL),(5087,'TIE','Time Air','TIME AIR',0,'2021-05-23 14:32:01',NULL),(5088,'TIH','S C Ion Tiriac','TIRIAC AIR',0,'2021-05-23 14:32:01',NULL),(5089,'TIK','Tic Air','TICAIR',0,'2021-05-23 14:32:01',NULL),(5090,'TIL','Tajikistan International Airlines','TIL',0,'2021-05-23 14:32:01',NULL),(5091,'TIM','TEAM Transportes Aereos','TEAM BRASIL',0,'2021-05-23 14:32:01',NULL),(5092,'TIN','Taino Tours','TAINO',0,'2021-05-23 14:32:01',NULL),(5093,'TIP','C and M Aviation','TRANSPAC',0,'2021-05-23 14:32:01',NULL),(5094,'TIR','Antair','ANTAIR',0,'2021-05-23 14:32:01',NULL),(5095,'TIS','Tesis','TESIS',0,'2021-05-23 14:32:01',NULL),(5096,'TIW','Transcarga Intl Airways','TIACA',0,'2021-05-23 14:32:01',NULL),(5097,'TJA','T.J. Air','T.J. Air',0,'2021-05-23 14:32:01',NULL),(5098,'TJK','Tajikair','TAJIKAIR',0,'2021-05-23 14:32:01',NULL),(5099,'TJN','Tien-Shan','NERON',0,'2021-05-23 14:32:01',NULL),(5100,'TJS','Tyrolean Jet Service','TYROLJET',0,'2021-05-23 14:32:01',NULL),(5101,'TJT','Twin Jet','TWINJET',0,'2021-05-23 14:32:01',NULL),(5102,'TKC','Tikal Jets Airlines','TIKAL',0,'2021-05-23 14:32:01',NULL),(5103,'TKE','Take Air Line','ISLAND BIRD',0,'2021-05-23 14:32:01',NULL),(5104,'TKR','Canadian Interagency Forest Fire Centre','TANKER',0,'2021-05-23 14:32:01',NULL),(5105,'TKS','Tomsk-Avia','',0,'2021-05-23 14:32:01',NULL),(5106,'TKX','Tropical International Airways','TROPEXPRESS',0,'2021-05-23 14:32:01',NULL),(5107,'TKY','Thai Sky Airlines','THAI SKY',0,'2021-05-23 14:32:01',NULL),(5108,'TLA','Translift Airways','TRANSLIFT',0,'2021-05-23 14:32:01',NULL),(5109,'TLB','Atlantique Air Assistance','TRIPLE-A',0,'2021-05-23 14:32:01',NULL),(5110,'TLC','Caribbean Express','CARIB-X',0,'2021-05-23 14:32:01',NULL),(5111,'TLD','Aero Taxi Autlan','AEREO AUTLAN',0,'2021-05-23 14:32:01',NULL),(5112,'TLE','Aero Util','AEROUTIL',0,'2021-05-23 14:32:01',NULL),(5113,'TLF','Transport Africa','TRANS-LEONE',0,'2021-05-23 14:32:01',NULL),(5114,'TLL','Trans Atlantic Airlines','ATLANTIC LEONE',0,'2021-05-23 14:32:01',NULL),(5115,'TLM','Tramm Airlines','9F',0,'2021-05-23 14:32:01',NULL),(5116,'TLO','Eagle Canyon Airlines','TALON AIR',0,'2021-05-23 14:32:01',NULL),(5117,'TLP','Tulip Air','TULIPAIR',0,'2021-05-23 14:32:01',NULL),(5118,'TLR','Air Libya Tibesti','AIR LIBYA',0,'2021-05-23 14:32:01',NULL),(5119,'TLS','TLC Air','TEALSY',0,'2021-05-23 14:32:01',NULL),(5120,'TLT','Turtle Airways','TURTLE',0,'2021-05-23 14:32:01',NULL),(5121,'TLU','Aero Toluca Internactional','AEROTOLUCA',0,'2021-05-23 14:32:01',NULL),(5122,'TLV','Travelair','PAJAROS',0,'2021-05-23 14:32:01',NULL),(5123,'TLW','Teamline Air','Teamline',0,'2021-05-23 14:32:01',NULL),(5124,'TLX','Telesis Transair','TELESIS',0,'2021-05-23 14:32:01',NULL),(5125,'TLY','Top-Fly','TOPFLY',0,'2021-05-23 14:32:01',NULL),(5126,'TMA','Trans Mediterranean Airlines','TANGO LIMA',0,'2021-05-23 14:32:01',NULL),(5127,'TMD','Transmed Airlines','',0,'2021-05-23 14:32:01',NULL),(5128,'TME','Aero Taxi del Centro de Mexico','TAXICENTRO',0,'2021-05-23 14:32:01',NULL),(5129,'TMG','Tri-MG Intra Asia Airlines','TRILINES',0,'2021-05-23 14:32:01',NULL),(5130,'TMH','Taxis Turisticos Marakame','TAXIMARAKAME',0,'2021-05-23 14:32:01',NULL),(5131,'TMI','Tamir Airways','TAMIRWAYS',0,'2021-05-23 14:32:01',NULL),(5132,'TMK','Tomahawk Airways','TOMAHAWK',0,'2021-05-23 14:32:01',NULL),(5133,'TML','TAM','TAM AIRLINE',0,'2021-05-23 14:32:01',NULL),(5134,'TMM','TMC Airlines','WILLOW RUN',0,'2021-05-23 14:32:01',NULL),(5135,'TMP','Arizona Express Airlines','TEMPE',0,'2021-05-23 14:32:01',NULL),(5136,'TMQ','TRAM','TRAM AIR',0,'2021-05-23 14:32:01',NULL),(5137,'TMR','Timberline Air','TIMBER',0,'2021-05-23 14:32:01',NULL),(5138,'TMS','Temsco Helicopters','TEMSCO',0,'2021-05-23 14:32:01',NULL),(5139,'TMT','Trans Midwest Airlines','TRANS MIDWEST',0,'2021-05-23 14:32:01',NULL),(5140,'TMW','Trans Maldivian Airways','',0,'2021-05-23 14:32:01',NULL),(5141,'TMX','Tramon Air','TRAMON',0,'2021-05-23 14:32:01',NULL),(5142,'TMY','Transportes Aereos del Mundo Maya','MUNDO MAYA',0,'2021-05-23 14:32:01',NULL),(5143,'TMZ','Tranporte Amazonair','TRANS AMAZON',0,'2021-05-23 14:32:01',NULL),(5144,'TNA','TransAsia Airways','TransAsia',0,'2021-05-23 14:32:01',NULL),(5145,'TNB','Trans Air-Benin','TRANS-BENIN',0,'2021-05-23 14:32:01',NULL),(5146,'TNC','National Aviation Consultants','NATCOM',0,'2021-05-23 14:32:01',NULL),(5147,'TND','Aero Taxis Cessna','TAXIS CESSNA',0,'2021-05-23 14:32:01',NULL),(5148,'TNE','Taxis Aereos del Noroeste','TAXINOROESTE',0,'2021-05-23 14:32:01',NULL),(5149,'TNF','Transafricaine','TRANSFAS',0,'2021-05-23 14:32:01',NULL),(5150,'TNG','Tennessee Air National Guard 164th Airlift Group','',0,'2021-05-23 14:32:01',NULL),(5151,'TNI','Transair International Linhas Aereas','TRANSINTER',0,'2021-05-23 14:32:01',NULL),(5152,'TNL','Tengeriyn Ulaach Shine','SKY HORSE',0,'2021-05-23 14:32:01',NULL),(5153,'TNM','Tiara Air','TIARA',0,'2021-05-23 14:32:01',NULL),(5154,'TNO','Aerotransporte de Carga Union','AEROUNION',0,'2021-05-23 14:32:01',NULL),(5155,'TNP','Transped Aviation','TRANSPED',0,'2021-05-23 14:32:01',NULL),(5156,'TNR','Tanana Air Services','TAN AIR',0,'2021-05-23 14:32:01',NULL),(5157,'TNS','Transilvania','',0,'2021-05-23 14:32:01',NULL),(5158,'TNT','Trans North Turbo Air','TRANS NORTH',0,'2021-05-23 14:32:01',NULL),(5159,'TNU','TransNusa Air','TRANSNUSA',0,'2021-05-23 14:32:01',NULL),(5160,'TNV','Transnorthern','TRANSNORTHERN',0,'2021-05-23 14:32:01',NULL),(5161,'TNW','Trans Nation Airways','TRANS-NATION',0,'2021-05-23 14:32:01',NULL),(5162,'TNX','Trener Ltd','TRAINER',0,'2021-05-23 14:32:01',NULL),(5163,'TNY','Twin Town Leasing Company','TWINCAL',0,'2021-05-23 14:32:01',NULL),(5164,'TOB','Tobruk Air','TOBRUK AIR',0,'2021-05-23 14:32:01',NULL),(5165,'TOC','Aerotropical','TROPICMEX',0,'2021-05-23 14:32:01',NULL),(5166,'TOF','RAF Topcliffe Flying Training Unit','TOPCLIFFE',0,'2021-05-23 14:32:01',NULL),(5167,'TOH','Air Tomisko','TOMISKO CARGO',1,'2021-05-23 14:32:01',NULL),(5168,'TOJ','TOJ Airlines','TOJ AIRLINE',0,'2021-05-23 14:32:01',NULL),(5169,'TOK','Airlines PNG','BALUS',0,'2021-05-23 14:32:01',NULL),(5170,'TOL','Tol-Air Services','TOL AIR',0,'2021-05-23 14:32:01',NULL),(5171,'TOM','Thomsonfly','TOMSON',0,'2021-05-23 14:32:01',NULL),(5172,'TON','Aero Tanala','AEROTANALA',0,'2021-05-23 14:32:01',NULL),(5173,'TOP','Top Air','AIR TOP',0,'2021-05-23 14:32:01',NULL),(5174,'TOR','Toronto Airways','TORONTAIR',0,'2021-05-23 14:32:01',NULL),(5175,'TOS','Tropic Air','TROPISER',0,'2021-05-23 14:32:01',NULL),(5176,'TOT','Totavia','',0,'2021-05-23 14:32:01',NULL),(5177,'TOW','Tower Air','TEE AIR',0,'2021-05-23 14:32:01',NULL),(5178,'TOX','Neosiam Airways','SKY KINGDOM',0,'2021-05-23 14:32:01',NULL),(5179,'TOY','Toyota Canada','TOYOTA',0,'2021-05-23 14:32:01',NULL),(5180,'TP3','TROPICAL LINHAS AEREAS','',0,'2021-05-23 14:32:01',NULL),(5181,'TP6','Trans Pas Air','',0,'2021-05-23 14:32:01',NULL),(5182,'TPA','TAMPA','TAMPA',0,'2021-05-23 14:32:01',NULL),(5183,'TPB','Aero Tropical','AERO TROPICAL',0,'2021-05-23 14:32:01',NULL),(5184,'TPC','Air Cal','AIRCAL',0,'2021-05-23 14:32:01',NULL),(5185,'TPD','Top Speed','TOP SPEED',0,'2021-05-23 14:32:01',NULL),(5186,'TPF','Taxis Aereos del Pacifico','TAXIPACIFICO',0,'2021-05-23 14:32:01',NULL),(5187,'TPG','Transportes Aereos Pegaso','TRANSPEGASO',0,'2021-05-23 14:32:01',NULL),(5188,'TPK','Air Horizon','TCHAD-HORIZON',0,'2021-05-23 14:32:01',NULL),(5189,'TPL','TAR Interpilot','INTERPILOT',0,'2021-05-23 14:32:01',NULL),(5190,'TPM','Transpais Aereo','TRANSPAIS',0,'2021-05-23 14:32:01',NULL),(5191,'TPN','Transportacion Aerea del Norte','AEREA DELNORTE',0,'2021-05-23 14:32:01',NULL),(5192,'TPO','Aero Taxi del Potosi','TAXI-POTOSI',0,'2021-05-23 14:32:01',NULL),(5193,'TPP','Transpac Express','TRANS EXPRESS',0,'2021-05-23 14:32:01',NULL),(5194,'TPR','Taxis Aereos De Parral','TAXIS PARRAL',0,'2021-05-23 14:32:01',NULL),(5195,'TPS','TAPSA Transportes Aereos Petroleros','TAPSA',0,'2021-05-23 14:32:01',NULL),(5196,'TPT','Transportes Aereo del Sureste','TASSA',0,'2021-05-23 14:32:01',NULL),(5197,'TPU','Trans American Airlines (Trans Am)','TRANS PERU',0,'2021-05-23 14:32:01',NULL),(5198,'TPV','Thai Pacific Airlines Business','THAI PACIFIC',0,'2021-05-23 14:32:01',NULL),(5199,'TPX','Transportes Aereos De Xalapa','TRANSXALAPA',0,'2021-05-23 14:32:01',NULL),(5200,'TPY','Trans-Provincial Airlines','TRANS PROVINCIAL',0,'2021-05-23 14:32:01',NULL),(5201,'TPZ','Transportes La Paz','TRANSPAZ',0,'2021-05-23 14:32:01',NULL),(5202,'TQF','United Kingdom Royal VIP Flights','RAINBOW',0,'2021-05-23 14:32:01',NULL),(5203,'TQM','JM Family Aviation','TACOMA',0,'2021-05-23 14:32:01',NULL),(5204,'TQN','Taquan Air Services','TAQUAN',0,'2021-05-23 14:32:01',NULL),(5205,'TQR','Transportacion Aerea De Queretaro','TRANSQUERETARO',0,'2021-05-23 14:32:01',NULL),(5206,'TQS','Aeroturquesa','AEROTURQUESA',0,'2021-05-23 14:32:01',NULL),(5207,'TRA','Transavia Holland','TRANSAVIA',0,'2021-05-23 14:32:01',NULL),(5208,'TRB','Ukraine Transavia','KIROVTRANS',0,'2021-05-23 14:32:01',NULL),(5209,'TRC','Trans Air Charter','TRACKER',0,'2021-05-23 14:32:01',NULL),(5210,'TRD','Trans Island Air','TRANS ISLAND',0,'2021-05-23 14:32:01',NULL),(5211,'TRF','Taxi Air Fret','TAXI JET',0,'2021-05-23 14:32:01',NULL),(5212,'TRG','TRAGSA (Medios Aereos)','',0,'2021-05-23 14:32:01',NULL),(5213,'TRH','Airmark Aviation','TRANSTAR',0,'2021-05-23 14:32:01',NULL),(5214,'TRI','Executive Flight Operations Ontario Government','TRILLIUM',0,'2021-05-23 14:32:01',NULL),(5215,'TRJ','Trans Euro Air','HIGH TIDE',0,'2021-05-23 14:32:01',NULL),(5216,'TRK','Turkuaz Airlines','TURKU',0,'2021-05-23 14:32:01',NULL),(5217,'TRL','Starlite Aviation','STARSTREAM',0,'2021-05-23 14:32:01',NULL),(5218,'TRM','Transport Aerien de Mauritanie','SOTRANS',0,'2021-05-23 14:32:01',NULL),(5219,'TRN','Servicios Aereos Corporativos','AEROTRON',0,'2021-05-23 14:32:01',NULL),(5220,'TRO','Tropic Airlines-Air Molokai','MOLOKAI',0,'2021-05-23 14:32:01',NULL),(5221,'TRP','Maryland State Police','TROOPER',0,'2021-05-23 14:32:01',NULL),(5222,'TRQ','Turdus Airways','HUNTER',0,'2021-05-23 14:32:01',NULL),(5223,'TRR','Tramson Limited','TRAMSON',0,'2021-05-23 14:32:01',NULL),(5224,'TRS','AirTran Airways','CITRUS',0,'2021-05-23 14:32:01',NULL),(5225,'TRT','Trans Arabian Air Transport','TRANS ARABIAN',0,'2021-05-23 14:32:01',NULL),(5226,'TRU','Triangle Airline (Uganda)','TRI AIR',0,'2021-05-23 14:32:01',NULL),(5227,'TRW','Transwestern Airlines of Utah','TRANS-WEST',0,'2021-05-23 14:32:01',NULL),(5228,'TRY','Tristar Airlines','TRISTAR AIR',0,'2021-05-23 14:32:01',NULL),(5229,'TRZ','TransMeridian Airlines','TRANS-MERIDIAN',0,'2021-05-23 14:32:01',NULL),(5230,'TSA','Transair France','AIRTRAF',0,'2021-05-23 14:32:01',NULL),(5231,'TSC','Air Transat','TRANSAT',0,'2021-05-23 14:32:01',NULL),(5232,'TSD','TAF-Linhas Aereas','TAFI',0,'2021-05-23 14:32:01',NULL),(5233,'TSE','Transmile Air Services','TRANSMILE',0,'2021-05-23 14:32:01',NULL),(5234,'TSG','Trans-Air-Congo','TRANS-CONGO',0,'2021-05-23 14:32:01',NULL),(5235,'TSH','Regional 1','TRANSCANADA',0,'2021-05-23 14:32:01',NULL),(5236,'TSI','Transport\'air','TRANSPORTAIR',0,'2021-05-23 14:32:01',NULL),(5237,'TSJ','Trast Aero','TRAST AERO',0,'2021-05-23 14:32:01',NULL),(5238,'TSK','Trast Aero','TOMSK-AVIA',0,'2021-05-23 14:32:01',NULL),(5239,'TSL','Thai Aviation Services','THAI AVIATION',0,'2021-05-23 14:32:01',NULL),(5240,'TSM','Trans Sayegh Airport Services','',0,'2021-05-23 14:32:01',NULL),(5241,'TSN','Trans-Air Services','AIR TRANS',0,'2021-05-23 14:32:01',NULL),(5242,'TSO','Transaero Airlines','TRANSOVIET',0,'2021-05-23 14:32:01',NULL),(5243,'TSP','Transportes Aereos Inter','TRANSPO-INTER',0,'2021-05-23 14:32:01',NULL),(5244,'TSQ','airtransse','AIRTRA',0,'2021-05-23 14:32:01',NULL),(5245,'TSR','Trans Service Airlift','TRANS SERVICE',0,'2021-05-23 14:32:01',NULL),(5246,'TSS','Tri-State Aero','TRI-STATE',0,'2021-05-23 14:32:01',NULL),(5247,'TST','TRAST','TRAST',0,'2021-05-23 14:32:01',NULL),(5248,'TSU','Gulf & Caribbean Cargo / Contract Air Cargo','TRANSAUTO',1,'2021-05-23 14:32:01',NULL),(5249,'TSV','Tropair Airservices','TROPIC',0,'2021-05-23 14:32:01',NULL),(5250,'TSW','Transwings','SWISSTRANS',0,'2021-05-23 14:32:01',NULL),(5251,'TSX','Thai Star Airlines','THAI STAR',0,'2021-05-23 14:32:01',NULL),(5252,'TSY','Tristar Air','TRIPLE STAR',0,'2021-05-23 14:32:01',NULL),(5253,'TTA','TTA - Sociedade de Transporte e Trabalho Aereo','KANIMANBO',0,'2021-05-23 14:32:01',NULL),(5254,'TTB','Aerolineas Turisticas del Caribe','AERO TURISTICAS',0,'2021-05-23 14:32:01',NULL),(5255,'TTC','Transteco','TRANSTECO',0,'2021-05-23 14:32:01',NULL),(5256,'TTE','Avcenter','TETON',0,'2021-05-23 14:32:01',NULL),(5257,'TTF','224th Flight Unit','CARGO UNIT',1,'2021-05-23 14:32:01',NULL),(5258,'TTH','Tarhan Tower Airlines','',0,'2021-05-23 14:32:01',NULL),(5259,'TTL','Total Linhas Aereas','TOTAL',0,'2021-05-23 14:32:01',NULL),(5260,'TTM','Societe Tout Tranport Mauritanien','TOUT-AIR',0,'2021-05-23 14:32:01',NULL),(5261,'TTP','Triple O Aviation','MIGHTY WING',0,'2021-05-23 14:32:01',NULL),(5262,'TTR','Transportaciones Y Servicios Aereos','TRANSPORTACIONES',0,'2021-05-23 14:32:01',NULL),(5263,'TTS','Transporte Aereo Tecnico Ejecutivo','TECNICO',0,'2021-05-23 14:32:01',NULL),(5264,'TTZ','Transair','',0,'2021-05-23 14:32:01',NULL),(5265,'TUA','Turkmenistan Airlines','TURKMENISTAN',0,'2021-05-23 14:32:01',NULL),(5266,'TUB','TUI Airlines Belgium','BEAUTY',0,'2021-05-23 14:32:01',NULL),(5267,'TUC','Turismo Aereo de Chile','TURICHILE',0,'2021-05-23 14:32:01',NULL),(5268,'TUD','Flight Alaska','TUNDRA',0,'2021-05-23 14:32:01',NULL),(5269,'TUI','Tuninter','',0,'2021-05-23 14:32:01',NULL),(5270,'TUK','Ocean Wings Commuter Service','TUCKERNUCK',0,'2021-05-23 14:32:01',NULL),(5271,'TUL','Tulpar Air','URSAL',0,'2021-05-23 14:32:01',NULL),(5272,'TUM','Tyumenspecavia','TUMTEL',0,'2021-05-23 14:32:01',NULL),(5273,'TUN','Air Tungaru','TUNGARU',0,'2021-05-23 14:32:01',NULL),(5274,'TUO','Taxi Aereo Turistico','TURISTICO',0,'2021-05-23 14:32:01',NULL),(5275,'TUP','Aviastar-Tu','TUPOLEVAIR',0,'2021-05-23 14:32:01',NULL),(5276,'TUR','ATUR','',0,'2021-05-23 14:32:01',NULL),(5277,'TUS','ABSA - Aerolinhas Brasileiras','ABSA Cargo',1,'2021-05-23 14:32:01',NULL),(5278,'TUX','Tulpar Air Service','TULPA',0,'2021-05-23 14:32:01',NULL),(5279,'TUY','Linea Turistica Aerotuy','AEREOTUY',0,'2021-05-23 14:32:01',NULL),(5280,'TUZ','Tuna Aero','TUNA',0,'2021-05-23 14:32:01',NULL),(5281,'TVA','Trans America Airlines','TRANS-AMERICA',0,'2021-05-23 14:32:01',NULL),(5282,'TVF','Transavia France','FRENCH SUN',0,'2021-05-23 14:32:01',NULL),(5283,'TVH','Trabajos Aereos Vascongados','TRAVASA',0,'2021-05-23 14:32:01',NULL),(5284,'TVI','Tiramavia','TIRAMAVIA',0,'2021-05-23 14:32:01',NULL),(5285,'TVJ','Thai Vietjet Air','THAIVIET JET',0,'2021-05-23 14:32:01',NULL),(5286,'TVL','Travel Service','TRAVEL SERVICE',0,'2021-05-23 14:32:01',NULL),(5287,'TVO','Transavio','TRANS-BALLERIO',0,'2021-05-23 14:32:01',NULL),(5288,'TVR','Tavrey Airlines','TAVREY',0,'2021-05-23 14:32:01',NULL),(5289,'TVS','Travel Service','SKYTRAVEL',0,'2021-05-23 14:32:01',NULL),(5290,'TWA','Trans World Airlines','TWA',0,'2021-05-23 14:32:01',NULL),(5291,'TWB','Tway Airlines','TWAY AIR',0,'2021-05-23 14:32:01',NULL),(5292,'TWD','Turkish Wings Domestic','TWD',0,'2021-05-23 14:32:01',NULL),(5293,'TWE','Transwede Airways','TRANSWEDE',0,'2021-05-23 14:32:01',NULL),(5294,'TWF','247 Jet Ltd','CLOUD RUNNER',0,'2021-05-23 14:32:01',NULL),(5295,'TWJ','Twinjet Aircraft Sales','',0,'2021-05-23 14:32:01',NULL),(5296,'TWL','Tradewinds Aviation','TRADEWINDS CANADA',0,'2021-05-23 14:32:01',NULL),(5297,'TWM','Transairways','',0,'2021-05-23 14:32:01',NULL),(5298,'TWN','Avialeasing Aviation Company','TWINARROW',0,'2021-05-23 14:32:01',NULL),(5299,'TWO','Twente Airlines','COLIBRI',0,'2021-05-23 14:32:01',NULL),(5300,'TWW','Trans Air Welwitchia','WELWITCHIA',0,'2021-05-23 14:32:01',NULL),(5301,'TXA','Texair Charter','OKAY AIR',0,'2021-05-23 14:32:01',NULL),(5302,'TXB','Bell Helicopter Textron','TEXTRON',0,'2021-05-23 14:32:01',NULL),(5303,'TXC','Transaviaexport','TRANSEXPORT',0,'2021-05-23 14:32:01',NULL),(5304,'TXD','Aerotaxis del Noroeste','TAXI OESTE',0,'2021-05-23 14:32:01',NULL),(5305,'TXE','Transilvania Express','TRANSAIR EXPRESS',0,'2021-05-23 14:32:01',NULL),(5306,'TXF','Aerotaxis Alfe','ALFE',0,'2021-05-23 14:32:01',NULL),(5307,'TXI','Aereotaxis','AEREOTAXIS',0,'2021-05-23 14:32:01',NULL),(5308,'TXL','Taxi Aereo Cozatl','TAXI COZATL',0,'2021-05-23 14:32:01',NULL),(5309,'TXM','Taxi Aereo de Mexico','TAXIMEX',0,'2021-05-23 14:32:01',NULL),(5310,'TXN','Texas National Airlines','TEXAS NATIONAL',0,'2021-05-23 14:32:01',NULL),(5311,'TXO','Taxis Aereos de Sinaloa','TAXIS SINALOA',0,'2021-05-23 14:32:01',NULL),(5312,'TXP','Texas Spirit','',0,'2021-05-23 14:32:01',NULL),(5313,'TXR','Taxirey','TAXIREY',0,'2021-05-23 14:32:01',NULL),(5314,'TXS','Texas Airlines','TEXAIR',0,'2021-05-23 14:32:01',NULL),(5315,'TXT','Texas Air Charters','TEXAS CHARTER',0,'2021-05-23 14:32:01',NULL),(5316,'TXU','ATESA Aerotaxis Ecuatorianos','ATESA',0,'2021-05-23 14:32:01',NULL),(5317,'TXV','Puerto Vallarta Taxi Aereo','TAXIVALLARTA',0,'2021-05-23 14:32:01',NULL),(5318,'TXW','Texas Wings','TXW',0,'2021-05-23 14:32:01',NULL),(5319,'TXX','Austin Express','COWBOY',0,'2021-05-23 14:32:01',NULL),(5320,'TXZ','Tex Star Air Freight','TEX STAR',0,'2021-05-23 14:32:01',NULL),(5321,'TYF','Tayflite','TAYFLITE',0,'2021-05-23 14:32:01',NULL),(5322,'TYG','Trygg-Flyg','TRYGG',0,'2021-05-23 14:32:01',NULL),(5323,'TYR','Tyrolean Airways','TYROLEAN',0,'2021-05-23 14:32:01',NULL),(5324,'TYR','Tyrolean Airways','TYROLEAN',0,'2021-05-23 14:32:01',NULL),(5325,'TYS','TransHolding System','',0,'2021-05-23 14:32:01',NULL),(5326,'TYW','Tyrol Air Ambulance','TYROL AMBULANCE',0,'2021-05-23 14:32:01',NULL),(5327,'TZA','Aero Tomza','AERO TOMZA',0,'2021-05-23 14:32:01',NULL),(5328,'TZE','Transporte Aereo Ernesto Saenz','TRANSPORTE SAENZ',0,'2021-05-23 14:32:01',NULL),(5329,'TZK','Tajikstan','TAJIKSTAN',0,'2021-05-23 14:32:01',NULL),(5330,'TZT','Air Zambezi','ZAMBEZI',0,'2021-05-23 14:32:01',NULL),(5331,'TZU','Servicios Aereos Tamazula','TAMAZULA',0,'2021-05-23 14:32:01',NULL),(5332,'UAA','University Air Squadron','',0,'2021-05-23 14:32:01',NULL),(5333,'UAB','United Arabian Airlines','UNITED ARABIAN',0,'2021-05-23 14:32:01',NULL),(5334,'UAC','United Air Charters','UNITAIR',0,'2021-05-23 14:32:01',NULL),(5335,'UAD','University Air Squadron','',0,'2021-05-23 14:32:01',NULL),(5336,'UAE','Emirates','EMIRATES',0,'2021-05-23 14:32:01',NULL),(5337,'UAF','United Arab Emirates Air Force','UNIFORCE',0,'2021-05-23 14:32:01',NULL),(5338,'UAG','Afra Airlines','AFRALINE',0,'2021-05-23 14:32:01',NULL),(5339,'UAH','University Air Squadron','',0,'2021-05-23 14:32:01',NULL),(5340,'UAI','Union Africaine des Transports','UNAIR',0,'2021-05-23 14:32:01',NULL),(5341,'UAJ','University Air Squadron','',0,'2021-05-23 14:32:01',NULL),(5342,'UAK','Kiev Aviation Plant','AVIATION PLANT',0,'2021-05-23 14:32:01',NULL),(5343,'UAL','United Airlines','UNITED',0,'2021-05-23 14:32:01',NULL),(5344,'UAR','Aerostar Airlines','AEROSTAR',0,'2021-05-23 14:32:01',NULL),(5345,'UAT','Ukraine Atlantic','',0,'2021-05-23 14:32:01',NULL),(5346,'UAY','University of Birmingham Air Squadron (RAF)','UAY',0,'2021-05-23 14:32:01',NULL),(5347,'UBA','Myanma Airways','UNIONAIR',0,'2021-05-23 14:32:01',NULL),(5348,'UBD','United Airways','UNITED BANGLADESH',0,'2021-05-23 14:32:01',NULL),(5349,'UBG','US-Bangla Airlines','',0,'2021-05-23 14:32:01',NULL),(5350,'UCA','CommutAir','COMMUTAIR',0,'2021-05-23 14:32:01',NULL),(5351,'UCC','Uganda Air Cargo','UGANDA CARGO',1,'2021-05-23 14:32:01',NULL),(5352,'UCH','US Airports Air Charter','US CHARTER',0,'2021-05-23 14:32:01',NULL),(5353,'UCK','Air Division of the Eastern Kazakhstan Region','GALETA',0,'2021-05-23 14:32:01',NULL),(5354,'UCO','Ucoaviacion','UCOAVIACION',0,'2021-05-23 14:32:01',NULL),(5355,'UCR','Aero-Charter Ukraine','CHARTER UKRAINE',0,'2021-05-23 14:32:01',NULL),(5356,'UCS','United Carriers Systems','UNITED CARRIERS',0,'2021-05-23 14:32:01',NULL),(5357,'UDA','Psudiklat Perhubungan Udara/PLP','UDARA',0,'2021-05-23 14:32:01',NULL),(5358,'UDC','DonbassAero','DONBASS AERO',0,'2021-05-23 14:32:01',NULL),(5359,'UDN','Dniproavia','DNIEPRO',0,'2021-05-23 14:32:01',NULL),(5360,'UEA','United Eagle Airlines','UNITED EAGLE',0,'2021-05-23 14:32:01',NULL),(5361,'UED','Air LA','AIR L-A',0,'2021-05-23 14:32:01',NULL),(5362,'UEJ','Jetcorp','JETCORP',0,'2021-05-23 14:32:01',NULL),(5363,'UES','Ues-Avia Aircompany','AVIASYSTEM',0,'2021-05-23 14:32:01',NULL),(5364,'UFA','State Flight Academy of Ukraine','FLIGHT ACADEMY',0,'2021-05-23 14:32:01',NULL),(5365,'UFS','UFS','FEEDER EXPRESS',0,'2021-05-23 14:32:01',NULL),(5366,'UGA','Uganda Airlines','UGANDA',0,'2021-05-23 14:32:01',NULL),(5367,'UGC','Urgemer Canarias','URGEMER',0,'2021-05-23 14:32:01',NULL),(5368,'UGL','Inter-Island Air','UGLY VAN',0,'2021-05-23 14:32:01',NULL),(5369,'UGN','Yuzhnaya Aircompany','PLUTON',0,'2021-05-23 14:32:01',NULL),(5370,'UGP','Shar Ink','SHARINK',0,'2021-05-23 14:32:01',NULL),(5371,'UGX','East African','CRANE',0,'2021-05-23 14:32:01',NULL),(5372,'UHL','Ukrainian Helicopters','UKRAINE COPTERS',0,'2021-05-23 14:32:01',NULL),(5373,'UHS','Ulyanovsk Higher Civil Aviation School','PILOT AIR',0,'2021-05-23 14:32:01',NULL),(5374,'UIA','Uni Air','Glory',0,'2021-05-23 14:32:01',NULL),(5375,'UJR','Universal Jet Rental de Mexico','UNIVERSAL JET',0,'2021-05-23 14:32:01',NULL),(5376,'UJT','Universal Jet Aviation','UNI-JET',0,'2021-05-23 14:32:01',NULL),(5377,'UJX','AtlasGlobal Ukraine','Atlas Ukraine',0,'2021-05-23 14:32:01',NULL),(5378,'UKA','Buzzaway Limited','UKAY',0,'2021-05-23 14:32:01',NULL),(5379,'UKI','UK International Airlines','KHALIQ',0,'2021-05-23 14:32:01',NULL),(5380,'UKL','Ukraine Air Alliance','UKRAINE ALLIANCE',0,'2021-05-23 14:32:01',NULL),(5381,'UKM','UM Airlines','UKRAINE MEDITERRANEE',0,'2021-05-23 14:32:01',NULL),(5382,'UKN','Ukraine Air Enterprise','ENTERPRISE UKRAINE',0,'2021-05-23 14:32:01',NULL),(5383,'UKP','United Kingdom Home Office','POLICE',0,'2021-05-23 14:32:01',NULL),(5384,'UKR','Air Ukraine','AIR UKRAINE',0,'2021-05-23 14:32:01',NULL),(5385,'UKS','Ukrainian Cargo Airways','CARGOTRANS',1,'2021-05-23 14:32:01',NULL),(5386,'UKU','Second Sverdlovsk Air Enterprise','PYSHMA',0,'2021-05-23 14:32:01',NULL),(5387,'UKW','Lviv Airlines','UKRAINE WEST',0,'2021-05-23 14:32:01',NULL),(5388,'UKZ','Fly Zoom','',0,'2021-05-23 14:32:01',NULL),(5389,'ULA','Zuliana de Aviacion','',0,'2021-05-23 14:32:01',NULL),(5390,'ULS','Carroll Air Service','ULSTER',0,'2021-05-23 14:32:01',NULL),(5391,'ULT','Ultrair','ULTRAIR',0,'2021-05-23 14:32:01',NULL),(5392,'UMA','Lineas Aereas del Humaya','HUMAYA',0,'2021-05-23 14:32:01',NULL),(5393,'UMB','Air Umbria','AIR UMBRIA',0,'2021-05-23 14:32:01',NULL),(5394,'UMK','Yuzhmashavia','YUZMASH',0,'2021-05-23 14:32:01',NULL),(5395,'UMS','Unitemp-M','TOPAZ',0,'2021-05-23 14:32:01',NULL),(5396,'UNC','Uni-Fly','UNICOPTER',0,'2021-05-23 14:32:01',NULL),(5397,'UND','Atuneros Unidos de California','ATUNEROS UNIDOS',0,'2021-05-23 14:32:01',NULL),(5398,'UNF','Union Flights','UNION FLIGHTS',0,'2021-05-23 14:32:01',NULL),(5399,'UNJ','Universal Jet','PROJET',0,'2021-05-23 14:32:01',NULL),(5400,'UNR','Rivne Universal Avia','RIVNE UNIVERSAL',0,'2021-05-23 14:32:01',NULL),(5401,'UNS','Unsped Paket Servisi','UNSPED',0,'2021-05-23 14:32:01',NULL),(5402,'UNT','Servicios Aereos Universitarios','UNIVERSITARIO',0,'2021-05-23 14:32:01',NULL),(5403,'UNU','Unifly Servizi Aerei','UNIEURO',0,'2021-05-23 14:32:01',NULL),(5404,'UNY','Lund University School of Aviation','UNIVERSITY',0,'2021-05-23 14:32:01',NULL),(5405,'UPA','Air Foyle','FOYLE',0,'2021-05-23 14:32:01',NULL),(5406,'UPL','Ukrainian Pilot School','PILOT SCHOOL',0,'2021-05-23 14:32:01',NULL),(5407,'UPS','United Parcel Service','UPS',1,'2021-05-23 14:32:01',NULL),(5408,'URA','Aircompany Rosavia','ROSAVIA',0,'2021-05-23 14:32:01',NULL),(5409,'URG','Air Urga','URGA',0,'2021-05-23 14:32:01',NULL),(5410,'URJ','Star Air','STARAV',0,'2021-05-23 14:32:01',NULL),(5411,'URN','Turan Air','TURAN',0,'2021-05-23 14:32:01',NULL),(5412,'URP','ARP 410 Airlines','AIR-ARP',0,'2021-05-23 14:32:01',NULL),(5413,'URR','Aurora Airlines','AIR AURORA',0,'2021-05-23 14:32:01',NULL),(5414,'URV','Uraiavia','URAI',0,'2021-05-23 14:32:01',NULL),(5415,'URY','Century Aviation','CENTURY AVIA',0,'2021-05-23 14:32:01',NULL),(5416,'USA','US Airways','U S AIR',0,'2021-05-23 14:32:01',NULL),(5417,'USB','Tusheti','TUSHETI',0,'2021-05-23 14:32:01',NULL),(5418,'USC','US Check Airlines','STAR CHECK',0,'2021-05-23 14:32:01',NULL),(5419,'USF','USAfrica Airways','AFRICA EXPRESS',0,'2021-05-23 14:32:01',NULL),(5420,'USH','US Helicopter','US-HELI',0,'2021-05-23 14:32:01',NULL),(5421,'USJ','US Jet','USJET',0,'2021-05-23 14:32:01',NULL),(5422,'USK','Skif-Air','SKIF-AIR',0,'2021-05-23 14:32:01',NULL),(5423,'USN','Smarkand Aero Servise','SAMAS',0,'2021-05-23 14:32:01',NULL),(5424,'UST','Austro Aereo','AUSTRO AEREO',0,'2021-05-23 14:32:01',NULL),(5425,'USX','US Express','AIR EXPRESS',0,'2021-05-23 14:32:01',NULL),(5426,'UTA','UTair Aviation','UTAIR',0,'2021-05-23 14:32:01',NULL),(5427,'UTG','UTAGE','UTAGE',0,'2021-05-23 14:32:01',NULL),(5428,'UTM','TAPC Aviatrans Aircompany','AVIATAPS',0,'2021-05-23 14:32:01',NULL),(5429,'UTN','Trans-Ulgii','TRANS-ULGII',0,'2021-05-23 14:32:01',NULL),(5430,'UTR','Utair South Africa','AIRUT',0,'2021-05-23 14:32:01',NULL),(5431,'UTS','Ukrainian State Air Traffic Service Enterprise','AIRRUH',0,'2021-05-23 14:32:01',NULL),(5432,'UTT','Transarabian Transportation Services','ARABIAN TRANSPORT',0,'2021-05-23 14:32:01',NULL),(5433,'UTU','Urartu-Air','',0,'2021-05-23 14:32:01',NULL),(5434,'UTX','Avfinity','',0,'2021-05-23 14:32:01',NULL),(5435,'UTY','Alliance Airlines','UNITY',0,'2021-05-23 14:32:01',NULL),(5436,'UVA','Universal Airways','UNIVERSAL',0,'2021-05-23 14:32:01',NULL),(5437,'UVG','Universal Airlines','GUYANA JET',0,'2021-05-23 14:32:01',NULL),(5438,'UVM','Uvavemex','UVAVEMEX',0,'2021-05-23 14:32:01',NULL),(5439,'UVN','United Aviation','UNITED AVIATION',0,'2021-05-23 14:32:01',NULL),(5440,'UVS','Air Universal','UNI-LEONE',0,'2021-05-23 14:32:01',NULL),(5441,'UVT','Auvia Air','AUVIA',0,'2021-05-23 14:32:01',NULL),(5442,'UWW','LSM International ','moose',0,'2021-05-23 14:32:01',NULL),(5443,'UYC','Cameroon Airlines','CAM-AIR',0,'2021-05-23 14:32:01',NULL),(5444,'UZA','Constanta Airline','CONSTANTA',0,'2021-05-23 14:32:01',NULL),(5445,'UZB','Uzbekistan Airways','UZBEK',0,'2021-05-23 14:32:01',NULL),(5446,'UZS','Samarkand Airways','SOGDIANA',0,'2021-05-23 14:32:01',NULL),(5447,'VA3','3 Valleys Airlines','3 Valleys',0,'2021-05-23 14:32:01',NULL),(5448,'VAA','Van Air Europe','EUROVAN',0,'2021-05-23 14:32:01',NULL),(5449,'VAB','Airtrans Ltd','',0,'2021-05-23 14:32:01',NULL),(5450,'VAC','Vacationair','VACATIONAIR',0,'2021-05-23 14:32:01',NULL),(5451,'VAD','Aero Taxi Los Valles','VALLES',0,'2021-05-23 14:32:01',NULL),(5452,'VAE','Air Evans','AIR-EVANS',0,'2021-05-23 14:32:01',NULL),(5453,'VAG','Vega','SEGA',0,'2021-05-23 14:32:01',NULL),(5454,'VAI','Avalair','AIR AVALAIR',0,'2021-05-23 14:32:01',NULL),(5455,'VAL','Voyageur Airways','VOYAGEUR',0,'2021-05-23 14:32:01',NULL),(5456,'VAM','Ameravia','AMERAVIA',0,'2021-05-23 14:32:01',NULL),(5457,'VAN','Caravan Air','CAMEL',0,'2021-05-23 14:32:01',NULL),(5458,'VAP','Phuket Air','PHUKET AIR',0,'2021-05-23 14:32:01',NULL),(5459,'VAS','ATRAN Cargo Airlines','ATRAN',1,'2021-05-23 14:32:01',NULL),(5460,'VAT','Visionair','VISIONAIR',0,'2021-05-23 14:32:01',NULL),(5461,'VAU','V Australia Airlines','KANGA',0,'2021-05-23 14:32:01',NULL),(5462,'VAV','Angkor Air','AIR ANGKOR',0,'2021-05-23 14:32:01',NULL),(5463,'VAX','V Air','',0,'2021-05-23 14:32:01',NULL),(5464,'VAZ','Airlines 400','REMONT AIR',0,'2021-05-23 14:32:01',NULL),(5465,'VBA','V Bird Airlines Netherlands','VEEBEE',0,'2021-05-23 14:32:01',NULL),(5466,'VBC','AVB-2004 Ltd','AIR VICTOR',0,'2021-05-23 14:32:01',NULL),(5467,'VBD','V-Berd-Avia','VEEBIRD-AVIA',0,'2021-05-23 14:32:01',NULL),(5468,'VBG','North-West Air Transport Company - Vyborg','VYBORG AIR',0,'2021-05-23 14:32:01',NULL),(5469,'VBI','Virgin Blue','BLUEY',0,'2021-05-23 14:32:01',NULL),(5470,'VBW','Air Burkina','BURKINA',0,'2021-05-23 14:32:01',NULL),(5471,'VC9','Volotea Costa Rica','',0,'2021-05-23 14:32:01',NULL),(5472,'VCA','VICA - Viacao Charter Aereos','VICA',0,'2021-05-23 14:32:01',NULL),(5473,'VCH','Consorcio Helitec','CONSORCIO HELITEC',0,'2021-05-23 14:32:01',NULL),(5474,'VCI','CI-Tours','CI-TOURS',0,'2021-05-23 14:32:01',NULL),(5475,'VCM','Volare Air Charter Company','CARMEN',0,'2021-05-23 14:32:01',NULL),(5476,'VCN','Execujet Charter','AVCON',0,'2021-05-23 14:32:01',NULL),(5477,'VCR','Cruiser Linhas Aereas','VOE CRUISER',0,'2021-05-23 14:32:01',NULL),(5478,'VCT','Viscount Air Service','VISCOUNT AIR',0,'2021-05-23 14:32:01',NULL),(5479,'VCV','Conviasa','CONVIASA',0,'2021-05-23 14:32:01',NULL),(5480,'VCX','Ocean Airlines','OCEANCARGO',1,'2021-05-23 14:32:01',NULL),(5481,'VDA','Volga-Dnepr Airlines','VOLGA-DNEPR',0,'2021-05-23 14:32:01',NULL),(5482,'VDO','Servicios Aereos Avandaro','AVANDARO',0,'2021-05-23 14:32:01',NULL),(5483,'VDR','Air Vardar','VARDAR',0,'2021-05-23 14:32:01',NULL),(5484,'VEA','Vega Airlines','VEGA AIRLINES',0,'2021-05-23 14:32:01',NULL),(5485,'VEC','Venescar Internacional','VECAR',0,'2021-05-23 14:32:01',NULL),(5486,'VEE','Victor Echo','VICTOR ECHO',0,'2021-05-23 14:32:01',NULL),(5487,'VEG','Aerovega','AEROVEGA',0,'2021-05-23 14:32:01',NULL),(5488,'VEI','Virgin Express Ireland','GREEN ISLE',0,'2021-05-23 14:32:01',NULL),(5489,'VEJ','Aero Ejecutivos','VENEJECUTIV',0,'2021-05-23 14:32:01',NULL),(5490,'VEN','Transaven','TRANSAVEN AIRLINE',0,'2021-05-23 14:32:01',NULL),(5491,'VER','Almaver','ALMAVER',0,'2021-05-23 14:32:01',NULL),(5492,'VES','Vieques Air Link','VIEQUES',0,'2021-05-23 14:32:01',NULL),(5493,'VEX','Virgin Express','VIRGIN EXPRESS',0,'2021-05-23 14:32:01',NULL),(5494,'VFC','Vasco Air','VASCO AIR',0,'2021-05-23 14:32:01',NULL),(5495,'VFT','VZ Flights','ZETA FLIGHTS',0,'2021-05-23 14:32:01',NULL),(5496,'VGA','Air Vegas','AIR VEGAS',0,'2021-05-23 14:32:01',NULL),(5497,'VGC','Vanguardia en Aviacion en Colima','VANGUARDIA COLIMA',0,'2021-05-23 14:32:01',NULL),(5498,'VGD','Vanguard Airlines','VANGUARD AIR',0,'2021-05-23 14:32:01',NULL),(5499,'VGF','Aerovista Gulf Express','VISTA GULF',0,'2021-05-23 14:32:01',NULL),(5500,'VGN','Virgin Nigeria Airways','VIRGIN NIGERIA',0,'2021-05-23 14:32:01',NULL),(5501,'VGS','Stichting Vliegschool 16Hoven','SMART',0,'2021-05-23 14:32:01',NULL),(5502,'VGV','Vologda State Air Enterprise','VOLOGDA AIR',0,'2021-05-23 14:32:01',NULL),(5503,'VHA','VH-Air Industrie','AIR V-H',0,'2021-05-23 14:32:01',NULL),(5504,'VHM','VHM Schul-und-Charterflug','EARLY BIRD',0,'2021-05-23 14:32:01',NULL),(5505,'VHT','Corporate Flight International','VEGAS HEAT',0,'2021-05-23 14:32:01',NULL),(5506,'VI4','Vuola Italia','',0,'2021-05-23 14:32:01',NULL),(5507,'VIA','VIA Lneas Areas','',0,'2021-05-23 14:32:01',NULL),(5508,'VIB','Vibroair Flugservice','VITUS',0,'2021-05-23 14:32:01',NULL),(5509,'VIC','VIP Servicios Aereos Ejecutivos','VIP-EJECUTIVO',0,'2021-05-23 14:32:01',NULL),(5510,'VID','Aviaprad','AVIAPRAD',0,'2021-05-23 14:32:01',NULL),(5511,'VIE','VIP Empresarial','VIP EMPRESARIAL',0,'2021-05-23 14:32:01',NULL),(5512,'VIF','VIF Luftahrt','VIENNA FLIGHT',0,'2021-05-23 14:32:01',NULL),(5513,'VIG','Vega Aviation','VEGA AVIATION',0,'2021-05-23 14:32:01',NULL),(5514,'VIH','Vichi','VICHI',0,'2021-05-23 14:32:01',NULL),(5515,'VIK','Viking Airlines','SWEDJET',0,'2021-05-23 14:32:01',NULL),(5516,'VIM','Air VIA','',0,'2021-05-23 14:32:01',NULL),(5517,'VIN','Vinair - Helicoptereos','VINAIR',0,'2021-05-23 14:32:01',NULL),(5518,'VIP','Tag Aviation UK','SOVEREIGN',0,'2021-05-23 14:32:01',NULL),(5519,'VIR','Virgin Atlantic Airways','VIRGIN',0,'2021-05-23 14:32:01',NULL),(5520,'VIS','Vision Air International','',0,'2021-05-23 14:32:01',NULL),(5521,'VIV','Aeroenlaces Nacionales','AEROENLACES',0,'2021-05-23 14:32:01',NULL),(5522,'VIZ','Aerovis Airlines','AEROVIZ',0,'2021-05-23 14:32:01',NULL),(5523,'VJA','ValueJet','CRITTER',0,'2021-05-23 14:32:01',NULL),(5524,'VJC','VietJet Air','VIETJETAIR',0,'2021-05-23 14:32:01',NULL),(5525,'VJE','Avjet International (FZE)','',0,'2021-05-23 14:32:01',NULL),(5526,'VJM','Viajes Ejecutivos Mexicanos','VIAJES MEXICANOS',0,'2021-05-23 14:32:01',NULL),(5527,'VJT','Vistajet','VISTA',0,'2021-05-23 14:32:01',NULL),(5528,'VKG','Mytravel Airways','VIKING',0,'2021-05-23 14:32:01',NULL),(5529,'VKH','Viking Hellas','DELPHI',0,'2021-05-23 14:32:01',NULL),(5530,'VKJ','VickJet','Vickjet',0,'2021-05-23 14:32:01',NULL),(5531,'VLA','Valan International Cargo Charter','NALAU',1,'2021-05-23 14:32:01',NULL),(5532,'VLE','Volare Airlines','VOLA',0,'2021-05-23 14:32:01',NULL),(5533,'VLF','DFS UK Limited','VOLANTE',0,'2021-05-23 14:32:01',NULL),(5534,'VLG','Vueling Airlines','VUELING',0,'2021-05-23 14:32:01',NULL),(5535,'VLI','Avolar Aerolineas','AEROVOLAR',0,'2021-05-23 14:32:01',NULL),(5536,'VLK','Vladivostok Air','VLADAIR',0,'2021-05-23 14:32:01',NULL),(5537,'VLL','RAF Valley SAR Training Unit','',0,'2021-05-23 14:32:01',NULL),(5538,'VLM','VLM Airlines','RUBENS',0,'2021-05-23 14:32:01',NULL),(5539,'VLN','Valan Limited','VALAN',0,'2021-05-23 14:32:01',NULL),(5540,'VLO','Varig Log','VELOG',0,'2021-05-23 14:32:01',NULL),(5541,'VLR','Aerolineas Villaverde','VILLAVERDE',0,'2021-05-23 14:32:01',NULL),(5542,'VLS','Aero Virel','VIREL',0,'2021-05-23 14:32:01',NULL),(5543,'VLT','Vertical-T Air Company','VERTICAL',0,'2021-05-23 14:32:01',NULL),(5544,'VLU','Valuair','VALUAIR',0,'2021-05-23 14:32:01',NULL),(5545,'VLV','Avialift Vladivostok','VLADLIFT',0,'2021-05-23 14:32:01',NULL),(5546,'VLX','Biz Jet Charter','AVOLAR',0,'2021-05-23 14:32:01',NULL),(5547,'VMA','Vero Monmouth Airlines','VERO MONMOUTH',0,'2021-05-23 14:32:01',NULL),(5548,'VME','Aviacion Comercial de America','AVIAMERICA',0,'2021-05-23 14:32:01',NULL),(5549,'VMM','Grupo Vuelos Mediterraneo','VUELOS MED',0,'2021-05-23 14:32:01',NULL),(5550,'VMP','Execujet Scandinavia','VAMPIRE',0,'2021-05-23 14:32:01',NULL),(5551,'VMR','Aero Vilamoura','AERO VILAMOURA',0,'2021-05-23 14:32:01',NULL),(5552,'VNA','Empresa Aviacion Interamericana','EBBA',0,'2021-05-23 14:32:01',NULL),(5553,'VNE','Empresa Venezolana','VENEZOLANA',0,'2021-05-23 14:32:01',NULL),(5554,'VNG','Aero Servicios Vanguardia','VANGUARDIA',0,'2021-05-23 14:32:01',NULL),(5555,'VNK','Vipport Joint Stock Company','',0,'2021-05-23 14:32:01',NULL),(5556,'VNP','Virgin Pacific','',0,'2021-05-23 14:32:01',NULL),(5557,'VNT','Avient Air Zambia','AVIENT',0,'2021-05-23 14:32:01',NULL),(5558,'VNZ','Tbilaviamsheni','TBILAVIA',0,'2021-05-23 14:32:01',NULL),(5559,'VOA','Viaggio Air','VIAGGIO',0,'2021-05-23 14:32:01',NULL),(5560,'VOE','VOLOTEA Airways','',0,'2021-05-23 14:32:01',NULL),(5561,'VOG','Voyager Airlines','VOYAGER AIR',0,'2021-05-23 14:32:01',NULL),(5562,'VOI','Volaris','VOLARIS',0,'2021-05-23 14:32:01',NULL),(5563,'VOL','Blue Chip Jet','BLUE SPEED',0,'2021-05-23 14:32:01',NULL),(5564,'VOO','Volotea','Volotea',0,'2021-05-23 14:32:01',NULL),(5565,'VOS','Rovos Air','ROVOS',0,'2021-05-23 14:32:01',NULL),(5566,'VOZ','Virgin Australia','VIRGIN',0,'2021-05-23 14:32:01',NULL),(5567,'VPA','VIP Air','VIP TAXI',0,'2021-05-23 14:32:01',NULL),(5568,'VPB','Veteran Air','VETERAN',0,'2021-05-23 14:32:01',NULL),(5569,'VPP','Vintage Props and Jets','VINTAGE',0,'2021-05-23 14:32:01',NULL),(5570,'VPV','VIP-Avia','VIP AVIA',0,'2021-05-23 14:32:01',NULL),(5571,'VQI','Flyme (VP)','',0,'2021-05-23 14:32:01',NULL),(5572,'VRA','Vertair','VERITAIR',0,'2021-05-23 14:32:01',NULL),(5573,'VRB','Silverback Cargo Freighters','SILVERBACK',1,'2021-05-23 14:32:01',NULL),(5574,'VRC','Taxi de Veracruz','VERACRUZ',0,'2021-05-23 14:32:01',NULL),(5575,'VRD','Virgin America','REDWOOD',0,'2021-05-23 14:32:01',NULL),(5576,'VRE','Volare Airlines','UKRAINE VOLARE',0,'2021-05-23 14:32:01',NULL),(5577,'VRI','Aerotaxi Villa Rica','VILLARICA',0,'2021-05-23 14:32:01',NULL),(5578,'VRL','Voar Lda','VOAR LINHAS',0,'2021-05-23 14:32:01',NULL),(5579,'VRN','VRG Linhas Aereas','VARIG',0,'2021-05-23 14:32:01',NULL),(5580,'VRO','Aerovitro','AEROVITRO',0,'2021-05-23 14:32:01',NULL),(5581,'VRS','Sirvair','VAIRSA',0,'2021-05-23 14:32:01',NULL),(5582,'VRT','Averitt Air Charter','AVERITT',0,'2021-05-23 14:32:01',NULL),(5583,'VSA','Avstar Aviation','STARBIRD',0,'2021-05-23 14:32:01',NULL),(5584,'VSB','Vickers Limited','VICKERS',0,'2021-05-23 14:32:01',NULL),(5585,'VSC','AVESCA','AVESCA',0,'2021-05-23 14:32:01',NULL),(5586,'VSG','Visig Operaciones Aereas','VISIG',0,'2021-05-23 14:32:01',NULL),(5587,'VSN','Vision Airways Corporation','VISION',0,'2021-05-23 14:32:01',NULL),(5588,'VSO','Voronezh Aircraft Manufacturing Society','VASO',0,'2021-05-23 14:32:01',NULL),(5589,'VSP','VASP','VASP',0,'2021-05-23 14:32:01',NULL),(5590,'VSR','Aviostart AS','AVIOSTART',0,'2021-05-23 14:32:01',NULL),(5591,'VSS','Virign Islands Seaplane Shuttle','WATERBIRD',0,'2021-05-23 14:32:01',NULL),(5592,'VSV','Scat Air','VLASTA',0,'2021-05-23 14:32:01',NULL),(5593,'VTA','Air Tahiti','AIR TAHITI',0,'2021-05-23 14:32:01',NULL),(5594,'VTC','Vuelos Especializados Tollocan','VUELOS TOLLOCAN',0,'2021-05-23 14:32:01',NULL),(5595,'VTE','Corporate Flight Management','VOLUNTEER',0,'2021-05-23 14:32:01',NULL),(5596,'VTG','Aviacao Transportes Aereos e Cargas','ATACARGO',1,'2021-05-23 14:32:01',NULL),(5597,'VTH','Vuelos Corporativos de Tehuacan','VUELOS TEHUACAN',0,'2021-05-23 14:32:01',NULL),(5598,'VTI','Air Vistara','',0,'2021-05-23 14:32:01',NULL),(5599,'VTK','Vostok Airlines','VOSTOK',0,'2021-05-23 14:32:01',NULL),(5600,'VTL','Victor Tagle Larrain','VITALA',0,'2021-05-23 14:32:01',NULL),(5601,'VTM','Aeronaves TSM','AERONAVES TSM',0,'2021-05-23 14:32:01',NULL),(5602,'VTS','Everts Air Alaska/Everts Air Cargo','EVERTS',1,'2021-05-23 14:32:01',NULL),(5603,'VTT','Avia Trans Air Transport','VIATRANSPORT',0,'2021-05-23 14:32:01',NULL),(5604,'VTV','Vointeh','VOINTEH',0,'2021-05-23 14:32:01',NULL),(5605,'VTX','Verataxis','VERATAXIS',0,'2021-05-23 14:32:01',NULL),(5606,'VTY','Air Midwest','VICTORY',0,'2021-05-23 14:32:01',NULL),(5607,'VUE','AD Aviation','FLIGHTVUE',0,'2021-05-23 14:32:01',NULL),(5608,'VUL','Elios','ELIOS',0,'2021-05-23 14:32:01',NULL),(5609,'VUN','Air Ivoire','AIRIVOIRE',0,'2021-05-23 14:32:01',NULL),(5610,'VUO','Aerovuelox','AEROVUELOX',0,'2021-05-23 14:32:01',NULL),(5611,'VUR','Vuelos Internos Privados VIP','VIPEC',0,'2021-05-23 14:32:01',NULL),(5612,'VUS','Vuela Bus','VUELA BUS',0,'2021-05-23 14:32:01',NULL),(5613,'VVA','Aviast Air','IALSI',0,'2021-05-23 14:32:01',NULL),(5614,'VVC','VivaColombia','',0,'2021-05-23 14:32:01',NULL),(5615,'VVF','Dunyaya Bakis Hava Tasimaciligi','WORLDFOCUS',0,'2021-05-23 14:32:01',NULL),(5616,'VVG','Aerovilla','AEROVILLA',0,'2021-05-23 14:32:01',NULL),(5617,'VVM','Viva Macau','JACKPOT',0,'2021-05-23 14:32:01',NULL),(5618,'VVN','88','',0,'2021-05-23 14:32:01',NULL),(5619,'VWA','Virginwings','',0,'2021-05-23 14:32:01',NULL),(5620,'VXG','Avirex','AVIREX-GABON',0,'2021-05-23 14:32:01',NULL),(5621,'VXN','Sunset Aviation','VIXEN',0,'2021-05-23 14:32:01',NULL),(5622,'VXP','Mali Air Express','AVION EXPRESS',0,'2021-05-23 14:32:01',NULL),(5623,'VXX','Aviaexpress Aircompany','EXPRESSAVIA',0,'2021-05-23 14:32:01',NULL),(5624,'VYT','RAF Valley Flying Training Unit','ANGLESEY',0,'2021-05-23 14:32:01',NULL),(5625,'VZA','ViznAir','Brian',0,'2021-05-23 14:32:01',NULL),(5626,'VZL','Vzlyet','VZLYET',0,'2021-05-23 14:32:01',NULL),(5627,'VZR','Aviazur','IAZUR',0,'2021-05-23 14:32:01',NULL),(5628,'WAA','Westair Aviation','WESTAIR WINGS',0,'2021-05-23 14:32:01',NULL),(5629,'WAB','Aero Industries Inc','WABASH',0,'2021-05-23 14:32:01',NULL),(5630,'WAC','West African Cargo Airlines','WESTAF CARGO',1,'2021-05-23 14:32:01',NULL),(5631,'WAD','Waddington FTU','VULCAN',0,'2021-05-23 14:32:01',NULL),(5632,'WAE','Western Air Express','WESTERN EXPRESS',0,'2021-05-23 14:32:01',NULL),(5633,'WAF','Flamenco Airways','FLAMENCO',0,'2021-05-23 14:32:01',NULL),(5634,'WAG','Wisconsin Air National Guard','',0,'2021-05-23 14:32:01',NULL),(5635,'WAJ','AirAsia Japan','WING ASIA',0,'2021-05-23 14:32:01',NULL),(5636,'WAK','Wings of Alaska','WINGS ALASKA',0,'2021-05-23 14:32:01',NULL),(5637,'WAL','Western Airlines','WESTERN',0,'2021-05-23 14:32:01',NULL),(5638,'WAL','Western Arctic Air','WESTERN ARCTIC',0,'2021-05-23 14:32:01',NULL),(5639,'WAM','Air Taxi & Cargo','TAXI CARGO',1,'2021-05-23 14:32:01',NULL),(5640,'WAP','Arrow Panama','ARROW PANAMA',0,'2021-05-23 14:32:01',NULL),(5641,'WAR','NZ Warbirds Association','WARBIRDS',0,'2021-05-23 14:32:01',NULL),(5642,'WAS','Walsten Air Services','WALSTEN',0,'2021-05-23 14:32:01',NULL),(5643,'WAT','Wings Air Transport','',0,'2021-05-23 14:32:01',NULL),(5644,'WAU','Wizz Air Ukraine','WIZZAIR UKRAINE',0,'2021-05-23 14:32:01',NULL),(5645,'WAV','Warbelow\'s Air Ventures','WARBELOW',0,'2021-05-23 14:32:01',NULL),(5646,'WAW','Wings Airways','WING SHUTTLE',0,'2021-05-23 14:32:01',NULL),(5647,'WAY','Airways','GARONNE',0,'2021-05-23 14:32:01',NULL),(5648,'WBA','Finncomm Airlines','WESTBIRD',0,'2021-05-23 14:32:01',NULL),(5649,'WBR','Multi-Aero','WEBER',0,'2021-05-23 14:32:01',NULL),(5650,'WCA','West Coast Airways','WEST-LEONE',0,'2021-05-23 14:32:01',NULL),(5651,'WCB','West Africa Airlines','KILO YANKEE',0,'2021-05-23 14:32:01',NULL),(5652,'WCC','Sport Air Travel','WEST COAST',0,'2021-05-23 14:32:01',NULL),(5653,'WCG','West Coast Airlines','WHISKY INDIA',0,'2021-05-23 14:32:01',NULL),(5654,'WCO','Columbia Helicopters','COLUMBIA HELI',0,'2021-05-23 14:32:01',NULL),(5655,'WCP','Primaris Airlines','WHITECAP',0,'2021-05-23 14:32:01',NULL),(5656,'WCR','West Caribbean Costa Rica','WEST CARIBBEAN',0,'2021-05-23 14:32:01',NULL),(5657,'WCW','West Caribbean Airways','',0,'2021-05-23 14:32:01',NULL),(5658,'WCY','Viking Express','TITAN AIR',0,'2021-05-23 14:32:01',NULL),(5659,'WDA','Wimbi Dira Airways','WIMBI DIRA',0,'2021-05-23 14:32:01',NULL),(5660,'WDG','Ministry of Agriculture',' Fisheries and Food',0,'2021-05-23 14:32:01',NULL),(5661,'WDK','Oxford Air Services','WOODSTOCK',0,'2021-05-23 14:32:01',NULL),(5662,'WDL','WDL Aviation','WDL',0,'2021-05-23 14:32:01',NULL),(5663,'WDR','Air Net Private Charter','WIND RIDER',0,'2021-05-23 14:32:01',NULL),(5664,'WDS','Four Winds Aviation','WINDS',0,'2021-05-23 14:32:01',NULL),(5665,'WDY','Chicago Express','WINDY CITY',0,'2021-05-23 14:32:01',NULL),(5666,'WDY','Phoenix Airline Services','WINDYCITY',0,'2021-05-23 14:32:01',NULL),(5667,'WE1','World Experience Airline','WEA',0,'2021-05-23 14:32:01',NULL),(5668,'WEA','White Eagle Aviation','WHITE EAGLE',0,'2021-05-23 14:32:01',NULL),(5669,'WEB','WebJet Linhas A','WEB-BRASIL',0,'2021-05-23 14:32:01',NULL),(5670,'WEC','Universal Airlines','AIRGO',0,'2021-05-23 14:32:01',NULL),(5671,'WEL','Veles',' Ukrainian Aviation Company',0,'2021-05-23 14:32:01',NULL),(5672,'WEN','WestJet Encore','Encore',0,'2021-05-23 14:32:01',NULL),(5673,'WER','AeroWorld ','sovet',0,'2021-05-23 14:32:01',NULL),(5674,'WES','Western Express Air Lines','WEST EX',0,'2021-05-23 14:32:01',NULL),(5675,'WEV','Victoria International Airways','VICTORIA UGANDA',0,'2021-05-23 14:32:01',NULL),(5676,'WEW','West Wind Aviation','WESTWIND',0,'2021-05-23 14:32:01',NULL),(5677,'WEX','Wings Express','WINGS EXPRESS',0,'2021-05-23 14:32:01',NULL),(5678,'WFC','Swift Copters','SWIFTCOPTERS',0,'2021-05-23 14:32:01',NULL),(5679,'WFD','BAE Systems','AVRO',0,'2021-05-23 14:32:01',NULL),(5680,'WFO','Wilbur\'s Flight Operations','WILBURS',0,'2021-05-23 14:32:01',NULL),(5681,'WFX','Westfalia Express VA','',0,'2021-05-23 14:32:01',NULL),(5682,'WGA','Vega Air Company','WEGA FRANKO',0,'2021-05-23 14:32:01',NULL),(5683,'WGC','Worldways','',0,'2021-05-23 14:32:01',NULL),(5684,'WGP','Williams Grand Prix Engineering','GRAND PRIX',0,'2021-05-23 14:32:01',NULL),(5685,'WGS','Airwings oy','AIRWINGS',0,'2021-05-23 14:32:01',NULL),(5686,'WGT','Lion Air Services','WORLDGATE',0,'2021-05-23 14:32:01',NULL),(5687,'WHE','Westland Helicopters','WESTLAND',0,'2021-05-23 14:32:01',NULL),(5688,'WHR','Hummingbird Helicopter Service','WHIRLEYBIRD',0,'2021-05-23 14:32:01',NULL),(5689,'WHS','Wiking Helikopter Service','WEEKING',0,'2021-05-23 14:32:01',NULL),(5690,'WHT','White','YOUNG SKY',0,'2021-05-23 14:32:01',NULL),(5691,'WHY','Air Sorel','AIR SOREL',0,'2021-05-23 14:32:01',NULL),(5692,'WIA','Windward Islands Airways International','WINDWARD',0,'2021-05-23 14:32:01',NULL),(5693,'WIF','Widere','WIDEROE',0,'2021-05-23 14:32:01',NULL),(5694,'WIG','Wiggins Airways','WIGGINS AIRWAYS',0,'2021-05-23 14:32:01',NULL),(5695,'WIL','Aero Air','WILLIAMETTE',0,'2021-05-23 14:32:01',NULL),(5696,'WIN','Winlink','WINLINK',0,'2021-05-23 14:32:01',NULL),(5697,'WIS','Paccair','WISCAIR',0,'2021-05-23 14:32:01',NULL),(5698,'WIT','Wittering FTU','STRIKER',0,'2021-05-23 14:32:01',NULL),(5699,'WIW','V-avia Airline','VEE-AVIA',0,'2021-05-23 14:32:01',NULL),(5700,'WIZ','Micromatter Technology Solutions','WIZARD',0,'2021-05-23 14:32:01',NULL),(5701,'WJA','WestJet','WESTJET',0,'2021-05-23 14:32:01',NULL),(5702,'WKH','Kharkov Aircraft Manufacturing Company','WEST-KHARKOV',0,'2021-05-23 14:32:01',NULL),(5703,'WLA','Airwaves Airlink','AIRLIMITED',0,'2021-05-23 14:32:01',NULL),(5704,'WLB','Wings of Lebanon Aviation','WING LEBANON',0,'2021-05-23 14:32:01',NULL),(5705,'WLC','Welcome Air','WELCOMEAIR',0,'2021-05-23 14:32:01',NULL),(5706,'WLG','Volga Aviaexpress','GOUMRAK',0,'2021-05-23 14:32:01',NULL),(5707,'WLK','Skyrover CC','SKYWATCH',0,'2021-05-23 14:32:01',NULL),(5708,'WLR','Air Walser','AIRWALSER',0,'2021-05-23 14:32:01',NULL),(5709,'WLS','Williams Air','WILLIAMS AIR',0,'2021-05-23 14:32:01',NULL),(5710,'WLT','Aviation Partners','WINGLET',0,'2021-05-23 14:32:01',NULL),(5711,'WLV','Aviation North','WOLVERINE',0,'2021-05-23 14:32:01',NULL),(5712,'WLX','West Air Luxembourg','WEST LUX',0,'2021-05-23 14:32:01',NULL),(5713,'WML','Chantilly Air','MARLIN',0,'2021-05-23 14:32:01',NULL),(5714,'WNA','Winair','WINAIR',0,'2021-05-23 14:32:01',NULL),(5715,'WNR','Wondair on Demand Aviation','WONDAIR',0,'2021-05-23 14:32:01',NULL),(5716,'WOA','World Airways','WORLD',0,'2021-05-23 14:32:01',NULL),(5717,'WOK','Kovar Air','WOKAIR',0,'2021-05-23 14:32:01',NULL),(5718,'WOL','Wings Aviation','WINGJET',0,'2021-05-23 14:32:01',NULL),(5719,'WON','Wings Air','WINGS ABADI',0,'2021-05-23 14:32:01',NULL),(5720,'WOW','Air Southwest','SWALLOW',0,'2021-05-23 14:32:01',NULL),(5721,'WPA','Western Pacific Airservice','WESTPAC',0,'2021-05-23 14:32:01',NULL),(5722,'WPK','Air-Lift Associates','WOLFPACK',0,'2021-05-23 14:32:01',NULL),(5723,'WPR','Auckland Regional Rescue Helicopter Trust','WESTPAC RESCUE',0,'2021-05-23 14:32:01',NULL),(5724,'WPT','Wapiti Aviation','WAPITI',0,'2021-05-23 14:32:01',NULL),(5725,'WRA','White River Air Services','',0,'2021-05-23 14:32:01',NULL),(5726,'WRC','Wind Rose Aviation','WIND ROSE',0,'2021-05-23 14:32:01',NULL),(5727,'WRF','Wright Air Service','WRIGHT FLYER',0,'2021-05-23 14:32:01',NULL),(5728,'WRR','WRA Inc','WRAP AIR',0,'2021-05-23 14:32:01',NULL),(5729,'WRT','Wright Air Lines','WRIGHT-AIR',0,'2021-05-23 14:32:01',NULL),(5730,'WSA','Westgates Airlines','WESTATES',0,'2021-05-23 14:32:01',NULL),(5731,'WSC','Westair Cargo Airlines','WESTCAR',1,'2021-05-23 14:32:01',NULL),(5732,'WSF','West African Airlines','',0,'2021-05-23 14:32:01',NULL),(5733,'WSG','Wasaya Airways','WASAYA',0,'2021-05-23 14:32:01',NULL),(5734,'WSI','Wind Spirit Air','WIND SPIRIT',0,'2021-05-23 14:32:01',NULL),(5735,'WSL','Westflight Aviation','WEST LINE',0,'2021-05-23 14:32:01',NULL),(5736,'WSM','Wisman Aviation','WISMAN',0,'2021-05-23 14:32:01',NULL),(5737,'WSS','World Scale Airlines','',0,'2021-05-23 14:32:01',NULL),(5738,'WST','Western Air','WESTERN BAHAMAS',0,'2021-05-23 14:32:01',NULL),(5739,'WTA','Africa West','WEST TOGO',0,'2021-05-23 14:32:01',NULL),(5740,'WTC','Weasua Air Transport Company','WATCO',0,'2021-05-23 14:32:01',NULL),(5741,'WTF','West African Air Transport','WESTAF AIRTRANS',0,'2021-05-23 14:32:01',NULL),(5742,'WTJ','Whitejets','WHITEJET',0,'2021-05-23 14:32:01',NULL),(5743,'WTN','BAE Systems','TARNISH',0,'2021-05-23 14:32:01',NULL),(5744,'WTP','Westpoint Air','WESTPOINT',0,'2021-05-23 14:32:01',NULL),(5745,'WTV','Western Aviators','WESTAVIA',0,'2021-05-23 14:32:01',NULL),(5746,'WVA','Hand D Aviation','WABASH VALLEY',0,'2021-05-23 14:32:01',NULL),(5747,'WVL','Wizz Air Hungary','WIZZBUL',0,'2021-05-23 14:32:01',NULL),(5748,'WWD','Westward Airways','WESTWARD',0,'2021-05-23 14:32:01',NULL),(5749,'WWI','Worldwide Jet Charter','WORLDWIDE',0,'2021-05-23 14:32:01',NULL),(5750,'WWL','Whyalla Airlines','',0,'2021-05-23 14:32:01',NULL),(5751,'WWM','World Wing Aviation','MANAS WING',0,'2021-05-23 14:32:01',NULL),(5752,'WWS','Worldwide Aviation Services','',0,'2021-05-23 14:32:01',NULL),(5753,'WYC','Wycombe Air Centre','WYCOMBE',0,'2021-05-23 14:32:01',NULL),(5754,'WYG','Wyoming Airlines','WYOMING',0,'2021-05-23 14:32:01',NULL),(5755,'WYT','2 Sqn No 1 Elementary Flying Training School','',0,'2021-05-23 14:32:01',NULL),(5756,'WZP','Zip','ZIPPER',0,'2021-05-23 14:32:01',NULL),(5757,'WZZ','Wizz Air','WIZZ AIR',0,'2021-05-23 14:32:01',NULL),(5758,'X9F','FRA Air','FA',0,'2021-05-23 14:32:01',NULL),(5759,'XAA','Aeronautical Radio Inc','',0,'2021-05-23 14:32:01',NULL),(5760,'XAB','Xabre Aerolineas','AERO XABRE',0,'2021-05-23 14:32:01',NULL),(5761,'XAC','Air Charter World','',0,'2021-05-23 14:32:01',NULL),(5762,'XAD','Certified Air Dispatch','',0,'2021-05-23 14:32:01',NULL),(5763,'XAF','Executive Air Fleet','',0,'2021-05-23 14:32:01',NULL),(5764,'XAH','Executive Aircraft Services','',0,'2021-05-23 14:32:01',NULL),(5765,'XAK','Airkenya','SUNEXPRESS',0,'2021-05-23 14:32:01',NULL),(5766,'XAM','AMR Services Corporation','ALLIANCE',0,'2021-05-23 14:32:01',NULL),(5767,'XAN','Southjet cargo','',1,'2021-05-23 14:32:01',NULL),(5768,'XAO','Airline Operations Services','',0,'2021-05-23 14:32:01',NULL),(5769,'XAP','Direct Air trading as Midway Connection','MID-TOWN',0,'2021-05-23 14:32:01',NULL),(5770,'XAR','Travel Express Aviation Services','TRAVEL EXPRESS',0,'2021-05-23 14:32:01',NULL),(5771,'XAS','PHH Aviation System','',0,'2021-05-23 14:32:01',NULL),(5772,'XAT','AT and T Aviation Division','',0,'2021-05-23 14:32:01',NULL),(5773,'XAU','XAIR USA','XAIR',0,'2021-05-23 14:32:01',NULL),(5774,'XAV','Aviaprom Enterprises','AVIAPROM',0,'2021-05-23 14:32:01',NULL),(5775,'XAX','AirAsia X','XANADU',0,'2021-05-23 14:32:01',NULL),(5776,'XBG','City of Bangor','',0,'2021-05-23 14:32:01',NULL),(5777,'XBM','CBM America','AIRMAX',0,'2021-05-23 14:32:01',NULL),(5778,'XBO','Baseops International','',0,'2021-05-23 14:32:01',NULL),(5779,'XCC','Ecoturistica de Xcalak','XCALAK',0,'2021-05-23 14:32:01',NULL),(5780,'XCL','Contel ASC','',0,'2021-05-23 14:32:01',NULL),(5781,'XCO','Compuflight Operations Service','',0,'2021-05-23 14:32:01',NULL),(5782,'XCS','Compuserve Incorporated','',0,'2021-05-23 14:32:01',NULL),(5783,'XCT','Aero Costa Taxi Aereo','AEROCOSTAXI',0,'2021-05-23 14:32:01',NULL),(5784,'XCX','Citibank','',0,'2021-05-23 14:32:01',NULL),(5785,'XDA','Bureau Veritas','',0,'2021-05-23 14:32:01',NULL),(5786,'XDD','Lockheed DUATS','',0,'2021-05-23 14:32:01',NULL),(5787,'XDS','Dispatch Services','',0,'2021-05-23 14:32:01',NULL),(5788,'XDT','Date Transformation Corp','',0,'2021-05-23 14:32:01',NULL),(5789,'XDY','Dynair Services','',0,'2021-05-23 14:32:01',NULL),(5790,'XEC','Air Executive Charter','',0,'2021-05-23 14:32:01',NULL),(5791,'XEL','Excel Charter','HELI EXCEL',0,'2021-05-23 14:32:01',NULL),(5792,'XER','Xerox Corporation','XEROX',0,'2021-05-23 14:32:01',NULL),(5793,'XFS','American Flight Service Systems','',0,'2021-05-23 14:32:01',NULL),(5794,'XFX','Airways Corporation of New Zealand','AIRCORP',0,'2021-05-23 14:32:01',NULL),(5795,'XGA','General Aviation Terminal','',0,'2021-05-23 14:32:01',NULL),(5796,'XGG','IMP Group Aviation Services','',0,'2021-05-23 14:32:01',NULL),(5797,'XGS','Global System','',0,'2021-05-23 14:32:01',NULL),(5798,'XGW','Global Weather Dynamics','',0,'2021-05-23 14:32:01',NULL),(5799,'XIA','Irving Oil','',0,'2021-05-23 14:32:01',NULL),(5800,'XJA','Assistance Aeroportuaire de L\'Aeroport de Paris','',0,'2021-05-23 14:32:01',NULL),(5801,'XJC','Xclusive Jet Charter Limited','EXCLUSIVE JET',0,'2021-05-23 14:32:01',NULL),(5802,'XJT','Xjet Limited','XRAY',0,'2021-05-23 14:32:01',NULL),(5803,'XKA','Kavouras Inc','',0,'2021-05-23 14:32:01',NULL),(5804,'XKX','ASECNA','',0,'2021-05-23 14:32:01',NULL),(5805,'XLA','Excel Airways','EXPO',0,'2021-05-23 14:32:01',NULL),(5806,'XLB','Aircraft Performance Group','',0,'2021-05-23 14:32:01',NULL),(5807,'XLD','Jeppesen Data Plan','',0,'2021-05-23 14:32:01',NULL),(5808,'XLG','Lockheed Air Terminal','',0,'2021-05-23 14:32:01',NULL),(5809,'XLK','Safarilink Aviation','SAFARILINK',0,'2021-05-23 14:32:01',NULL),(5810,'XLL','Air Excel','TINGA-TINGA',0,'2021-05-23 14:32:01',NULL),(5811,'XLT','Empressa Brasileira de Infra-Estrutura Aeroportuaria-Infraero','INFRAERO',0,'2021-05-23 14:32:01',NULL),(5812,'XMA','Martin Aviation Services','',0,'2021-05-23 14:32:01',NULL),(5813,'XME','Australian air Express','AUS-CARGO',1,'2021-05-23 14:32:01',NULL),(5814,'XMG','AMS Group','',0,'2021-05-23 14:32:01',NULL),(5815,'XMR','Irish Aviation Authority','AUTHORITY',0,'2021-05-23 14:32:01',NULL),(5816,'XMS','British Airways','SANTA',0,'2021-05-23 14:32:01',NULL),(5817,'XMX','SENEAM','SENEAM',0,'2021-05-23 14:32:01',NULL),(5818,'XNA','Express Net Airlines','EXPRESSNET',0,'2021-05-23 14:32:01',NULL),(5819,'XNC','Canadian National Telecommunications','',0,'2021-05-23 14:32:01',NULL),(5820,'XNR','Taxi Aero Del Norte','TAXI NORTE',0,'2021-05-23 14:32:01',NULL),(5821,'XNS','Navtech System Support','',0,'2021-05-23 14:32:01',NULL),(5822,'XNT','Notams International','',0,'2021-05-23 14:32:01',NULL),(5823,'XNV','Navinc Airlines Services','',0,'2021-05-23 14:32:01',NULL),(5824,'XOJ','XOJET','',0,'2021-05-23 14:32:01',NULL),(5825,'XPA','Pan Am Weather Systems','',0,'2021-05-23 14:32:01',NULL),(5826,'XPE','Amira Air','EXPERT',0,'2021-05-23 14:32:01',NULL),(5827,'XPG','Southport Air Service','',0,'2021-05-23 14:32:01',NULL),(5828,'XPL','Express Line Aircompany','EXPRESSLINE',0,'2021-05-23 14:32:01',NULL),(5829,'XPR','Air-Rep','',0,'2021-05-23 14:32:01',NULL),(5830,'XPS','XP Internation','XP PARCEL',0,'2021-05-23 14:32:01',NULL),(5831,'XPT','XPTO','XPTO',0,'2021-05-23 14:32:01',NULL),(5832,'XPX','Phoenix Flight Operations','',0,'2021-05-23 14:32:01',NULL),(5833,'XRA','Intensive Air','INTENSIVE',0,'2021-05-23 14:32:01',NULL),(5834,'XSA','Spectrum Air Service','',0,'2021-05-23 14:32:01',NULL),(5835,'XSL','Embry-Riddle Aeronautical University','SATSLAB',0,'2021-05-23 14:32:01',NULL),(5836,'XSN','Stephenville Aviation Services','',0,'2021-05-23 14:32:01',NULL),(5837,'XSR','Executive AirShare','',0,'2021-05-23 14:32:01',NULL),(5838,'XSS','Aero Express Intercontinental','INTER EXPRESS',0,'2021-05-23 14:32:01',NULL),(5839,'XTA','Servicios Aereos Textra','TEXTRA',0,'2021-05-23 14:32:01',NULL),(5840,'XTJ','Advance Aviation Services','',0,'2021-05-23 14:32:01',NULL),(5841,'XTO','Express Tours','EXPRESS TOURS',0,'2021-05-23 14:32:01',NULL),(5842,'XTR','Sector Airlines','EXTER',0,'2021-05-23 14:32:01',NULL),(5843,'XWS','WSI Corporation','',0,'2021-05-23 14:32:01',NULL),(5844,'XWW','World Weatherwatch','',0,'2021-05-23 14:32:01',NULL),(5845,'XXS','Skyplan Services','',0,'2021-05-23 14:32:01',NULL),(5846,'XXV','AASANA','',0,'2021-05-23 14:32:01',NULL),(5847,'XXX','ASL','',0,'2021-05-23 14:32:01',NULL),(5848,'XYZ','Island Air Express','RAINBIRD',0,'2021-05-23 14:32:01',NULL),(5849,'YAK','Yakolev','YAK AVIA',0,'2021-05-23 14:32:01',NULL),(5850,'YBE','Stewart Aviation Services','YELLOW BIRD',0,'2021-05-23 14:32:01',NULL),(5851,'YCC','Ciel Canadien','Ciel',0,'2021-05-23 14:32:01',NULL),(5852,'YCP','Canadian National Airways','CaNational',0,'2021-05-23 14:32:01',NULL),(5853,'YEL','Yellowtail','',0,'2021-05-23 14:32:01',NULL),(5854,'YEP','YES Airways','',0,'2021-05-23 14:32:01',NULL),(5855,'YFS','Young Flying Service','YOUNG AIR',0,'2021-05-23 14:32:01',NULL),(5856,'YOG','Central Aviation','YOGAN AIR',0,'2021-05-23 14:32:01',NULL),(5857,'YRG','Air Yugoslavia','YUGAIR',0,'2021-05-23 14:32:01',NULL),(5858,'YYY','ICAO','',0,'2021-05-23 14:32:01',NULL),(5859,'YZR','Yangtze River Express','YANGTZE RIVER',0,'2021-05-23 14:32:01',NULL),(5860,'YZZ','LSM AIRLINES ','Moscow frog',0,'2021-05-23 14:32:01',NULL),(5861,'Z9H','All Argentina Express','',0,'2021-05-23 14:32:01',NULL),(5862,'ZAI','Zaire Aero Service','ZASAIR',0,'2021-05-23 14:32:01',NULL),(5863,'ZAK','Airlink Zambia','',0,'2021-05-23 14:32:01',NULL),(5864,'ZAN','Zantop International Airlines','ZANTOP',0,'2021-05-23 14:32:01',NULL),(5865,'ZAR','Zairean Airlines','ZAIREAN',0,'2021-05-23 14:32:01',NULL),(5866,'ZAS','ZAS Airlines of Egypt','ZAS AIRLINES',0,'2021-05-23 14:32:01',NULL),(5867,'ZAW','Zoom Airways','ZED AIR',0,'2021-05-23 14:32:01',NULL),(5868,'ZBA','Boskovic Air Charters Limited','BOSKY',0,'2021-05-23 14:32:01',NULL),(5869,'ZCS','Southjet connect','',0,'2021-05-23 14:32:01',NULL),(5870,'ZMA','Zambezi Airlines','ZAMBEZI WINGS',0,'2021-05-23 14:32:01',NULL),(5871,'ZNA','Zenith International Airline','ZENITH',0,'2021-05-23 14:32:01',NULL),(5872,'ZTF','Mongolian International Air Lines ','Mongol_AIr',0,'2021-05-23 14:32:01',NULL),(5873,'ZTT','ZABAIKAL AIRLINES','BAIKAL',0,'2021-05-23 14:32:01',NULL),(5874,'ZXY','Japan Regio','',0,'2021-05-23 14:32:01',NULL),(5875,'ZYZ','Caribbean Wings','caribbean Wings',0,'2021-05-23 14:32:01',NULL),(5876,'ZZM','Agence Nationale des Aerodromes et de la Meteorologie','',0,'2021-05-23 14:32:01',NULL),(5877,'ZZZ','Zabaykalskii Airlines','Lakeair',0,'2021-05-23 14:32:01',NULL),(5878,'TWI','Tailwind Airlines','TAILWIND',0,'2021-05-23 14:32:01',NULL),(5879,'EZS','EasyJet Switzerland','TOPSWISS',0,'2021-05-23 14:32:01',NULL),(5880,'MEV','Med-View Airline','MED-VIEW',0,'2021-05-23 14:32:01',NULL),(5881,'CBJ','Beijing Captial Airlines','CAPITAL JET',0,'2021-05-23 14:32:01',NULL),(5882,'AF1','Air Force 1','AF1',0,'2022-01-03 13:49:12',NULL),(5883,'FLJ','FlairJet Limited','FLAIRJET',0,'2022-01-03 13:49:12',NULL),(5884,'NJE','NetJets Europe','FRACTION',0,'2022-01-03 13:49:12',NULL),(5885,'NJU','NetJets Air Transport UK','FRACTION',0,'2022-01-03 13:49:12',NULL),(5886,'SXN','SaxonAir Charter Limited','SAXONAIR',0,'2022-01-03 13:49:12',NULL),(5887,'VCG','Catreus AOC Limited','Thunder Cat',0,'2022-01-03 13:49:12',NULL),(5888,'GVY','Gravity Virtual Airlines','GRAVITY',0,NULL,NULL),(5889,'UKV','FlyUK (Virtual)','Skyways',0,'2022-07-30 16:23:18','2022-07-30 16:23:18'),(5890,'ITY','ITA Airways','ITARROW',0,'2022-07-30 16:23:32','2022-07-30 16:23:32'),(5891,'SZS','SAS Connect','SPINNAKER',0,'2022-07-30 16:23:32','2022-07-30 16:23:32');
/*!40000 ALTER TABLE `airlines` ENABLE KEYS */;
UNLOCK TABLES;

--
-- Table structure for table `altimeter_setting_region`
--

DROP TABLE IF EXISTS `altimeter_setting_region`;
/*!40101 SET @saved_cs_client     = @@character_set_client */;
/*!40101 SET character_set_client = utf8 */;
CREATE TABLE `altimeter_setting_region` (
  `id` int unsigned NOT NULL AUTO_INCREMENT,
  `key` varchar(255) CHARACTER SET utf8mb4 COLLATE utf8mb4_unicode_ci NOT NULL COMMENT 'String key to identify the ASR',
  `name` varchar(15) CHARACTER SET utf8mb4 COLLATE utf8mb4_unicode_ci NOT NULL,
  PRIMARY KEY (`id`),
  UNIQUE KEY `altimeter_setting_region_key_unique` (`key`)
) ENGINE=InnoDB AUTO_INCREMENT=24 DEFAULT CHARSET=utf8mb4 COLLATE=utf8mb4_unicode_ci;
/*!40101 SET character_set_client = @saved_cs_client */;

--
-- Dumping data for table `altimeter_setting_region`
--

LOCK TABLES `altimeter_setting_region` WRITE;
/*!40000 ALTER TABLE `altimeter_setting_region` DISABLE KEYS */;
INSERT INTO `altimeter_setting_region` VALUES (1,'ASR_LONDON','London'),(2,'ASR_MANCHESTER','Manchester'),(3,'ASR_SCOTTISH','Scottish'),(4,'ASR_SKERRY','Skerry'),(5,'ASR_PORTREE','Portree'),(6,'ASR_RATTRAY','Rattray'),(7,'ASR_TYNE','Tyne'),(8,'ASR_BELFAST','Belfast'),(9,'ASR_HOLYHEAD','Holyhead'),(10,'ASR_BARNSLEY','Barnsley'),(11,'ASR_HUMBER','Humber'),(12,'ASR_SCILLIES','Scillies'),(13,'ASR_WESSEX','Wessex'),(14,'ASR_CHATHAM','Chatham'),(15,'ASR_PORTLAND','Portland'),(16,'ASR_YARMOUTH','Yarmouth'),(17,'ASR_COTSWOLD','Cotswold'),(18,'ASR_SHETLAND','Shetland'),(19,'ASR_ORKNEY','Orkney'),(20,'ASR_MARLIN','Marlin'),(21,'ASR_PETREL','Petrel'),(22,'ASR_SKUA','Skua'),(23,'ASR_PUFFIN','Puffin');
/*!40000 ALTER TABLE `altimeter_setting_region` ENABLE KEYS */;
UNLOCK TABLES;

--
-- Table structure for table `altimeter_setting_region_airfield`
--

DROP TABLE IF EXISTS `altimeter_setting_region_airfield`;
/*!40101 SET @saved_cs_client     = @@character_set_client */;
/*!40101 SET character_set_client = utf8 */;
CREATE TABLE `altimeter_setting_region_airfield` (
  `id` bigint unsigned NOT NULL AUTO_INCREMENT,
  `altimeter_setting_region_id` int unsigned NOT NULL,
  `airfield_id` int unsigned NOT NULL,
  PRIMARY KEY (`id`),
  UNIQUE KEY `asr_airfield` (`altimeter_setting_region_id`,`airfield_id`),
  KEY `airfield_id` (`airfield_id`),
  CONSTRAINT `airfield_id` FOREIGN KEY (`airfield_id`) REFERENCES `airfield` (`id`) ON DELETE CASCADE,
  CONSTRAINT `asr_asr_id` FOREIGN KEY (`altimeter_setting_region_id`) REFERENCES `altimeter_setting_region` (`id`) ON DELETE CASCADE
) ENGINE=InnoDB AUTO_INCREMENT=98 DEFAULT CHARSET=utf8mb4 COLLATE=utf8mb4_unicode_ci;
/*!40101 SET character_set_client = @saved_cs_client */;

--
-- Dumping data for table `altimeter_setting_region_airfield`
--

LOCK TABLES `altimeter_setting_region_airfield` WRITE;
/*!40000 ALTER TABLE `altimeter_setting_region_airfield` DISABLE KEYS */;
INSERT INTO `altimeter_setting_region_airfield` VALUES (1,1,2),(2,2,9),(3,3,23),(5,4,44),(4,4,46),(10,5,50),(6,5,54),(7,5,55),(8,5,56),(9,5,57),(11,6,30),(12,7,28),(16,7,39),(13,7,43),(14,7,58),(15,7,59),(17,8,31),(18,8,32),(19,8,33),(22,9,26),(20,9,60),(21,9,61),(23,9,62),(24,9,63),(28,10,11),(29,10,12),(26,10,20),(27,10,21),(25,10,34),(38,10,41),(30,10,64),(31,10,65),(32,10,66),(33,10,67),(34,10,68),(35,10,69),(36,10,70),(37,10,71),(39,11,41),(41,11,68),(40,11,72),(42,12,73),(43,12,74),(44,12,75),(46,13,25),(45,13,36),(47,13,76),(48,13,77),(49,13,78),(58,14,2),(57,14,3),(56,14,4),(61,14,5),(62,14,6),(54,14,8),(59,14,29),(50,14,37),(52,14,38),(60,14,51),(51,14,79),(53,14,80),(55,14,81),(63,15,18),(64,15,19),(65,15,25),(66,15,82),(67,15,83),(68,16,27),(69,16,84),(70,16,85),(71,16,86),(72,16,87),(73,16,88),(79,17,7),(74,17,16),(75,17,17),(77,17,35),(80,17,52),(76,17,89),(78,17,90),(81,18,45),(82,18,48),(83,19,30),(87,19,46),(88,19,47),(85,19,66),(84,19,91),(86,19,92),(89,20,45),(90,20,48),(91,21,30),(92,21,93),(93,22,28),(95,22,30),(94,22,43),(96,23,45),(97,23,48);
/*!40000 ALTER TABLE `altimeter_setting_region_airfield` ENABLE KEYS */;
UNLOCK TABLES;

--
-- Table structure for table `arrival_wake_intervals`
--

DROP TABLE IF EXISTS `arrival_wake_intervals`;
/*!40101 SET @saved_cs_client     = @@character_set_client */;
/*!40101 SET character_set_client = utf8 */;
CREATE TABLE `arrival_wake_intervals` (
  `id` bigint unsigned NOT NULL AUTO_INCREMENT,
  `lead_wake_category_id` tinyint unsigned NOT NULL COMMENT 'The wake category in the lead',
  `following_wake_category_id` tinyint unsigned NOT NULL COMMENT 'The wake category in the lead',
  `interval` double unsigned NOT NULL COMMENT 'The interval in miles',
  PRIMARY KEY (`id`),
  KEY `arrival_wake_intervals_lead_wake_category_id_foreign` (`lead_wake_category_id`),
  KEY `arrival_wake_intervals_following_wake_category_id_foreign` (`following_wake_category_id`),
  CONSTRAINT `arrival_wake_intervals_following_wake_category_id_foreign` FOREIGN KEY (`following_wake_category_id`) REFERENCES `wake_categories` (`id`) ON DELETE CASCADE,
  CONSTRAINT `arrival_wake_intervals_lead_wake_category_id_foreign` FOREIGN KEY (`lead_wake_category_id`) REFERENCES `wake_categories` (`id`) ON DELETE CASCADE
) ENGINE=InnoDB AUTO_INCREMENT=41 DEFAULT CHARSET=utf8mb4 COLLATE=utf8mb4_unicode_ci;
/*!40101 SET character_set_client = @saved_cs_client */;

--
-- Dumping data for table `arrival_wake_intervals`
--

LOCK TABLES `arrival_wake_intervals` WRITE;
/*!40000 ALTER TABLE `arrival_wake_intervals` DISABLE KEYS */;
INSERT INTO `arrival_wake_intervals` VALUES (1,7,7,4),(2,7,8,4),(3,7,9,5),(4,7,10,5),(5,7,11,6),(6,7,12,8),(7,8,7,3.5),(8,8,8,3.5),(9,8,9,4),(10,8,10,4),(11,8,11,5),(12,8,12,7),(13,9,7,3),(14,9,8,3),(15,9,9,3),(16,9,10,3),(17,9,11,4),(18,9,12,6),(19,10,12,5),(20,11,12,5),(21,12,12,5),(22,6,5,6),(23,6,4,7),(24,6,3,7),(25,6,2,7),(26,6,1,8),(27,5,6,4),(28,5,5,4),(29,5,4,5),(30,5,3,5),(31,5,2,6),(32,5,1,7),(33,4,4,3),(34,4,3,4),(35,4,2,4),(36,4,1,6),(37,3,2,3),(38,3,1,5),(39,2,2,3),(40,2,1,4);
/*!40000 ALTER TABLE `arrival_wake_intervals` ENABLE KEYS */;
UNLOCK TABLES;

--
-- Table structure for table `assigned_holds`
--

DROP TABLE IF EXISTS `assigned_holds`;
/*!40101 SET @saved_cs_client     = @@character_set_client */;
/*!40101 SET character_set_client = utf8 */;
CREATE TABLE `assigned_holds` (
  `callsign` varchar(255) CHARACTER SET utf8mb4 COLLATE utf8mb4_unicode_ci NOT NULL COMMENT 'The aircraft that is holding',
  `navaid_id` bigint unsigned NOT NULL COMMENT 'The navaid that the aircraft has been assigned to hold',
  `created_at` timestamp NULL DEFAULT NULL,
  `updated_at` timestamp NULL DEFAULT NULL,
  PRIMARY KEY (`callsign`) USING BTREE
) ENGINE=InnoDB DEFAULT CHARSET=utf8mb4 COLLATE=utf8mb4_unicode_ci;
/*!40101 SET character_set_client = @saved_cs_client */;

--
-- Dumping data for table `assigned_holds`
--

LOCK TABLES `assigned_holds` WRITE;
/*!40000 ALTER TABLE `assigned_holds` DISABLE KEYS */;
/*!40000 ALTER TABLE `assigned_holds` ENABLE KEYS */;
UNLOCK TABLES;

--
-- Table structure for table `assigned_holds_history`
--

DROP TABLE IF EXISTS `assigned_holds_history`;
/*!40101 SET @saved_cs_client     = @@character_set_client */;
/*!40101 SET character_set_client = utf8 */;
CREATE TABLE `assigned_holds_history` (
  `id` bigint unsigned NOT NULL AUTO_INCREMENT,
  `callsign` varchar(255) CHARACTER SET utf8mb4 COLLATE utf8mb4_unicode_ci NOT NULL COMMENT 'The callsign of the aircraft',
  `navaid_id` bigint unsigned DEFAULT NULL COMMENT 'The navaid the aircraft was assigned to hold at',
  `assigned_by` int unsigned DEFAULT NULL COMMENT 'The user who made the assignment',
  `assigned_at` timestamp NOT NULL COMMENT 'The time the assignment was made',
  PRIMARY KEY (`id`),
  KEY `assigned_holds_history_navaid_id_foreign` (`navaid_id`),
  KEY `assigned_holds_history_assigned_by_foreign` (`assigned_by`),
  CONSTRAINT `assigned_holds_history_assigned_by_foreign` FOREIGN KEY (`assigned_by`) REFERENCES `user` (`id`) ON DELETE CASCADE,
  CONSTRAINT `assigned_holds_history_navaid_id_foreign` FOREIGN KEY (`navaid_id`) REFERENCES `navaids` (`id`) ON DELETE CASCADE
) ENGINE=InnoDB DEFAULT CHARSET=utf8mb4 COLLATE=utf8mb4_unicode_ci;
/*!40101 SET character_set_client = @saved_cs_client */;

--
-- Dumping data for table `assigned_holds_history`
--

LOCK TABLES `assigned_holds_history` WRITE;
/*!40000 ALTER TABLE `assigned_holds_history` DISABLE KEYS */;
/*!40000 ALTER TABLE `assigned_holds_history` ENABLE KEYS */;
UNLOCK TABLES;

--
-- Table structure for table `ccams_squawk_ranges`
--

DROP TABLE IF EXISTS `ccams_squawk_ranges`;
/*!40101 SET @saved_cs_client     = @@character_set_client */;
/*!40101 SET character_set_client = utf8 */;
CREATE TABLE `ccams_squawk_ranges` (
  `id` bigint unsigned NOT NULL AUTO_INCREMENT,
  `first` varchar(4) CHARACTER SET utf8mb4 COLLATE utf8mb4_unicode_ci NOT NULL COMMENT 'The first squawk in the range of the range',
  `last` varchar(4) CHARACTER SET utf8mb4 COLLATE utf8mb4_unicode_ci NOT NULL COMMENT 'The last squawk in the range',
  `created_at` timestamp NULL DEFAULT NULL,
  `updated_at` timestamp NULL DEFAULT NULL,
  PRIMARY KEY (`id`)
) ENGINE=InnoDB AUTO_INCREMENT=41 DEFAULT CHARSET=utf8mb4 COLLATE=utf8mb4_unicode_ci;
/*!40101 SET character_set_client = @saved_cs_client */;

--
-- Dumping data for table `ccams_squawk_ranges`
--

LOCK TABLES `ccams_squawk_ranges` WRITE;
/*!40000 ALTER TABLE `ccams_squawk_ranges` DISABLE KEYS */;
INSERT INTO `ccams_squawk_ranges` VALUES (1,'0201','0277','2021-05-23 14:31:52',NULL),(2,'0301','0377','2021-05-23 14:31:52',NULL),(3,'0470','0477','2021-05-23 14:31:52',NULL),(4,'0501','0577','2021-05-23 14:31:52',NULL),(5,'0730','0767','2021-05-23 14:31:52',NULL),(6,'1070','1077','2021-05-23 14:31:52',NULL),(7,'1140','1176','2021-05-23 14:31:52',NULL),(8,'1410','1477','2021-05-23 14:31:52',NULL),(9,'2001','2077','2021-05-23 14:31:52',NULL),(10,'2150','2177','2021-05-23 14:31:52',NULL),(11,'2201','2277','2021-05-23 14:31:52',NULL),(12,'2701','2737','2021-05-23 14:31:52',NULL),(13,'3201','3277','2021-05-23 14:31:52',NULL),(14,'3370','3377','2021-05-23 14:31:52',NULL),(15,'3401','3477','2021-05-23 14:31:52',NULL),(16,'3510','3537','2021-05-23 14:31:52',NULL),(17,'4215','4247','2021-05-23 14:31:52',NULL),(18,'4430','4477','2021-05-23 14:31:52',NULL),(19,'4610','4667','2021-05-23 14:31:52',NULL),(20,'4701','4777','2021-05-23 14:31:52',NULL),(21,'5013','5017','2021-05-23 14:31:52',NULL),(22,'5201','5270','2021-05-23 14:31:52',NULL),(23,'5401','5477','2021-05-23 14:31:52',NULL),(24,'5660','5664','2021-05-23 14:31:52',NULL),(25,'5565','5676','2021-05-23 14:31:52',NULL),(26,'6201','6257','2021-05-23 14:31:52',NULL),(27,'6301','6377','2021-05-23 14:31:52',NULL),(28,'6460','6467','2021-05-23 14:31:52',NULL),(29,'6470','6477','2021-05-23 14:31:52',NULL),(30,'7014','7017','2021-05-23 14:31:52',NULL),(31,'7020','7027','2021-05-23 14:31:52',NULL),(32,'7201','7267','2021-05-23 14:31:52',NULL),(33,'7270','7277','2021-05-23 14:31:52',NULL),(34,'7301','7327','2021-05-23 14:31:52',NULL),(35,'7501','7507','2021-05-23 14:31:52',NULL),(36,'7536','7537','2021-05-23 14:31:52',NULL),(37,'7570','7577','2021-05-23 14:31:52',NULL),(38,'7601','7617','2021-05-23 14:31:52',NULL),(39,'7620','7677','2021-05-23 14:31:52',NULL),(40,'7701','7775','2021-05-23 14:31:52',NULL);
/*!40000 ALTER TABLE `ccams_squawk_ranges` ENABLE KEYS */;
UNLOCK TABLES;

--
-- Table structure for table `controller_position_alternative_callsigns`
--

DROP TABLE IF EXISTS `controller_position_alternative_callsigns`;
/*!40101 SET @saved_cs_client     = @@character_set_client */;
/*!40101 SET character_set_client = utf8 */;
CREATE TABLE `controller_position_alternative_callsigns` (
  `id` bigint unsigned NOT NULL AUTO_INCREMENT,
  `controller_position_id` bigint unsigned NOT NULL,
  `callsign` varchar(255) CHARACTER SET utf8mb4 COLLATE utf8mb4_unicode_ci NOT NULL COMMENT 'The callsign',
  `created_at` timestamp NULL DEFAULT NULL,
  `updated_at` timestamp NULL DEFAULT NULL,
  PRIMARY KEY (`id`),
  KEY `controller_position_alternative_id` (`controller_position_id`),
  CONSTRAINT `controller_position_alternative_id` FOREIGN KEY (`controller_position_id`) REFERENCES `controller_positions` (`id`) ON DELETE CASCADE
) ENGINE=InnoDB AUTO_INCREMENT=5 DEFAULT CHARSET=utf8mb4 COLLATE=utf8mb4_unicode_ci;
/*!40101 SET character_set_client = @saved_cs_client */;

--
-- Dumping data for table `controller_position_alternative_callsigns`
--

LOCK TABLES `controller_position_alternative_callsigns` WRITE;
/*!40000 ALTER TABLE `controller_position_alternative_callsigns` DISABLE KEYS */;
INSERT INTO `controller_position_alternative_callsigns` VALUES (1,179,'ESX_APP','2022-01-03 13:49:16',NULL),(2,53,'SOL_APP','2022-01-03 13:49:16',NULL),(3,80,'THA_APP','2022-01-03 13:49:16',NULL),(4,80,'TMS_APP','2022-01-03 13:49:16',NULL);
/*!40000 ALTER TABLE `controller_position_alternative_callsigns` ENABLE KEYS */;
UNLOCK TABLES;

--
-- Table structure for table `controller_position_notification`
--

DROP TABLE IF EXISTS `controller_position_notification`;
/*!40101 SET @saved_cs_client     = @@character_set_client */;
/*!40101 SET character_set_client = utf8 */;
CREATE TABLE `controller_position_notification` (
  `id` bigint unsigned NOT NULL AUTO_INCREMENT,
  `notification_id` bigint unsigned NOT NULL,
  `controller_position_id` bigint unsigned NOT NULL,
  `created_at` timestamp NULL DEFAULT NULL,
  `updated_at` timestamp NULL DEFAULT NULL,
  PRIMARY KEY (`id`),
  KEY `controller_position_notification_controller_position_id_foreign` (`controller_position_id`),
  KEY `controller_position_notification_controller_index` (`notification_id`,`controller_position_id`),
  CONSTRAINT `controller_position_notification_controller_position_id_foreign` FOREIGN KEY (`controller_position_id`) REFERENCES `controller_positions` (`id`) ON DELETE CASCADE,
  CONSTRAINT `controller_position_notification_notification_id_foreign` FOREIGN KEY (`notification_id`) REFERENCES `notifications` (`id`) ON DELETE CASCADE
) ENGINE=InnoDB DEFAULT CHARSET=utf8mb4 COLLATE=utf8mb4_unicode_ci;
/*!40101 SET character_set_client = @saved_cs_client */;

--
-- Dumping data for table `controller_position_notification`
--

LOCK TABLES `controller_position_notification` WRITE;
/*!40000 ALTER TABLE `controller_position_notification` DISABLE KEYS */;
/*!40000 ALTER TABLE `controller_position_notification` ENABLE KEYS */;
UNLOCK TABLES;

--
-- Table structure for table `controller_positions`
--

DROP TABLE IF EXISTS `controller_positions`;
/*!40101 SET @saved_cs_client     = @@character_set_client */;
/*!40101 SET character_set_client = utf8 */;
CREATE TABLE `controller_positions` (
  `id` bigint unsigned NOT NULL AUTO_INCREMENT,
  `callsign` varchar(255) CHARACTER SET utf8mb4 COLLATE utf8mb4_unicode_ci NOT NULL,
  `frequency` decimal(6,3) NOT NULL,
  `requests_departure_releases` tinyint(1) NOT NULL DEFAULT '0' COMMENT 'Whether the controller position can request departure releases',
  `receives_departure_releases` tinyint(1) NOT NULL DEFAULT '0' COMMENT 'Whether the controller position can receive departure release requests',
  `sends_prenotes` tinyint(1) NOT NULL DEFAULT '0' COMMENT 'Whether the controller position can send prenotes',
  `receives_prenotes` tinyint(1) NOT NULL DEFAULT '0' COMMENT 'Whether the controller position can receive prenotes',
  `created_at` timestamp NULL DEFAULT NULL,
  `updated_at` timestamp NULL DEFAULT NULL,
  PRIMARY KEY (`id`),
  UNIQUE KEY `controller_positions_callsign_unique` (`callsign`)
) ENGINE=InnoDB AUTO_INCREMENT=446 DEFAULT CHARSET=utf8mb4 COLLATE=utf8mb4_unicode_ci;
/*!40101 SET character_set_client = @saved_cs_client */;

--
-- Dumping data for table `controller_positions`
--

LOCK TABLES `controller_positions` WRITE;
/*!40000 ALTER TABLE `controller_positions` DISABLE KEYS */;
INSERT INTO `controller_positions` VALUES (1,'EGAA_APP',120.900,1,1,1,1,'2021-05-23 14:31:45','2022-01-03 13:49:12'),(2,'EGAA_GND',121.750,0,0,1,0,'2021-05-23 14:31:45','2022-01-03 13:49:15'),(3,'EGAA_R_APP',133.125,1,1,1,1,'2021-05-23 14:31:45','2022-07-30 16:23:17'),(4,'EGAA_TWR',118.300,1,0,1,1,'2021-05-23 14:31:45','2022-07-30 16:23:15'),(5,'EGAC_APP',130.850,1,1,1,1,'2021-05-23 14:31:45','2022-01-03 13:49:12'),(6,'EGAC_R_APP',134.800,1,1,1,1,'2021-05-23 14:31:45','2022-01-03 13:49:12'),(7,'EGAC_TWR',122.825,1,0,1,0,'2021-05-23 14:31:45','2022-07-30 16:23:17'),(8,'EGAD_R_TWR',128.300,1,0,1,0,'2022-01-03 13:49:19','2022-01-03 13:49:12'),(9,'EGAE_APP',123.625,1,1,1,1,'2021-05-23 14:31:45','2022-07-30 16:23:17'),(10,'EGAE_TWR',134.150,1,0,1,0,'2021-05-23 14:31:45','2022-01-03 13:49:12'),(11,'EGBB_APP',123.975,1,1,1,1,'2021-05-23 14:31:45','2022-07-30 16:23:17'),(12,'EGBB_DEL',121.925,0,0,1,0,'2021-05-23 14:31:45','2022-07-30 16:23:17'),(13,'EGBB_F_APP',131.000,1,1,1,1,'2021-05-23 14:31:45','2022-01-03 13:49:12'),(14,'EGBB_GND',121.800,0,0,1,0,'2021-05-23 14:31:45','2022-01-03 13:49:15'),(15,'EGBB_TWR',123.975,1,0,1,1,'2021-05-23 14:31:45','2022-07-30 16:23:17'),(16,'EGBE_R_TWR',123.825,1,0,1,0,'2021-05-23 14:31:45','2022-07-30 16:23:17'),(17,'EGBJ_APP',128.550,1,1,1,1,'2021-05-23 14:31:45','2022-01-03 13:49:12'),(18,'EGBJ_TWR',122.900,1,0,1,0,'2021-05-23 14:31:45','2022-01-03 13:49:12'),(19,'EGCC_DEL',121.700,0,0,1,0,'2021-05-23 14:31:45','2022-01-03 13:49:15'),(20,'EGCC_F_APP',121.350,1,1,1,1,'2021-05-23 14:31:45','2022-01-03 13:49:12'),(21,'EGCC_GND',121.850,0,0,1,0,'2021-05-23 14:31:45','2022-01-03 13:49:15'),(22,'EGCC_N_APP',135.000,1,1,1,1,'2021-05-23 14:31:45','2022-01-03 13:49:12'),(23,'EGCC_N_TWR',118.625,1,0,1,1,'2021-05-23 14:31:45','2022-07-30 16:23:17'),(24,'EGCC_S_APP',118.575,1,1,1,1,'2021-05-23 14:31:45','2022-07-30 16:23:17'),(25,'EGCC_S_TWR',119.400,1,0,1,1,'2021-05-23 14:31:45','2022-07-30 16:23:15'),(26,'EGCN_APP',126.225,1,1,1,1,'2021-05-23 14:31:45','2022-07-30 16:23:17'),(27,'EGCN_TWR',128.775,1,0,1,0,'2021-05-23 14:31:45','2022-07-30 16:23:17'),(28,'EGFF_L_APP',119.150,1,1,1,1,'2021-05-23 14:31:45','2022-01-03 13:49:12'),(29,'EGFF_APP',125.850,1,1,1,1,'2021-05-23 14:31:45','2022-01-03 13:49:12'),(30,'EGFF_TWR',133.100,1,0,1,0,'2021-05-23 14:31:45','2022-01-03 13:49:12'),(31,'EGGD_APP',125.650,1,1,1,1,'2021-05-23 14:31:45','2022-01-03 13:49:12'),(32,'EGGD_DEL',121.925,0,0,1,0,'2021-05-23 14:31:45','2022-07-30 16:23:17'),(33,'EGGD_GND',121.925,0,0,1,0,'2021-05-23 14:31:45','2022-07-30 16:23:17'),(34,'EGGD_R_APP',136.075,1,1,1,1,'2021-05-23 14:31:45','2022-07-30 16:23:17'),(35,'EGGD_TWR',133.850,1,0,1,1,'2021-05-23 14:31:45','2022-07-30 16:23:15'),(36,'EGGP_APP',119.850,1,1,1,1,'2021-05-23 14:31:45','2022-01-03 13:49:12'),(37,'EGGP_F_APP',118.450,1,1,1,1,'2021-05-23 14:31:45','2022-01-03 13:49:12'),(38,'EGGP_GND',119.998,0,0,1,0,'2021-05-23 14:31:45','2022-01-03 13:49:15'),(39,'EGGP_TWR',126.350,1,0,1,1,'2021-05-23 14:31:45','2022-07-30 16:23:15'),(40,'EGGW_APP',129.550,1,1,1,1,'2021-05-23 14:31:45','2022-01-03 13:49:12'),(41,'EGGW_DEL',121.675,0,0,1,0,'2021-05-23 14:31:45','2022-07-30 16:23:17'),(42,'EGGW_F_APP',128.750,1,1,1,1,'2021-05-23 14:31:45','2022-01-03 13:49:12'),(43,'EGGW_GND',121.750,0,0,1,0,'2021-05-23 14:31:45','2022-01-03 13:49:15'),(44,'EGGW_TWR',132.550,1,0,1,1,'2021-05-23 14:31:45','2022-07-30 16:23:15'),(45,'EGGX_FSS',131.800,0,0,0,0,'2021-05-23 14:31:45','2022-01-03 13:49:12'),(46,'EGHH_APP',119.475,1,1,1,1,'2021-05-23 14:31:45','2022-07-30 16:23:17'),(47,'EGHH_F_APP',118.650,1,1,1,1,'2021-05-23 14:31:45','2022-01-03 13:49:12'),(48,'EGHH_GND',121.700,0,0,1,0,'2021-05-23 14:31:45','2022-01-03 13:49:15'),(49,'EGHH_TWR',125.600,1,0,1,1,'2021-05-23 14:31:45','2022-07-30 16:23:15'),(50,'EGHI_APP',122.725,1,1,1,1,'2021-05-23 14:31:45','2022-07-30 16:23:17'),(52,'EGHI_TWR',118.200,1,0,1,0,'2021-05-23 14:31:45','2022-01-03 13:49:12'),(53,'SOLENT_APP',120.225,1,1,1,1,'2021-05-23 14:31:45','2022-07-30 16:23:17'),(54,'EGHQ_APP',133.400,1,1,1,1,'2021-05-23 14:31:45','2022-01-03 13:49:12'),(55,'EGHQ_GND',121.950,0,0,1,0,'2021-05-23 14:31:45','2022-01-03 13:49:15'),(56,'EGHQ_TWR',134.375,1,0,1,1,'2021-05-23 14:31:45','2022-07-30 16:23:17'),(57,'EGJA_GND',130.500,0,0,1,0,'2021-05-23 14:31:45','2022-01-03 13:49:15'),(58,'EGJA_TWR',125.350,1,0,1,1,'2021-05-23 14:31:45','2022-07-30 16:23:15'),(59,'EGJB_APP',118.900,1,1,1,1,'2021-05-23 14:31:45','2022-01-03 13:49:12'),(60,'EGJB_GND',121.800,0,0,1,0,'2021-05-23 14:31:45','2022-01-03 13:49:15'),(61,'EGJB_TWR',119.950,1,0,1,1,'2021-05-23 14:31:45','2022-07-30 16:23:15'),(62,'EGJJ_APP',120.300,1,1,1,1,'2021-05-23 14:31:45','2022-01-03 13:49:12'),(63,'EGJJ_C_APP',125.200,1,1,1,1,'2021-05-23 14:31:45','2022-01-03 13:49:12'),(64,'EGJJ_GND',121.900,0,0,1,0,'2021-05-23 14:31:45','2022-01-03 13:49:15'),(65,'EGJJ_R_APP',118.550,1,1,1,1,'2021-05-23 14:31:45','2022-01-03 13:49:12'),(66,'EGJJ_S_APP',120.450,1,1,1,1,'2021-05-23 14:31:45','2022-01-03 13:49:12'),(67,'EGJJ_TWR',119.450,1,0,1,1,'2021-05-23 14:31:45','2022-07-30 16:23:15'),(68,'EGKA_APP',123.150,1,1,1,1,'2021-05-23 14:31:45','2022-01-03 13:49:12'),(69,'EGKA_TWR',125.400,1,0,1,0,'2021-05-23 14:31:45','2022-01-03 13:49:12'),(70,'EGKB_APP',129.400,1,1,1,1,'2021-05-23 14:31:45','2022-01-03 13:49:12'),(71,'EGKB_TWR',134.800,1,0,1,0,'2021-05-23 14:31:45','2022-01-03 13:49:12'),(72,'EGKK-S_APP',126.825,1,1,1,1,'2021-05-23 14:31:45','2022-07-30 16:23:17'),(73,'EGKK_APP',126.825,1,1,1,1,'2021-05-23 14:31:45','2022-07-30 16:23:17'),(74,'EGKK_DEL',121.950,0,0,1,0,'2021-05-23 14:31:45','2022-01-03 13:49:15'),(75,'EGKK_F_APP',118.950,1,1,1,1,'2021-05-23 14:31:45','2022-01-03 13:49:12'),(76,'EGKK_GND',121.800,0,0,1,0,'2021-05-23 14:31:45','2022-01-03 13:49:15'),(77,'EGKK_TWR',124.225,1,0,1,1,'2021-05-23 14:31:45','2022-07-30 16:23:17'),(78,'EGKR_TWR',119.600,1,0,1,0,'2022-01-03 13:49:19','2022-01-03 13:49:12'),(79,'EGLC_APP',128.025,1,1,1,1,'2021-05-23 14:31:45','2022-07-30 16:23:17'),(80,'THAMES_APP',132.700,1,1,1,1,'2021-05-23 14:31:45','2022-01-03 13:49:12'),(81,'EGLC_GND',121.825,0,0,1,0,'2021-05-23 14:31:45','2022-07-30 16:23:17'),(82,'EGLC_TWR',118.075,1,0,1,1,'2021-05-23 14:31:45','2022-07-30 16:23:17'),(83,'EGLD_I_TWR',130.725,1,0,1,0,'2022-01-03 13:49:19','2022-07-30 16:23:17'),(84,'EGLF_APP',134.350,1,1,1,1,'2021-05-23 14:31:45','2022-01-03 13:49:12'),(85,'EGLF_TWR',122.500,1,0,1,1,'2021-05-23 14:31:45','2022-07-30 16:23:15'),(86,'EGLL_1_GND',121.900,0,0,1,0,'2021-05-23 14:31:45','2022-01-03 13:49:15'),(87,'EGLL_2_GND',121.700,0,0,1,0,'2021-05-23 14:31:45','2022-01-03 13:49:15'),(88,'EGLL_3_GND',121.850,0,0,1,0,'2021-05-23 14:31:45','2022-01-03 13:49:15'),(89,'EGLL_DEL',121.975,0,0,1,0,'2021-05-23 14:31:45','2022-07-30 16:23:17'),(90,'EGLL_F_APP',120.400,1,1,1,1,'2021-05-23 14:31:45','2022-01-03 13:49:12'),(91,'EGLL_N_APP',119.725,1,1,1,1,'2021-05-23 14:31:45','2022-07-30 16:23:17'),(92,'EGLL_N_TWR',118.700,1,0,1,1,'2021-05-23 14:31:45','2022-07-30 16:23:15'),(93,'EGLL_P_GND',124.475,0,0,1,0,'2021-05-23 14:31:45','2022-07-30 16:23:17'),(94,'EGLL_S_APP',134.975,1,1,1,1,'2021-05-23 14:31:45','2022-07-30 16:23:17'),(95,'EGLL_S_TWR',118.500,1,0,1,1,'2021-05-23 14:31:45','2022-07-30 16:23:15'),(96,'EGLW_TWR',122.900,1,0,1,0,'2021-05-23 14:31:45','2022-01-03 13:49:12'),(97,'EGMC_R_APP',130.775,1,1,1,1,'2021-05-23 14:31:45','2022-07-30 16:23:17'),(98,'EGMC_APP',128.950,1,1,1,1,'2021-05-23 14:31:45','2022-01-03 13:49:12'),(99,'EGMC_TWR',127.750,1,0,1,0,'2021-05-23 14:31:45','2022-01-03 13:49:12'),(100,'EGMD_APP',120.700,1,1,1,1,'2021-05-23 14:31:45','2022-01-03 13:49:12'),(101,'EGMD_TWR',128.525,1,0,1,0,'2021-05-23 14:31:45','2022-07-30 16:23:17'),(103,'EGNC_TWR',123.600,1,0,1,0,'2021-05-23 14:31:45','2022-01-03 13:49:12'),(104,'EGNH_APP',119.950,1,1,1,1,'2021-05-23 14:31:45','2022-01-03 13:49:12'),(105,'EGNH_TWR',118.400,1,0,1,0,'2021-05-23 14:31:45','2022-01-03 13:49:12'),(106,'EGNJ_APP',119.125,1,1,1,1,'2021-05-23 14:31:45','2022-07-30 16:23:17'),(107,'EGNJ_TWR',124.900,1,0,1,0,'2021-05-23 14:31:45','2022-01-03 13:49:12'),(108,'EGNM_APP',134.575,1,1,1,1,'2021-05-23 14:31:45','2022-07-30 16:23:17'),(109,'EGNM_DEL',121.800,0,0,1,0,'2021-05-23 14:31:45','2022-01-03 13:49:15'),(110,'EGNM_F_APP',125.375,1,1,1,1,'2021-05-23 14:31:45','2022-07-30 16:23:17'),(111,'EGNM_TWR',120.300,1,0,1,1,'2021-05-23 14:31:45','2022-07-30 16:23:15'),(112,'EGNR_APP',123.350,1,1,1,1,'2021-05-23 14:31:45','2022-01-03 13:49:12'),(113,'EGNR_F_APP',130.025,1,1,1,1,'2021-05-23 14:31:45','2022-07-30 16:23:17'),(114,'EGNR_TWR',124.950,1,0,1,0,'2021-05-23 14:31:45','2022-01-03 13:49:12'),(115,'EGNS_APP',120.850,1,1,1,1,'2021-05-23 14:31:45','2022-01-03 13:49:12'),(116,'EGNS_F_APP',125.300,1,1,1,1,'2021-05-23 14:31:45','2022-01-03 13:49:12'),(117,'EGNS_TWR',119.000,1,0,1,0,'2021-05-23 14:31:45','2022-01-03 13:49:12'),(118,'EGNT_F_APP',125.825,1,1,1,1,'2021-05-23 14:31:45','2022-07-30 16:23:17'),(119,'EGNT_GND',121.725,0,0,1,0,'2021-05-23 14:31:45','2022-07-30 16:23:17'),(120,'EGNT_R_APP',124.375,1,1,1,1,'2021-05-23 14:31:45','2022-07-30 16:23:17'),(121,'EGNT_TWR',119.700,1,0,1,1,'2021-05-23 14:31:45','2022-07-30 16:23:15'),(122,'EGNV_APP',118.850,1,1,1,1,'2021-05-23 14:31:45','2022-01-03 13:49:12'),(123,'EGNV_F_APP',128.850,1,1,1,1,'2021-05-23 14:31:45','2022-01-03 13:49:12'),(124,'EGNV_TWR',119.800,1,0,1,0,'2021-05-23 14:31:45','2022-01-03 13:49:12'),(125,'EGNX_APP',134.175,1,1,1,1,'2021-05-23 14:31:45','2022-07-30 16:23:17'),(126,'EGNX_F_APP',120.125,1,1,1,1,'2021-05-23 14:31:45','2022-07-30 16:23:17'),(127,'EGNX_GND',121.900,0,0,1,0,'2021-05-23 14:31:45','2022-01-03 13:49:15'),(128,'EGNX_TWR',124.000,1,0,1,1,'2021-05-23 14:31:45','2022-07-30 16:23:15'),(129,'EGOV_P_APP',123.300,1,1,1,1,'2021-05-23 14:31:45','2022-01-03 13:49:12'),(130,'EGOV_R_APP',125.225,1,1,1,1,'2021-05-23 14:31:45','2022-07-30 16:23:17'),(131,'EGOV_TWR',122.100,1,0,1,0,'2021-05-23 14:31:45','2022-01-03 13:49:12'),(132,'EGPA_APP',118.300,1,1,1,1,'2021-05-23 14:31:45','2022-01-03 13:49:12'),(133,'EGPA_I_TWR',118.300,1,0,1,0,'2021-05-23 14:31:45','2022-01-03 13:49:12'),(134,'EGPA_TWR',118.300,1,0,1,0,'2021-05-23 14:31:45','2022-01-03 13:49:12'),(135,'EGPB_APP',123.150,1,1,1,1,'2021-05-23 14:31:45','2022-01-03 13:49:12'),(136,'EGPB_TWR',118.250,1,0,1,0,'2021-05-23 14:31:45','2022-01-03 13:49:12'),(137,'EGPC_APP',119.700,1,1,1,1,'2021-05-23 14:31:45','2022-01-03 13:49:12'),(138,'EGPC_TWR',119.700,1,0,1,0,'2021-05-23 14:31:45','2022-01-03 13:49:12'),(139,'EGPD_APP',119.050,1,1,1,1,'2021-05-23 14:31:45','2022-01-03 13:49:12'),(140,'EGPD_F_APP',128.300,1,1,1,1,'2021-05-23 14:31:45','2022-01-03 13:49:12'),(141,'EGPD_GND',121.700,0,0,1,0,'2021-05-23 14:31:45','2022-01-03 13:49:15'),(142,'EGPD_TWR',118.100,1,0,1,1,'2021-05-23 14:31:45','2022-07-30 16:23:15'),(143,'EGPE_APP',122.600,1,1,1,1,'2021-05-23 14:31:45','2022-01-03 13:49:12'),(144,'EGPE_R_APP',122.600,1,1,1,1,'2021-05-23 14:31:45','2022-01-03 13:49:12'),(145,'EGPE_TWR',118.400,1,0,1,0,'2021-05-23 14:31:45','2022-01-03 13:49:12'),(146,'EGPF_APP',119.100,1,1,1,1,'2021-05-23 14:31:45','2022-01-03 13:49:12'),(147,'EGPF_F_APP',128.750,1,1,1,1,'2021-05-23 14:31:45','2022-01-03 13:49:12'),(148,'EGPF_GND',121.700,0,0,1,0,'2021-05-23 14:31:45','2022-01-03 13:49:15'),(149,'EGPF_TWR',118.800,1,0,1,1,'2021-05-23 14:31:45','2022-07-30 16:23:15'),(150,'EGPH_APP',121.200,1,1,1,1,'2021-05-23 14:31:45','2022-01-03 13:49:12'),(151,'EGPH_F_APP',128.975,1,1,1,1,'2021-05-23 14:31:45','2022-07-30 16:23:17'),(152,'EGPH_GND',121.750,0,0,1,0,'2021-05-23 14:31:45','2022-01-03 13:49:15'),(153,'EGPH_TWR',118.700,1,0,1,1,'2021-05-23 14:31:45','2022-07-30 16:23:15'),(154,'EGPK_APP',129.450,1,1,1,1,'2021-05-23 14:31:45','2022-01-03 13:49:12'),(155,'EGPK_F_APP',124.625,1,1,1,1,'2021-05-23 14:31:45','2022-07-30 16:23:17'),(156,'EGPK_GND',121.800,0,0,1,0,'2021-05-23 14:31:45','2022-01-03 13:49:15'),(157,'EGPK_TWR',118.150,1,0,1,1,'2021-05-23 14:31:45','2022-07-30 16:23:15'),(158,'EGPL_APP',119.200,1,1,1,1,'2021-05-23 14:31:45','2022-01-03 13:49:12'),(159,'EGPL_I_TWR',125.900,1,0,1,0,'2021-05-23 14:31:45','2022-01-03 13:49:12'),(160,'EGPL_TWR',119.200,1,0,1,0,'2021-05-23 14:31:45','2022-01-03 13:49:12'),(161,'EGPM_APP',123.600,1,1,1,1,'2021-05-23 14:31:45','2022-01-03 13:49:12'),(162,'EGPM_TWR',123.600,1,0,1,0,'2021-05-23 14:31:45','2022-01-03 13:49:12'),(163,'EGPN_APP',122.900,1,1,1,1,'2021-05-23 14:31:45','2022-01-03 13:49:12'),(164,'EGPN_TWR',122.900,1,0,1,0,'2021-05-23 14:31:45','2022-01-03 13:49:12'),(165,'EGPO_APP',123.500,1,1,1,1,'2021-05-23 14:31:45','2022-01-03 13:49:12'),(166,'EGPO_TWR',123.500,1,0,1,0,'2021-05-23 14:31:45','2022-01-03 13:49:12'),(167,'EGPX_INFO',119.875,0,0,0,0,'2021-05-23 14:31:45','2022-07-30 16:23:17'),(169,'EGQS_P_APP',123.300,1,1,1,1,'2021-05-23 14:31:45','2022-01-03 13:49:12'),(170,'EGQS_R_APP',119.350,1,1,1,1,'2021-05-23 14:31:45','2022-01-03 13:49:12'),(171,'EGQS_TWR',118.925,1,0,1,0,'2021-05-23 14:31:45','2022-07-30 16:23:17'),(172,'EGSC_APP',123.600,1,1,1,1,'2021-05-23 14:31:45','2022-01-03 13:49:12'),(173,'EGSC_R_APP',124.975,1,1,1,1,'2021-05-23 14:31:45','2022-07-30 16:23:17'),(174,'EGSC_TWR',125.900,1,0,1,0,'2021-05-23 14:31:45','2022-01-03 13:49:12'),(175,'EGSH_APP',119.350,1,1,1,1,'2021-05-23 14:31:45','2022-01-03 13:49:12'),(176,'EGSH_F_APP',128.325,1,1,1,1,'2021-05-23 14:31:45','2022-07-30 16:23:17'),(177,'EGSH_TWR',124.250,1,0,1,0,'2021-05-23 14:31:45','2022-01-03 13:49:12'),(178,'EGSS_F_APP',136.200,1,1,1,1,'2021-05-23 14:31:45','2022-07-30 16:23:16'),(179,'ESSEX_APP',120.625,1,1,1,1,'2021-05-23 14:31:45','2022-07-30 16:23:17'),(180,'EGSS_DEL',121.950,0,0,1,0,'2021-05-23 14:31:45','2022-01-03 13:49:15'),(181,'EGSS_GND',121.725,0,0,1,0,'2021-05-23 14:31:45','2022-07-30 16:23:17'),(182,'EGSS_TWR',123.800,1,0,1,1,'2021-05-23 14:31:45','2022-07-30 16:23:15'),(183,'EGTB_GND',121.775,0,0,1,0,'2021-05-23 14:31:45','2022-07-30 16:23:17'),(184,'EGTB_TWR',126.550,1,0,1,0,'2021-05-23 14:31:45','2022-01-03 13:49:12'),(185,'EGTC_APP',122.850,1,1,1,1,'2021-05-23 14:31:45','2022-01-03 13:49:12'),(186,'EGTC_TWR',134.925,1,0,1,0,'2021-05-23 14:31:45','2022-07-30 16:23:17'),(187,'EGTE_N_APP',128.975,1,1,1,1,'2021-05-23 14:31:45','2022-07-30 16:23:17'),(188,'EGTE_S_APP',123.575,1,1,1,1,'2021-05-23 14:31:45','2022-07-30 16:23:17'),(189,'EGTE_TWR',119.800,1,0,1,0,'2021-05-23 14:31:45','2022-01-03 13:49:12'),(190,'EGTK_APP',127.750,1,1,1,1,'2021-05-23 14:31:45','2022-01-03 13:49:12'),(191,'EGTK_GND',121.950,0,0,1,0,'2021-05-23 14:31:45','2022-01-03 13:49:15'),(192,'EGTK_TWR',133.425,1,0,1,1,'2021-05-23 14:31:45','2022-07-30 16:23:17'),(193,'EGTO_I_TWR',122.250,1,0,1,0,'2021-05-23 14:31:45','2022-01-03 13:49:12'),(194,'EGTT_INFO',124.600,0,0,0,0,'2021-05-23 14:31:45','2022-01-03 13:49:12'),(195,'EGVN_GND',121.725,0,0,1,0,'2021-05-23 14:31:45','2022-07-30 16:23:17'),(196,'EGVN_P_APP',123.550,1,1,1,1,'2021-05-23 14:31:45','2022-01-03 13:49:12'),(197,'EGVN_APP',127.250,1,1,1,1,'2021-05-23 14:31:45','2022-01-03 13:49:12'),(198,'EGVN_TWR',123.725,1,0,1,1,'2021-05-23 14:31:45','2022-07-30 16:23:17'),(199,'EGVN_Z_APP',119.000,1,1,1,1,'2021-05-23 14:31:45','2022-01-03 13:49:12'),(200,'EGVV_CTR',133.900,1,1,1,1,'2021-05-23 14:31:45','2022-01-03 13:49:12'),(203,'EGWU_D_APP',130.350,1,1,1,1,'2021-05-23 14:31:45','2022-01-03 13:49:12'),(204,'EGWU_GND',121.575,0,0,1,0,'2021-05-23 14:31:45','2022-07-30 16:23:17'),(205,'EGWU_R_APP',126.450,1,1,1,1,'2021-05-23 14:31:45','2022-01-03 13:49:12'),(206,'EGWU_TWR',120.675,1,0,1,1,'2021-05-23 14:31:45','2022-07-30 16:23:17'),(207,'EGXC_APP',120.800,1,1,1,1,'2021-05-23 14:31:45','2022-01-03 13:49:12'),(208,'EGXC_GND',121.850,0,0,1,0,'2021-05-23 14:31:45','2022-01-03 13:49:15'),(209,'EGXC_P_APP',123.300,1,1,1,1,'2021-05-23 14:31:45','2022-01-03 13:49:12'),(210,'EGXC_TWR',122.100,1,0,1,1,'2021-05-23 14:31:45','2022-07-30 16:23:15'),(211,'EGYD_GND',121.775,0,0,1,0,'2021-05-23 14:31:45','2022-07-30 16:23:17'),(212,'EGYD_P_APP',123.300,1,1,1,1,'2021-05-23 14:31:45','2022-01-03 13:49:12'),(213,'EGYD_R_APP',124.450,1,1,1,1,'2021-05-23 14:31:45','2022-01-03 13:49:12'),(214,'EGYD_TWR',125.050,1,0,1,1,'2021-05-23 14:31:45','2022-07-30 16:23:15'),(215,'EGYM_P_APP',123.300,1,1,1,1,'2021-05-23 14:31:45','2022-01-03 13:49:12'),(216,'EGYM_R_APP',124.150,1,1,1,1,'2021-05-23 14:31:45','2022-01-03 13:49:12'),(217,'EGYM_TWR',118.325,1,0,1,0,'2021-05-23 14:31:45','2022-01-03 13:49:12'),(218,'LON_CTR',127.825,1,1,1,1,'2021-05-23 14:31:45','2022-07-30 16:23:17'),(219,'LON_C_CTR',127.100,1,1,1,1,'2021-05-23 14:31:45','2022-01-03 13:49:12'),(220,'LON_D_CTR',134.900,1,1,1,1,'2021-05-23 14:31:45','2022-01-03 13:49:12'),(221,'LON_E_CTR',118.475,1,1,1,1,'2021-05-23 14:31:45','2022-07-30 16:23:17'),(222,'LON_N_CTR',133.700,1,1,1,1,'2021-05-23 14:31:45','2022-01-03 13:49:12'),(223,'LON_SC_CTR',132.600,1,1,1,1,'2021-05-23 14:31:45','2022-01-03 13:49:12'),(224,'LON_S_CTR',129.425,1,1,1,1,'2021-05-23 14:31:45','2022-07-30 16:23:17'),(225,'LON_W_CTR',126.075,1,1,1,1,'2021-05-23 14:31:45','2022-07-30 16:23:17'),(227,'LTC_CTR',135.800,1,1,1,1,'2021-05-23 14:31:45','2022-01-03 13:49:12'),(228,'LTC_E_CTR',121.225,1,1,1,1,'2021-05-23 14:31:45','2022-07-30 16:23:17'),(229,'LTC_ER_CTR',133.525,1,1,1,1,'2021-05-23 14:31:45','2022-07-30 16:23:17'),(230,'LTC_ES_CTR',129.600,1,1,1,1,'2021-05-23 14:31:45','2022-01-03 13:49:12'),(231,'LTC_ED_CTR',124.925,1,1,1,1,'2021-05-23 14:31:45','2022-07-30 16:23:17'),(232,'LTC_EJ_CTR',135.425,1,1,1,1,'2021-05-23 14:31:45','2022-07-30 16:23:17'),(233,'LTC_NE_CTR',118.825,1,1,1,1,'2021-05-23 14:31:45','2022-07-30 16:23:17'),(234,'LTC_NW_CTR',121.275,1,1,1,1,'2021-05-23 14:31:45','2022-07-30 16:23:17'),(235,'LTC_N_CTR',119.775,1,1,1,1,'2021-05-23 14:31:45','2022-07-30 16:23:17'),(236,'LTC_SE_CTR',120.525,1,1,1,1,'2021-05-23 14:31:45','2022-07-30 16:23:17'),(237,'LTC_SW_CTR',133.175,1,1,1,1,'2021-05-23 14:31:45','2022-07-30 16:23:17'),(238,'LTC_S_CTR',134.125,1,1,1,1,'2021-05-23 14:31:45','2022-07-30 16:23:17'),(239,'MAN_W_CTR',128.050,1,1,1,1,'2021-05-23 14:31:45','2022-01-03 13:49:12'),(240,'MAN_WL_CTR',125.950,1,1,1,1,'2021-05-23 14:31:45','2022-01-03 13:49:12'),(241,'MAN_E_CTR',133.800,1,1,1,1,'2021-05-23 14:31:45','2022-01-03 13:49:12'),(242,'MAN_CTR',133.200,1,1,1,1,'2021-05-23 14:31:45','2022-01-03 13:49:12'),(243,'SCO_CTR',135.525,1,1,1,1,'2021-05-23 14:31:45','2022-07-30 16:23:17'),(244,'SCO_C_CTR',127.275,1,1,1,1,'2021-05-23 14:31:45','2022-07-30 16:23:17'),(245,'SCO_D_CTR',135.850,1,1,1,1,'2021-05-23 14:31:45','2022-01-03 13:49:12'),(246,'SCO_E_CTR',121.325,1,1,1,1,'2021-05-23 14:31:45','2022-07-30 16:23:17'),(247,'SCO_N_CTR',129.225,1,1,1,1,'2021-05-23 14:31:45','2022-07-30 16:23:17'),(248,'SCO_R_CTR',129.100,1,1,1,1,'2021-05-23 14:31:45','2022-01-03 13:49:12'),(249,'SCO_S_CTR',134.775,1,1,1,1,'2021-05-23 14:31:45','2022-07-30 16:23:17'),(250,'SCO_WD_CTR',133.875,1,1,1,1,'2021-05-23 14:31:45','2022-07-30 16:23:17'),(251,'SCO_W_CTR',132.725,1,1,1,1,'2021-05-23 14:31:45','2022-07-30 16:23:17'),(252,'STC_A_CTR',123.775,1,1,1,1,'2021-05-23 14:31:45','2022-07-30 16:23:17'),(253,'STC_CTR',126.300,1,1,1,1,'2021-05-23 14:31:45','2022-01-03 13:49:12'),(254,'STC_E_CTR',130.975,1,1,1,1,'2021-05-23 14:31:45','2022-07-30 16:23:17'),(255,'STC_W_CTR',124.825,1,1,1,1,'2021-05-23 14:31:45','2022-07-30 16:23:17'),(256,'EGLF_GND',121.825,0,0,1,0,'2021-05-23 14:31:50','2022-07-30 16:23:17'),(257,'LON_EN_CTR',133.950,1,1,1,1,'2021-05-23 14:31:50','2022-01-03 13:49:12'),(258,'LON_ES_CTR',133.950,1,1,1,1,'2021-05-23 14:31:50','2022-01-03 13:49:12'),(259,'LON_ME_CTR',127.875,1,1,1,1,'2021-05-23 14:31:50','2022-07-30 16:23:17'),(260,'LON_MW_CTR',134.400,1,1,1,1,'2021-05-23 14:31:50','2022-07-30 16:23:17'),(261,'LON_ML_CTR',133.975,1,1,1,1,'2021-05-23 14:31:50','2022-07-30 16:23:17'),(262,'LTC_M_CTR',121.025,1,1,1,1,'2021-05-23 14:31:50','2022-07-30 16:23:17'),(263,'LTC_MC_CTR',121.025,1,1,1,1,'2021-05-23 14:31:50','2022-07-30 16:23:17'),(264,'LTC_MW_CTR',121.025,1,1,1,1,'2021-05-23 14:31:50','2022-07-30 16:23:17'),(265,'LTC_NL_CTR',123.900,1,1,1,1,'2021-05-23 14:31:50','2022-01-03 13:49:12'),(266,'LTC_NR_CTR',129.725,1,1,1,1,'2021-05-23 14:31:50','2022-07-30 16:23:17'),(267,'EGPH_DEL',121.975,0,0,1,0,'2021-05-23 14:31:51','2022-07-30 16:23:17'),(268,'BLKDG_CTR',133.325,1,1,1,1,'2021-05-23 14:31:51','2022-07-30 16:23:17'),(269,'BLKDG_APP',133.325,1,1,1,1,'2021-05-23 14:31:51','2022-07-30 16:23:17'),(270,'HTSPR_CTR',135.075,1,1,1,1,'2021-05-23 14:31:51','2022-07-30 16:23:17'),(271,'HTSPR_APP',135.075,1,1,1,1,'2021-05-23 14:31:51','2022-07-30 16:23:17'),(272,'EGHC_TWR',120.250,1,0,1,0,'2021-05-23 14:31:51','2022-01-03 13:49:12'),(273,'EGHE_TWR',124.875,1,0,1,0,'2021-05-23 14:31:51','2022-07-30 16:23:17'),(274,'EGHE_APP',124.875,1,1,1,1,'2021-05-23 14:31:51','2022-07-30 16:23:17'),(275,'EGVN_L_APP',124.275,1,1,1,1,'2021-05-23 14:31:51','2022-07-30 16:23:17'),(276,'EGVN_F_APP',133.750,1,1,1,1,'2021-05-23 14:31:51','2022-01-03 13:49:12'),(277,'EGEO_I_TWR',118.050,1,0,1,0,'2021-05-23 14:31:51','2022-01-03 13:49:12'),(278,'EGPU_I_TWR',122.700,1,0,1,0,'2021-05-23 14:31:51','2022-01-03 13:49:12'),(279,'EGPR_I_TWR',118.080,1,0,1,0,'2021-05-23 14:31:51','2022-01-03 13:49:12'),(280,'EGFE_R_TWR',122.200,1,0,1,0,'2021-05-23 14:31:51','2022-01-03 13:49:12'),(281,'EGFH_R_TWR',119.700,1,0,1,0,'2021-05-23 14:31:51','2022-01-03 13:49:12'),(282,'EGHR_I_TWR',124.450,1,0,1,0,'2021-05-23 14:31:51','2022-01-03 13:49:12'),(283,'EGBP_I_TWR',118.425,1,0,1,0,'2021-05-23 14:31:51','2022-07-30 16:23:17'),(284,'EGSY_TWR',122.875,1,0,1,0,'2021-05-23 14:31:52','2022-07-30 16:23:17'),(285,'EGVA_GND',121.175,0,0,1,0,'2021-05-23 14:31:55','2022-07-30 16:23:17'),(286,'EGVA_TWR',124.800,1,0,1,1,'2021-05-23 14:31:55','2022-07-30 16:23:15'),(287,'EGVA_D_APP',134.550,1,1,1,1,'2021-05-23 14:31:55','2022-01-03 13:49:12'),(288,'MAN_WI_CTR',133.050,1,1,1,1,'2021-05-23 14:31:56','2022-01-03 13:49:12'),(289,'MAN_SE_CTR',134.425,1,1,1,1,'2021-05-23 14:31:56','2022-07-30 16:23:17'),(290,'MAN_WU_CTR',118.775,1,1,1,1,'2021-05-23 14:32:02','2022-07-30 16:23:17'),(291,'MAN_T_CTR',119.525,1,1,1,1,'2021-05-23 14:32:02','2022-07-30 16:23:17'),(292,'MAN_WP_CTR',126.875,1,1,1,1,'2021-05-23 14:32:02','2022-07-30 16:23:17'),(293,'EGVV_E_CTR',133.325,1,1,1,1,'2021-05-23 14:32:27','2022-07-30 16:23:17'),(294,'EGVV_W_CTR',127.450,1,1,1,1,'2021-05-23 14:32:27','2022-01-03 13:49:12'),(295,'EGVV_N_CTR',136.375,1,1,1,1,'2021-05-23 14:32:27','2022-07-30 16:23:17'),(296,'EGJB_F_APP',124.500,1,1,1,1,'2021-05-23 14:32:28','2022-01-03 13:49:12'),(297,'LON_M_CTR',120.025,1,1,1,1,NULL,'2022-07-30 16:23:17'),(298,'LON_WP_CTR',133.225,1,1,1,1,'2021-05-23 14:32:33','2022-07-30 16:23:17'),(299,'LON_WB_CTR',133.600,1,1,1,1,'2021-05-23 14:32:34','2022-01-03 13:49:12'),(300,'LON_WR_CTR',134.750,1,1,1,1,'2021-05-23 14:32:34','2022-01-03 13:49:12'),(301,'LON_WT_CTR',129.375,1,1,1,1,'2021-05-23 14:32:34','2022-07-30 16:23:17'),(302,'LON_WX_CTR',128.825,1,1,1,1,'2021-05-23 14:32:34','2022-07-30 16:23:17'),(303,'LON_WL_CTR',132.950,1,1,1,1,'2021-05-23 14:32:34','2022-01-03 13:49:12'),(304,'LON_WH_CTR',127.700,1,1,1,1,'2021-05-23 14:32:34','2022-01-03 13:49:12'),(305,'MAN_NE_CTR',135.700,1,1,1,1,'2022-01-03 13:49:09','2022-01-03 13:49:12'),(306,'LON_NU_CTR',132.875,0,1,0,1,'2022-01-03 13:49:10','2022-07-30 16:23:17'),(307,'LON_NW_CTR',135.575,1,1,1,1,'2022-01-03 13:49:10','2022-07-30 16:23:17'),(308,'LON_NE_CTR',128.125,1,1,1,1,'2022-01-03 13:49:10','2022-07-30 16:23:17'),(309,'EGPG_R_TWR',120.600,1,0,1,0,'2022-01-03 13:49:19',NULL),(310,'EGSU_I_TWR',122.075,1,0,1,0,'2022-01-03 13:49:19','2022-07-30 16:23:17'),(311,'EGAB_R_TWR',123.200,1,0,1,0,'2022-01-03 13:49:19',NULL),(312,'EGPI_I_TWR',123.150,1,0,1,0,'2022-01-03 13:49:19',NULL),(313,'EGHF_I_TWR',118.925,1,0,1,0,'2022-01-03 13:49:19','2022-07-30 16:23:17'),(314,'EGBK_I_TWR',122.700,1,0,1,0,'2022-01-03 13:49:19',NULL),(315,'EGNO_TWR',130.800,1,0,1,0,'2022-01-03 13:49:19',NULL),(316,'EGNO_P_APP',129.725,1,1,1,1,'2022-01-03 13:49:19','2022-07-30 16:23:17'),(317,'EGNO_APP',129.525,1,1,1,1,'2022-01-03 13:49:19','2022-07-30 16:23:17'),(318,'EGBW_I_TWR',124.025,1,0,1,0,'2022-01-03 13:49:19',NULL),(319,'EGTB_R_TWR',126.550,1,0,1,0,'2022-01-03 13:49:19',NULL),(320,'EGHG_TWR',125.400,1,0,1,0,'2022-01-03 13:49:19',NULL),(321,'EGHG_A_APP',130.800,1,1,1,1,'2022-01-03 13:49:19',NULL),(325,'EGSS_APP',120.625,1,1,1,1,'2022-07-30 16:23:16','2022-07-30 16:23:17');
/*!40000 ALTER TABLE `controller_positions` ENABLE KEYS */;
UNLOCK TABLES;

--
-- Table structure for table `database_table_dependency`
--

DROP TABLE IF EXISTS `database_table_dependency`;
/*!40101 SET @saved_cs_client     = @@character_set_client */;
/*!40101 SET character_set_client = utf8 */;
CREATE TABLE `database_table_dependency` (
  `id` bigint unsigned NOT NULL AUTO_INCREMENT,
  `database_table_id` bigint unsigned NOT NULL COMMENT 'The database table',
  `dependency_id` mediumint unsigned NOT NULL COMMENT 'The dependency',
  `created_at` timestamp NULL DEFAULT NULL,
  `updated_at` timestamp NULL DEFAULT NULL,
  PRIMARY KEY (`id`),
  UNIQUE KEY `database_table_dependency_unique` (`database_table_id`,`dependency_id`),
  KEY `database_table_dependency_dependency` (`dependency_id`),
  CONSTRAINT `database_table_dependency_database` FOREIGN KEY (`database_table_id`) REFERENCES `database_tables` (`id`) ON DELETE CASCADE,
  CONSTRAINT `database_table_dependency_dependency` FOREIGN KEY (`dependency_id`) REFERENCES `dependencies` (`id`) ON DELETE CASCADE
) ENGINE=InnoDB AUTO_INCREMENT=44 DEFAULT CHARSET=utf8mb4 COLLATE=utf8mb4_unicode_ci;
/*!40101 SET character_set_client = @saved_cs_client */;

--
-- Dumping data for table `database_table_dependency`
--

LOCK TABLES `database_table_dependency` WRITE;
/*!40000 ALTER TABLE `database_table_dependency` DISABLE KEYS */;
INSERT INTO `database_table_dependency` VALUES (1,1,3,'2022-01-03 13:49:16','2022-01-03 13:49:16'),(2,2,3,'2022-01-03 13:49:16','2022-01-03 13:49:16'),(6,6,8,'2022-01-03 13:49:16','2022-01-03 13:49:16'),(7,7,11,'2022-01-03 13:49:16','2022-01-03 13:49:16'),(8,8,12,'2022-01-03 13:49:16','2022-01-03 13:49:16'),(9,9,13,'2022-01-03 13:49:16','2022-01-03 13:49:16'),(11,11,16,'2022-01-03 13:49:16','2022-01-03 13:49:16'),(12,12,16,'2022-01-03 13:49:16','2022-01-03 13:49:16'),(13,13,16,'2022-01-03 13:49:16','2022-01-03 13:49:16'),(14,14,16,'2022-01-03 13:49:17','2022-01-03 13:49:17'),(15,15,17,'2022-01-03 13:49:17','2022-01-03 13:49:17'),(16,16,17,'2022-01-03 13:49:17','2022-01-03 13:49:17'),(17,17,18,'2022-01-03 13:49:17','2022-01-03 13:49:17'),(18,18,19,'2022-01-03 13:49:17','2022-01-03 13:49:17'),(19,19,19,'2022-01-03 13:49:17','2022-01-03 13:49:17'),(20,12,20,'2022-01-03 13:49:17','2022-01-03 13:49:17'),(21,20,20,'2022-01-03 13:49:17','2022-01-03 13:49:17'),(22,22,22,'2022-01-03 13:49:17','2022-01-03 13:49:17'),(23,23,22,'2022-01-03 13:49:17','2022-01-03 13:49:17'),(24,3,23,'2022-01-03 13:49:17','2022-01-03 13:49:17'),(25,24,23,'2022-01-03 13:49:17','2022-01-03 13:49:17'),(26,25,24,'2022-01-03 13:49:17','2022-01-03 13:49:17'),(32,4,16,'2022-01-03 13:49:17',NULL),(33,32,25,'2022-07-30 16:23:04','2022-07-30 16:23:04'),(34,33,25,'2022-07-30 16:23:04','2022-07-30 16:23:04'),(35,34,26,'2022-07-30 16:23:15','2022-07-30 16:23:15'),(36,35,26,'2022-07-30 16:23:15','2022-07-30 16:23:15'),(37,5,18,'2022-07-30 16:23:17','2022-07-30 16:23:17'),(38,36,18,'2022-07-30 16:23:17','2022-07-30 16:23:17'),(39,37,18,'2022-07-30 16:23:18','2022-07-30 16:23:18'),(40,38,27,'2022-07-30 16:23:29','2022-07-30 16:23:29'),(41,39,27,'2022-07-30 16:23:29','2022-07-30 16:23:29'),(42,38,28,'2022-07-30 16:23:29','2022-07-30 16:23:29'),(43,40,29,'2022-07-30 16:23:30','2022-07-30 16:23:30');
/*!40000 ALTER TABLE `database_table_dependency` ENABLE KEYS */;
UNLOCK TABLES;

--
-- Table structure for table `database_tables`
--

DROP TABLE IF EXISTS `database_tables`;
/*!40101 SET @saved_cs_client     = @@character_set_client */;
/*!40101 SET character_set_client = utf8 */;
CREATE TABLE `database_tables` (
  `id` bigint unsigned NOT NULL AUTO_INCREMENT,
  `name` varchar(255) CHARACTER SET utf8mb4 COLLATE utf8mb4_unicode_ci NOT NULL,
  `created_at` timestamp NULL DEFAULT NULL,
  `updated_at` timestamp NULL DEFAULT NULL,
  PRIMARY KEY (`id`),
  UNIQUE KEY `database_tables_name_unique` (`name`)
) ENGINE=InnoDB AUTO_INCREMENT=41 DEFAULT CHARSET=utf8mb4 COLLATE=utf8mb4_unicode_ci;
/*!40101 SET character_set_client = @saved_cs_client */;

--
-- Dumping data for table `database_tables`
--

LOCK TABLES `database_tables` WRITE;
/*!40000 ALTER TABLE `database_tables` DISABLE KEYS */;
INSERT INTO `database_tables` VALUES (1,'holds','2022-01-03 13:49:16','2022-07-30 16:23:33'),(2,'deemed_separated_holds','2022-01-03 13:49:16','2022-07-30 16:22:45'),(3,'prenotes','2022-01-03 13:49:17','2022-07-30 16:23:18'),(4,'airfield_pairing_prenotes','2022-01-03 13:49:17','2022-07-30 16:22:42'),(5,'wake_categories','2022-01-03 13:49:16','2022-07-30 16:23:31'),(6,'altimeter_setting_region','2022-01-03 13:49:16','2022-07-30 16:22:44'),(7,'navaids','2022-01-03 13:49:16','2022-07-30 16:23:33'),(8,'enroute_release_types','2022-01-03 13:49:16','2022-07-30 16:22:46'),(9,'stands','2022-01-03 13:49:16','2022-07-30 16:23:33'),(11,'airfield','2022-01-03 13:49:16','2022-07-30 16:22:42'),(12,'top_downs','2022-01-03 13:49:17','2022-07-30 16:23:16'),(13,'speed_groups','2022-01-03 13:49:16','2022-07-30 16:22:52'),(14,'speed_group_speed_group','2022-01-03 13:49:16','2022-07-30 16:22:52'),(15,'sid_departure_interval_groups','2022-01-03 13:49:17','2022-07-30 16:22:51'),(16,'sid_departure_interval_group_sid_departure_interval_group','2022-01-03 13:49:17','2022-07-30 16:22:51'),(17,'wake_category_schemes','2022-01-03 13:49:17','2022-07-30 16:22:56'),(18,'sid','2022-01-03 13:49:17','2022-07-30 16:23:18'),(19,'sid_prenotes','2022-01-03 13:49:17','2022-07-30 16:23:18'),(20,'controller_positions','2022-01-03 13:49:17','2022-07-30 16:23:17'),(22,'handoffs','2022-01-03 13:49:17','2022-07-30 16:23:13'),(23,'handoff_orders','2022-01-03 13:49:17','2022-07-30 16:23:17'),(24,'prenote_orders','2022-01-03 13:49:17','2022-07-30 16:23:18'),(25,'flight_rules','2022-01-03 13:49:17','2022-07-30 16:22:47'),(32,'runways','2022-07-30 16:23:04','2022-07-30 16:23:04'),(33,'runway_runway','2022-07-30 16:23:04','2022-07-30 16:23:04'),(34,'aircraft','2022-07-30 16:23:14','2022-07-30 16:23:14'),(35,'aircraft_wake_category','2022-07-30 16:23:15','2022-07-30 16:23:15'),(36,'departure_wake_intervals','2022-07-30 16:23:17','2022-07-30 16:23:17'),(37,'arrival_wake_intervals','2022-07-30 16:23:18','2022-07-30 16:23:18'),(38,'visual_reference_points','2022-07-30 16:23:29','2022-07-30 16:23:29'),(39,'airfield_visual_reference_point','2022-07-30 16:23:29','2022-07-30 16:23:29'),(40,'intention_codes','2022-07-30 16:23:30','2022-07-30 16:23:32');
/*!40000 ALTER TABLE `database_tables` ENABLE KEYS */;
UNLOCK TABLES;

--
-- Table structure for table `deemed_separated_holds`
--

DROP TABLE IF EXISTS `deemed_separated_holds`;
/*!40101 SET @saved_cs_client     = @@character_set_client */;
/*!40101 SET character_set_client = utf8 */;
CREATE TABLE `deemed_separated_holds` (
  `id` bigint unsigned NOT NULL AUTO_INCREMENT,
  `first_hold_id` int unsigned NOT NULL COMMENT 'The first hold in the pair',
  `second_hold_id` int unsigned NOT NULL COMMENT 'The second hold in the pair',
  `vsl_insert_distance` int unsigned NOT NULL COMMENT 'The distance at and below which holding aircraft should populate the VSL',
  PRIMARY KEY (`id`),
  UNIQUE KEY `deemed_separated_holds_pairs` (`first_hold_id`,`second_hold_id`),
  KEY `deemed_separated_holds_second_hold_id_foreign` (`second_hold_id`),
  CONSTRAINT `deemed_separated_holds_first_hold_id_foreign` FOREIGN KEY (`first_hold_id`) REFERENCES `holds` (`id`) ON DELETE CASCADE,
  CONSTRAINT `deemed_separated_holds_second_hold_id_foreign` FOREIGN KEY (`second_hold_id`) REFERENCES `holds` (`id`) ON DELETE CASCADE
) ENGINE=InnoDB AUTO_INCREMENT=81 DEFAULT CHARSET=utf8mb4 COLLATE=utf8mb4_unicode_ci;
/*!40101 SET character_set_client = @saved_cs_client */;

--
-- Dumping data for table `deemed_separated_holds`
--

LOCK TABLES `deemed_separated_holds` WRITE;
/*!40000 ALTER TABLE `deemed_separated_holds` DISABLE KEYS */;
INSERT INTO `deemed_separated_holds` VALUES (1,1,2,6),(2,2,1,6),(3,9,6,6),(4,9,7,6),(5,9,8,6),(6,6,7,6),(7,6,9,6),(8,6,8,6),(9,7,6,6),(10,7,9,6),(11,7,8,6),(12,8,6,6),(13,8,9,6),(14,8,7,6),(15,3,5,6),(16,3,4,6),(17,4,3,6),(18,4,5,6),(19,5,4,6),(20,5,3,6),(21,47,2,6),(22,2,47,6),(23,48,1,6),(24,1,48,6),(25,1,6,6),(26,6,1,6),(27,1,7,6),(28,7,1,6),(29,1,36,6),(30,36,1,6),(31,1,31,6),(32,31,1,6),(33,1,47,6),(34,47,1,6),(35,11,10,6),(36,10,11,6),(37,11,39,6),(38,39,11,6),(39,11,18,6),(40,18,11,6),(41,11,16,6),(42,16,11,6),(43,11,9,6),(44,9,11,6),(45,6,38,6),(46,38,6,6),(47,6,36,6),(48,36,6,6),(49,6,31,6),(50,31,6,6),(51,6,18,6),(52,18,6,6),(53,39,38,6),(54,38,39,6),(55,39,9,6),(56,9,39,6),(57,38,11,6),(58,11,38,6),(59,38,9,6),(60,9,38,6),(61,38,18,6),(62,18,38,6),(63,38,31,6),(64,31,38,6),(65,38,2,6),(66,2,38,6),(67,48,7,6),(68,7,48,6),(69,10,8,6),(70,8,10,6),(71,10,9,6),(72,9,10,6),(73,15,14,6),(74,14,15,6),(75,5,14,6),(76,14,5,6),(77,26,27,6),(78,27,26,6),(79,26,3,6),(80,3,26,6);
/*!40000 ALTER TABLE `deemed_separated_holds` ENABLE KEYS */;
UNLOCK TABLES;

--
-- Table structure for table `departure_release_requests`
--

DROP TABLE IF EXISTS `departure_release_requests`;
/*!40101 SET @saved_cs_client     = @@character_set_client */;
/*!40101 SET character_set_client = utf8 */;
CREATE TABLE `departure_release_requests` (
  `id` bigint unsigned NOT NULL AUTO_INCREMENT,
  `callsign` varchar(255) CHARACTER SET utf8mb4 COLLATE utf8mb4_unicode_ci NOT NULL COMMENT 'The callsign that the release pertains to',
  `user_id` int unsigned NOT NULL COMMENT 'The user triggering the release, for audit purposes',
  `controller_position_id` bigint unsigned NOT NULL COMMENT 'The controller position being used to request release',
  `target_controller_position_id` bigint unsigned NOT NULL COMMENT 'The controller that is the target of the release',
  `created_at` timestamp NOT NULL COMMENT 'When the release was triggered',
  `expires_at` timestamp NOT NULL COMMENT 'When the release request expires',
  `deleted_at` timestamp NULL DEFAULT NULL,
  `acknowledged_by` int unsigned DEFAULT NULL COMMENT 'Who acknowledged the release',
  `acknowledged_at` timestamp NULL DEFAULT NULL COMMENT 'What time the release was acknowledged',
  `released_by` int unsigned DEFAULT NULL COMMENT 'Who gave the release',
  `release_valid_from` timestamp NULL DEFAULT NULL COMMENT 'What time the release is valid from',
  `released_at` timestamp NULL DEFAULT NULL COMMENT 'What time the release was given',
  `release_expires_at` timestamp NULL DEFAULT NULL COMMENT 'When the release expired',
  `rejected_by` int unsigned DEFAULT NULL COMMENT 'Who rejected the release',
  `rejected_at` timestamp NULL DEFAULT NULL COMMENT 'When the release was rejected',
  `remarks` varchar(255) CHARACTER SET utf8mb4 COLLATE utf8mb4_unicode_ci DEFAULT NULL COMMENT 'Any remarks or other instructions to go with the release',
  PRIMARY KEY (`id`),
  KEY `departure_release_requests_user_id_foreign` (`user_id`),
  KEY `departure_release_controller_position` (`controller_position_id`),
  KEY `departure_release_target_position` (`target_controller_position_id`),
  KEY `departure_release_request_acknowledged_by` (`acknowledged_by`),
  KEY `departure_release_request_released_by` (`released_by`),
  KEY `departure_release_request_rejected_by` (`rejected_by`),
  KEY `departure_release_requests_expires_at_index` (`expires_at`),
  KEY `departure_release_requests_release_expires_at_index` (`release_expires_at`),
  KEY `departure_release_requests_released_at_index` (`released_at`),
  KEY `departure_release_requests_callsign_index` (`callsign`),
  KEY `departure_release_requests_rejected_at_index` (`rejected_at`),
  KEY `departure_release_requests_deleted_at_index` (`deleted_at`),
  CONSTRAINT `departure_release_controller_position` FOREIGN KEY (`controller_position_id`) REFERENCES `controller_positions` (`id`) ON DELETE CASCADE,
  CONSTRAINT `departure_release_request_acknowledged_by` FOREIGN KEY (`acknowledged_by`) REFERENCES `user` (`id`) ON DELETE CASCADE,
  CONSTRAINT `departure_release_request_rejected_by` FOREIGN KEY (`rejected_by`) REFERENCES `user` (`id`) ON DELETE CASCADE,
  CONSTRAINT `departure_release_request_released_by` FOREIGN KEY (`released_by`) REFERENCES `user` (`id`) ON DELETE CASCADE,
  CONSTRAINT `departure_release_requests_user_id_foreign` FOREIGN KEY (`user_id`) REFERENCES `user` (`id`) ON DELETE CASCADE,
  CONSTRAINT `departure_release_target_position` FOREIGN KEY (`target_controller_position_id`) REFERENCES `controller_positions` (`id`) ON DELETE CASCADE
) ENGINE=InnoDB DEFAULT CHARSET=utf8mb4 COLLATE=utf8mb4_unicode_ci;
/*!40101 SET character_set_client = @saved_cs_client */;

--
-- Dumping data for table `departure_release_requests`
--

LOCK TABLES `departure_release_requests` WRITE;
/*!40000 ALTER TABLE `departure_release_requests` DISABLE KEYS */;
/*!40000 ALTER TABLE `departure_release_requests` ENABLE KEYS */;
UNLOCK TABLES;

--
-- Table structure for table `departure_wake_intervals`
--

DROP TABLE IF EXISTS `departure_wake_intervals`;
/*!40101 SET @saved_cs_client     = @@character_set_client */;
/*!40101 SET character_set_client = utf8 */;
CREATE TABLE `departure_wake_intervals` (
  `id` bigint unsigned NOT NULL AUTO_INCREMENT,
  `lead_wake_category_id` tinyint unsigned NOT NULL COMMENT 'The wake category of the lead aircraft',
  `following_wake_category_id` tinyint unsigned NOT NULL COMMENT 'The wake category of the following aircraft',
  `interval` int unsigned NOT NULL COMMENT 'The value of the interval in seconds',
  `measurement_unit_id` bigint unsigned NOT NULL COMMENT 'The units of measurement for the interval',
  `intermediate` tinyint(1) NOT NULL COMMENT 'Whether its from an intermediate point on the runway',
  PRIMARY KEY (`id`),
  UNIQUE KEY `lead_following_category_intermediate` (`lead_wake_category_id`,`following_wake_category_id`,`intermediate`),
  KEY `departure_wake_intervals_following_wake_category_id_foreign` (`following_wake_category_id`),
  KEY `departure_wake_units` (`measurement_unit_id`),
  CONSTRAINT `departure_wake_intervals_following_wake_category_id_foreign` FOREIGN KEY (`following_wake_category_id`) REFERENCES `wake_categories` (`id`) ON DELETE CASCADE,
  CONSTRAINT `departure_wake_intervals_lead_wake_category_id_foreign` FOREIGN KEY (`lead_wake_category_id`) REFERENCES `wake_categories` (`id`) ON DELETE CASCADE,
  CONSTRAINT `departure_wake_units` FOREIGN KEY (`measurement_unit_id`) REFERENCES `measurement_units` (`id`)
) ENGINE=InnoDB AUTO_INCREMENT=55 DEFAULT CHARSET=utf8mb4 COLLATE=utf8mb4_unicode_ci;
/*!40101 SET character_set_client = @saved_cs_client */;

--
-- Dumping data for table `departure_wake_intervals`
--

LOCK TABLES `departure_wake_intervals` WRITE;
/*!40000 ALTER TABLE `departure_wake_intervals` DISABLE KEYS */;
INSERT INTO `departure_wake_intervals` VALUES (1,6,5,120,1,0),(2,6,5,180,1,1),(3,6,4,180,1,0),(4,6,4,240,1,1),(5,6,3,180,1,0),(6,6,3,240,1,1),(7,6,2,180,1,0),(8,6,2,240,1,1),(9,6,1,180,1,0),(10,6,1,240,1,1),(11,5,5,4,2,0),(12,5,5,4,2,1),(13,5,4,120,1,0),(14,5,4,180,1,1),(15,5,3,120,1,0),(16,5,3,180,1,1),(17,5,2,120,1,0),(18,5,2,180,1,1),(19,5,1,120,1,0),(20,5,1,180,1,1),(21,4,1,120,1,0),(22,4,1,180,1,1),(23,3,1,120,1,0),(24,3,1,180,1,1),(25,2,1,120,1,0),(26,2,1,180,1,1),(27,7,8,100,1,0),(28,7,9,120,1,0),(29,7,10,140,1,0),(30,7,11,160,1,0),(31,7,12,180,1,0),(32,8,10,100,1,0),(33,8,11,120,1,0),(34,8,12,140,1,0),(35,9,10,80,1,0),(36,9,11,100,1,0),(37,9,12,80,1,0),(38,10,12,120,1,0),(39,11,12,100,1,0),(40,12,12,80,1,0),(41,7,8,100,1,1),(42,7,9,120,1,1),(43,7,10,140,1,1),(44,7,11,160,1,1),(45,7,12,180,1,1),(46,8,10,100,1,1),(47,8,11,120,1,1),(48,8,12,140,1,1),(49,9,10,80,1,1),(50,9,11,100,1,1),(51,9,12,80,1,1),(52,10,12,120,1,1),(53,11,12,100,1,1),(54,12,12,80,1,1);
/*!40000 ALTER TABLE `departure_wake_intervals` ENABLE KEYS */;
UNLOCK TABLES;

--
-- Table structure for table `dependencies`
--

DROP TABLE IF EXISTS `dependencies`;
/*!40101 SET @saved_cs_client     = @@character_set_client */;
/*!40101 SET character_set_client = utf8 */;
CREATE TABLE `dependencies` (
  `id` mediumint unsigned NOT NULL AUTO_INCREMENT,
  `key` varchar(255) CHARACTER SET utf8mb4 COLLATE utf8mb4_unicode_ci NOT NULL COMMENT 'Key used in the plugin to retrieve data',
  `action` varchar(255) CHARACTER SET utf8mb4 COLLATE utf8mb4_unicode_ci NOT NULL,
  `local_file` varchar(255) CHARACTER SET utf8mb4 COLLATE utf8mb4_unicode_ci NOT NULL COMMENT 'The local file where the dependency should be stored',
  `per_user` tinyint(1) NOT NULL DEFAULT '0' COMMENT 'If the dependency is per-user',
  `created_at` timestamp NULL DEFAULT NULL,
  `updated_at` timestamp NULL DEFAULT NULL,
  PRIMARY KEY (`id`),
  UNIQUE KEY `dependencies_local_file_unique` (`local_file`),
  UNIQUE KEY `dependencies_key_unique` (`key`)
) ENGINE=InnoDB AUTO_INCREMENT=30 DEFAULT CHARSET=utf8mb4 COLLATE=utf8mb4_unicode_ci;
/*!40101 SET character_set_client = @saved_cs_client */;

--
-- Dumping data for table `dependencies`
--

LOCK TABLES `dependencies` WRITE;
/*!40000 ALTER TABLE `dependencies` DISABLE KEYS */;
INSERT INTO `dependencies` VALUES (3,'DEPENDENCY_HOLDS','App\\Http\\Controllers\\HoldController@getAllHolds','holds.json',0,'2021-05-23 14:31:48','2022-07-30 16:23:34'),(8,'DEPENDENCY_ASR','App\\Http\\Controllers\\RegionalPressureController@getAltimeterSettingRegions','altimeter-setting-regions.json',0,'2021-05-23 14:31:48','2022-07-30 16:23:34'),(11,'DEPENDENCY_NAVAIDS','App\\Http\\Controllers\\NavaidController','navaids.json',0,'2021-05-23 14:31:52','2022-07-30 16:23:34'),(12,'DEPENDENCY_ENROUTE_RELEASE_TYPES','App\\Http\\Controllers\\ReleaseController@enrouteReleaseTypeDependency','enroute-release-types.json',0,'2021-05-23 14:31:54','2022-07-30 16:23:34'),(13,'DEPENDENCY_STANDS','App\\Http\\Controllers\\StandController@getStandsDependency','stands.json',0,'2021-05-23 14:31:55','2022-07-30 16:23:34'),(16,'DEPENDENCY_AIRFIELD','App\\Http\\Controllers\\AirfieldController@getAirfieldDependency','airfields.json',0,'2021-05-23 14:32:32','2022-07-30 16:23:34'),(17,'DEPENDENCY_DEPARTURE_SID_GROUPS','App\\Http\\Controllers\\DepartureController@getDepartureSidIntervalGroupsDependency','departure-sid-group-intervals.json',0,'2021-05-23 14:32:32','2022-07-30 16:23:34'),(18,'DEPENDENCY_WAKE_SCHEME','App\\Http\\Controllers\\WakeController@getWakeSchemesDependency','wake-schemes.json',0,'2021-05-23 14:32:32','2022-07-30 16:23:34'),(19,'DEPENDENCY_SIDS','App\\Http\\Controllers\\SidController@getSidsDependency','sids.json',0,'2021-05-23 14:32:32','2022-07-30 16:23:34'),(20,'DEPENDENCY_CONTROLLER_POSITIONS_V2','App\\Http\\Controllers\\ControllerPositionController@getControllerPositionsDependency','controller-positions-v2.json',0,'2021-05-23 14:32:36','2022-07-30 16:23:34'),(21,'DEPENDENCY_DEPARTURE_WAKE_UK','App\\Http\\Controllers\\DepartureController@getDepartureUkWakeIntervalsDependency','departure-uk-wake-intervals.json',0,'2021-05-23 14:32:36',NULL),(22,'DEPENDENCY_HANDOFFS_V2','App\\Http\\Controllers\\HandoffController@getHandoffsV2Dependency','handoffs-v2.json',0,'2022-01-03 13:49:17','2022-07-30 16:23:34'),(23,'DEPENDENCY_PRENOTES_V2','App\\Http\\Controllers\\PrenoteController@getPrenotesV2Dependency','prenotes-v2.json',0,'2022-01-03 13:49:17','2022-07-30 16:23:34'),(24,'DEPENDENCY_FLIGHT_RULES','App\\Http\\Controllers\\FlightRulesController@getFlightRulesDependency','flight-rules.json',0,'2022-01-03 13:49:17','2022-07-30 16:23:34'),(25,'DEPENDENCY_RUNWAYS','App\\Services\\RunwayService@getRunwaysDependency','runways.json',0,'2022-07-30 16:23:04','2022-07-30 16:23:04'),(26,'DEPENDENCY_AIRCRAFT','App\\Services\\AircraftService@getAircraftDependency','aircraft.json',0,'2022-07-30 16:23:14','2022-07-30 16:23:14'),(27,'DEPENDENCY_VISUAL_REFERENCE_POINTS','App\\Services\\VrpService@getVrpDependency','visual-reference-points.json',0,'2022-07-30 16:23:29','2022-07-30 16:23:29'),(28,'DEPENDENCY_MAPPING_ELEMENTS','App\\Services\\MappingService@getMappingElementsDependency','mapping-elements.json',0,'2022-07-30 16:23:29','2022-07-30 16:23:30'),(29,'DEPENDENCY_INTENTION_CODES','App\\Services\\IntentionCode\\IntentionCodeService@getIntentionCodesDependency','intention-codes.json',0,'2022-07-30 16:23:30','2022-07-30 16:23:34');
/*!40000 ALTER TABLE `dependencies` ENABLE KEYS */;
UNLOCK TABLES;

--
-- Table structure for table `dependency_user`
--

DROP TABLE IF EXISTS `dependency_user`;
/*!40101 SET @saved_cs_client     = @@character_set_client */;
/*!40101 SET character_set_client = utf8 */;
CREATE TABLE `dependency_user` (
  `dependency_id` mediumint unsigned NOT NULL COMMENT 'The dependency',
  `user_id` int unsigned NOT NULL COMMENT 'The user the dependency belongs to',
  `created_at` timestamp NULL DEFAULT NULL,
  `updated_at` timestamp NULL DEFAULT NULL,
  PRIMARY KEY (`dependency_id`,`user_id`) USING BTREE,
  KEY `dependency_user_user_id_foreign` (`user_id`) USING BTREE,
  CONSTRAINT `dependency_user_dependency_id_foreign` FOREIGN KEY (`dependency_id`) REFERENCES `dependencies` (`id`) ON DELETE CASCADE,
  CONSTRAINT `dependency_user_user_id_foreign` FOREIGN KEY (`user_id`) REFERENCES `user` (`id`) ON DELETE CASCADE
) ENGINE=InnoDB DEFAULT CHARSET=utf8mb4 COLLATE=utf8mb4_unicode_ci;
/*!40101 SET character_set_client = @saved_cs_client */;

--
-- Dumping data for table `dependency_user`
--

LOCK TABLES `dependency_user` WRITE;
/*!40000 ALTER TABLE `dependency_user` DISABLE KEYS */;
/*!40000 ALTER TABLE `dependency_user` ENABLE KEYS */;
UNLOCK TABLES;

--
-- Table structure for table `engine_type_speed_group`
--

DROP TABLE IF EXISTS `engine_type_speed_group`;
/*!40101 SET @saved_cs_client     = @@character_set_client */;
/*!40101 SET character_set_client = utf8 */;
CREATE TABLE `engine_type_speed_group` (
  `id` bigint unsigned NOT NULL AUTO_INCREMENT,
  `engine_type_id` bigint unsigned NOT NULL COMMENT 'Engine type',
  `speed_group_id` bigint unsigned NOT NULL COMMENT 'The speed group',
  `created_at` timestamp NULL DEFAULT NULL,
  `updated_at` timestamp NULL DEFAULT NULL,
  PRIMARY KEY (`id`),
  UNIQUE KEY `engine_type_speed_group_unique` (`engine_type_id`,`speed_group_id`),
  KEY `engine_type_speed_group_speed_group_id_foreign` (`speed_group_id`),
  CONSTRAINT `engine_type_speed_group_engine_type_id_foreign` FOREIGN KEY (`engine_type_id`) REFERENCES `engine_types` (`id`) ON DELETE CASCADE,
  CONSTRAINT `engine_type_speed_group_speed_group_id_foreign` FOREIGN KEY (`speed_group_id`) REFERENCES `speed_groups` (`id`) ON DELETE CASCADE
) ENGINE=InnoDB AUTO_INCREMENT=12 DEFAULT CHARSET=utf8mb4 COLLATE=utf8mb4_unicode_ci;
/*!40101 SET character_set_client = @saved_cs_client */;

--
-- Dumping data for table `engine_type_speed_group`
--

LOCK TABLES `engine_type_speed_group` WRITE;
/*!40000 ALTER TABLE `engine_type_speed_group` DISABLE KEYS */;
INSERT INTO `engine_type_speed_group` VALUES (1,1,5,'2021-05-23 14:32:31',NULL),(2,1,10,'2021-05-23 14:32:31',NULL),(3,1,12,'2021-05-23 14:32:31',NULL),(4,1,19,'2021-05-23 14:32:31',NULL),(5,1,24,'2021-05-23 14:32:31',NULL),(6,1,29,'2021-05-23 14:32:31',NULL),(7,1,34,'2021-05-23 14:32:31',NULL),(8,1,39,'2021-05-23 14:32:31',NULL),(9,1,44,'2021-05-23 14:32:31',NULL),(10,1,50,'2021-05-23 14:32:31',NULL),(11,1,55,'2021-05-23 14:32:31',NULL);
/*!40000 ALTER TABLE `engine_type_speed_group` ENABLE KEYS */;
UNLOCK TABLES;

--
-- Table structure for table `engine_types`
--

DROP TABLE IF EXISTS `engine_types`;
/*!40101 SET @saved_cs_client     = @@character_set_client */;
/*!40101 SET character_set_client = utf8 */;
CREATE TABLE `engine_types` (
  `id` bigint unsigned NOT NULL AUTO_INCREMENT,
  `type` varchar(255) CHARACTER SET utf8mb4 COLLATE utf8mb4_unicode_ci NOT NULL COMMENT 'The type',
  `euroscope_type` varchar(255) CHARACTER SET utf8mb4 COLLATE utf8mb4_unicode_ci NOT NULL COMMENT 'The type in euroscope',
  PRIMARY KEY (`id`),
  UNIQUE KEY `engine_types_type_unique` (`type`),
  UNIQUE KEY `engine_types_euroscope_type_unique` (`euroscope_type`)
) ENGINE=InnoDB AUTO_INCREMENT=5 DEFAULT CHARSET=utf8mb4 COLLATE=utf8mb4_unicode_ci;
/*!40101 SET character_set_client = @saved_cs_client */;

--
-- Dumping data for table `engine_types`
--

LOCK TABLES `engine_types` WRITE;
/*!40000 ALTER TABLE `engine_types` DISABLE KEYS */;
INSERT INTO `engine_types` VALUES (1,'Jet','J'),(2,'Piston','P'),(3,'Turboprop','T'),(4,'Electric','E');
/*!40000 ALTER TABLE `engine_types` ENABLE KEYS */;
UNLOCK TABLES;

--
-- Table structure for table `enroute_release_types`
--

DROP TABLE IF EXISTS `enroute_release_types`;
/*!40101 SET @saved_cs_client     = @@character_set_client */;
/*!40101 SET character_set_client = utf8 */;
CREATE TABLE `enroute_release_types` (
  `id` bigint unsigned NOT NULL AUTO_INCREMENT,
  `tag_string` varchar(15) CHARACTER SET utf8mb4 COLLATE utf8mb4_unicode_ci NOT NULL COMMENT 'What to display in the TAG for this kind of release. Limited to 15 characters as max length of tag item.',
  `description` varchar(255) CHARACTER SET utf8mb4 COLLATE utf8mb4_unicode_ci NOT NULL COMMENT 'Description of the release to be shown in the plugin',
  PRIMARY KEY (`id`),
  UNIQUE KEY `enroute_release_types_tag_string_unique` (`tag_string`)
) ENGINE=InnoDB AUTO_INCREMENT=10 DEFAULT CHARSET=utf8mb4 COLLATE=utf8mb4_unicode_ci;
/*!40101 SET character_set_client = @saved_cs_client */;

--
-- Dumping data for table `enroute_release_types`
--

LOCK TABLES `enroute_release_types` WRITE;
/*!40000 ALTER TABLE `enroute_release_types` DISABLE KEYS */;
INSERT INTO `enroute_release_types` VALUES (1,'C','Climb'),(2,'D','Descent'),(3,'T','Turns'),(4,'F','Full'),(5,'LT','Left Turns'),(6,'RT','Right Turns'),(7,'TD','Turns and Descent'),(8,'LTD','Left Turns and Descent'),(9,'RTD','Right Turns and Descent');
/*!40000 ALTER TABLE `enroute_release_types` ENABLE KEYS */;
UNLOCK TABLES;

--
-- Table structure for table `enroute_releases`
--

DROP TABLE IF EXISTS `enroute_releases`;
/*!40101 SET @saved_cs_client     = @@character_set_client */;
/*!40101 SET character_set_client = utf8 */;
CREATE TABLE `enroute_releases` (
  `id` bigint unsigned NOT NULL AUTO_INCREMENT,
  `enroute_release_type_id` bigint unsigned NOT NULL COMMENT 'The type of release',
  `callsign` varchar(255) CHARACTER SET utf8mb4 COLLATE utf8mb4_unicode_ci NOT NULL COMMENT 'Which aircraft was the release for',
  `initiating_controller` varchar(255) CHARACTER SET utf8mb4 COLLATE utf8mb4_unicode_ci NOT NULL COMMENT 'Who initiated the release',
  `target_controller` varchar(255) CHARACTER SET utf8mb4 COLLATE utf8mb4_unicode_ci NOT NULL COMMENT 'Who was the target of the release',
  `release_point` varchar(15) CHARACTER SET utf8mb4 COLLATE utf8mb4_unicode_ci DEFAULT NULL COMMENT 'The point at which the release takes effect. Limited to 15 characters as max length of tag item.',
  `user_id` int unsigned NOT NULL COMMENT 'Which user initiated the release',
  `released_at` timestamp NOT NULL,
  PRIMARY KEY (`id`),
  KEY `enroute_releases_user_id_foreign` (`user_id`),
  CONSTRAINT `enroute_releases_user_id_foreign` FOREIGN KEY (`user_id`) REFERENCES `user` (`id`) ON DELETE CASCADE
) ENGINE=InnoDB DEFAULT CHARSET=utf8mb4 COLLATE=utf8mb4_unicode_ci;
/*!40101 SET character_set_client = @saved_cs_client */;

--
-- Dumping data for table `enroute_releases`
--

LOCK TABLES `enroute_releases` WRITE;
/*!40000 ALTER TABLE `enroute_releases` DISABLE KEYS */;
/*!40000 ALTER TABLE `enroute_releases` ENABLE KEYS */;
UNLOCK TABLES;

--
-- Table structure for table `failed_jobs`
--

DROP TABLE IF EXISTS `failed_jobs`;
/*!40101 SET @saved_cs_client     = @@character_set_client */;
/*!40101 SET character_set_client = utf8 */;
CREATE TABLE `failed_jobs` (
  `id` bigint unsigned NOT NULL AUTO_INCREMENT,
  `uuid` varchar(255) CHARACTER SET utf8mb4 COLLATE utf8mb4_unicode_ci NOT NULL,
  `connection` text CHARACTER SET utf8mb4 COLLATE utf8mb4_unicode_ci NOT NULL,
  `queue` text CHARACTER SET utf8mb4 COLLATE utf8mb4_unicode_ci NOT NULL,
  `payload` longtext CHARACTER SET utf8mb4 COLLATE utf8mb4_unicode_ci NOT NULL,
  `exception` longtext CHARACTER SET utf8mb4 COLLATE utf8mb4_unicode_ci NOT NULL,
  `failed_at` timestamp NOT NULL DEFAULT CURRENT_TIMESTAMP,
  PRIMARY KEY (`id`),
  UNIQUE KEY `failed_jobs_uuid_unique` (`uuid`)
) ENGINE=InnoDB DEFAULT CHARSET=utf8mb4 COLLATE=utf8mb4_unicode_ci;
/*!40101 SET character_set_client = @saved_cs_client */;

--
-- Dumping data for table `failed_jobs`
--

LOCK TABLES `failed_jobs` WRITE;
/*!40000 ALTER TABLE `failed_jobs` DISABLE KEYS */;
/*!40000 ALTER TABLE `failed_jobs` ENABLE KEYS */;
UNLOCK TABLES;

--
-- Table structure for table `fir_proximity_measuring_points`
--

DROP TABLE IF EXISTS `fir_proximity_measuring_points`;
/*!40101 SET @saved_cs_client     = @@character_set_client */;
/*!40101 SET character_set_client = utf8 */;
CREATE TABLE `fir_proximity_measuring_points` (
  `id` bigint unsigned NOT NULL AUTO_INCREMENT,
  `flight_information_region_id` bigint unsigned NOT NULL,
  `latitude` double NOT NULL,
  `longitude` double NOT NULL,
  `description` varchar(255) CHARACTER SET utf8mb4 COLLATE utf8mb4_unicode_ci NOT NULL,
  PRIMARY KEY (`id`),
  KEY `measuring_flight_information_region` (`flight_information_region_id`),
  CONSTRAINT `measuring_flight_information_region` FOREIGN KEY (`flight_information_region_id`) REFERENCES `flight_information_regions` (`id`) ON DELETE CASCADE
) ENGINE=InnoDB AUTO_INCREMENT=7 DEFAULT CHARSET=utf8mb4 COLLATE=utf8mb4_unicode_ci;
/*!40101 SET character_set_client = @saved_cs_client */;

--
-- Dumping data for table `fir_proximity_measuring_points`
--

LOCK TABLES `fir_proximity_measuring_points` WRITE;
/*!40000 ALTER TABLE `fir_proximity_measuring_points` DISABLE KEYS */;
INSERT INTO `fir_proximity_measuring_points` VALUES (1,1,53.59,1.3,'EGTT - UPTON'),(2,1,52.14,-2.06,'EGTT - LUXTO'),(3,1,50.67,-1.85,'EGTT - KAPEX'),(4,2,58.97,-3.87,'EGPX - SOXON'),(5,2,55.8,-5.33,'EGPX - TABIT'),(6,2,55.47,0.25,'EGPX - GIVEM');
/*!40000 ALTER TABLE `fir_proximity_measuring_points` ENABLE KEYS */;
UNLOCK TABLES;

--
-- Table structure for table `flight_information_region_boundaries`
--

DROP TABLE IF EXISTS `flight_information_region_boundaries`;
/*!40101 SET @saved_cs_client     = @@character_set_client */;
/*!40101 SET character_set_client = utf8 */;
CREATE TABLE `flight_information_region_boundaries` (
  `id` bigint unsigned NOT NULL AUTO_INCREMENT,
  `flight_information_region_id` bigint unsigned NOT NULL COMMENT 'The flight information region the boundary pertains to',
  `start_latitude` varchar(255) CHARACTER SET utf8mb4 COLLATE utf8mb4_unicode_ci NOT NULL COMMENT 'The latitude of the start point of the segment',
  `start_longitude` varchar(255) CHARACTER SET utf8mb4 COLLATE utf8mb4_unicode_ci NOT NULL COMMENT 'The longitude of the start point of the segment',
  `finish_latitude` varchar(255) CHARACTER SET utf8mb4 COLLATE utf8mb4_unicode_ci NOT NULL COMMENT 'The latitude of the finish point of the segment',
  `finish_longitude` varchar(255) CHARACTER SET utf8mb4 COLLATE utf8mb4_unicode_ci NOT NULL COMMENT 'The longitude of the finish point of the segment',
  `description` varchar(255) CHARACTER SET utf8mb4 COLLATE utf8mb4_unicode_ci NOT NULL,
  `created_at` timestamp NULL DEFAULT NULL,
  `updated_at` timestamp NULL DEFAULT NULL,
  PRIMARY KEY (`id`),
  UNIQUE KEY `boundary_start` (`flight_information_region_id`,`start_latitude`,`start_longitude`),
  UNIQUE KEY `boundary_finish` (`flight_information_region_id`,`finish_latitude`,`finish_longitude`),
  CONSTRAINT `fir_boundaries_fir_id` FOREIGN KEY (`flight_information_region_id`) REFERENCES `flight_information_regions` (`id`) ON DELETE CASCADE
) ENGINE=InnoDB AUTO_INCREMENT=58 DEFAULT CHARSET=utf8mb4 COLLATE=utf8mb4_unicode_ci;
/*!40101 SET character_set_client = @saved_cs_client */;

--
-- Dumping data for table `flight_information_region_boundaries`
--

LOCK TABLES `flight_information_region_boundaries` WRITE;
/*!40000 ALTER TABLE `flight_information_region_boundaries` DISABLE KEYS */;
INSERT INTO `flight_information_region_boundaries` VALUES (1,1,'N055.00.00.000','E005.00.00.000','N054.30.01.192','E004.32.36.161','Northern boundary to near TIPAN/UNVAR','2021-05-23 14:31:53',NULL),(2,1,'N054.30.01.192','E004.32.36.161','N053.59.17.840','E004.05.28.691','Just north of LONAM','2021-05-23 14:31:53',NULL),(3,1,'N053.59.17.840','E004.05.28.691','N053.34.08.558','E003.42.30.982','LONAM - Area near LARDI','2021-05-23 14:31:53',NULL),(4,1,'N053.34.08.558','E003.42.30.982','N053.27.55.001','E003.36.56.002','LARDI - Just north of TOPPA','2021-05-23 14:31:53',NULL),(5,1,'N053.27.55.001','E003.36.56.002','N053.10.30.461','E003.21.57.010','TOPPA, GODOS','2021-05-23 14:31:53',NULL),(6,1,'N053.10.30.461','E003.21.57.010','N052.57.32.551','E003.11.07.732','MIMVA, KOLAG','2021-05-23 14:31:53',NULL),(7,1,'N052.57.32.551','E003.11.07.732','N052.37.05.380','E002.54.03.740','RAVLO, MOLIX, LAMSO','2021-05-23 14:31:53',NULL),(8,1,'N052.37.05.380','E002.54.03.740','N052.28.34.950','E002.47.46.021','NAVPI','2021-05-23 14:31:53',NULL),(9,1,'N052.28.34.950','E002.47.46.021','N052.23.20.378','E002.43.29.798','Line below NAVPI above SOMVA','2021-05-23 14:31:53',NULL),(10,1,'N052.23.20.378','E002.43.29.798','N052.13.52.770','E002.35.21.300','SOMVA','2021-05-23 14:31:53',NULL),(11,1,'N052.13.52.770','E002.35.21.300','N051.52.30.850','E002.17.41.870','REDFA, RINIS','2021-05-23 14:31:53',NULL),(12,1,'N051.52.30.850','E002.17.41.870','N051.42.23.288','E002.09.44.230','XAMAN, RIMBU','2021-05-23 14:31:53',NULL),(13,1,'N051.42.23.288','E002.09.44.230','N051.30.00.000','E002.00.00.000','SUMUM, GILTI','2021-05-23 14:31:53',NULL),(14,1,'N051.30.00.000','E002.00.00.000','N051.07.00.001','E002.00.00.000','RAPIX, VABIK, KONAN','2021-05-23 14:31:53',NULL),(15,1,'N051.07.00.001','E002.00.00.000','N051.00.00.000','E001.28.00.001','RINTI','2021-05-23 14:31:53',NULL),(16,1,'N051.00.00.000','E001.28.00.001','N050.40.00.001','E001.28.00.001','MOTOX, IRKUN, DEVAL, SOVAT','2021-05-23 14:31:53',NULL),(17,1,'N050.40.00.001','E001.28.00.001','N050.00.00.000','W000.15.00.000','XIDIL, XAMAB, SITET','2021-05-23 14:31:53',NULL),(18,1,'N050.00.00.000','W000.15.00.000','N050.00.00.000','W002.00.00.000','NEVIL, KOTEM, GARMI, BOLRO, ORIST, ORTAC','2021-05-23 14:31:53',NULL),(19,1,'N050.00.00.000','W002.00.00.000','N049.49.29.000','W003.02.03.000','ORTAC, LELNA, LORKU, SKESO','2021-05-23 14:31:53',NULL),(20,1,'N049.49.29.000','W003.02.03.000','N049.47.07.000','W003.15.34.000','MANIG','2021-05-23 14:31:53',NULL),(21,1,'N049.47.07.000','W003.15.34.000','N049.44.14.000','W003.31.46.000','SALCO','2021-05-23 14:31:53',NULL),(22,1,'N049.44.14.000','W003.31.46.000','N049.39.05.000','W004.00.05.000','ANNET','2021-05-23 14:31:53',NULL),(23,1,'N049.39.05.000','W004.00.05.000','N049.35.25.000','W004.19.49.000','LIZAD','2021-05-23 14:31:53',NULL),(24,1,'N049.35.25.000','W004.19.49.000','N049.24.38.000','W005.15.59.000','OGAGI, PIKOD','2021-05-23 14:31:53',NULL),(25,1,'N049.24.38.000','W005.15.59.000','N049.17.30.000','W005.51.35.000','CAMBO','2021-05-23 14:31:53',NULL),(26,1,'N049.17.30.000','W005.51.35.000','N049.00.26.000','W007.12.53.000','MOSIS','2021-05-23 14:31:53',NULL),(27,1,'N049.00.26.000','W007.12.53.000','N048.49.59.999','W008.00.00.000','South-west corner of FIR','2021-05-23 14:31:53',NULL),(28,1,'N048.49.59.999','W008.00.00.000','N051.00.00.000','W008.00.00.000','TAKAS, BISKI, RATKA, GAPLI, TURLU, ARKIL, LESLU','2021-05-23 14:31:53',NULL),(29,1,'N051.00.00.000','W008.00.00.000','N051.14.24.000','W007.34.05.000','LESLU, LEDGO','2021-05-23 14:31:53',NULL),(30,1,'N051.14.24.000','W007.34.05.000','N051.29.55.000','W007.05.37.000','SAMON, MOPAT','2021-05-23 14:31:53',NULL),(31,1,'N051.29.55.000','W007.05.37.000','N051.37.09.000','W006.52.11.000','NORLA','2021-05-23 14:31:53',NULL),(32,1,'N051.37.09.000','W006.52.11.000','N051.46.56.000','W006.33.48.000','EVRIN','2021-05-23 14:31:53',NULL),(33,1,'N051.46.56.000','W006.33.48.000','N051.57.10.000','W006.14.21.000','BANBA','2021-05-23 14:31:53',NULL),(34,1,'N051.57.10.000','W006.14.21.000','N052.09.31.000','W005.50.32.000','SLANY','2021-05-23 14:31:53',NULL),(35,1,'N052.09.31.000','W005.50.32.000','N052.14.30.000','W005.40.49.000','BAKUR','2021-05-23 14:31:53',NULL),(36,1,'N052.14.30.000','W005.40.49.000','N052.19.59.999','W005.30.00.000','Corner by BAKUR','2021-05-23 14:31:53',NULL),(37,1,'N052.19.59.999','W005.30.00.000','N055.00.00.000','W005.30.00.000','VATRY, MORAG, LIPGO, DEXEN, LIFFY, BAGSO, BOYNE to Top left of FIR','2021-05-23 14:31:53',NULL),(38,1,'N055.00.00.000','W005.30.00.000','N055.00.00.000','E005.00.00.000','Top line of FIR','2021-05-23 14:31:53',NULL),(39,2,'N061.00.00.000','W010.00.00.000','N061.00.00.000','E000.00.00.000','RATSU, MATIK, NALAN, OSBON, GONUT, PEMOS, RIXUN, SOSAR, GUNPA','2021-05-23 14:31:53',NULL),(40,2,'N061.00.00.000','E000.00.00.000','N059.59.31.000','E000.00.54.000','GUNPA, PEPIN','2021-05-23 14:31:53',NULL),(41,2,'N059.59.31.000','E000.00.54.000','N059.38.18.000','E000.40.09.000','PEPIN, ORVIK','2021-05-23 14:31:53',NULL),(42,2,'N059.38.18.000','E000.40.09.000','N059.02.09.000','E001.44.20.000','ORVIK, BEREP','2021-05-23 14:31:53',NULL),(43,2,'N059.02.09.000','E001.44.20.000','N058.47.36.000','E002.09.18.000','BEREP, RIGVU','2021-05-23 14:31:53',NULL),(44,2,'N058.47.36.000','E002.09.18.000','N058.23.24.000','E002.49.44.000','RIGVU, KLONN','2021-05-23 14:31:53',NULL),(45,2,'N058.23.24.000','E002.49.44.000','N057.54.27.000','E003.36.30.000','KLONN, ALOTI','2021-05-23 14:31:53',NULL),(46,2,'N057.54.27.000','E003.36.30.000','N057.34.12.000','E004.08.13.000','ALOTI, NIVUN','2021-05-23 14:31:53',NULL),(47,2,'N057.34.12.000','E004.08.13.000','N057.06.36.000','E004.50.11.000','NIVUN, PENUN','2021-05-23 14:31:53',NULL),(48,2,'N057.06.36.000','E004.50.11.000','N057.00.00.000','E005.00.00.000','PENUN, ATNAK','2021-05-23 14:31:53',NULL),(49,2,'N057.00.00.000','E005.00.00.000','N055.07.43.000','E005.00.00.000','ATNAK, VAXIT, TINAC, GOREV, PETIL, INBOB, LESRA, SOPTO, UPGAS, VALBO','2021-05-23 14:31:53',NULL),(50,2,'N055.07.43.000','E005.00.00.000','N055.00.00.000','E005.00.00.000','VALBO to FIR corner','2021-05-23 14:31:53',NULL),(51,2,'N055.00.00.000','E005.00.00.000','N055.00.00.000','W005.30.00.000','Bottom of FIR','2021-05-23 14:31:53',NULL),(52,2,'N055.00.00.000','W005.30.00.000','N053.55.00.000','W005.30.00.000','North south line near Aldergrove to corner with EISN','2021-05-23 14:31:53',NULL),(53,2,'N053.55.00.000','W005.30.00.000','N053.57.54.000','W005.44.32.000','Corner with EISN to NIMAT','2021-05-23 14:31:53',NULL),(54,2,'N053.57.54.000','W005.44.32.000','N054.25.00.000','W008.10.00.000','NIMAT, ROTEV, NEVRI, BAMLI, DEGOS, NESON, ERNAN','2021-05-23 14:31:53',NULL),(55,2,'N054.25.00.000','W008.10.00.000','N054.38.58.000','W009.33.20.000','NIPIT, MOLAK','2021-05-23 14:31:53',NULL),(56,2,'N054.38.58.000','W009.33.20.000','N054.34.00.000','W010.00.00.000','NOTA southwest corner','2021-05-23 14:31:53',NULL),(57,2,'N054.34.00.000','W010.00.00.000','N061.00.00.000','W010.00.00.000','NIBOG, LUTOV, KUGUR, APSOV, MIMKU, AMLAD, IBROD, GOMUP, ETILO, ERAKA, ADODO, BALIX, ATSIX, LUSEN, RATSU','2021-05-23 14:31:53',NULL);
/*!40000 ALTER TABLE `flight_information_region_boundaries` ENABLE KEYS */;
UNLOCK TABLES;

--
-- Table structure for table `flight_information_regions`
--

DROP TABLE IF EXISTS `flight_information_regions`;
/*!40101 SET @saved_cs_client     = @@character_set_client */;
/*!40101 SET character_set_client = utf8 */;
CREATE TABLE `flight_information_regions` (
  `id` bigint unsigned NOT NULL AUTO_INCREMENT,
  `identification_code` varchar(4) CHARACTER SET utf8mb4 COLLATE utf8mb4_unicode_ci NOT NULL COMMENT 'The FIR identification code, e.g. EGTT',
  `created_at` timestamp NULL DEFAULT NULL,
  `updated_at` timestamp NULL DEFAULT NULL,
  PRIMARY KEY (`id`),
  UNIQUE KEY `flight_information_regions_identification_code_unique` (`identification_code`)
) ENGINE=InnoDB AUTO_INCREMENT=3 DEFAULT CHARSET=utf8mb4 COLLATE=utf8mb4_unicode_ci;
/*!40101 SET character_set_client = @saved_cs_client */;

--
-- Dumping data for table `flight_information_regions`
--

LOCK TABLES `flight_information_regions` WRITE;
/*!40000 ALTER TABLE `flight_information_regions` DISABLE KEYS */;
INSERT INTO `flight_information_regions` VALUES (1,'EGTT','2021-05-23 14:31:53',NULL),(2,'EGPX','2021-05-23 14:31:53',NULL);
/*!40000 ALTER TABLE `flight_information_regions` ENABLE KEYS */;
UNLOCK TABLES;

--
-- Table structure for table `flight_rules`
--

DROP TABLE IF EXISTS `flight_rules`;
/*!40101 SET @saved_cs_client     = @@character_set_client */;
/*!40101 SET character_set_client = utf8 */;
CREATE TABLE `flight_rules` (
  `id` bigint unsigned NOT NULL AUTO_INCREMENT,
  `euroscope_key` varchar(255) CHARACTER SET utf8mb4 COLLATE utf8mb4_unicode_ci NOT NULL COMMENT 'The key for the rules in EuroScope',
  `description` varchar(255) CHARACTER SET utf8mb4 COLLATE utf8mb4_unicode_ci NOT NULL COMMENT 'Description',
  `created_at` timestamp NULL DEFAULT NULL,
  `updated_at` timestamp NULL DEFAULT NULL,
  PRIMARY KEY (`id`),
  UNIQUE KEY `flight_rules_euroscope_key_unique` (`euroscope_key`)
) ENGINE=InnoDB AUTO_INCREMENT=3 DEFAULT CHARSET=utf8mb4 COLLATE=utf8mb4_unicode_ci;
/*!40101 SET character_set_client = @saved_cs_client */;

--
-- Dumping data for table `flight_rules`
--

LOCK TABLES `flight_rules` WRITE;
/*!40000 ALTER TABLE `flight_rules` DISABLE KEYS */;
INSERT INTO `flight_rules` VALUES (1,'V','VFR',NULL,NULL),(2,'I','IFR',NULL,NULL);
/*!40000 ALTER TABLE `flight_rules` ENABLE KEYS */;
UNLOCK TABLES;

--
-- Table structure for table `handoff_orders`
--

DROP TABLE IF EXISTS `handoff_orders`;
/*!40101 SET @saved_cs_client     = @@character_set_client */;
/*!40101 SET character_set_client = utf8 */;
CREATE TABLE `handoff_orders` (
  `id` bigint unsigned NOT NULL AUTO_INCREMENT,
  `handoff_id` bigint unsigned NOT NULL COMMENT 'The handoff order that the entry belongs to',
  `controller_position_id` bigint unsigned NOT NULL COMMENT 'The controller position',
  `order` tinyint unsigned NOT NULL COMMENT 'The place of the controller position in the handoff order',
  `created_at` timestamp NULL DEFAULT NULL,
  `updated_at` timestamp NULL DEFAULT NULL,
  PRIMARY KEY (`id`),
  UNIQUE KEY `handoff_orders_handoff_id_controller_position_id_unique` (`handoff_id`,`controller_position_id`),
  UNIQUE KEY `handoff_orders_handoff_id_order_unique` (`handoff_id`,`order`),
  KEY `handoff_orders_controller_position_id_foreign` (`controller_position_id`),
  CONSTRAINT `handoff_orders_controller_position_id_foreign` FOREIGN KEY (`controller_position_id`) REFERENCES `controller_positions` (`id`) ON DELETE CASCADE,
  CONSTRAINT `handoff_orders_handoff_id_foreign` FOREIGN KEY (`handoff_id`) REFERENCES `handoffs` (`id`) ON DELETE CASCADE
) ENGINE=InnoDB AUTO_INCREMENT=985 DEFAULT CHARSET=utf8mb4 COLLATE=utf8mb4_unicode_ci;
/*!40101 SET character_set_client = @saved_cs_client */;

--
-- Dumping data for table `handoff_orders`
--

LOCK TABLES `handoff_orders` WRITE;
/*!40000 ALTER TABLE `handoff_orders` DISABLE KEYS */;
INSERT INTO `handoff_orders` VALUES (1,1,236,1,'2021-05-23 14:31:47',NULL),(2,1,238,2,'2021-05-23 14:31:47',NULL),(3,1,227,3,'2021-05-23 14:31:47',NULL),(4,1,220,4,'2021-05-23 14:31:47',NULL),(5,1,224,5,'2021-05-23 14:31:47',NULL),(6,1,223,6,'2021-05-23 14:31:47',NULL),(7,1,218,7,'2021-05-23 14:31:47',NULL),(8,1,73,8,'2021-05-23 14:31:47',NULL),(9,2,236,1,'2021-05-23 14:31:47',NULL),(10,2,238,2,'2021-05-23 14:31:47',NULL),(11,2,227,3,'2021-05-23 14:31:47',NULL),(12,2,220,4,'2021-05-23 14:31:47',NULL),(13,2,224,5,'2021-05-23 14:31:47',NULL),(14,2,223,6,'2021-05-23 14:31:47',NULL),(15,2,218,7,'2021-05-23 14:31:47',NULL),(16,2,94,8,'2021-05-23 14:31:47',NULL),(17,2,91,9,'2021-05-23 14:31:47',NULL),(18,2,73,10,'2021-05-23 14:31:47',NULL),(19,3,237,1,'2021-05-23 14:31:47',NULL),(20,3,238,2,'2021-05-23 14:31:47',NULL),(21,3,227,3,'2021-05-23 14:31:47',NULL),(22,3,224,4,'2021-05-23 14:31:47',NULL),(23,3,223,5,'2021-05-23 14:31:47',NULL),(24,3,218,6,'2021-05-23 14:31:47',NULL),(25,3,73,7,'2021-05-23 14:31:47',NULL),(26,4,75,1,'2021-05-23 14:31:47',NULL),(27,4,73,2,'2021-05-23 14:31:47',NULL),(28,4,236,3,'2021-05-23 14:31:47',NULL),(29,4,238,4,'2021-05-23 14:31:47',NULL),(30,4,227,5,'2021-05-23 14:31:47',NULL),(31,4,220,6,'2021-05-23 14:31:47',NULL),(32,4,224,7,'2021-05-23 14:31:47',NULL),(33,4,223,8,'2021-05-23 14:31:47',NULL),(34,4,218,9,'2021-05-23 14:31:47',NULL),(35,5,236,1,'2021-05-23 14:31:47',NULL),(36,5,238,2,'2021-05-23 14:31:47',NULL),(37,5,227,3,'2021-05-23 14:31:47',NULL),(38,5,220,4,'2021-05-23 14:31:47',NULL),(39,5,224,5,'2021-05-23 14:31:47',NULL),(40,5,223,6,'2021-05-23 14:31:47',NULL),(41,5,218,7,'2021-05-23 14:31:47',NULL),(42,5,94,8,'2021-05-23 14:31:47',NULL),(43,5,91,9,'2021-05-23 14:31:47',NULL),(44,6,237,1,'2021-05-23 14:31:47',NULL),(45,6,238,2,'2021-05-23 14:31:47',NULL),(46,6,227,3,'2021-05-23 14:31:47',NULL),(47,6,224,4,'2021-05-23 14:31:47',NULL),(48,6,223,5,'2021-05-23 14:31:47',NULL),(49,6,218,6,'2021-05-23 14:31:47',NULL),(50,6,94,7,'2021-05-23 14:31:47',NULL),(51,6,91,8,'2021-05-23 14:31:47',NULL),(52,7,234,1,'2021-05-23 14:31:47',NULL),(53,7,235,2,'2021-05-23 14:31:47',NULL),(54,7,227,3,'2021-05-23 14:31:47',NULL),(55,7,219,8,'2021-05-23 14:31:47',NULL),(56,7,223,9,'2021-05-23 14:31:47',NULL),(57,7,218,10,'2021-05-23 14:31:47',NULL),(58,7,91,11,'2021-05-23 14:31:47',NULL),(59,8,233,1,'2021-05-23 14:31:47',NULL),(60,8,235,2,'2021-05-23 14:31:47',NULL),(61,8,227,3,'2021-05-23 14:31:47',NULL),(62,8,228,5,'2021-05-23 14:31:47',NULL),(63,8,221,7,'2021-05-23 14:31:47',NULL),(64,8,219,8,'2021-05-23 14:31:47',NULL),(65,8,223,9,'2021-05-23 14:31:47',NULL),(66,8,218,10,'2021-05-23 14:31:47',NULL),(67,8,91,11,'2021-05-23 14:31:47',NULL),(68,9,94,1,'2021-05-23 14:31:47',NULL),(69,9,91,2,'2021-05-23 14:31:47',NULL),(70,9,237,3,'2021-05-23 14:31:47',NULL),(71,9,238,4,'2021-05-23 14:31:47',NULL),(72,9,227,5,'2021-05-23 14:31:47',NULL),(73,9,224,6,'2021-05-23 14:31:47',NULL),(74,9,223,7,'2021-05-23 14:31:47',NULL),(75,9,218,8,'2021-05-23 14:31:47',NULL),(76,10,80,1,'2021-05-23 14:31:47',NULL),(77,10,236,2,'2021-05-23 14:31:47',NULL),(78,10,227,3,'2021-05-23 14:31:47',NULL),(79,10,220,4,'2021-05-23 14:31:47',NULL),(80,10,224,5,'2021-05-23 14:31:47',NULL),(81,10,223,6,'2021-05-23 14:31:47',NULL),(82,10,218,7,'2021-05-23 14:31:47',NULL),(83,11,80,1,'2021-05-23 14:31:47',NULL),(84,11,236,2,'2021-05-23 14:31:47',NULL),(85,11,238,3,'2021-05-23 14:31:47',NULL),(86,11,227,4,'2021-05-23 14:31:47',NULL),(87,11,220,5,'2021-05-23 14:31:47',NULL),(88,11,224,6,'2021-05-23 14:31:47',NULL),(89,11,223,7,'2021-05-23 14:31:47',NULL),(90,11,218,8,'2021-05-23 14:31:47',NULL),(91,11,233,9,'2021-05-23 14:31:47',NULL),(92,11,235,10,'2021-05-23 14:31:47',NULL),(93,11,228,12,'2021-05-23 14:31:47',NULL),(94,11,221,14,'2021-05-23 14:31:47',NULL),(95,11,219,15,'2021-05-23 14:31:47',NULL),(96,12,233,1,'2021-05-23 14:31:47',NULL),(97,12,235,2,'2021-05-23 14:31:47',NULL),(98,12,227,3,'2021-05-23 14:31:47',NULL),(99,12,228,5,'2021-05-23 14:31:47',NULL),(100,12,221,7,'2021-05-23 14:31:47',NULL),(101,12,219,8,'2021-05-23 14:31:47',NULL),(102,12,223,9,'2021-05-23 14:31:47',NULL),(103,12,218,10,'2021-05-23 14:31:47',NULL),(104,12,80,11,'2021-05-23 14:31:47',NULL),(105,12,236,12,'2021-05-23 14:31:47',NULL),(106,12,238,13,'2021-05-23 14:31:47',NULL),(107,12,220,14,'2021-05-23 14:31:47',NULL),(108,12,224,15,'2021-05-23 14:31:47',NULL),(122,14,178,1,'2021-05-23 14:31:47',NULL),(123,14,179,3,'2021-05-23 14:31:47',NULL),(124,14,234,4,'2021-05-23 14:31:47',NULL),(125,14,235,5,'2021-05-23 14:31:47',NULL),(126,14,227,6,'2021-05-23 14:31:47',NULL),(127,14,219,11,'2021-05-23 14:31:47',NULL),(128,14,223,12,'2021-05-23 14:31:47',NULL),(129,14,218,13,'2021-05-23 14:31:47',NULL),(130,15,233,1,'2021-05-23 14:31:47',NULL),(131,15,235,2,'2021-05-23 14:31:47',NULL),(132,15,227,3,'2021-05-23 14:31:47',NULL),(133,15,228,5,'2021-05-23 14:31:47',NULL),(134,15,221,7,'2021-05-23 14:31:47',NULL),(135,15,219,8,'2021-05-23 14:31:47',NULL),(136,15,223,9,'2021-05-23 14:31:47',NULL),(137,15,218,10,'2021-05-23 14:31:47',NULL),(138,15,178,11,'2021-05-23 14:31:47',NULL),(139,15,179,13,'2021-05-23 14:31:47',NULL),(140,16,233,1,'2021-05-23 14:31:47',NULL),(141,16,235,2,'2021-05-23 14:31:47',NULL),(142,16,227,3,'2021-05-23 14:31:47',NULL),(143,16,228,5,'2021-05-23 14:31:47',NULL),(144,16,221,7,'2021-05-23 14:31:47',NULL),(145,16,219,8,'2021-05-23 14:31:47',NULL),(146,16,223,9,'2021-05-23 14:31:47',NULL),(147,16,218,10,'2021-05-23 14:31:47',NULL),(148,16,179,11,'2021-05-23 14:31:47',NULL),(149,16,40,12,'2021-05-23 14:31:47',NULL),(150,18,234,1,'2021-05-23 14:31:47',NULL),(151,18,235,2,'2021-05-23 14:31:47',NULL),(152,18,227,3,'2021-05-23 14:31:47',NULL),(153,18,219,8,'2021-05-23 14:31:47',NULL),(154,18,223,9,'2021-05-23 14:31:47',NULL),(155,18,218,10,'2021-05-23 14:31:47',NULL),(156,18,179,11,'2021-05-23 14:31:47',NULL),(157,18,40,12,'2021-05-23 14:31:47',NULL),(158,17,40,1,'2021-05-23 14:31:47',NULL),(159,17,179,2,'2021-05-23 14:31:47',NULL),(160,17,234,3,'2021-05-23 14:31:47',NULL),(161,17,235,4,'2021-05-23 14:31:47',NULL),(162,17,227,5,'2021-05-23 14:31:47',NULL),(163,17,219,10,'2021-05-23 14:31:47',NULL),(164,17,223,11,'2021-05-23 14:31:47',NULL),(165,17,218,12,'2021-05-23 14:31:47',NULL),(166,19,241,2,'2021-05-23 14:31:47',NULL),(167,19,242,3,'2021-05-23 14:31:47',NULL),(168,19,222,5,'2021-05-23 14:31:47',NULL),(169,19,218,6,'2021-05-23 14:31:47',NULL),(170,19,22,7,'2021-05-23 14:31:47',NULL),(171,19,24,8,'2021-05-23 14:31:47',NULL),(172,19,240,9,'2021-05-23 14:31:47',NULL),(173,20,240,1,'2021-05-23 14:31:47',NULL),(174,20,239,3,'2021-05-23 14:31:47',NULL),(175,20,242,4,'2021-05-23 14:31:47',NULL),(176,20,222,6,'2021-05-23 14:31:47',NULL),(177,20,218,7,'2021-05-23 14:31:47',NULL),(178,20,24,8,'2021-05-23 14:31:47',NULL),(179,21,240,1,'2021-05-23 14:31:47',NULL),(180,21,239,3,'2021-05-23 14:31:47',NULL),(181,21,242,4,'2021-05-23 14:31:47',NULL),(182,21,222,6,'2021-05-23 14:31:47',NULL),(183,21,218,7,'2021-05-23 14:31:47',NULL),(184,21,36,8,'2021-05-23 14:31:47',NULL),(185,22,241,2,'2021-05-23 14:31:47',NULL),(186,22,242,3,'2021-05-23 14:31:47',NULL),(187,22,222,5,'2021-05-23 14:31:47',NULL),(188,22,218,6,'2021-05-23 14:31:47',NULL),(189,22,108,7,'2021-05-23 14:31:47',NULL),(190,23,241,2,'2021-05-23 14:31:47',NULL),(191,23,242,3,'2021-05-23 14:31:47',NULL),(192,23,222,5,'2021-05-23 14:31:47',NULL),(193,23,218,6,'2021-05-23 14:31:47',NULL),(194,23,26,7,'2021-05-23 14:31:47',NULL),(195,24,63,1,'2021-05-23 14:31:47',NULL),(196,24,225,4,'2021-05-23 14:31:47',NULL),(197,24,218,5,'2021-05-23 14:31:47',NULL),(198,24,62,6,'2021-05-23 14:31:47',NULL),(199,25,63,1,'2021-05-23 14:31:47',NULL),(200,25,225,4,'2021-05-23 14:31:47',NULL),(201,25,218,5,'2021-05-23 14:31:47',NULL),(202,25,59,6,'2021-05-23 14:31:47',NULL),(233,32,225,5,'2021-05-23 14:31:47',NULL),(234,32,218,6,'2021-05-23 14:31:47',NULL),(236,33,225,5,'2021-05-23 14:31:47',NULL),(237,33,218,6,'2021-05-23 14:31:47',NULL),(238,34,11,1,'2021-05-23 14:31:47',NULL),(239,34,219,6,'2021-05-23 14:31:47',NULL),(240,34,223,7,'2021-05-23 14:31:47',NULL),(241,34,218,8,'2021-05-23 14:31:47',NULL),(242,35,125,1,'2021-05-23 14:31:47',NULL),(243,35,219,7,'2021-05-23 14:31:47',NULL),(244,35,223,8,'2021-05-23 14:31:47',NULL),(245,35,218,9,'2021-05-23 14:31:47',NULL),(246,35,222,10,'2021-05-23 14:31:47',NULL),(247,36,125,1,'2021-05-23 14:31:47',NULL),(248,36,219,7,'2021-05-23 14:31:47',NULL),(249,36,223,8,'2021-05-23 14:31:47',NULL),(250,36,218,9,'2021-05-23 14:31:47',NULL),(251,38,219,6,'2021-05-23 14:31:47',NULL),(252,38,223,7,'2021-05-23 14:31:47',NULL),(253,38,218,8,'2021-05-23 14:31:47',NULL),(254,38,125,9,'2021-05-23 14:31:47',NULL),(255,37,241,3,'2021-05-23 14:31:47',NULL),(256,37,242,4,'2021-05-23 14:31:47',NULL),(257,37,222,5,'2021-05-23 14:31:47',NULL),(258,37,218,6,'2021-05-23 14:31:47',NULL),(259,37,125,7,'2021-05-23 14:31:47',NULL),(260,39,255,1,'2021-05-23 14:31:47',NULL),(261,39,253,2,'2021-05-23 14:31:47',NULL),(262,39,245,3,'2021-05-23 14:31:47',NULL),(263,39,250,4,'2021-05-23 14:31:47',NULL),(264,39,243,6,'2021-05-23 14:31:47',NULL),(265,39,150,7,'2021-05-23 14:31:47',NULL),(266,40,246,2,'2021-05-23 14:31:47',NULL),(267,40,243,3,'2021-05-23 14:31:47',NULL),(268,40,150,4,'2021-05-23 14:31:47',NULL),(269,41,255,1,'2021-05-23 14:31:47',NULL),(270,41,253,2,'2021-05-23 14:31:47',NULL),(271,41,245,3,'2021-05-23 14:31:47',NULL),(272,41,250,4,'2021-05-23 14:31:47',NULL),(273,41,243,6,'2021-05-23 14:31:47',NULL),(274,41,146,7,'2021-05-23 14:31:47',NULL),(275,42,246,2,'2021-05-23 14:31:47',NULL),(276,42,243,3,'2021-05-23 14:31:47',NULL),(277,42,146,4,'2021-05-23 14:31:47',NULL),(278,43,251,1,'2021-05-23 14:31:47',NULL),(279,43,250,2,'2021-05-23 14:31:47',NULL),(280,43,243,3,'2021-05-23 14:31:47',NULL),(281,43,146,4,'2021-05-23 14:31:47',NULL),(282,44,255,1,'2021-05-23 14:31:47',NULL),(283,44,253,2,'2021-05-23 14:31:47',NULL),(284,44,245,3,'2021-05-23 14:31:47',NULL),(285,44,250,4,'2021-05-23 14:31:47',NULL),(286,44,243,6,'2021-05-23 14:31:47',NULL),(287,44,154,7,'2021-05-23 14:31:47',NULL),(288,45,120,1,'2021-05-23 14:31:47',NULL),(289,45,241,3,'2021-05-23 14:31:47',NULL),(290,45,242,4,'2021-05-23 14:31:47',NULL),(291,45,222,6,'2021-05-23 14:31:47',NULL),(292,45,218,7,'2021-05-23 14:31:47',NULL),(293,46,234,1,'2021-05-23 14:31:47',NULL),(294,46,235,2,'2021-05-23 14:31:47',NULL),(295,46,227,3,'2021-05-23 14:31:47',NULL),(296,46,219,8,'2021-05-23 14:31:47',NULL),(297,46,223,9,'2021-05-23 14:31:47',NULL),(298,46,218,10,'2021-05-23 14:31:47',NULL),(299,47,233,1,'2021-05-23 14:31:47',NULL),(300,47,235,2,'2021-05-23 14:31:47',NULL),(301,47,227,3,'2021-05-23 14:31:47',NULL),(302,47,228,5,'2021-05-23 14:31:47',NULL),(303,47,221,7,'2021-05-23 14:31:47',NULL),(304,47,219,8,'2021-05-23 14:31:47',NULL),(305,47,223,9,'2021-05-23 14:31:47',NULL),(306,47,218,10,'2021-05-23 14:31:47',NULL),(307,8,257,6,NULL,NULL),(308,11,257,13,NULL,NULL),(309,12,257,6,NULL,NULL),(311,15,257,6,NULL,NULL),(312,16,257,6,NULL,NULL),(313,47,257,6,NULL,NULL),(314,35,259,5,NULL,NULL),(315,36,259,5,NULL,NULL),(316,38,259,4,NULL,NULL),(317,14,259,9,NULL,NULL),(318,17,259,8,NULL,NULL),(319,18,259,6,NULL,NULL),(320,34,260,4,NULL,NULL),(321,35,261,4,NULL,NULL),(322,36,261,4,NULL,NULL),(323,38,261,3,NULL,NULL),(324,14,261,8,NULL,NULL),(325,17,261,7,NULL,NULL),(326,18,261,5,NULL,NULL),(327,35,262,3,NULL,NULL),(328,36,262,3,NULL,NULL),(329,38,262,2,NULL,NULL),(330,34,262,3,NULL,NULL),(331,34,263,2,NULL,NULL),(332,35,264,2,NULL,NULL),(333,36,264,2,NULL,NULL),(334,38,264,1,NULL,NULL),(335,8,229,4,NULL,NULL),(336,11,229,11,NULL,NULL),(337,12,229,4,NULL,NULL),(339,15,229,4,NULL,NULL),(340,16,229,4,NULL,NULL),(341,47,229,4,NULL,NULL),(342,48,237,1,'2021-05-23 14:31:51',NULL),(343,48,238,2,'2021-05-23 14:31:51',NULL),(344,48,227,3,'2021-05-23 14:31:51',NULL),(345,48,224,4,'2021-05-23 14:31:51',NULL),(346,48,223,5,'2021-05-23 14:31:51',NULL),(347,48,218,6,'2021-05-23 14:31:51',NULL),(348,48,84,7,'2021-05-23 14:31:51',NULL),(350,49,80,1,NULL,NULL),(351,49,236,2,NULL,NULL),(352,49,238,3,NULL,NULL),(353,49,227,4,NULL,NULL),(354,49,220,5,NULL,NULL),(355,49,224,6,NULL,NULL),(356,49,223,7,NULL,NULL),(357,49,218,8,NULL,NULL),(358,49,229,9,NULL,NULL),(359,49,228,10,NULL,NULL),(360,49,257,11,NULL,NULL),(361,49,221,12,NULL,NULL),(362,49,219,13,NULL,NULL),(364,50,80,1,NULL,NULL),(365,50,236,2,NULL,NULL),(366,50,238,3,NULL,NULL),(367,50,227,4,NULL,NULL),(368,50,220,5,NULL,NULL),(369,50,224,6,NULL,NULL),(370,50,223,7,NULL,NULL),(371,50,218,8,NULL,NULL),(372,50,233,9,NULL,NULL),(373,50,235,10,NULL,NULL),(374,50,228,11,NULL,NULL),(375,50,257,12,NULL,NULL),(376,50,219,14,NULL,NULL),(377,51,98,1,NULL,NULL),(378,51,80,2,NULL,NULL),(379,51,236,3,NULL,NULL),(380,51,238,4,NULL,NULL),(381,51,227,5,NULL,NULL),(382,51,220,6,NULL,NULL),(383,51,224,7,NULL,NULL),(384,51,223,8,NULL,NULL),(385,51,218,9,NULL,NULL),(386,52,200,1,NULL,NULL),(387,53,289,1,NULL,NULL),(388,53,241,2,NULL,NULL),(389,53,242,3,NULL,NULL),(390,53,222,5,NULL,NULL),(391,53,218,6,NULL,NULL),(393,37,289,2,NULL,NULL),(394,37,291,1,NULL,NULL),(395,19,292,10,NULL,NULL),(396,20,292,2,NULL,NULL),(397,21,292,2,NULL,NULL),(398,46,262,4,NULL,NULL),(399,14,262,7,NULL,NULL),(400,7,262,4,NULL,NULL),(401,18,262,4,NULL,NULL),(402,17,262,6,NULL,NULL),(403,46,261,5,NULL,NULL),(404,46,259,6,NULL,NULL),(405,7,261,5,NULL,NULL),(406,7,259,6,NULL,NULL),(407,39,249,5,NULL,NULL),(408,40,249,1,NULL,NULL),(409,54,254,1,NULL,NULL),(410,54,253,2,NULL,NULL),(411,54,245,3,NULL,NULL),(412,54,250,4,NULL,NULL),(413,54,249,5,NULL,NULL),(414,54,243,6,NULL,NULL),(415,54,150,7,NULL,NULL),(416,41,249,5,NULL,NULL),(417,55,255,1,NULL,NULL),(418,55,253,2,NULL,NULL),(419,55,245,3,NULL,NULL),(420,55,250,4,NULL,NULL),(421,55,249,5,NULL,NULL),(422,55,243,6,NULL,NULL),(423,55,146,7,NULL,NULL),(424,56,146,1,NULL,NULL),(425,56,255,2,NULL,NULL),(426,56,253,3,NULL,NULL),(427,56,245,4,NULL,NULL),(428,56,250,5,NULL,NULL),(429,56,249,6,NULL,NULL),(430,56,243,7,NULL,NULL),(431,42,249,1,NULL,NULL),(432,44,249,5,NULL,NULL),(433,57,248,1,NULL,NULL),(434,57,251,2,NULL,NULL),(435,57,250,3,NULL,NULL),(436,57,243,4,NULL,NULL),(437,57,154,5,NULL,NULL),(438,53,24,7,NULL,NULL),(439,58,54,1,NULL,NULL),(440,58,225,4,NULL,NULL),(441,58,218,5,NULL,NULL),(442,59,29,1,NULL,NULL),(443,59,31,2,NULL,NULL),(445,59,225,6,NULL,NULL),(446,59,218,7,NULL,NULL),(447,60,31,1,NULL,NULL),(449,60,225,5,NULL,NULL),(450,60,218,6,NULL,NULL),(451,32,29,1,NULL,NULL),(452,33,29,1,NULL,NULL),(453,7,297,7,NULL,NULL),(454,14,297,10,NULL,NULL),(455,18,297,7,NULL,NULL),(456,17,297,9,NULL,NULL),(457,34,297,5,NULL,NULL),(458,35,297,6,NULL,NULL),(459,36,297,6,NULL,NULL),(460,38,297,5,NULL,NULL),(461,46,297,7,NULL,NULL),(462,50,297,13,NULL,NULL),(463,12,297,16,NULL,NULL),(464,13,80,1,NULL,NULL),(465,13,236,2,NULL,NULL),(466,13,238,3,NULL,NULL),(467,13,227,4,NULL,NULL),(468,13,220,5,NULL,NULL),(469,13,224,6,NULL,NULL),(470,13,223,7,NULL,NULL),(471,13,218,8,NULL,NULL),(472,13,233,9,NULL,NULL),(473,13,235,10,NULL,NULL),(474,13,228,11,NULL,NULL),(475,13,219,12,NULL,NULL),(476,13,297,13,NULL,NULL),(477,61,11,1,NULL,NULL),(478,61,263,2,NULL,NULL),(479,61,262,3,NULL,NULL),(480,61,260,4,NULL,NULL),(481,61,297,5,NULL,NULL),(482,61,219,6,NULL,NULL),(483,61,223,7,NULL,NULL),(484,61,218,8,NULL,NULL),(485,61,291,9,NULL,NULL),(486,61,289,10,NULL,NULL),(487,61,241,11,NULL,NULL),(488,61,242,12,NULL,NULL),(489,62,240,1,NULL,NULL),(490,62,292,2,NULL,NULL),(491,62,239,3,NULL,NULL),(492,62,242,4,NULL,NULL),(493,62,222,6,NULL,NULL),(494,62,218,7,NULL,NULL),(495,62,36,8,NULL,NULL),(496,62,112,9,NULL,NULL),(497,60,298,4,NULL,NULL),(498,59,298,5,NULL,NULL),(499,32,298,4,NULL,NULL),(500,33,298,4,NULL,NULL),(501,60,299,3,NULL,NULL),(502,59,299,4,NULL,NULL),(503,32,299,3,NULL,NULL),(504,33,299,3,NULL,NULL),(505,60,300,2,NULL,NULL),(506,59,300,3,NULL,NULL),(507,32,300,2,NULL,NULL),(508,33,300,2,NULL,NULL),(509,58,302,3,NULL,NULL),(510,25,302,3,NULL,NULL),(511,24,302,3,NULL,NULL),(512,58,303,2,NULL,NULL),(513,25,304,2,NULL,NULL),(514,24,304,2,NULL,NULL),(515,63,187,1,NULL,NULL),(516,63,304,2,NULL,NULL),(517,63,302,3,NULL,NULL),(518,63,225,4,NULL,NULL),(519,63,218,5,NULL,NULL),(520,19,305,1,NULL,NULL),(521,45,305,2,NULL,NULL),(522,22,305,1,NULL,NULL),(523,23,305,1,NULL,NULL),(524,21,307,5,NULL,NULL),(525,62,307,5,NULL,NULL),(526,19,307,4,NULL,NULL),(527,20,307,5,NULL,NULL),(528,53,307,4,NULL,NULL),(529,22,307,4,NULL,NULL),(530,23,307,4,NULL,NULL),(531,45,307,5,NULL,NULL),(532,64,53,1,NULL,NULL),(533,64,224,2,NULL,NULL),(534,64,223,3,NULL,NULL),(535,64,218,4,NULL,NULL),(536,65,75,1,NULL,NULL),(537,65,73,2,NULL,NULL),(538,65,237,3,NULL,NULL),(539,65,238,4,NULL,NULL),(540,65,227,5,NULL,NULL),(541,65,224,6,NULL,NULL),(542,65,223,7,NULL,NULL),(543,65,218,8,NULL,NULL),(544,66,91,1,NULL,NULL),(545,66,94,2,NULL,NULL),(546,66,90,3,NULL,NULL),(547,66,236,4,NULL,NULL),(548,66,238,5,NULL,NULL),(549,66,227,6,NULL,NULL),(550,66,220,7,NULL,NULL),(551,66,224,8,NULL,NULL),(552,66,223,9,NULL,NULL),(553,66,218,10,NULL,NULL),(554,67,79,1,NULL,NULL),(555,67,80,2,NULL,NULL),(556,67,236,3,NULL,NULL),(557,67,238,4,NULL,NULL),(558,67,227,5,NULL,NULL),(559,67,220,6,NULL,NULL),(560,67,224,7,NULL,NULL),(561,67,223,8,NULL,NULL),(562,67,218,9,NULL,NULL),(563,68,70,1,NULL,NULL),(564,68,80,2,NULL,NULL),(565,68,236,3,NULL,NULL),(566,68,238,4,NULL,NULL),(567,68,227,5,NULL,NULL),(568,68,220,6,NULL,NULL),(569,68,224,7,NULL,NULL),(570,68,223,8,NULL,NULL),(571,68,218,9,NULL,NULL),(572,69,178,1,NULL,NULL),(573,69,179,3,NULL,NULL),(575,69,235,5,NULL,NULL),(576,69,227,6,NULL,NULL),(581,69,219,9,NULL,NULL),(582,69,223,10,NULL,NULL),(583,69,218,11,NULL,NULL),(584,70,40,1,NULL,NULL),(585,70,179,2,NULL,NULL),(586,70,234,3,NULL,NULL),(587,70,235,4,NULL,NULL),(588,70,227,5,NULL,NULL),(589,70,262,6,NULL,NULL),(590,70,261,7,NULL,NULL),(591,70,259,8,NULL,NULL),(592,70,297,9,NULL,NULL),(593,70,219,10,NULL,NULL),(594,70,223,11,NULL,NULL),(595,70,218,12,NULL,NULL),(596,71,190,1,NULL,NULL),(597,71,263,2,NULL,NULL),(598,71,262,3,NULL,NULL),(599,71,260,4,NULL,NULL),(600,71,297,5,NULL,NULL),(601,71,219,6,NULL,NULL),(602,71,223,7,NULL,NULL),(603,71,218,8,NULL,NULL),(604,72,97,1,NULL,NULL),(605,72,80,2,NULL,NULL),(606,72,236,3,NULL,NULL),(607,72,238,4,NULL,NULL),(608,72,227,5,NULL,NULL),(609,72,220,6,NULL,NULL),(610,72,224,7,NULL,NULL),(611,72,223,8,NULL,NULL),(612,72,218,9,NULL,NULL),(613,73,20,1,NULL,NULL),(614,73,24,2,NULL,NULL),(615,73,22,3,NULL,NULL),(616,73,289,4,NULL,NULL),(617,73,241,5,NULL,NULL),(618,73,242,6,NULL,NULL),(619,73,307,7,NULL,NULL),(620,73,222,8,NULL,NULL),(621,73,218,9,NULL,NULL),(622,74,36,1,NULL,NULL),(623,74,240,2,NULL,NULL),(624,74,292,3,NULL,NULL),(625,74,239,4,NULL,NULL),(626,74,242,5,NULL,NULL),(627,74,307,6,NULL,NULL),(628,74,222,7,NULL,NULL),(629,74,218,8,NULL,NULL),(630,75,108,1,NULL,NULL),(631,75,305,2,NULL,NULL),(632,75,241,3,NULL,NULL),(633,75,242,4,NULL,NULL),(634,75,307,5,NULL,NULL),(635,75,222,6,NULL,NULL),(636,75,218,7,NULL,NULL),(637,76,26,1,NULL,NULL),(638,76,305,2,NULL,NULL),(639,76,241,3,NULL,NULL),(640,76,242,4,NULL,NULL),(641,76,307,5,NULL,NULL),(642,76,222,6,NULL,NULL),(643,76,218,7,NULL,NULL),(644,77,62,1,NULL,NULL),(645,77,63,2,NULL,NULL),(646,77,304,3,NULL,NULL),(647,77,302,4,NULL,NULL),(648,77,225,5,NULL,NULL),(649,77,218,6,NULL,NULL),(650,78,59,1,NULL,NULL),(651,78,63,2,NULL,NULL),(652,78,304,3,NULL,NULL),(653,78,302,4,NULL,NULL),(654,78,225,5,NULL,NULL),(655,78,218,6,NULL,NULL),(656,79,63,1,NULL,NULL),(657,79,304,2,NULL,NULL),(658,79,302,3,NULL,NULL),(659,79,225,4,NULL,NULL),(660,79,218,5,NULL,NULL),(661,80,31,1,NULL,NULL),(662,80,300,2,NULL,NULL),(663,80,299,3,NULL,NULL),(664,80,298,4,NULL,NULL),(665,80,225,5,NULL,NULL),(666,80,218,6,NULL,NULL),(667,81,29,1,NULL,NULL),(668,81,300,2,NULL,NULL),(669,81,299,3,NULL,NULL),(670,81,298,4,NULL,NULL),(671,81,225,5,NULL,NULL),(672,81,218,6,NULL,NULL),(673,82,50,1,NULL,NULL),(674,82,53,2,NULL,NULL),(675,82,224,3,NULL,NULL),(676,82,223,4,NULL,NULL),(677,82,218,5,NULL,NULL),(678,83,46,1,NULL,NULL),(679,83,53,2,NULL,NULL),(680,83,224,3,NULL,NULL),(681,83,223,4,NULL,NULL),(682,83,218,5,NULL,NULL),(683,84,11,1,NULL,NULL),(684,84,263,2,NULL,NULL),(685,84,262,3,NULL,NULL),(686,84,260,4,NULL,NULL),(687,84,297,5,NULL,NULL),(688,84,219,6,NULL,NULL),(689,84,223,7,NULL,NULL),(690,84,218,8,NULL,NULL),(691,85,125,1,NULL,NULL),(692,85,264,2,NULL,NULL),(693,85,262,3,NULL,NULL),(694,85,261,4,NULL,NULL),(695,85,259,5,NULL,NULL),(696,85,297,6,NULL,NULL),(697,85,219,7,NULL,NULL),(698,85,223,8,NULL,NULL),(699,85,218,9,NULL,NULL),(700,86,150,1,NULL,NULL),(701,86,254,2,NULL,NULL),(702,86,253,3,NULL,NULL),(703,86,245,4,NULL,NULL),(704,86,250,5,NULL,NULL),(705,86,249,6,NULL,NULL),(706,86,243,7,NULL,NULL),(707,87,147,1,NULL,NULL),(708,87,146,2,NULL,NULL),(709,87,255,3,NULL,NULL),(710,87,253,4,NULL,NULL),(711,87,245,5,NULL,NULL),(712,87,250,6,NULL,NULL),(713,87,249,7,NULL,NULL),(714,87,243,8,NULL,NULL),(715,88,155,1,NULL,NULL),(716,88,154,2,NULL,NULL),(717,88,255,3,NULL,NULL),(718,88,253,4,NULL,NULL),(719,88,245,5,NULL,NULL),(720,88,250,6,NULL,NULL),(721,88,249,7,NULL,NULL),(722,88,243,8,NULL,NULL),(723,89,187,1,NULL,NULL),(724,89,304,2,NULL,NULL),(725,89,302,3,NULL,NULL),(726,89,225,4,NULL,NULL),(727,89,218,5,NULL,NULL),(728,90,115,1,NULL,NULL),(729,90,288,2,NULL,NULL),(730,90,292,3,NULL,NULL),(731,90,239,4,NULL,NULL),(732,90,242,5,NULL,NULL),(733,90,307,6,NULL,NULL),(734,90,222,7,NULL,NULL),(735,90,218,8,NULL,NULL),(736,91,175,1,NULL,NULL),(737,91,308,2,NULL,NULL),(738,91,222,3,NULL,NULL),(739,91,218,4,NULL,NULL),(740,92,120,1,NULL,NULL),(741,92,305,2,NULL,NULL),(742,92,241,3,NULL,NULL),(743,92,242,4,NULL,NULL),(744,92,307,5,NULL,NULL),(745,92,222,6,NULL,NULL),(746,92,218,7,NULL,NULL),(747,93,203,1,NULL,NULL),(748,93,91,2,NULL,NULL),(749,93,94,3,NULL,NULL),(750,93,90,4,NULL,NULL),(751,93,234,5,NULL,NULL),(752,93,235,6,NULL,NULL),(753,93,227,7,NULL,NULL),(754,93,219,8,NULL,NULL),(755,93,223,9,NULL,NULL),(756,93,218,10,NULL,NULL),(757,94,139,1,NULL,NULL),(758,94,140,2,NULL,NULL),(759,94,249,3,NULL,NULL),(760,94,246,4,NULL,NULL),(761,94,243,5,NULL,NULL),(762,95,1,1,NULL,NULL),(763,95,3,2,NULL,NULL),(764,95,252,3,NULL,NULL),(765,95,248,4,NULL,NULL),(766,95,251,5,NULL,NULL),(767,95,250,6,NULL,NULL),(768,95,243,7,NULL,NULL),(769,96,5,1,NULL,NULL),(770,96,3,2,NULL,NULL),(771,96,252,3,NULL,NULL),(772,96,248,4,NULL,NULL),(773,96,251,5,NULL,NULL),(774,96,250,6,NULL,NULL),(775,96,243,7,NULL,NULL),(776,97,9,1,NULL,NULL),(777,97,248,2,NULL,NULL),(778,97,251,3,NULL,NULL),(779,97,250,4,NULL,NULL),(780,97,243,5,NULL,NULL),(781,98,11,1,NULL,NULL),(782,98,219,2,NULL,NULL),(783,98,223,3,NULL,NULL),(784,98,218,4,NULL,NULL),(785,99,17,1,NULL,NULL),(786,99,300,2,NULL,NULL),(787,99,299,3,NULL,NULL),(788,99,298,4,NULL,NULL),(789,99,225,5,NULL,NULL),(790,99,218,6,NULL,NULL),(791,100,54,1,NULL,NULL),(792,100,303,2,NULL,NULL),(793,100,302,3,NULL,NULL),(794,100,225,4,NULL,NULL),(795,100,218,5,NULL,NULL),(796,101,68,1,NULL,NULL),(797,101,237,2,NULL,NULL),(798,101,238,3,NULL,NULL),(799,101,227,4,NULL,NULL),(800,101,224,5,NULL,NULL),(801,101,223,6,NULL,NULL),(802,101,218,7,NULL,NULL),(803,102,100,1,NULL,NULL),(804,102,236,2,NULL,NULL),(805,102,238,3,NULL,NULL),(806,102,227,4,NULL,NULL),(807,102,220,5,NULL,NULL),(808,102,224,6,NULL,NULL),(809,102,223,7,NULL,NULL),(810,102,218,8,NULL,NULL),(811,103,254,1,NULL,NULL),(812,103,253,2,NULL,NULL),(813,103,245,3,NULL,NULL),(814,103,250,4,NULL,NULL),(815,103,243,5,NULL,NULL),(816,104,104,1,NULL,NULL),(817,104,288,2,NULL,NULL),(818,104,292,3,NULL,NULL),(819,104,239,4,NULL,NULL),(820,104,242,5,NULL,NULL),(821,104,307,6,NULL,NULL),(822,104,222,7,NULL,NULL),(823,105,106,1,NULL,NULL),(824,105,305,2,NULL,NULL),(825,105,241,3,NULL,NULL),(826,105,242,4,NULL,NULL),(827,105,307,5,NULL,NULL),(828,105,222,6,NULL,NULL),(829,105,218,7,NULL,NULL),(830,106,113,1,NULL,NULL),(831,106,112,2,NULL,NULL),(832,106,36,3,NULL,NULL),(833,106,240,4,NULL,NULL),(834,106,292,5,NULL,NULL),(835,106,239,6,NULL,NULL),(836,106,242,7,NULL,NULL),(837,106,307,8,NULL,NULL),(838,106,222,9,NULL,NULL),(839,106,218,10,NULL,NULL),(840,107,122,1,NULL,NULL),(841,107,120,2,NULL,NULL),(842,107,305,3,NULL,NULL),(843,107,241,4,NULL,NULL),(844,107,242,5,NULL,NULL),(845,107,307,6,NULL,NULL),(846,107,222,7,NULL,NULL),(847,107,218,8,NULL,NULL),(848,108,132,1,NULL,NULL),(849,108,247,2,NULL,NULL),(850,108,246,3,NULL,NULL),(851,108,243,4,NULL,NULL),(852,109,135,1,NULL,NULL),(853,109,247,2,NULL,NULL),(854,109,246,3,NULL,NULL),(855,109,243,4,NULL,NULL),(856,110,137,1,NULL,NULL),(857,110,247,2,NULL,NULL),(858,110,246,3,NULL,NULL),(859,110,243,4,NULL,NULL),(860,111,144,1,NULL,NULL),(861,111,143,2,NULL,NULL),(862,111,247,3,NULL,NULL),(863,111,246,4,NULL,NULL),(864,111,243,5,NULL,NULL),(865,112,161,1,NULL,NULL),(866,112,247,2,NULL,NULL),(867,112,246,3,NULL,NULL),(868,112,243,4,NULL,NULL),(869,113,163,1,NULL,NULL),(870,113,249,2,NULL,NULL),(871,113,246,3,NULL,NULL),(872,113,243,4,NULL,NULL),(873,114,165,1,NULL,NULL),(874,114,247,2,NULL,NULL),(875,114,246,3,NULL,NULL),(876,114,243,4,NULL,NULL),(877,115,173,1,NULL,NULL),(878,115,172,2,NULL,NULL),(879,115,179,4,NULL,NULL),(881,115,235,6,NULL,NULL),(882,115,227,7,NULL,NULL),(887,115,219,10,NULL,NULL),(888,115,223,11,NULL,NULL),(889,115,218,12,NULL,NULL),(890,116,185,1,NULL,NULL),(891,116,264,2,NULL,NULL),(892,116,262,3,NULL,NULL),(893,116,261,4,NULL,NULL),(894,116,259,5,NULL,NULL),(895,116,297,6,NULL,NULL),(896,116,219,7,NULL,NULL),(897,116,223,8,NULL,NULL),(898,116,218,9,NULL,NULL),(899,117,84,1,NULL,NULL),(900,117,237,2,NULL,NULL),(901,117,238,3,NULL,NULL),(902,117,227,4,NULL,NULL),(903,117,224,5,NULL,NULL),(904,117,223,6,NULL,NULL),(905,117,218,7,NULL,NULL),(906,118,251,1,NULL,NULL),(907,118,250,2,NULL,NULL),(908,118,243,3,NULL,NULL),(909,119,251,1,NULL,NULL),(910,119,250,2,NULL,NULL),(911,119,243,3,NULL,NULL),(912,120,251,1,NULL,NULL),(913,120,250,2,NULL,NULL),(914,120,243,3,NULL,NULL),(915,121,158,1,NULL,NULL),(916,121,251,2,NULL,NULL),(917,121,250,3,NULL,NULL),(918,121,243,4,NULL,NULL),(919,122,129,1,NULL,NULL),(920,122,130,2,NULL,NULL),(921,122,294,3,NULL,NULL),(922,122,200,4,NULL,NULL),(923,123,209,1,NULL,NULL),(924,123,207,2,NULL,NULL),(925,123,293,3,NULL,NULL),(926,123,200,4,NULL,NULL),(927,124,212,1,NULL,NULL),(928,124,213,2,NULL,NULL),(929,124,293,3,NULL,NULL),(930,124,200,4,NULL,NULL),(931,125,274,1,NULL,NULL),(932,125,303,2,NULL,NULL),(933,125,302,3,NULL,NULL),(934,125,225,4,NULL,NULL),(935,125,218,5,NULL,NULL),(936,126,303,1,NULL,NULL),(937,126,302,2,NULL,NULL),(938,126,225,3,NULL,NULL),(939,126,218,4,NULL,NULL),(940,127,80,1,NULL,NULL),(941,127,236,2,NULL,NULL),(942,127,238,3,NULL,NULL),(943,127,227,4,NULL,NULL),(944,127,220,5,NULL,NULL),(945,127,224,6,NULL,NULL),(946,127,223,7,NULL,NULL),(947,127,218,8,NULL,NULL),(948,128,215,1,NULL,NULL),(949,128,216,2,NULL,NULL),(950,128,293,3,NULL,NULL),(951,128,200,4,NULL,NULL),(952,129,276,1,NULL,NULL),(953,129,197,2,NULL,NULL),(954,129,294,3,NULL,NULL),(955,129,200,4,NULL,NULL),(956,130,29,1,NULL,NULL),(957,130,300,2,NULL,NULL),(958,130,299,3,NULL,NULL),(959,130,298,4,NULL,NULL),(960,130,225,5,NULL,NULL),(961,130,218,6,NULL,NULL),(962,131,287,1,NULL,NULL),(963,131,200,2,NULL,NULL),(964,132,316,1,NULL,NULL),(965,132,317,2,NULL,NULL),(966,133,321,1,NULL,NULL),(967,134,80,1,NULL,NULL),(968,134,236,2,NULL,NULL),(969,134,238,3,NULL,NULL),(970,134,227,4,NULL,NULL),(971,134,220,5,NULL,NULL),(972,134,224,6,NULL,NULL),(973,134,223,7,NULL,NULL),(974,134,218,8,NULL,NULL),(975,14,325,2,NULL,NULL),(976,15,325,12,NULL,NULL),(977,69,325,2,NULL,NULL),(978,115,325,3,NULL,NULL),(979,69,221,8,NULL,NULL),(980,69,228,7,NULL,NULL),(981,69,233,4,NULL,NULL),(982,115,221,9,NULL,NULL),(983,115,228,8,NULL,NULL),(984,115,233,5,NULL,NULL);
/*!40000 ALTER TABLE `handoff_orders` ENABLE KEYS */;
UNLOCK TABLES;

--
-- Table structure for table `handoffs`
--

DROP TABLE IF EXISTS `handoffs`;
/*!40101 SET @saved_cs_client     = @@character_set_client */;
/*!40101 SET character_set_client = utf8 */;
CREATE TABLE `handoffs` (
  `id` bigint unsigned NOT NULL AUTO_INCREMENT,
  `key` varchar(255) CHARACTER SET utf8mb4 COLLATE utf8mb4_unicode_ci NOT NULL,
  `description` varchar(255) CHARACTER SET utf8mb4 COLLATE utf8mb4_unicode_ci NOT NULL,
  `created_at` timestamp NULL DEFAULT NULL,
  `updated_at` timestamp NULL DEFAULT NULL,
  PRIMARY KEY (`id`),
  UNIQUE KEY `handoffs_key_unique` (`key`)
) ENGINE=InnoDB AUTO_INCREMENT=135 DEFAULT CHARSET=utf8mb4 COLLATE=utf8mb4_unicode_ci;
/*!40101 SET character_set_client = @saved_cs_client */;

--
-- Dumping data for table `handoffs`
--

LOCK TABLES `handoffs` WRITE;
/*!40000 ALTER TABLE `handoffs` DISABLE KEYS */;
INSERT INTO `handoffs` VALUES (1,'EGKK_SID_EAST','Gatwick Eastbound Departures (Except BIG)','2021-05-23 14:31:47',NULL),(2,'EGKK_SID_BIG','Gatwick Biggin Departures','2021-05-23 14:31:47',NULL),(3,'EGKK_SID_WEST','Gatwick Westbound and Southbound Departures','2021-05-23 14:31:47',NULL),(4,'EGKK_SID_SFD_08','Gatwick SFD Departures on Easterlies','2021-05-23 14:31:47',NULL),(5,'EGLL_SID_SOUTH_EAST','Heathrow South-eastbound Departures','2021-05-23 14:31:47',NULL),(6,'EGLL_SID_SOUTH_WEST','Heathrow South-westbound Departures','2021-05-23 14:31:47',NULL),(7,'EGLL_SID_NORTH_WEST','Heathrow North-westbound Departures','2021-05-23 14:31:47',NULL),(8,'EGLL_SID_NORTH_EAST','Heathrow North-eastbound Departures','2021-05-23 14:31:47',NULL),(9,'EGLL_SID_CPT_09','Heathrow CPT Departures on Easterlies','2021-05-23 14:31:47',NULL),(10,'EGLC_SID_SOUTH','London City Southbound Departures','2021-05-23 14:31:47',NULL),(11,'EGLC_SID_CLN','London City Clacton Departures','2021-05-23 14:31:47',NULL),(12,'EGLC_SID_BPK_CPT_09','London City Brookmans Park / Compton Departures on 09','2021-05-23 14:31:47',NULL),(13,'EGLC_SID_BPK_CPT_27','London City Brookmans Park / Compton Departures on 27','2021-05-23 14:31:47',NULL),(14,'EGSS_SID_WEST','London Stansted Westbound Departures','2021-05-23 14:31:47',NULL),(15,'EGSS_SID_EAST_SOUTH','London Stansted South and Eastbound Departures','2021-05-23 14:31:47',NULL),(16,'EGGW_SID_SOUTH_EAST','London Luton South and Eastbound Departures','2021-05-23 14:31:47',NULL),(17,'EGGW_SID_WEST_08','London Luton Westbound Departures on 08','2021-05-23 14:31:47',NULL),(18,'EGGW_SID_WEST_26','London Luton Westbound Departures on 26','2021-05-23 14:31:47',NULL),(19,'EGCC_SID_EAST_NORTH','Manchester East and Northbound Departures','2021-05-23 14:31:47',NULL),(20,'EGCC_SID_WEST','Manchester Westbound Departures','2021-05-23 14:31:47',NULL),(21,'EGGP_SID','Liverpool Departures','2021-05-23 14:31:47',NULL),(22,'EGNM_SID','Leeds Departures','2021-05-23 14:31:47',NULL),(23,'EGCN_SID','Doncaster Departures','2021-05-23 14:31:47',NULL),(24,'EGJJ_SID','Jersey Departures','2021-05-23 14:31:47',NULL),(25,'EGJB_SID','Guernsey Departures','2021-05-23 14:31:47',NULL),(32,'EGFF_SID_NORTH','Cardiff Northbound Departures','2021-05-23 14:31:47',NULL),(33,'EGFF_SID_SOUTH','Cardiff Southbound Departures','2021-05-23 14:31:47',NULL),(34,'EGBB_SID','Birmingham Departures','2021-05-23 14:31:47',NULL),(35,'EGNX_SID_NORTH_09','East Midlands Northbound Departures on 09','2021-05-23 14:31:47',NULL),(36,'EGNX_SID_SOUTH_09','East Midlands Southbound Departures on 09','2021-05-23 14:31:47',NULL),(37,'EGNX_SID_NORTH_27','East Midlands Northbound Departures on 27','2021-05-23 14:31:47',NULL),(38,'EGNX_SID_SOUTH_27','East Midlands Southbound Departures on 27','2021-05-23 14:31:47',NULL),(39,'EGPH_SID_SOUTH','Edinburgh Southbound Departures','2021-05-23 14:31:47',NULL),(40,'EGPH_SID_NORTH','Edinburgh Northbound Departures','2021-05-23 14:31:47',NULL),(41,'EGPF_SID_SOUTH','Glasgow Southbound Departures','2021-05-23 14:31:47',NULL),(42,'EGPF_SID_NORTH','Glasgow Northbound Departures','2021-05-23 14:31:47',NULL),(43,'EGPF_SID_WEST','Glasgow Westbound Departures','2021-05-23 14:31:47',NULL),(44,'EGPK_SID_EAST_SOUTH','EGPK SIDs Eastbound and TRN','2021-05-23 14:31:47',NULL),(45,'EGNT_SID','Newcastle Departures','2021-05-23 14:31:47',NULL),(46,'EGWU_SID_WEST','Northolt Westbound Departures','2021-05-23 14:31:47',NULL),(47,'EGWU_SID_EAST','Northolt Eastbound Departures','2021-05-23 14:31:47',NULL),(48,'EGLF_SID','Farnborough Departures','2021-05-23 14:31:51',NULL),(49,'EGMC_PDR_CLACTON','Southend Clacton PDRs','2021-05-23 14:31:51','2021-05-23 14:31:51'),(50,'EGMC_PDR_EVNAS','Southend EVNAS PDRs','2021-05-23 14:31:52','2021-05-23 14:31:52'),(51,'EGMC_PDR_DET','Southend Detling PDRs','2021-05-23 14:31:52','2021-05-23 14:31:52'),(52,'EGVA_SID','Fairford Departures','2021-05-23 14:31:56','2021-05-23 14:31:56'),(53,'EGCC_SID_SOUTH','EGCC Southbound SIDs','2021-05-23 14:31:56','2021-05-23 14:31:56'),(54,'EGPH_SID_EAST','EGPH Eastbound SIDs (TLA)','2021-05-23 14:32:27','2021-05-23 14:32:27'),(55,'EGPH_SID_TRN_LUSIV_23','EGPH Departures via TRN/LUSIV Runway 23','2021-05-23 14:32:27','2021-05-23 14:32:27'),(56,'EGPH_SID_TRN_LUSIV_05','EGPH Departures via TRN/LUSIV Runway 05','2021-05-23 14:32:27','2021-05-23 14:32:27'),(57,'EGPK_SID_WEST','EGPK Westbound SIDs','2021-05-23 14:32:27','2021-05-23 14:32:27'),(58,'EGHQ_DEPARTURE','EGHQ Standard Departures','2021-05-23 14:32:28','2021-05-23 14:32:28'),(59,'EGGD_SID_BCN_EXMOR_27','Bristol BCN/EXMOR Departures On Runway 27','2021-05-23 14:32:31','2021-05-23 14:32:31'),(60,'EGGD_SID','All Bristol Sids On 09, BADIM on 27','2021-05-23 14:32:31','2021-05-23 14:32:31'),(61,'EGBB_SID_NORTHBOUND','Birmingham Northbound SIDs','2021-05-23 14:32:32','2021-05-23 14:32:32'),(62,'EGNR_DEPARTURE','EGNR Airways Departures','2021-05-23 14:32:33','2021-05-23 14:32:33'),(63,'EGTE_DEPARTURE','EGTE Standard Departures','2021-05-23 14:32:35','2021-05-23 14:32:35'),(64,'EGHI_DEPARTURE','EGHI Departures','2022-01-03 13:49:12','2022-01-03 13:49:12'),(65,'AIRFIELD_EGKK_DEFAULT_HANDOFF','Default departure handoff for EGKK','2022-01-03 13:49:20','2022-01-03 13:49:20'),(66,'AIRFIELD_EGLL_DEFAULT_HANDOFF','Default departure handoff for EGLL','2022-01-03 13:49:20','2022-01-03 13:49:20'),(67,'AIRFIELD_EGLC_DEFAULT_HANDOFF','Default departure handoff for EGLC','2022-01-03 13:49:20','2022-01-03 13:49:20'),(68,'AIRFIELD_EGKB_DEFAULT_HANDOFF','Default departure handoff for EGKB','2022-01-03 13:49:20','2022-01-03 13:49:20'),(69,'AIRFIELD_EGSS_DEFAULT_HANDOFF','Default departure handoff for EGSS','2022-01-03 13:49:20','2022-01-03 13:49:20'),(70,'AIRFIELD_EGGW_DEFAULT_HANDOFF','Default departure handoff for EGGW','2022-01-03 13:49:20','2022-01-03 13:49:20'),(71,'AIRFIELD_EGTK_DEFAULT_HANDOFF','Default departure handoff for EGTK','2022-01-03 13:49:20','2022-01-03 13:49:20'),(72,'AIRFIELD_EGMC_DEFAULT_HANDOFF','Default departure handoff for EGMC','2022-01-03 13:49:20','2022-01-03 13:49:20'),(73,'AIRFIELD_EGCC_DEFAULT_HANDOFF','Default departure handoff for EGCC','2022-01-03 13:49:20','2022-01-03 13:49:20'),(74,'AIRFIELD_EGGP_DEFAULT_HANDOFF','Default departure handoff for EGGP','2022-01-03 13:49:20','2022-01-03 13:49:20'),(75,'AIRFIELD_EGNM_DEFAULT_HANDOFF','Default departure handoff for EGNM','2022-01-03 13:49:20','2022-01-03 13:49:20'),(76,'AIRFIELD_EGCN_DEFAULT_HANDOFF','Default departure handoff for EGCN','2022-01-03 13:49:20','2022-01-03 13:49:20'),(77,'AIRFIELD_EGJJ_DEFAULT_HANDOFF','Default departure handoff for EGJJ','2022-01-03 13:49:20','2022-01-03 13:49:20'),(78,'AIRFIELD_EGJB_DEFAULT_HANDOFF','Default departure handoff for EGJB','2022-01-03 13:49:20','2022-01-03 13:49:20'),(79,'AIRFIELD_EGJA_DEFAULT_HANDOFF','Default departure handoff for EGJA','2022-01-03 13:49:20','2022-01-03 13:49:20'),(80,'AIRFIELD_EGGD_DEFAULT_HANDOFF','Default departure handoff for EGGD','2022-01-03 13:49:20','2022-01-03 13:49:20'),(81,'AIRFIELD_EGFF_DEFAULT_HANDOFF','Default departure handoff for EGFF','2022-01-03 13:49:20','2022-01-03 13:49:20'),(82,'AIRFIELD_EGHI_DEFAULT_HANDOFF','Default departure handoff for EGHI','2022-01-03 13:49:20','2022-01-03 13:49:20'),(83,'AIRFIELD_EGHH_DEFAULT_HANDOFF','Default departure handoff for EGHH','2022-01-03 13:49:20','2022-01-03 13:49:20'),(84,'AIRFIELD_EGBB_DEFAULT_HANDOFF','Default departure handoff for EGBB','2022-01-03 13:49:20','2022-01-03 13:49:20'),(85,'AIRFIELD_EGNX_DEFAULT_HANDOFF','Default departure handoff for EGNX','2022-01-03 13:49:20','2022-01-03 13:49:20'),(86,'AIRFIELD_EGPH_DEFAULT_HANDOFF','Default departure handoff for EGPH','2022-01-03 13:49:21','2022-01-03 13:49:21'),(87,'AIRFIELD_EGPF_DEFAULT_HANDOFF','Default departure handoff for EGPF','2022-01-03 13:49:21','2022-01-03 13:49:21'),(88,'AIRFIELD_EGPK_DEFAULT_HANDOFF','Default departure handoff for EGPK','2022-01-03 13:49:21','2022-01-03 13:49:21'),(89,'AIRFIELD_EGTE_DEFAULT_HANDOFF','Default departure handoff for EGTE','2022-01-03 13:49:21','2022-01-03 13:49:21'),(90,'AIRFIELD_EGNS_DEFAULT_HANDOFF','Default departure handoff for EGNS','2022-01-03 13:49:21','2022-01-03 13:49:21'),(91,'AIRFIELD_EGSH_DEFAULT_HANDOFF','Default departure handoff for EGSH','2022-01-03 13:49:21','2022-01-03 13:49:21'),(92,'AIRFIELD_EGNT_DEFAULT_HANDOFF','Default departure handoff for EGNT','2022-01-03 13:49:21','2022-01-03 13:49:21'),(93,'AIRFIELD_EGWU_DEFAULT_HANDOFF','Default departure handoff for EGWU','2022-01-03 13:49:21','2022-01-03 13:49:21'),(94,'AIRFIELD_EGPD_DEFAULT_HANDOFF','Default departure handoff for EGPD','2022-01-03 13:49:21','2022-01-03 13:49:21'),(95,'AIRFIELD_EGAA_DEFAULT_HANDOFF','Default departure handoff for EGAA','2022-01-03 13:49:21','2022-01-03 13:49:21'),(96,'AIRFIELD_EGAC_DEFAULT_HANDOFF','Default departure handoff for EGAC','2022-01-03 13:49:21','2022-01-03 13:49:21'),(97,'AIRFIELD_EGAE_DEFAULT_HANDOFF','Default departure handoff for EGAE','2022-01-03 13:49:21','2022-01-03 13:49:21'),(98,'AIRFIELD_EGBE_DEFAULT_HANDOFF','Default departure handoff for EGBE','2022-01-03 13:49:21','2022-01-03 13:49:21'),(99,'AIRFIELD_EGBJ_DEFAULT_HANDOFF','Default departure handoff for EGBJ','2022-01-03 13:49:21','2022-01-03 13:49:21'),(100,'AIRFIELD_EGHQ_DEFAULT_HANDOFF','Default departure handoff for EGHQ','2022-01-03 13:49:21','2022-01-03 13:49:21'),(101,'AIRFIELD_EGKA_DEFAULT_HANDOFF','Default departure handoff for EGKA','2022-01-03 13:49:21','2022-01-03 13:49:21'),(102,'AIRFIELD_EGMD_DEFAULT_HANDOFF','Default departure handoff for EGMD','2022-01-03 13:49:21','2022-01-03 13:49:21'),(103,'AIRFIELD_EGNC_DEFAULT_HANDOFF','Default departure handoff for EGNC','2022-01-03 13:49:21','2022-01-03 13:49:21'),(104,'AIRFIELD_EGNH_DEFAULT_HANDOFF','Default departure handoff for EGNH','2022-01-03 13:49:21','2022-01-03 13:49:21'),(105,'AIRFIELD_EGNJ_DEFAULT_HANDOFF','Default departure handoff for EGNJ','2022-01-03 13:49:21','2022-01-03 13:49:21'),(106,'AIRFIELD_EGNR_DEFAULT_HANDOFF','Default departure handoff for EGNR','2022-01-03 13:49:21','2022-01-03 13:49:21'),(107,'AIRFIELD_EGNV_DEFAULT_HANDOFF','Default departure handoff for EGNV','2022-01-03 13:49:21','2022-01-03 13:49:21'),(108,'AIRFIELD_EGPA_DEFAULT_HANDOFF','Default departure handoff for EGPA','2022-01-03 13:49:21','2022-01-03 13:49:21'),(109,'AIRFIELD_EGPB_DEFAULT_HANDOFF','Default departure handoff for EGPB','2022-01-03 13:49:21','2022-01-03 13:49:21'),(110,'AIRFIELD_EGPC_DEFAULT_HANDOFF','Default departure handoff for EGPC','2022-01-03 13:49:21','2022-01-03 13:49:21'),(111,'AIRFIELD_EGPE_DEFAULT_HANDOFF','Default departure handoff for EGPE','2022-01-03 13:49:21','2022-01-03 13:49:21'),(112,'AIRFIELD_EGPM_DEFAULT_HANDOFF','Default departure handoff for EGPM','2022-01-03 13:49:21','2022-01-03 13:49:21'),(113,'AIRFIELD_EGPN_DEFAULT_HANDOFF','Default departure handoff for EGPN','2022-01-03 13:49:21','2022-01-03 13:49:21'),(114,'AIRFIELD_EGPO_DEFAULT_HANDOFF','Default departure handoff for EGPO','2022-01-03 13:49:21','2022-01-03 13:49:21'),(115,'AIRFIELD_EGSC_DEFAULT_HANDOFF','Default departure handoff for EGSC','2022-01-03 13:49:21','2022-01-03 13:49:21'),(116,'AIRFIELD_EGTC_DEFAULT_HANDOFF','Default departure handoff for EGTC','2022-01-03 13:49:21','2022-01-03 13:49:21'),(117,'AIRFIELD_EGLF_DEFAULT_HANDOFF','Default departure handoff for EGLF','2022-01-03 13:49:21','2022-01-03 13:49:21'),(118,'AIRFIELD_EGEO_DEFAULT_HANDOFF','Default departure handoff for EGEO','2022-01-03 13:49:21','2022-01-03 13:49:21'),(119,'AIRFIELD_EGPU_DEFAULT_HANDOFF','Default departure handoff for EGPU','2022-01-03 13:49:21','2022-01-03 13:49:21'),(120,'AIRFIELD_EGPR_DEFAULT_HANDOFF','Default departure handoff for EGPR','2022-01-03 13:49:21','2022-01-03 13:49:21'),(121,'AIRFIELD_EGPL_DEFAULT_HANDOFF','Default departure handoff for EGPL','2022-01-03 13:49:21','2022-01-03 13:49:21'),(122,'AIRFIELD_EGOV_DEFAULT_HANDOFF','Default departure handoff for EGOV','2022-01-03 13:49:21','2022-01-03 13:49:21'),(123,'AIRFIELD_EGXC_DEFAULT_HANDOFF','Default departure handoff for EGXC','2022-01-03 13:49:21','2022-01-03 13:49:21'),(124,'AIRFIELD_EGYD_DEFAULT_HANDOFF','Default departure handoff for EGYD','2022-01-03 13:49:21','2022-01-03 13:49:21'),(125,'AIRFIELD_EGHE_DEFAULT_HANDOFF','Default departure handoff for EGHE','2022-01-03 13:49:21','2022-01-03 13:49:21'),(126,'AIRFIELD_EGHC_DEFAULT_HANDOFF','Default departure handoff for EGHC','2022-01-03 13:49:21','2022-01-03 13:49:21'),(127,'AIRFIELD_EGTO_DEFAULT_HANDOFF','Default departure handoff for EGTO','2022-01-03 13:49:21','2022-01-03 13:49:21'),(128,'AIRFIELD_EGYM_DEFAULT_HANDOFF','Default departure handoff for EGYM','2022-01-03 13:49:21','2022-01-03 13:49:21'),(129,'AIRFIELD_EGVN_DEFAULT_HANDOFF','Default departure handoff for EGVN','2022-01-03 13:49:21','2022-01-03 13:49:21'),(130,'AIRFIELD_EGSY_DEFAULT_HANDOFF','Default departure handoff for EGSY','2022-01-03 13:49:21','2022-01-03 13:49:21'),(131,'AIRFIELD_EGVA_DEFAULT_HANDOFF','Default departure handoff for EGVA','2022-01-03 13:49:21','2022-01-03 13:49:21'),(132,'AIRFIELD_EGNO_DEFAULT_HANDOFF','Default departure handoff for EGNO','2022-01-03 13:49:21','2022-01-03 13:49:21'),(133,'AIRFIELD_EGHG_DEFAULT_HANDOFF','Default departure handoff for EGHG','2022-01-03 13:49:21','2022-01-03 13:49:21'),(134,'EGKB_DEPARTURE','Biggin Hill Standard Route Departures','2022-07-30 16:23:13','2022-07-30 16:23:13');
/*!40000 ALTER TABLE `handoffs` ENABLE KEYS */;
UNLOCK TABLES;

--
-- Table structure for table `hold_restrictions`
--

DROP TABLE IF EXISTS `hold_restrictions`;
/*!40101 SET @saved_cs_client     = @@character_set_client */;
/*!40101 SET character_set_client = utf8 */;
CREATE TABLE `hold_restrictions` (
  `id` int unsigned NOT NULL AUTO_INCREMENT,
  `hold_id` int unsigned NOT NULL COMMENT 'The hold the restriction applies to',
  `restriction` json NOT NULL COMMENT 'JSON containing information about the restriction',
  `created_at` timestamp NULL DEFAULT NULL,
  `updated_at` timestamp NULL DEFAULT NULL,
  PRIMARY KEY (`id`),
  KEY `hold_restriction_hold_id_foreign` (`hold_id`),
  CONSTRAINT `hold_restriction_hold_id_foreign` FOREIGN KEY (`hold_id`) REFERENCES `holds` (`id`) ON DELETE CASCADE
) ENGINE=InnoDB AUTO_INCREMENT=40 DEFAULT CHARSET=utf8mb4 COLLATE=utf8mb4_unicode_ci;
/*!40101 SET character_set_client = @saved_cs_client */;

--
-- Dumping data for table `hold_restrictions`
--

LOCK TABLES `hold_restrictions` WRITE;
/*!40000 ALTER TABLE `hold_restrictions` DISABLE KEYS */;
INSERT INTO `hold_restrictions` VALUES (1,1,'{\"type\": \"minimum-level\", \"level\": \"MSL\", \"target\": \"EGKK\"}','2021-05-23 14:31:44',NULL),(2,2,'{\"type\": \"minimum-level\", \"level\": \"MSL\", \"target\": \"EGKK\"}','2021-05-23 14:31:44',NULL),(3,3,'{\"type\": \"minimum-level\", \"level\": \"MSL\", \"runway\": {\"type\": \"any\", \"designator\": \"05L\"}, \"target\": \"EGCC\", \"override\": 7000}','2021-05-23 14:31:44',NULL),(4,3,'{\"type\": \"minimum-level\", \"level\": \"MSL\", \"runway\": {\"type\": \"any\", \"designator\": \"05R\"}, \"target\": \"EGCC\", \"override\": 7000}','2021-05-23 14:31:44',NULL),(5,3,'{\"type\": \"minimum-level\", \"level\": \"MSL\", \"runway\": {\"type\": \"any\", \"designator\": \"23L\"}, \"target\": \"EGCC\", \"override\": 7000}','2021-05-23 14:31:44',NULL),(6,3,'{\"type\": \"minimum-level\", \"level\": \"MSL\", \"runway\": {\"type\": \"any\", \"designator\": \"23R\"}, \"target\": \"EGCC\", \"override\": 7000}','2021-05-23 14:31:44',NULL),(7,4,'{\"type\": \"minimum-level\", \"level\": \"MSL+1\", \"runway\": {\"type\": \"any\", \"designator\": \"05L\"}, \"target\": \"EGCC\", \"override\": 7000}','2021-05-23 14:31:44',NULL),(8,4,'{\"type\": \"minimum-level\", \"level\": \"MSL+1\", \"runway\": {\"type\": \"any\", \"designator\": \"05R\"}, \"target\": \"EGCC\", \"override\": 7000}','2021-05-23 14:31:44',NULL),(9,4,'{\"type\": \"minimum-level\", \"level\": \"MSL+1\", \"runway\": {\"type\": \"any\", \"designator\": \"23L\"}, \"target\": \"EGCC\", \"override\": 8000}','2021-05-23 14:31:44',NULL),(10,4,'{\"type\": \"minimum-level\", \"level\": \"MSL+1\", \"runway\": {\"type\": \"any\", \"designator\": \"23R\"}, \"target\": \"EGCC\", \"override\": 8000}','2021-05-23 14:31:44',NULL),(11,5,'{\"type\": \"minimum-level\", \"level\": \"MSL+1\", \"runway\": {\"type\": \"any\", \"designator\": \"05L\"}, \"target\": \"EGCC\", \"override\": 8000}','2021-05-23 14:31:44',NULL),(12,5,'{\"type\": \"minimum-level\", \"level\": \"MSL+1\", \"runway\": {\"type\": \"any\", \"designator\": \"05R\"}, \"target\": \"EGCC\", \"override\": 8000}','2021-05-23 14:31:44',NULL),(13,5,'{\"type\": \"minimum-level\", \"level\": \"MSL\", \"runway\": {\"type\": \"any\", \"designator\": \"23L\"}, \"target\": \"EGCC\"}','2021-05-23 14:31:44',NULL),(14,5,'{\"type\": \"minimum-level\", \"level\": \"MSL\", \"runway\": {\"type\": \"any\", \"designator\": \"23R\"}, \"target\": \"EGCC\"}','2021-05-23 14:31:44',NULL),(15,6,'{\"type\": \"minimum-level\", \"level\": \"MSL\", \"target\": \"EGLL\"}','2021-05-23 14:31:44',NULL),(16,7,'{\"type\": \"minimum-level\", \"level\": \"MSL\", \"target\": \"EGLL\"}','2021-05-23 14:31:44',NULL),(17,8,'{\"type\": \"minimum-level\", \"level\": \"MSL+1\", \"target\": \"EGLL\"}','2021-05-23 14:31:44',NULL),(18,9,'{\"type\": \"minimum-level\", \"level\": \"MSL+1\", \"target\": \"EGLL\"}','2021-05-23 14:31:44',NULL),(19,9,'{\"type\": \"level-block\", \"levels\": [13000]}','2021-05-23 14:31:44',NULL),(20,10,'{\"type\": \"minimum-level\", \"level\": \"MSL+1\", \"target\": \"EGSS\"}','2021-05-23 14:31:44',NULL),(21,11,'{\"type\": \"minimum-level\", \"level\": \"MSL+1\", \"target\": \"EGSS\", \"override\": 8000}','2021-05-23 14:31:44',NULL),(22,12,'{\"type\": \"minimum_level\", \"level\": \"MSL\", \"target\": \"EGGD\"}','2021-05-23 14:31:44',NULL),(23,13,'{\"type\": \"minimum_level\", \"level\": \"MSL\", \"target\": \"EGFF\"}','2021-05-23 14:31:44',NULL),(24,14,'{\"type\": \"minimum-level\", \"level\": \"MSL+1\", \"target\": \"EGGP\"}','2021-05-23 14:31:44',NULL),(25,15,'{\"type\": \"minimum-level\", \"level\": \"MSL+1\", \"target\": \"EGGP\"}','2021-05-23 14:31:44',NULL),(26,20,'{\"type\": \"minimum-level\", \"level\": \"MSL\", \"target\": \"EGPH\"}','2021-05-23 14:31:44',NULL),(27,21,'{\"type\": \"minimum-level\", \"level\": \"MSL\", \"target\": \"EGPH\"}','2021-05-23 14:31:44',NULL),(28,22,'{\"type\": \"minimum-level\", \"level\": \"MSL\", \"target\": \"EGPF\"}','2021-05-23 14:31:44',NULL),(29,23,'{\"type\": \"minimum-level\", \"level\": \"MSL\", \"target\": \"EGPF\"}','2021-05-23 14:31:44',NULL),(30,24,'{\"type\": \"minimum-level\", \"level\": \"MSL\", \"target\": \"EGBB\"}','2021-05-23 14:31:44',NULL),(31,25,'{\"type\": \"minimum-level\", \"level\": \"MSL\", \"target\": \"EGBB\"}','2021-05-23 14:31:44',NULL),(32,26,'{\"type\": \"minimum-level\", \"level\": \"MSL\", \"target\": \"EGNX\"}','2021-05-23 14:31:44',NULL),(33,27,'{\"type\": \"minimum-level\", \"level\": \"MSL\", \"target\": \"EGBB\", \"override\": 8000}','2021-05-23 14:31:44',NULL),(34,35,'{\"type\": \"minimum-level\", \"level\": \"MSL\", \"target\": \"EGLF\", \"created_at\": \"2021-05-23T14:31:51.040729Z\"}',NULL,NULL),(35,36,'{\"type\": \"minimum-level\", \"level\": \"MSL\", \"target\": \"EGLF\", \"created_at\": \"2021-05-23T14:31:51.040729Z\"}',NULL,NULL),(36,38,'{\"type\": \"minimum-level\", \"level\": \"MSL\", \"target\": \"EGLC\", \"created_at\": \"2021-05-23T14:31:51.084342Z\"}',NULL,NULL),(37,39,'{\"type\": \"minimum-level\", \"level\": \"MSL\", \"target\": \"EGLC\", \"created_at\": \"2021-05-23T14:31:51.084342Z\"}',NULL,NULL),(38,42,'{\"type\": \"minimum_level\", \"level\": \"MSL\", \"target\": \"EGPF\"}','2021-05-23 14:31:52',NULL),(39,41,'{\"type\": \"minimum_level\", \"level\": \"MSL\", \"target\": \"EGPF\"}','2021-05-23 14:31:52',NULL);
/*!40000 ALTER TABLE `hold_restrictions` ENABLE KEYS */;
UNLOCK TABLES;

--
-- Table structure for table `holds`
--

DROP TABLE IF EXISTS `holds`;
/*!40101 SET @saved_cs_client     = @@character_set_client */;
/*!40101 SET character_set_client = utf8 */;
CREATE TABLE `holds` (
  `id` int unsigned NOT NULL AUTO_INCREMENT,
  `navaid_id` bigint unsigned NOT NULL COMMENT 'The navaid around which the hold is based',
  `inbound_heading` smallint NOT NULL COMMENT 'The heading',
  `minimum_altitude` mediumint NOT NULL COMMENT 'The minimum altitude allowed in the hold',
  `maximum_altitude` mediumint NOT NULL COMMENT 'The maximum altitude allowed in the hold',
  `turn_direction` enum('left','right') CHARACTER SET utf8mb4 COLLATE utf8mb4_unicode_ci NOT NULL COMMENT 'The turn direction at the holding fix',
  `description` varchar(255) CHARACTER SET utf8mb4 COLLATE utf8mb4_unicode_ci NOT NULL COMMENT 'How the hold should be described, usually the holding fix, but may be different in the event of multi-purpose holds',
  `created_at` timestamp NULL DEFAULT NULL,
  `updated_at` timestamp NULL DEFAULT NULL,
  PRIMARY KEY (`id`),
  KEY `holds_navaid_id_foreign` (`navaid_id`),
  CONSTRAINT `holds_navaid_id_foreign` FOREIGN KEY (`navaid_id`) REFERENCES `navaids` (`id`) ON DELETE CASCADE
) ENGINE=InnoDB AUTO_INCREMENT=76 DEFAULT CHARSET=utf8mb4 COLLATE=utf8mb4_unicode_ci;
/*!40101 SET character_set_client = @saved_cs_client */;

--
-- Dumping data for table `holds`
--

LOCK TABLES `holds` WRITE;
/*!40000 ALTER TABLE `holds` DISABLE KEYS */;
INSERT INTO `holds` VALUES (1,1,285,7000,15000,'left','WILLO','2021-05-23 14:31:44',NULL),(2,2,309,7000,15000,'right','TIMBA','2021-05-23 14:31:44',NULL),(3,3,312,7000,14000,'right','DAYNE','2021-05-23 14:31:44',NULL),(4,4,172,7000,14000,'right','ROSUN','2021-05-23 14:31:44',NULL),(5,5,62,6000,14000,'right','MIRSI','2021-05-23 14:31:44',NULL),(6,6,303,7000,15000,'right','BIG','2021-05-23 14:31:44',NULL),(7,7,329,7000,15000,'right','OCK','2021-05-23 14:31:44',NULL),(8,8,117,8000,17000,'right','BNN','2021-05-23 14:31:44',NULL),(9,9,263,8000,17000,'left','LAM','2021-05-23 14:31:44',NULL),(10,10,187,8000,14000,'left','LOREL','2021-05-23 14:31:44','2022-07-30 16:23:33'),(11,11,265,8000,14000,'right','ABBOT','2021-05-23 14:31:44',NULL),(12,12,91,7000,10000,'left','BRI','2021-05-23 14:31:44',NULL),(13,13,297,7000,10000,'left','CDF','2021-05-23 14:31:44','2022-01-03 13:49:21'),(14,14,117,6000,10000,'right','TIPOD','2021-05-23 14:31:44',NULL),(15,15,4,6000,10000,'left','KEGUN','2021-05-23 14:31:44',NULL),(16,16,263,18000,24000,'left','LOGAN1H - BRASO','2021-05-23 14:31:44',NULL),(17,17,289,25000,39000,'left','LOGAN1H - LOGAN','2021-05-23 14:31:44',NULL),(18,18,263,8000,15000,'left','LOGAN1H - SABER','2021-05-23 14:31:44',NULL),(19,19,103,11000,36000,'left','OKESI','2021-05-23 14:31:44',NULL),(20,20,15,7000,14000,'left','TARTN','2021-05-23 14:31:44','2021-05-23 14:31:51'),(21,21,234,7000,14000,'right','STIRA','2021-05-23 14:31:44',NULL),(22,22,303,7000,14000,'right','LANAK','2021-05-23 14:31:44',NULL),(23,23,229,7000,14000,'right','GOW','2021-05-23 14:31:44',NULL),(24,24,104,7000,14000,'right','GROVE','2021-05-23 14:31:44',NULL),(25,25,150,7000,14000,'right','CHASE','2021-05-23 14:31:44',NULL),(26,26,293,7000,14000,'right','ROKUP','2021-05-23 14:31:44',NULL),(27,27,6,8000,12000,'left','PIGOT','2021-05-23 14:31:44','2021-05-23 14:32:30'),(28,28,107,20000,30000,'left','BILNI - LL/KK Inbounds','2021-05-23 14:31:50',NULL),(29,29,32,23000,30000,'right','DOMUT - LL/KK Inbounds','2021-05-23 14:31:50',NULL),(30,30,32,16000,19000,'left','KATHY - LL/KK Inbounds','2021-05-23 14:31:50',NULL),(31,31,316,15000,24000,'right','TIGER - LL Inbounds','2021-05-23 14:31:50',NULL),(32,32,154,16000,30000,'left','WCO - LL Inbounds','2021-05-23 14:31:50',NULL),(33,33,146,16000,20000,'left','HON - LL Inbounds Left Low','2021-05-23 14:31:50',NULL),(34,33,146,20000,30000,'right','HON - LL Inbounds Right High','2021-05-23 14:31:50',NULL),(35,34,3,7000,10000,'right','EGLF PEPIS','2021-05-23 14:31:51','2022-07-30 16:23:15'),(36,35,276,8000,11000,'left','EGLF RUDMO','2021-05-23 14:31:51',NULL),(37,36,56,3000,3000,'left','EGLF VEXUB','2021-05-23 14:31:51','2022-07-30 16:23:15'),(38,37,310,8000,12000,'right','GODLU','2021-05-23 14:31:51',NULL),(39,38,84,8000,14000,'left','JACKO','2021-05-23 14:31:51',NULL),(40,39,273,2000,2000,'right','LCY','2021-05-23 14:31:51',NULL),(41,68,118,7000,14000,'left','FYNER','2021-05-23 14:31:52',NULL),(42,69,190,7000,14000,'left','FOYLE','2021-05-23 14:31:52',NULL),(43,70,139,8000,8000,'left','LBA - Leeds','2021-05-23 14:32:28',NULL),(44,71,153,15000,20000,'right','DELBO','2021-05-23 14:32:31',NULL),(45,72,270,16000,22000,'left','TEBRA','2021-05-23 14:32:33',NULL),(46,73,313,16000,19000,'right','AMDUT','2021-05-23 14:32:33',NULL),(47,74,217,10000,14000,'right','ARNUN','2021-05-23 14:32:33',NULL),(48,75,176,7000,13000,'left','GWC','2021-05-23 14:32:33',NULL),(49,76,281,2500,400,'left','NQY Runway 12','2021-05-23 14:32:33',NULL),(50,76,141,2500,4000,'left','NQY Runway 30','2021-05-23 14:32:33',NULL),(51,77,108,2100,4000,'left','Exeter','2021-05-23 14:32:33',NULL),(52,78,79,2800,4000,'left','TOMPO','2021-05-23 14:32:33',NULL),(53,79,75,1500,3000,'left','TOMPO','2021-05-23 14:32:33',NULL),(54,80,29,2000,10000,'right','SAM','2021-05-23 14:32:33','2022-07-30 16:23:15'),(55,81,24,4000,15000,'right','NEDUL','2021-05-23 14:32:33',NULL),(56,82,193,4000,7000,'right','SPEAR','2021-05-23 14:32:33',NULL),(57,83,263,4000,6000,'right','GEGMU','2021-05-23 14:32:33',NULL),(58,84,268,2000,3000,'right','NWI','2021-05-23 14:32:33',NULL),(59,85,199,2000,8000,'left','FNY','2021-05-23 14:32:33',NULL),(60,88,80,3000,6000,'right','IOM','2021-05-23 14:32:33',NULL),(61,89,260,3000,6000,'left','Ronaldsway Runway 08','2021-05-23 14:32:33',NULL),(62,89,80,3000,6000,'right','Ronaldsway Runway 26','2021-05-23 14:32:33',NULL),(63,91,228,2500,6000,'right','Teeside','2021-05-23 14:32:33',NULL),(64,92,246,2000,6000,'left','Newcastle','2021-05-23 14:32:33',NULL),(65,93,11,9000,10000,'left','ETSES','2021-05-23 14:32:33',NULL),(66,94,29,6000,9000,'left','TRN','2021-05-23 14:32:33',NULL),(67,95,270,6000,9000,'left','SUMIN','2021-05-23 14:32:33',NULL),(68,100,160,2500,11000,'left','ADN','2021-05-23 14:32:33',NULL),(69,101,340,2500,11000,'right','ATF','2021-05-23 14:32:33',NULL),(70,102,149,8000,14000,'right','ZAGZO','2022-07-30 16:23:33','2022-07-30 16:23:33'),(71,103,83,8000,14000,'left','WOBUN','2022-07-30 16:23:33','2022-07-30 16:23:33'),(72,104,246,15000,21000,'right','LAPRA','2022-07-30 16:23:33','2022-07-30 16:23:33'),(73,105,277,15000,21000,'right','MUCTE','2022-07-30 16:23:33','2022-07-30 16:23:33'),(74,106,25,18000,20000,'left','VATON','2022-07-30 16:23:33','2022-07-30 16:23:33'),(75,107,91,8000,14000,'left','BOMBO','2022-07-30 16:23:33','2022-07-30 16:23:33');
/*!40000 ALTER TABLE `holds` ENABLE KEYS */;
UNLOCK TABLES;

--
-- Table structure for table `intention_codes`
--

DROP TABLE IF EXISTS `intention_codes`;
/*!40101 SET @saved_cs_client     = @@character_set_client */;
/*!40101 SET character_set_client = utf8 */;
CREATE TABLE `intention_codes` (
  `id` bigint unsigned NOT NULL AUTO_INCREMENT,
  `code` json NOT NULL COMMENT 'Information on what code to display',
  `conditions` json NOT NULL COMMENT 'Conditions that make this code applicable',
  `priority` int unsigned NOT NULL COMMENT 'The priority for the intention code, the smaller the number, the higher the priority',
  `created_at` timestamp NULL DEFAULT NULL,
  `updated_at` timestamp NULL DEFAULT NULL,
  PRIMARY KEY (`id`),
  UNIQUE KEY `intention_codes_priority_unique` (`priority`),
  KEY `intention_codes_priority_index` (`priority`)
) ENGINE=InnoDB AUTO_INCREMENT=138 DEFAULT CHARSET=utf8mb4 COLLATE=utf8mb4_unicode_ci;
/*!40101 SET character_set_client = @saved_cs_client */;

--
-- Dumping data for table `intention_codes`
--

LOCK TABLES `intention_codes` WRITE;
/*!40000 ALTER TABLE `intention_codes` DISABLE KEYS */;
INSERT INTO `intention_codes` VALUES (1,'{\"type\": \"airfield_identifier\"}','[{\"type\": \"arrival_airfield_pattern\", \"pattern\": \"EG\"}]',1,'2022-07-30 16:23:30','2022-07-30 16:23:30'),(2,'{\"code\": \"DW\", \"type\": \"single_code\"}','[{\"type\": \"arrival_airfields\", \"airfields\": [\"EIDW\", \"EIME\", \"EIWT\", \"EINC\", \"EITM\", \"EITT\"]}]',2,'2022-07-30 16:23:30','2022-07-30 16:23:30'),(3,'{\"code\": \"NN\", \"type\": \"single_code\"}','[{\"type\": \"arrival_airfields\", \"airfields\": [\"EINN\"]}]',3,'2022-07-30 16:23:30','2022-07-30 16:23:30'),(4,'{\"code\": \"EB\", \"type\": \"single_code\"}','[{\"type\": \"arrival_airfields\", \"airfields\": [\"EBBR\", \"EBCI\", \"EBAW\", \"EBMB\", \"EBCV\", \"EBLG\"]}, {\"type\": \"routing_via\", \"point\": \"KOK\"}, {\"type\": \"not\", \"conditions\": [{\"type\": \"any_of\", \"conditions\": [{\"type\": \"controller_position_starts_with\", \"starts_with\": \"SCO\"}, {\"type\": \"controller_position_starts_with\", \"starts_with\": \"STC\"}, {\"type\": \"controller_position_starts_with\", \"starts_with\": \"EGP\"}, {\"type\": \"controller_position_starts_with\", \"starts_with\": \"EGQ\"}, {\"type\": \"controller_position_starts_with\", \"starts_with\": \"EGA\"}]}]}]',4,'2022-07-30 16:23:30','2022-07-30 16:23:30'),(5,'{\"code\": \"ES\", \"type\": \"single_code\"}','[{\"type\": \"arrival_airfields\", \"airfields\": [\"EBKT\", \"EBOS\"]}, {\"type\": \"routing_via\", \"point\": \"KOK\"}, {\"type\": \"not\", \"conditions\": [{\"type\": \"any_of\", \"conditions\": [{\"type\": \"controller_position_starts_with\", \"starts_with\": \"SCO\"}, {\"type\": \"controller_position_starts_with\", \"starts_with\": \"STC\"}, {\"type\": \"controller_position_starts_with\", \"starts_with\": \"EGP\"}, {\"type\": \"controller_position_starts_with\", \"starts_with\": \"EGQ\"}, {\"type\": \"controller_position_starts_with\", \"starts_with\": \"EGA\"}]}]}]',5,'2022-07-30 16:23:30','2022-07-30 16:23:30'),(6,'{\"code\": \"AS\", \"type\": \"single_code\"}','[{\"type\": \"arrival_airfields\", \"airfields\": [\"EHAM\", \"EHEH\", \"EHLE\", \"EHSB\", \"EHYB\", \"EHVK\", \"EHMZ\", \"EHBD\", \"EHBK\", \"EHKD\", \"EHRD\", \"EHVB\", \"EHWO\", \"EHGR\", \"EHSE\", \"EHDP\"]}, {\"type\": \"routing_via\", \"point\": \"KOK\"}, {\"type\": \"not\", \"conditions\": [{\"type\": \"any_of\", \"conditions\": [{\"type\": \"controller_position_starts_with\", \"starts_with\": \"SCO\"}, {\"type\": \"controller_position_starts_with\", \"starts_with\": \"STC\"}, {\"type\": \"controller_position_starts_with\", \"starts_with\": \"EGP\"}, {\"type\": \"controller_position_starts_with\", \"starts_with\": \"EGQ\"}, {\"type\": \"controller_position_starts_with\", \"starts_with\": \"EGA\"}]}]}]',6,'2022-07-30 16:23:30','2022-07-30 16:23:30'),(7,'{\"code\": \"AM\", \"type\": \"single_code\"}','[{\"type\": \"arrival_airfields\", \"airfields\": [\"EHAM\", \"EHEH\", \"EHLE\", \"EHSB\", \"EHYB\", \"EHVK\", \"EHMZ\", \"EHBD\", \"EHBK\", \"EHKD\", \"EHRD\", \"EHVB\", \"EHWO\", \"EHGR\", \"EHSE\", \"EHDP\"]}, {\"type\": \"not\", \"conditions\": [{\"type\": \"routing_via\", \"point\": \"KOK\"}]}, {\"type\": \"not\", \"conditions\": [{\"type\": \"any_of\", \"conditions\": [{\"type\": \"controller_position_starts_with\", \"starts_with\": \"SCO\"}, {\"type\": \"controller_position_starts_with\", \"starts_with\": \"STC\"}, {\"type\": \"controller_position_starts_with\", \"starts_with\": \"EGP\"}, {\"type\": \"controller_position_starts_with\", \"starts_with\": \"EGQ\"}, {\"type\": \"controller_position_starts_with\", \"starts_with\": \"EGA\"}]}]}]',7,'2022-07-30 16:23:30','2022-07-30 16:23:30'),(8,'{\"code\": \"E4\", \"type\": \"single_code\"}','[{\"type\": \"exit_point\", \"exit_point\": \"INKOB\", \"exit_direction\": {\"end\": 180, \"start\": 35}}, {\"type\": \"any_of\", \"conditions\": [{\"type\": \"controller_position_starts_with\", \"starts_with\": \"SCO\"}, {\"type\": \"controller_position_starts_with\", \"starts_with\": \"STC\"}, {\"type\": \"controller_position_starts_with\", \"starts_with\": \"EGP\"}, {\"type\": \"controller_position_starts_with\", \"starts_with\": \"EGQ\"}, {\"type\": \"controller_position_starts_with\", \"starts_with\": \"EGA\"}]}]',8,'2022-07-30 16:23:30','2022-07-30 16:23:30'),(9,'{\"code\": \"E5\", \"type\": \"single_code\"}','[{\"type\": \"exit_point\", \"exit_point\": \"SOSIM\", \"exit_direction\": {\"end\": 180, \"start\": 35}}, {\"type\": \"any_of\", \"conditions\": [{\"type\": \"controller_position_starts_with\", \"starts_with\": \"SCO\"}, {\"type\": \"controller_position_starts_with\", \"starts_with\": \"STC\"}, {\"type\": \"controller_position_starts_with\", \"starts_with\": \"EGP\"}, {\"type\": \"controller_position_starts_with\", \"starts_with\": \"EGQ\"}, {\"type\": \"controller_position_starts_with\", \"starts_with\": \"EGA\"}]}]',9,'2022-07-30 16:23:30','2022-07-30 16:23:30'),(10,'{\"code\": \"E7\", \"type\": \"single_code\"}','[{\"type\": \"exit_point\", \"exit_point\": \"KELLY\", \"exit_direction\": {\"end\": 180, \"start\": 35}}, {\"type\": \"any_of\", \"conditions\": [{\"type\": \"controller_position_starts_with\", \"starts_with\": \"SCO\"}, {\"type\": \"controller_position_starts_with\", \"starts_with\": \"STC\"}, {\"type\": \"controller_position_starts_with\", \"starts_with\": \"EGP\"}, {\"type\": \"controller_position_starts_with\", \"starts_with\": \"EGQ\"}, {\"type\": \"controller_position_starts_with\", \"starts_with\": \"EGA\"}]}]',10,'2022-07-30 16:23:30','2022-07-30 16:23:30'),(11,'{\"code\": \"E8\", \"type\": \"single_code\"}','[{\"type\": \"exit_point\", \"exit_point\": \"TUPEM\", \"exit_direction\": {\"end\": 180, \"start\": 35}}, {\"type\": \"any_of\", \"conditions\": [{\"type\": \"controller_position_starts_with\", \"starts_with\": \"SCO\"}, {\"type\": \"controller_position_starts_with\", \"starts_with\": \"STC\"}, {\"type\": \"controller_position_starts_with\", \"starts_with\": \"EGP\"}, {\"type\": \"controller_position_starts_with\", \"starts_with\": \"EGQ\"}, {\"type\": \"controller_position_starts_with\", \"starts_with\": \"EGA\"}]}]',11,'2022-07-30 16:23:30','2022-07-30 16:23:30'),(12,'{\"code\": \"E9\", \"type\": \"single_code\"}','[{\"type\": \"exit_point\", \"exit_point\": \"BELOX\", \"exit_direction\": {\"end\": 180, \"start\": 35}}, {\"type\": \"any_of\", \"conditions\": [{\"type\": \"controller_position_starts_with\", \"starts_with\": \"SCO\"}, {\"type\": \"controller_position_starts_with\", \"starts_with\": \"STC\"}, {\"type\": \"controller_position_starts_with\", \"starts_with\": \"EGP\"}, {\"type\": \"controller_position_starts_with\", \"starts_with\": \"EGQ\"}, {\"type\": \"controller_position_starts_with\", \"starts_with\": \"EGA\"}]}]',12,'2022-07-30 16:23:30','2022-07-30 16:23:30'),(13,'{\"code\": \"H6\", \"type\": \"single_code\"}','[{\"type\": \"exit_point\", \"exit_point\": \"SUBUK\", \"exit_direction\": {\"end\": 235, \"start\": 125}}, {\"type\": \"any_of\", \"conditions\": [{\"type\": \"controller_position_starts_with\", \"starts_with\": \"SCO\"}, {\"type\": \"controller_position_starts_with\", \"starts_with\": \"STC\"}, {\"type\": \"controller_position_starts_with\", \"starts_with\": \"EGP\"}, {\"type\": \"controller_position_starts_with\", \"starts_with\": \"EGQ\"}, {\"type\": \"controller_position_starts_with\", \"starts_with\": \"EGA\"}]}]',13,'2022-07-30 16:23:30','2022-07-30 16:23:30'),(14,'{\"code\": \"H7\", \"type\": \"single_code\"}','[{\"type\": \"exit_point\", \"exit_point\": \"LAKEY\", \"exit_direction\": {\"end\": 235, \"start\": 125}}, {\"type\": \"any_of\", \"conditions\": [{\"type\": \"controller_position_starts_with\", \"starts_with\": \"SCO\"}, {\"type\": \"controller_position_starts_with\", \"starts_with\": \"STC\"}, {\"type\": \"controller_position_starts_with\", \"starts_with\": \"EGP\"}, {\"type\": \"controller_position_starts_with\", \"starts_with\": \"EGQ\"}, {\"type\": \"controller_position_starts_with\", \"starts_with\": \"EGA\"}]}]',14,'2022-07-30 16:23:30','2022-07-30 16:23:30'),(15,'{\"code\": \"U1\", \"type\": \"single_code\"}','[{\"type\": \"exit_point\", \"exit_point\": \"BINTI\", \"exit_direction\": {\"end\": 305, \"start\": 125}}, {\"type\": \"any_of\", \"conditions\": [{\"type\": \"controller_position_starts_with\", \"starts_with\": \"SCO\"}, {\"type\": \"controller_position_starts_with\", \"starts_with\": \"STC\"}, {\"type\": \"controller_position_starts_with\", \"starts_with\": \"EGP\"}, {\"type\": \"controller_position_starts_with\", \"starts_with\": \"EGQ\"}, {\"type\": \"controller_position_starts_with\", \"starts_with\": \"EGA\"}]}]',15,'2022-07-30 16:23:30','2022-07-30 16:23:30'),(16,'{\"code\": \"U2\", \"type\": \"single_code\"}','[{\"type\": \"exit_point\", \"exit_point\": \"TILNI\", \"exit_direction\": {\"end\": 305, \"start\": 125}}, {\"type\": \"any_of\", \"conditions\": [{\"type\": \"controller_position_starts_with\", \"starts_with\": \"SCO\"}, {\"type\": \"controller_position_starts_with\", \"starts_with\": \"STC\"}, {\"type\": \"controller_position_starts_with\", \"starts_with\": \"EGP\"}, {\"type\": \"controller_position_starts_with\", \"starts_with\": \"EGQ\"}, {\"type\": \"controller_position_starts_with\", \"starts_with\": \"EGA\"}]}]',16,'2022-07-30 16:23:30','2022-07-30 16:23:30'),(17,'{\"code\": \"U3\", \"type\": \"single_code\"}','[{\"type\": \"exit_point\", \"exit_point\": \"ERKIT\", \"exit_direction\": {\"end\": 235, \"start\": 55}}, {\"type\": \"any_of\", \"conditions\": [{\"type\": \"controller_position_starts_with\", \"starts_with\": \"SCO\"}, {\"type\": \"controller_position_starts_with\", \"starts_with\": \"STC\"}, {\"type\": \"controller_position_starts_with\", \"starts_with\": \"EGP\"}, {\"type\": \"controller_position_starts_with\", \"starts_with\": \"EGQ\"}, {\"type\": \"controller_position_starts_with\", \"starts_with\": \"EGA\"}]}]',17,'2022-07-30 16:23:30','2022-07-30 16:23:30'),(18,'{\"code\": \"U4\", \"type\": \"single_code\"}','[{\"type\": \"exit_point\", \"exit_point\": \"ROVNI\", \"exit_direction\": {\"end\": 305, \"start\": 125}}, {\"type\": \"any_of\", \"conditions\": [{\"type\": \"controller_position_starts_with\", \"starts_with\": \"SCO\"}, {\"type\": \"controller_position_starts_with\", \"starts_with\": \"STC\"}, {\"type\": \"controller_position_starts_with\", \"starts_with\": \"EGP\"}, {\"type\": \"controller_position_starts_with\", \"starts_with\": \"EGQ\"}, {\"type\": \"controller_position_starts_with\", \"starts_with\": \"EGA\"}]}]',18,'2022-07-30 16:23:30','2022-07-30 16:23:30'),(19,'{\"code\": \"U5\", \"type\": \"single_code\"}','[{\"type\": \"exit_point\", \"exit_point\": \"ELNAB\", \"exit_direction\": {\"end\": 235, \"start\": 125}}, {\"type\": \"any_of\", \"conditions\": [{\"type\": \"controller_position_starts_with\", \"starts_with\": \"SCO\"}, {\"type\": \"controller_position_starts_with\", \"starts_with\": \"STC\"}, {\"type\": \"controller_position_starts_with\", \"starts_with\": \"EGP\"}, {\"type\": \"controller_position_starts_with\", \"starts_with\": \"EGQ\"}, {\"type\": \"controller_position_starts_with\", \"starts_with\": \"EGA\"}]}]',19,'2022-07-30 16:23:30','2022-07-30 16:23:30'),(20,'{\"code\": \"U6\", \"type\": \"single_code\"}','[{\"type\": \"exit_point\", \"exit_point\": \"ADGEG\", \"exit_direction\": {\"end\": 180, \"start\": 35}}, {\"type\": \"any_of\", \"conditions\": [{\"type\": \"controller_position_starts_with\", \"starts_with\": \"SCO\"}, {\"type\": \"controller_position_starts_with\", \"starts_with\": \"STC\"}, {\"type\": \"controller_position_starts_with\", \"starts_with\": \"EGP\"}, {\"type\": \"controller_position_starts_with\", \"starts_with\": \"EGQ\"}, {\"type\": \"controller_position_starts_with\", \"starts_with\": \"EGA\"}]}]',20,'2022-07-30 16:23:30','2022-07-30 16:23:30'),(21,'{\"code\": \"U7\", \"type\": \"single_code\"}','[{\"type\": \"exit_point\", \"exit_point\": \"AKOKO\", \"exit_direction\": {\"end\": 180, \"start\": 35}}, {\"type\": \"any_of\", \"conditions\": [{\"type\": \"controller_position_starts_with\", \"starts_with\": \"SCO\"}, {\"type\": \"controller_position_starts_with\", \"starts_with\": \"STC\"}, {\"type\": \"controller_position_starts_with\", \"starts_with\": \"EGP\"}, {\"type\": \"controller_position_starts_with\", \"starts_with\": \"EGQ\"}, {\"type\": \"controller_position_starts_with\", \"starts_with\": \"EGA\"}]}]',21,'2022-07-30 16:23:30','2022-07-30 16:23:30'),(22,'{\"code\": \"D1\", \"type\": \"single_code\"}','[{\"type\": \"exit_point\", \"exit_point\": \"KONAN\", \"exit_direction\": {\"end\": 180, \"start\": 35}}, {\"type\": \"routing_via\", \"point\": \"KOK\"}]',22,'2022-07-30 16:23:30','2022-07-30 16:23:30'),(23,'{\"code\": \"D\", \"type\": \"single_code\"}','[{\"type\": \"exit_point\", \"exit_point\": \"KONAN\", \"exit_direction\": {\"end\": 180, \"start\": 35}}, {\"type\": \"not\", \"conditions\": [{\"type\": \"routing_via\", \"point\": \"KOK\"}]}]',23,'2022-07-30 16:23:30','2022-07-30 16:23:30'),(24,'{\"code\": \"JC\", \"type\": \"single_code\"}','[{\"type\": \"exit_point\", \"exit_point\": \"LELNA\", \"exit_direction\": {\"end\": 235, \"start\": 125}}, {\"type\": \"arrival_airfields\", \"airfields\": [\"LFRC\"]}]',24,'2022-07-30 16:23:30','2022-07-30 16:23:30'),(25,'{\"code\": \"H7\", \"type\": \"single_code\"}','[{\"type\": \"exit_point\", \"exit_point\": \"LELNA\", \"exit_direction\": {\"end\": 235, \"start\": 125}}, {\"type\": \"arrival_airfield_pattern\", \"pattern\": \"LFR\"}, {\"type\": \"not\", \"conditions\": [{\"type\": \"arrival_airfields\", \"airfields\": [\"LFRC\"]}]}]',25,'2022-07-30 16:23:30','2022-07-30 16:23:30'),(26,'{\"code\": \"H6\", \"type\": \"single_code\"}','[{\"type\": \"exit_point\", \"exit_point\": \"LELNA\", \"exit_direction\": {\"end\": 235, \"start\": 125}}, {\"type\": \"routing_via\", \"point\": \"DOMOK\"}]',26,'2022-07-30 16:23:30','2022-07-30 16:23:30'),(27,'{\"code\": \"H9\", \"type\": \"single_code\"}','[{\"type\": \"exit_point\", \"exit_point\": \"LORKU\", \"exit_direction\": {\"end\": 235, \"start\": 125}}]',27,'2022-07-30 16:23:30','2022-07-30 16:23:30'),(28,'{\"code\": \"H8\", \"type\": \"single_code\"}','[{\"type\": \"exit_point\", \"exit_point\": \"LELNA\", \"exit_direction\": {\"end\": 235, \"start\": 125}}]',28,'2022-07-30 16:23:30','2022-07-30 16:23:30'),(29,'{\"code\": \"E3\", \"type\": \"single_code\"}','[{\"type\": \"exit_point\", \"exit_point\": \"ETRAT\", \"exit_direction\": {\"end\": 235, \"start\": 125}}, {\"type\": \"arrival_airfields\", \"airfields\": [\"LFRG\", \"LFRK\", \"LFOH\", \"LFOE\"]}]',29,'2022-07-30 16:23:30','2022-07-30 16:23:30'),(30,'{\"code\": \"E2\", \"type\": \"single_code\"}','[{\"type\": \"exit_point\", \"exit_point\": \"ETRAT\", \"exit_direction\": {\"end\": 235, \"start\": 125}}, {\"type\": \"maximum_cruising_level\", \"level\": 29000}]',30,'2022-07-30 16:23:30','2022-07-30 16:23:32'),(31,'{\"code\": \"E\", \"type\": \"single_code\"}','[{\"type\": \"exit_point\", \"exit_point\": \"ETRAT\", \"exit_direction\": {\"end\": 235, \"start\": 125}}]',31,'2022-07-30 16:23:30','2022-07-30 16:23:30'),(32,'{\"code\": \"V1\", \"type\": \"single_code\"}','[{\"type\": \"exit_point\", \"exit_point\": \"XAMAB\", \"exit_direction\": {\"end\": 235, \"start\": 125}}, {\"type\": \"cruising_level_above\", \"level\": 29000}, {\"type\": \"routing_via\", \"point\": \"TEPRI\"}]',32,'2022-07-30 16:23:30','2022-07-30 16:23:30'),(33,'{\"code\": \"X1\", \"type\": \"single_code\"}','[{\"type\": \"exit_point\", \"exit_point\": \"XAMAB\", \"exit_direction\": {\"end\": 235, \"start\": 125}}, {\"type\": \"maximum_cruising_level\", \"level\": 29000}, {\"type\": \"routing_via\", \"point\": \"TEPRI\"}]',33,'2022-07-30 16:23:30','2022-07-30 16:23:30'),(34,'{\"code\": \"V2\", \"type\": \"single_code\"}','[{\"type\": \"exit_point\", \"exit_point\": \"XAMAB\", \"exit_direction\": {\"end\": 235, \"start\": 125}}, {\"type\": \"cruising_level_above\", \"level\": 29000}, {\"type\": \"routing_via\", \"point\": \"PEKIM\"}]',34,'2022-07-30 16:23:30','2022-07-30 16:23:30'),(35,'{\"code\": \"X2\", \"type\": \"single_code\"}','[{\"type\": \"exit_point\", \"exit_point\": \"XAMAB\", \"exit_direction\": {\"end\": 235, \"start\": 125}}, {\"type\": \"maximum_cruising_level\", \"level\": 29000}, {\"type\": \"routing_via\", \"point\": \"PEKIM\"}]',35,'2022-07-30 16:23:30','2022-07-30 16:23:30'),(36,'{\"code\": \"V3\", \"type\": \"single_code\"}','[{\"type\": \"exit_point\", \"exit_point\": \"XAMAB\", \"exit_direction\": {\"end\": 235, \"start\": 125}}, {\"type\": \"cruising_level_above\", \"level\": 29000}, {\"type\": \"routing_via\", \"point\": \"ODEBU\"}]',36,'2022-07-30 16:23:30','2022-07-30 16:23:30'),(37,'{\"code\": \"X3\", \"type\": \"single_code\"}','[{\"type\": \"exit_point\", \"exit_point\": \"XAMAB\", \"exit_direction\": {\"end\": 235, \"start\": 125}}, {\"type\": \"maximum_cruising_level\", \"level\": 29000}, {\"type\": \"routing_via\", \"point\": \"ODEBU\"}]',37,'2022-07-30 16:23:30','2022-07-30 16:23:30'),(38,'{\"code\": \"V4\", \"type\": \"single_code\"}','[{\"type\": \"exit_point\", \"exit_point\": \"XAMAB\", \"exit_direction\": {\"end\": 235, \"start\": 125}}, {\"type\": \"cruising_level_above\", \"level\": 29000}, {\"type\": \"routing_via\", \"point\": \"KOTAP\"}]',38,'2022-07-30 16:23:30','2022-07-30 16:23:30'),(39,'{\"code\": \"X4\", \"type\": \"single_code\"}','[{\"type\": \"exit_point\", \"exit_point\": \"XAMAB\", \"exit_direction\": {\"end\": 235, \"start\": 125}}, {\"type\": \"maximum_cruising_level\", \"level\": 29000}, {\"type\": \"routing_via\", \"point\": \"KOTAP\"}]',39,'2022-07-30 16:23:30','2022-07-30 16:23:30'),(40,'{\"code\": \"V5\", \"type\": \"single_code\"}','[{\"type\": \"exit_point\", \"exit_point\": \"XAMAB\", \"exit_direction\": {\"end\": 235, \"start\": 125}}, {\"type\": \"cruising_level_above\", \"level\": 29000}, {\"type\": \"routing_via\", \"point\": \"DEKOD\"}]',40,'2022-07-30 16:23:30','2022-07-30 16:23:30'),(41,'{\"code\": \"X5\", \"type\": \"single_code\"}','[{\"type\": \"exit_point\", \"exit_point\": \"XAMAB\", \"exit_direction\": {\"end\": 235, \"start\": 125}}, {\"type\": \"maximum_cruising_level\", \"level\": 29000}, {\"type\": \"routing_via\", \"point\": \"DEKOD\"}]',41,'2022-07-30 16:23:30','2022-07-30 16:23:30'),(42,'{\"code\": \"V\", \"type\": \"single_code\"}','[{\"type\": \"exit_point\", \"exit_point\": \"XAMAB\", \"exit_direction\": {\"end\": 235, \"start\": 125}}]',42,'2022-07-30 16:23:30','2022-07-30 16:23:30'),(43,'{\"code\": \"D4\", \"type\": \"single_code\"}','[{\"type\": \"exit_point\", \"exit_point\": \"RINTI\", \"exit_direction\": {\"end\": 180, \"start\": 55}}]',43,'2022-07-30 16:23:30','2022-07-30 16:23:30'),(44,'{\"code\": \"D2\", \"type\": \"single_code\"}','[{\"type\": \"exit_point\", \"exit_point\": \"TRACA\", \"exit_direction\": {\"end\": 180, \"start\": 35}}]',44,'2022-07-30 16:23:30','2022-07-30 16:23:30'),(45,'{\"code\": \"D3\", \"type\": \"single_code\"}','[{\"type\": \"exit_point\", \"exit_point\": \"MOTOX\", \"exit_direction\": {\"end\": 180, \"start\": 35}}]',45,'2022-07-30 16:23:30','2022-07-30 16:23:30'),(46,'{\"code\": \"F\", \"type\": \"single_code\"}','[{\"type\": \"exit_point\", \"exit_point\": \"LONAM\", \"exit_direction\": {\"end\": 180, \"start\": 35}}]',46,'2022-07-30 16:23:30','2022-07-30 16:23:30'),(47,'{\"code\": \"E4\", \"type\": \"single_code\"}','[{\"type\": \"exit_point\", \"exit_point\": \"INKOB\", \"exit_direction\": {\"end\": 180, \"start\": 35}}]',47,'2022-07-30 16:23:30','2022-07-30 16:23:30'),(48,'{\"code\": \"E5\", \"type\": \"single_code\"}','[{\"type\": \"exit_point\", \"exit_point\": \"SOSIM\", \"exit_direction\": {\"end\": 180, \"start\": 35}}]',48,'2022-07-30 16:23:30','2022-07-30 16:23:30'),(49,'{\"code\": \"E7\", \"type\": \"single_code\"}','[{\"type\": \"exit_point\", \"exit_point\": \"KELLY\", \"exit_direction\": {\"end\": 180, \"start\": 35}}]',49,'2022-07-30 16:23:30','2022-07-30 16:23:30'),(50,'{\"code\": \"E8\", \"type\": \"single_code\"}','[{\"type\": \"exit_point\", \"exit_point\": \"TUPEM\", \"exit_direction\": {\"end\": 180, \"start\": 35}}]',50,'2022-07-30 16:23:30','2022-07-30 16:23:30'),(51,'{\"code\": \"E9\", \"type\": \"single_code\"}','[{\"type\": \"exit_point\", \"exit_point\": \"BELOX\", \"exit_direction\": {\"end\": 180, \"start\": 35}}]',51,'2022-07-30 16:23:30','2022-07-30 16:23:30'),(52,'{\"code\": \"C1\", \"type\": \"single_code\"}','[{\"type\": \"exit_point\", \"exit_point\": \"SOMVA\", \"exit_direction\": {\"end\": 145, \"start\": 35}}]',52,'2022-07-30 16:23:30','2022-07-30 16:23:30'),(53,'{\"code\": \"C2\", \"type\": \"single_code\"}','[{\"type\": \"exit_point\", \"exit_point\": \"REDFA\", \"exit_direction\": {\"end\": 145, \"start\": 35}}]',53,'2022-07-30 16:23:30','2022-07-30 16:23:30'),(54,'{\"code\": \"C3\", \"type\": \"single_code\"}','[{\"type\": \"exit_point\", \"exit_point\": \"SASKI\", \"exit_direction\": {\"end\": 145, \"start\": 35}}]',54,'2022-07-30 16:23:30','2022-07-30 16:23:30'),(55,'{\"code\": \"F\", \"type\": \"single_code\"}','[{\"type\": \"exit_point\", \"exit_point\": \"TOPPA\", \"exit_direction\": {\"end\": 145, \"start\": 35}}]',55,'2022-07-30 16:23:30','2022-07-30 16:23:30'),(56,'{\"code\": \"F\", \"type\": \"single_code\"}','[{\"type\": \"exit_point\", \"exit_point\": \"ROKAN\", \"exit_direction\": {\"end\": 145, \"start\": 35}}]',56,'2022-07-30 16:23:30','2022-07-30 16:23:30'),(57,'{\"code\": \"F\", \"type\": \"single_code\"}','[{\"type\": \"exit_point\", \"exit_point\": \"LAMSO\", \"exit_direction\": {\"end\": 145, \"start\": 35}}]',57,'2022-07-30 16:23:30','2022-07-30 16:23:30'),(58,'{\"code\": \"F\", \"type\": \"single_code\"}','[{\"type\": \"exit_point\", \"exit_point\": \"GODOS\", \"exit_direction\": {\"end\": 145, \"start\": 35}}]',58,'2022-07-30 16:23:30','2022-07-30 16:23:30'),(59,'{\"code\": \"F\", \"type\": \"single_code\"}','[{\"type\": \"exit_point\", \"exit_point\": \"MOLIX\", \"exit_direction\": {\"end\": 145, \"start\": 35}}]',59,'2022-07-30 16:23:30','2022-07-30 16:23:30'),(60,'{\"code\": \"K1\", \"type\": \"single_code\"}','[{\"type\": \"exit_point\", \"exit_point\": \"VAXIT\", \"exit_direction\": {\"end\": 145, \"start\": 0}}]',60,'2022-07-30 16:23:30','2022-07-30 16:23:30'),(61,'{\"code\": \"K2\", \"type\": \"single_code\"}','[{\"type\": \"exit_point\", \"exit_point\": \"TINAC\", \"exit_direction\": {\"end\": 145, \"start\": 0}}]',61,'2022-07-30 16:23:30','2022-07-30 16:23:30'),(62,'{\"code\": \"K2\", \"type\": \"single_code\"}','[{\"type\": \"exit_point\", \"exit_point\": \"GOREV\", \"exit_direction\": {\"end\": 145, \"start\": 0}}]',62,'2022-07-30 16:23:30','2022-07-30 16:23:30'),(63,'{\"code\": \"K2\", \"type\": \"single_code\"}','[{\"type\": \"exit_point\", \"exit_point\": \"PETIL\", \"exit_direction\": {\"end\": 145, \"start\": 0}}]',63,'2022-07-30 16:23:31','2022-07-30 16:23:31'),(64,'{\"code\": \"K3\", \"type\": \"single_code\"}','[{\"type\": \"exit_point\", \"exit_point\": \"INBOB\", \"exit_direction\": {\"end\": 145, \"start\": 0}}]',64,'2022-07-30 16:23:31','2022-07-30 16:23:31'),(65,'{\"code\": \"K3\", \"type\": \"single_code\"}','[{\"type\": \"exit_point\", \"exit_point\": \"LESRA\", \"exit_direction\": {\"end\": 145, \"start\": 0}}]',65,'2022-07-30 16:23:31','2022-07-30 16:23:31'),(66,'{\"code\": \"K3\", \"type\": \"single_code\"}','[{\"type\": \"exit_point\", \"exit_point\": \"SOPTO\", \"exit_direction\": {\"end\": 145, \"start\": 0}}]',66,'2022-07-30 16:23:31','2022-07-30 16:23:31'),(67,'{\"code\": \"K3\", \"type\": \"single_code\"}','[{\"type\": \"exit_point\", \"exit_point\": \"GOLUM\", \"exit_direction\": {\"end\": 145, \"start\": 0}}]',67,'2022-07-30 16:23:31','2022-07-30 16:23:31'),(68,'{\"code\": \"Z1\", \"type\": \"single_code\"}','[{\"type\": \"exit_point\", \"exit_point\": \"PEPIN\", \"exit_direction\": {\"end\": 145, \"start\": 0}}]',68,'2022-07-30 16:23:31','2022-07-30 16:23:31'),(69,'{\"code\": \"Z2\", \"type\": \"single_code\"}','[{\"type\": \"exit_point\", \"exit_point\": \"ORVIK\", \"exit_direction\": {\"end\": 145, \"start\": 0}}]',69,'2022-07-30 16:23:31','2022-07-30 16:23:31'),(70,'{\"code\": \"Z3\", \"type\": \"single_code\"}','[{\"type\": \"exit_point\", \"exit_point\": \"KLONN\", \"exit_direction\": {\"end\": 145, \"start\": 0}}]',70,'2022-07-30 16:23:31','2022-07-30 16:23:31'),(71,'{\"code\": \"Z4\", \"type\": \"single_code\"}','[{\"type\": \"exit_point\", \"exit_point\": \"ALOTI\", \"exit_direction\": {\"end\": 145, \"start\": 0}}]',71,'2022-07-30 16:23:31','2022-07-30 16:23:31'),(72,'{\"code\": \"Z5\", \"type\": \"single_code\"}','[{\"type\": \"exit_point\", \"exit_point\": \"NIVUN\", \"exit_direction\": {\"end\": 145, \"start\": 0}}]',72,'2022-07-30 16:23:31','2022-07-30 16:23:31'),(73,'{\"code\": \"Z6\", \"type\": \"single_code\"}','[{\"type\": \"exit_point\", \"exit_point\": \"BEREP\", \"exit_direction\": {\"end\": 145, \"start\": 0}}]',73,'2022-07-30 16:23:31','2022-07-30 16:23:31'),(74,'{\"code\": \"Z7\", \"type\": \"single_code\"}','[{\"type\": \"exit_point\", \"exit_point\": \"RIGVU\", \"exit_direction\": {\"end\": 145, \"start\": 0}}]',74,'2022-07-30 16:23:31','2022-07-30 16:23:31'),(75,'{\"code\": \"R1\", \"type\": \"single_code\"}','[{\"type\": \"exit_point\", \"exit_point\": \"MATIK\", \"exit_direction\": {\"end\": 55, \"start\": 305}}]',75,'2022-07-30 16:23:31','2022-07-30 16:23:31'),(76,'{\"code\": \"R2\", \"type\": \"single_code\"}','[{\"type\": \"exit_point\", \"exit_point\": \"NALAN\", \"exit_direction\": {\"end\": 55, \"start\": 305}}]',76,'2022-07-30 16:23:31','2022-07-30 16:23:31'),(77,'{\"code\": \"R3\", \"type\": \"single_code\"}','[{\"type\": \"exit_point\", \"exit_point\": \"OSBON\", \"exit_direction\": {\"end\": 55, \"start\": 305}}]',77,'2022-07-30 16:23:31','2022-07-30 16:23:31'),(78,'{\"code\": \"R5\", \"type\": \"single_code\"}','[{\"type\": \"exit_point\", \"exit_point\": \"PEMOS\", \"exit_direction\": {\"end\": 55, \"start\": 305}}]',78,'2022-07-30 16:23:31','2022-07-30 16:23:31'),(79,'{\"code\": \"R6\", \"type\": \"single_code\"}','[{\"type\": \"exit_point\", \"exit_point\": \"RIXUN\", \"exit_direction\": {\"end\": 55, \"start\": 305}}]',79,'2022-07-30 16:23:31','2022-07-30 16:23:31'),(80,'{\"code\": \"R7\", \"type\": \"single_code\"}','[{\"type\": \"exit_point\", \"exit_point\": \"SOSAR\", \"exit_direction\": {\"end\": 55, \"start\": 305}}]',80,'2022-07-30 16:23:31','2022-07-30 16:23:31'),(81,'{\"code\": \"R8\", \"type\": \"single_code\"}','[{\"type\": \"exit_point\", \"exit_point\": \"GUNPA\", \"exit_direction\": {\"end\": 55, \"start\": 305}}]',81,'2022-07-30 16:23:31','2022-07-30 16:23:31'),(82,'{\"code\": \"R\", \"type\": \"single_code\"}','[{\"type\": \"exit_point\", \"exit_point\": \"RATSU\", \"exit_direction\": {\"end\": 55, \"start\": 260}}]',82,'2022-07-30 16:23:31','2022-07-30 16:23:31'),(83,'{\"code\": \"Y8\", \"type\": \"single_code\"}','[{\"type\": \"exit_point\", \"exit_point\": \"LUSEN\", \"exit_direction\": {\"end\": 55, \"start\": 260}}]',83,'2022-07-30 16:23:31','2022-07-30 16:23:31'),(84,'{\"code\": \"Y7\", \"type\": \"single_code\"}','[{\"type\": \"exit_point\", \"exit_point\": \"ATSIX\", \"exit_direction\": {\"end\": 360, \"start\": 215}}]',84,'2022-07-30 16:23:31','2022-07-30 16:23:31'),(85,'{\"code\": \"Y6\", \"type\": \"single_code\"}','[{\"type\": \"exit_point\", \"exit_point\": \"ORTAV\", \"exit_direction\": {\"end\": 360, \"start\": 215}}]',85,'2022-07-30 16:23:31','2022-07-30 16:23:31'),(86,'{\"code\": \"Y5\", \"type\": \"single_code\"}','[{\"type\": \"exit_point\", \"exit_point\": \"BALIX\", \"exit_direction\": {\"end\": 360, \"start\": 215}}]',86,'2022-07-30 16:23:31','2022-07-30 16:23:31'),(87,'{\"code\": \"Y4\", \"type\": \"single_code\"}','[{\"type\": \"exit_point\", \"exit_point\": \"ADODO\", \"exit_direction\": {\"end\": 360, \"start\": 215}}]',87,'2022-07-30 16:23:31','2022-07-30 16:23:31'),(88,'{\"code\": \"Y3\", \"type\": \"single_code\"}','[{\"type\": \"exit_point\", \"exit_point\": \"ERAKA\", \"exit_direction\": {\"end\": 360, \"start\": 215}}]',88,'2022-07-30 16:23:31','2022-07-30 16:23:31'),(89,'{\"code\": \"Y2\", \"type\": \"single_code\"}','[{\"type\": \"exit_point\", \"exit_point\": \"ETILO\", \"exit_direction\": {\"end\": 360, \"start\": 215}}]',89,'2022-07-30 16:23:31','2022-07-30 16:23:31'),(90,'{\"code\": \"Y1\", \"type\": \"single_code\"}','[{\"type\": \"exit_point\", \"exit_point\": \"GOMUP\", \"exit_direction\": {\"end\": 360, \"start\": 215}}]',90,'2022-07-30 16:23:31','2022-07-30 16:23:31'),(91,'{\"code\": \"A1\", \"type\": \"single_code\"}','[{\"type\": \"exit_point\", \"exit_point\": \"ARKIL\", \"exit_direction\": {\"end\": 325, \"start\": 180}}]',91,'2022-07-30 16:23:31','2022-07-30 16:23:31'),(92,'{\"code\": \"A1\", \"type\": \"single_code\"}','[{\"type\": \"exit_point\", \"exit_point\": \"LULOX\", \"exit_direction\": {\"end\": 325, \"start\": 180}}]',92,'2022-07-30 16:23:31','2022-07-30 16:23:31'),(93,'{\"code\": \"A\", \"type\": \"single_code\"}','[{\"type\": \"exit_point\", \"exit_point\": \"TURLU\", \"exit_direction\": {\"end\": 325, \"start\": 180}}]',93,'2022-07-30 16:23:31','2022-07-30 16:23:31'),(94,'{\"code\": \"A\", \"type\": \"single_code\"}','[{\"type\": \"exit_point\", \"exit_point\": \"GAPLI\", \"exit_direction\": {\"end\": 325, \"start\": 180}}]',94,'2022-07-30 16:23:31','2022-07-30 16:23:31'),(95,'{\"code\": \"A\", \"type\": \"single_code\"}','[{\"type\": \"exit_point\", \"exit_point\": \"BISKI\", \"exit_direction\": {\"end\": 325, \"start\": 180}}]',95,'2022-07-30 16:23:31','2022-07-30 16:23:31'),(96,'{\"code\": \"A\", \"type\": \"single_code\"}','[{\"type\": \"exit_point\", \"exit_point\": \"TAKAS\", \"exit_direction\": {\"end\": 325, \"start\": 180}}]',96,'2022-07-30 16:23:31','2022-07-30 16:23:31'),(97,'{\"code\": \"N7\", \"type\": \"single_code\"}','[{\"type\": \"exit_point\", \"exit_point\": \"IBROD\", \"exit_direction\": {\"end\": 325, \"start\": 215}}]',97,'2022-07-30 16:23:31','2022-07-30 16:23:31'),(98,'{\"code\": \"N6\", \"type\": \"single_code\"}','[{\"type\": \"exit_point\", \"exit_point\": \"AMLAD\", \"exit_direction\": {\"end\": 325, \"start\": 215}}]',98,'2022-07-30 16:23:31','2022-07-30 16:23:31'),(99,'{\"code\": \"N5\", \"type\": \"single_code\"}','[{\"type\": \"exit_point\", \"exit_point\": \"MIMKU\", \"exit_direction\": {\"end\": 325, \"start\": 215}}]',99,'2022-07-30 16:23:31','2022-07-30 16:23:31'),(100,'{\"code\": \"N4\", \"type\": \"single_code\"}','[{\"type\": \"exit_point\", \"exit_point\": \"APSOV\", \"exit_direction\": {\"end\": 325, \"start\": 215}}]',100,'2022-07-30 16:23:31','2022-07-30 16:23:31'),(101,'{\"code\": \"N3\", \"type\": \"single_code\"}','[{\"type\": \"exit_point\", \"exit_point\": \"KUGUR\", \"exit_direction\": {\"end\": 325, \"start\": 215}}]',101,'2022-07-30 16:23:31','2022-07-30 16:23:31'),(102,'{\"code\": \"N2\", \"type\": \"single_code\"}','[{\"type\": \"exit_point\", \"exit_point\": \"LUTOV\", \"exit_direction\": {\"end\": 325, \"start\": 215}}]',102,'2022-07-30 16:23:31','2022-07-30 16:23:31'),(103,'{\"code\": \"N1\", \"type\": \"single_code\"}','[{\"type\": \"exit_point\", \"exit_point\": \"NIBOG\", \"exit_direction\": {\"end\": 325, \"start\": 215}}]',103,'2022-07-30 16:23:31','2022-07-30 16:23:31'),(104,'{\"code\": \"S4\", \"type\": \"single_code\"}','[{\"type\": \"exit_point\", \"exit_point\": \"VATRY\", \"exit_direction\": {\"end\": 325, \"start\": 215}}]',104,'2022-07-30 16:23:31','2022-07-30 16:23:31'),(105,'{\"code\": \"S3\", \"type\": \"single_code\"}','[{\"type\": \"exit_point\", \"exit_point\": \"BAKUR\", \"exit_direction\": {\"end\": 325, \"start\": 215}}]',105,'2022-07-30 16:23:31','2022-07-30 16:23:31'),(106,'{\"code\": \"S2\", \"type\": \"single_code\"}','[{\"type\": \"exit_point\", \"exit_point\": \"SLANY\", \"exit_direction\": {\"end\": 325, \"start\": 215}}]',106,'2022-07-30 16:23:31','2022-07-30 16:23:31'),(107,'{\"code\": \"S\", \"type\": \"single_code\"}','[{\"type\": \"exit_point\", \"exit_point\": \"BANBA\", \"exit_direction\": {\"end\": 325, \"start\": 215}}]',107,'2022-07-30 16:23:31','2022-07-30 16:23:31'),(108,'{\"code\": \"S\", \"type\": \"single_code\"}','[{\"type\": \"exit_point\", \"exit_point\": \"EVRIN\", \"exit_direction\": {\"end\": 325, \"start\": 215}}]',108,'2022-07-30 16:23:31','2022-07-30 16:23:31'),(109,'{\"code\": \"G1\", \"type\": \"single_code\"}','[{\"type\": \"exit_point\", \"exit_point\": \"MOLAK\", \"exit_direction\": {\"end\": 325, \"start\": 215}}]',109,'2022-07-30 16:23:31','2022-07-30 16:23:31'),(110,'{\"code\": \"G2\", \"type\": \"single_code\"}','[{\"type\": \"exit_point\", \"exit_point\": \"NIPIT\", \"exit_direction\": {\"end\": 325, \"start\": 215}}]',110,'2022-07-30 16:23:31','2022-07-30 16:23:31'),(111,'{\"code\": \"G3\", \"type\": \"single_code\"}','[{\"type\": \"exit_point\", \"exit_point\": \"ERNAN\", \"exit_direction\": {\"end\": 325, \"start\": 215}}]',111,'2022-07-30 16:23:31','2022-07-30 16:23:31'),(112,'{\"code\": \"G4\", \"type\": \"single_code\"}','[{\"type\": \"exit_point\", \"exit_point\": \"DEGOS\", \"exit_direction\": {\"end\": 325, \"start\": 215}}]',112,'2022-07-30 16:23:31','2022-07-30 16:23:31'),(113,'{\"code\": \"G5\", \"type\": \"single_code\"}','[{\"type\": \"exit_point\", \"exit_point\": \"NIMAT\", \"exit_direction\": {\"end\": 325, \"start\": 215}}]',113,'2022-07-30 16:23:31','2022-07-30 16:23:31'),(114,'{\"code\": \"G7\", \"type\": \"single_code\"}','[{\"type\": \"exit_point\", \"exit_point\": \"NEVRI\", \"exit_direction\": {\"end\": 325, \"start\": 215}}]',114,'2022-07-30 16:23:31','2022-07-30 16:23:31'),(115,'{\"code\": \"G9\", \"type\": \"single_code\"}','[{\"type\": \"exit_point\", \"exit_point\": \"RUBEX\", \"exit_direction\": {\"end\": 325, \"start\": 215}}]',115,'2022-07-30 16:23:31','2022-07-30 16:23:31'),(116,'{\"code\": \"L\", \"type\": \"single_code\"}','[{\"type\": \"exit_point\", \"exit_point\": \"BAGSO\", \"exit_direction\": {\"end\": 325, \"start\": 215}}]',116,'2022-07-30 16:23:31','2022-07-30 16:23:31'),(117,'{\"code\": \"L\", \"type\": \"single_code\"}','[{\"type\": \"exit_point\", \"exit_point\": \"BOYNE\", \"exit_direction\": {\"end\": 325, \"start\": 215}}]',117,'2022-07-30 16:23:31','2022-07-30 16:23:31'),(118,'{\"code\": \"T\", \"type\": \"single_code\"}','[{\"type\": \"exit_point\", \"exit_point\": \"LIPGO\", \"exit_direction\": {\"end\": 325, \"start\": 215}}]',118,'2022-07-30 16:23:31','2022-07-30 16:23:31'),(119,'{\"code\": \"T\", \"type\": \"single_code\"}','[{\"type\": \"exit_point\", \"exit_point\": \"MORAG\", \"exit_direction\": {\"end\": 325, \"start\": 215}}]',119,'2022-07-30 16:23:31','2022-07-30 16:23:31'),(120,'{\"code\": \"M1\", \"type\": \"single_code\"}','[{\"type\": \"exit_point\", \"exit_point\": \"LEDGO\", \"exit_direction\": {\"end\": 325, \"start\": 215}}]',120,'2022-07-30 16:23:31','2022-07-30 16:23:31'),(121,'{\"code\": \"M1\", \"type\": \"single_code\"}','[{\"type\": \"exit_point\", \"exit_point\": \"MOPAT\", \"exit_direction\": {\"end\": 325, \"start\": 215}}]',121,'2022-07-30 16:23:31','2022-07-30 16:23:31'),(122,'{\"code\": \"M\", \"type\": \"single_code\"}','[{\"type\": \"exit_point\", \"exit_point\": \"LESLU\", \"exit_direction\": {\"end\": 325, \"start\": 215}}]',122,'2022-07-30 16:23:31','2022-07-30 16:23:31'),(123,'{\"code\": \"M\", \"type\": \"single_code\"}','[{\"type\": \"exit_point\", \"exit_point\": \"NORLA\", \"exit_direction\": {\"end\": 325, \"start\": 215}}]',123,'2022-07-30 16:23:31','2022-07-30 16:23:31'),(124,'{\"code\": \"M\", \"type\": \"single_code\"}','[{\"type\": \"exit_point\", \"exit_point\": \"SAMON\", \"exit_direction\": {\"end\": 325, \"start\": 215}}]',124,'2022-07-30 16:23:31','2022-07-30 16:23:31'),(125,'{\"code\": \"L\", \"type\": \"single_code\"}','[{\"type\": \"exit_point\", \"exit_point\": \"BAGSO\", \"exit_direction\": {\"end\": 325, \"start\": 215}}]',125,'2022-07-30 16:23:31','2022-07-30 16:23:31'),(126,'{\"code\": \"B4\", \"type\": \"single_code\"}','[{\"type\": \"exit_point\", \"exit_point\": \"ANNET\", \"exit_direction\": {\"end\": 235, \"start\": 125}}]',126,'2022-07-30 16:23:31','2022-07-30 16:23:31'),(127,'{\"code\": \"B4\", \"type\": \"single_code\"}','[{\"type\": \"exit_point\", \"exit_point\": \"LIZAD\", \"exit_direction\": {\"end\": 235, \"start\": 125}}]',127,'2022-07-30 16:23:31','2022-07-30 16:23:31'),(128,'{\"code\": \"B5\", \"type\": \"single_code\"}','[{\"type\": \"exit_point\", \"exit_point\": \"GANTO\", \"exit_direction\": {\"end\": 235, \"start\": 125}}]',128,'2022-07-30 16:23:31','2022-07-30 16:23:31'),(129,'{\"code\": \"B6\", \"type\": \"single_code\"}','[{\"type\": \"exit_point\", \"exit_point\": \"SUPAP\", \"exit_direction\": {\"end\": 235, \"start\": 125}}]',129,'2022-07-30 16:23:31','2022-07-30 16:23:31'),(130,'{\"code\": \"B7\", \"type\": \"single_code\"}','[{\"type\": \"exit_point\", \"exit_point\": \"PEMAK\", \"exit_direction\": {\"end\": 235, \"start\": 125}}]',130,'2022-07-30 16:23:31','2022-07-30 16:23:31'),(131,'{\"code\": \"B3\", \"type\": \"single_code\"}','[{\"type\": \"exit_point\", \"exit_point\": \"SALCO\", \"exit_direction\": {\"end\": 235, \"start\": 125}}]',131,'2022-07-30 16:23:31','2022-07-30 16:23:31'),(132,'{\"code\": \"B2\", \"type\": \"single_code\"}','[{\"type\": \"exit_point\", \"exit_point\": \"MANIG\", \"exit_direction\": {\"end\": 235, \"start\": 125}}]',132,'2022-07-30 16:23:31','2022-07-30 16:23:31'),(133,'{\"code\": \"B\", \"type\": \"single_code\"}','[{\"type\": \"exit_point\", \"exit_point\": \"SKESO\", \"exit_direction\": {\"end\": 235, \"start\": 125}}]',133,'2022-07-30 16:23:31','2022-07-30 16:23:31'),(134,'{\"code\": \"B\", \"type\": \"single_code\"}','[{\"type\": \"exit_point\", \"exit_point\": \"SKERY\", \"exit_direction\": {\"end\": 235, \"start\": 125}}]',134,'2022-07-30 16:23:31','2022-07-30 16:23:31'),(135,'{\"code\": \"W\", \"type\": \"single_code\"}','[{\"type\": \"exit_point\", \"exit_point\": \"NEVIL\", \"exit_direction\": {\"end\": 235, \"start\": 125}}]',135,'2022-07-30 16:23:31','2022-07-30 16:23:31'),(136,'{\"code\": \"W\", \"type\": \"single_code\"}','[{\"type\": \"exit_point\", \"exit_point\": \"ANGLO\", \"exit_direction\": {\"end\": 235, \"start\": 125}}]',136,'2022-07-30 16:23:31','2022-07-30 16:23:31'),(137,'{\"code\": \"P\", \"type\": \"single_code\"}','[{\"type\": \"exit_point\", \"exit_point\": \"PETAX\", \"exit_direction\": {\"end\": 235, \"start\": 125}}]',137,'2022-07-30 16:23:31','2022-07-30 16:23:31');
/*!40000 ALTER TABLE `intention_codes` ENABLE KEYS */;
UNLOCK TABLES;

--
-- Table structure for table `job_batches`
--

DROP TABLE IF EXISTS `job_batches`;
/*!40101 SET @saved_cs_client     = @@character_set_client */;
/*!40101 SET character_set_client = utf8 */;
CREATE TABLE `job_batches` (
  `id` varchar(255) CHARACTER SET utf8mb4 COLLATE utf8mb4_unicode_ci NOT NULL,
  `name` varchar(255) CHARACTER SET utf8mb4 COLLATE utf8mb4_unicode_ci NOT NULL,
  `total_jobs` int NOT NULL,
  `pending_jobs` int NOT NULL,
  `failed_jobs` int NOT NULL,
  `failed_job_ids` text CHARACTER SET utf8mb4 COLLATE utf8mb4_unicode_ci NOT NULL,
  `options` mediumtext CHARACTER SET utf8mb4 COLLATE utf8mb4_unicode_ci,
  `cancelled_at` int DEFAULT NULL,
  `created_at` int NOT NULL,
  `finished_at` int DEFAULT NULL,
  PRIMARY KEY (`id`)
) ENGINE=InnoDB DEFAULT CHARSET=utf8mb4 COLLATE=utf8mb4_unicode_ci;
/*!40101 SET character_set_client = @saved_cs_client */;

--
-- Dumping data for table `job_batches`
--

LOCK TABLES `job_batches` WRITE;
/*!40000 ALTER TABLE `job_batches` DISABLE KEYS */;
/*!40000 ALTER TABLE `job_batches` ENABLE KEYS */;
UNLOCK TABLES;

--
-- Table structure for table `measurement_units`
--

DROP TABLE IF EXISTS `measurement_units`;
/*!40101 SET @saved_cs_client     = @@character_set_client */;
/*!40101 SET character_set_client = utf8 */;
CREATE TABLE `measurement_units` (
  `id` bigint unsigned NOT NULL AUTO_INCREMENT,
  `unit` varchar(255) COLLATE utf8mb4_unicode_ci NOT NULL COMMENT 'The units',
  `created_at` timestamp NULL DEFAULT NULL,
  `updated_at` timestamp NULL DEFAULT NULL,
  PRIMARY KEY (`id`)
) ENGINE=InnoDB AUTO_INCREMENT=3 DEFAULT CHARSET=utf8mb4 COLLATE=utf8mb4_unicode_ci;
/*!40101 SET character_set_client = @saved_cs_client */;

--
-- Dumping data for table `measurement_units`
--

LOCK TABLES `measurement_units` WRITE;
/*!40000 ALTER TABLE `measurement_units` DISABLE KEYS */;
INSERT INTO `measurement_units` VALUES (1,'s','2022-07-30 16:23:15',NULL),(2,'nm','2022-07-30 16:23:15',NULL);
/*!40000 ALTER TABLE `measurement_units` ENABLE KEYS */;
UNLOCK TABLES;

--
-- Table structure for table `metars`
--

DROP TABLE IF EXISTS `metars`;
/*!40101 SET @saved_cs_client     = @@character_set_client */;
/*!40101 SET character_set_client = utf8 */;
CREATE TABLE `metars` (
  `id` bigint unsigned NOT NULL AUTO_INCREMENT,
  `airfield_id` int unsigned NOT NULL COMMENT 'The airfield the METAR applies to',
  `raw` text CHARACTER SET utf8mb4 COLLATE utf8mb4_unicode_ci NOT NULL COMMENT 'The raw METAR text',
  `parsed` json NOT NULL COMMENT 'The parsed elements of the METAR',
  `created_at` timestamp NULL DEFAULT NULL,
  `updated_at` timestamp NULL DEFAULT NULL,
  PRIMARY KEY (`id`),
  UNIQUE KEY `metars_airfield_id_unique` (`airfield_id`),
  CONSTRAINT `metars_airfield_id_foreign` FOREIGN KEY (`airfield_id`) REFERENCES `airfield` (`id`) ON DELETE CASCADE
) ENGINE=InnoDB DEFAULT CHARSET=utf8mb4 COLLATE=utf8mb4_unicode_ci;
/*!40101 SET character_set_client = @saved_cs_client */;

--
-- Dumping data for table `metars`
--

LOCK TABLES `metars` WRITE;
/*!40000 ALTER TABLE `metars` DISABLE KEYS */;
/*!40000 ALTER TABLE `metars` ENABLE KEYS */;
UNLOCK TABLES;

--
-- Table structure for table `migrations`
--

DROP TABLE IF EXISTS `migrations`;
/*!40101 SET @saved_cs_client     = @@character_set_client */;
/*!40101 SET character_set_client = utf8 */;
CREATE TABLE `migrations` (
  `id` int unsigned NOT NULL AUTO_INCREMENT,
  `migration` varchar(255) CHARACTER SET utf8mb4 COLLATE utf8mb4_unicode_ci NOT NULL,
  `batch` int NOT NULL,
  PRIMARY KEY (`id`)
) ENGINE=InnoDB AUTO_INCREMENT=481 DEFAULT CHARSET=utf8mb4 COLLATE=utf8mb4_unicode_ci;
/*!40101 SET character_set_client = @saved_cs_client */;

--
-- Dumping data for table `migrations`
--

LOCK TABLES `migrations` WRITE;
/*!40000 ALTER TABLE `migrations` DISABLE KEYS */;
INSERT INTO `migrations` VALUES (1,'2016_06_01_000001_create_oauth_auth_codes_table',1),(2,'2016_06_01_000002_create_oauth_access_tokens_table',1),(3,'2016_06_01_000003_create_oauth_refresh_tokens_table',1),(4,'2016_06_01_000004_create_oauth_clients_table',1),(5,'2016_06_01_000005_create_oauth_personal_access_clients_table',1),(6,'2017_12_02_000025_create_version_table',1),(7,'2017_12_09_130000_create_user_status_table',1),(8,'2017_12_09_134343_create_user_table',1),(9,'2017_12_09_232627_create_squawk_ranges_table',1),(10,'2017_12_11_185507_create_squawk_allocation_table',1),(11,'2017_12_14_222241_create_squawk_reserved_table',1),(12,'2018_05_05_215341_add_callsign_to_squawk_allocation',1),(13,'2018_05_06_033335_create_asrs',1),(14,'2018_05_07_201509_refactor_squawk_range_tables',1),(15,'2018_05_07_204616_add_local_ranges',1),(16,'2018_05_07_204621_add_general_ranges',1),(17,'2018_08_12_115743_add_biggin_squawks',1),(18,'2018_12_01_160910_add_user_version_last_login',1),(19,'2018_12_29_144918_audit_squawk_allocations',1),(20,'2018_12_29_155018_create_squawk_allocation_history_table',1),(21,'2018_12_29_223946_add_squawk_audit_history_index',1),(22,'2018_12_30_151650_update_paris_orcam_range',1),(23,'2018_12_31_180417_add_coventry_ats_squawk',1),(24,'2019_02_02_214826_create_hold_table',1),(25,'2019_02_02_220619_create_standard_holds',1),(26,'2019_02_03_170328_create_hold_restriction_table',1),(27,'2019_02_03_172637_add_hold_restrictions',1),(28,'2019_02_09_192604_define_ccams_ranges',1),(29,'2019_02_12_221420_create_hold_profile_table',1),(30,'2019_02_12_223211_create_hold_profile_hold_table',1),(31,'2019_02_24_221334_add_redhill_squawk',1),(32,'2019_03_07_214624_create_airfield_table',1),(33,'2019_03_07_215541_create_tma_table',1),(34,'2019_03_09_220710_create_msl_airfield_table',1),(35,'2019_03_09_220850_create_msl_tma_table',1),(36,'2019_03_12_201033_add_airfields',1),(37,'2019_03_12_202137_add_tmas',1),(38,'2019_05_06_142830_add_basic_hold_profiles_for_all_users',1),(39,'2019_06_20_230910_create_sid_table',1),(40,'2019_06_20_231817_add_missing_airfields',1),(41,'2019_06_20_231818_add_sids',1),(42,'2019_06_21_025916_create_admin_table',1),(43,'2019_06_23_014206_create_admin_log_table',1),(44,'2019_07_21_152050_airac1909',1),(45,'2019_09_14_094017_update_gatwick_departures',1),(46,'2019_09_14_094914_update_cambridge_squawk_range',1),(47,'2019_09_28_194332_create_controller_positions_table',1),(48,'2019_09_28_194848_add_controller_positions',1),(49,'2019_09_28_201311_create_top_downs_table',1),(50,'2019_09_28_203124_add_more_missing_airfields',1),(51,'2019_09_28_203125_add_top_down_orders',1),(52,'2019_09_29_134128_create_handoffs_table',1),(53,'2019_09_29_134129_create_handoff_orders_table',1),(54,'2019_09_29_135411_remove_deleted_sids',1),(55,'2019_09_29_135412_add_handoffs',1),(56,'2019_09_29_165822_add_handoff_orders',1),(57,'2019_09_29_185539_add_sid_handoff_column',1),(58,'2019_09_29_190717_add_sid_handoff_data',1),(59,'2019_10_01_204600_add_dependencies_table',1),(60,'2019_10_01_210522_add_dependencies',1),(61,'2019_10_05_121242_create_wake_categories_table',1),(62,'2019_10_05_121437_add_wake_categories',1),(63,'2019_10_05_122414_create_aircraft_table',1),(64,'2019_10_05_123113_add_aircraft',1),(65,'2019_10_05_144409_create_prenotes_table',1),(66,'2019_10_05_145001_create_airfield_pairing_prenotes_table',1),(67,'2019_10_05_150910_create_sid_prenotes_table',1),(68,'2019_10_05_151710_create_prenote_orders_table',1),(69,'2019_10_05_152406_add_prenotes',1),(70,'2019_10_05_154533_add_sid_prenote_data',1),(71,'2019_10_05_161222_add_airfield_pairing_prenote_data',1),(72,'2019_10_05_162749_add_prenote_order_data',1),(73,'2019_10_11_214623_add_asr_keys',1),(74,'2019_10_11_220038_create_altimeter_setting_region_airfield_table',1),(75,'2019_10_11_220450_add_airfields_again',1),(76,'2019_10_11_220451_add_airfields_to_asrs',1),(77,'2019_10_11_225321_drop_asr_station_column',1),(78,'2019_10_11_225940_create_regional_pressure_settings_table',1),(79,'2020_01_27_170406_bri_cdf_hold_levels',1),(80,'2020_01_30_202040_airac_202002_aerodrome_updates',1),(81,'2020_01_30_202040_airac_202002_clacton_splits',1),(82,'2020_01_30_202040_airac_202002_daventry_splits',1),(83,'2020_01_30_202040_airac_202002_redfa_handoffs',1),(84,'2020_01_30_202040_airac_202002_tcne_splits',1),(85,'2020_02_01_113600_heathrow_real_ops_holds',1),(86,'2020_02_01_171300_handoff_dependencies',1),(87,'2020_02_01_210800_create_sector_file_issues_table',1),(88,'2020_02_08_123000_hold_restriction_keys',1),(89,'2020_02_08_123100_new_doncaster_sids',1),(90,'2020_02_08_123100_new_farnborough_holds',1),(91,'2020_02_08_123100_new_farnborough_sids',1),(92,'2020_02_08_123100_new_farnborough_squawks',1),(93,'2020_02_08_123100_new_heathrow_sids',1),(94,'2020_02_29_123100_eglc_rnav_holds',1),(95,'2020_02_29_123100_new_handoffs',1),(96,'2020_03_29_174000_add_edinburgh_delivery',1),(97,'2020_03_29_175412_remove_southampton_ground',1),(98,'2020_03_29_180102_switch_tweed_to_tartn',1),(99,'2020_03_29_180600_doncaster_sid_updates',1),(100,'2020_04_01_163800_remove_cardiff_from_bristol_topdown',1),(101,'2020_04_03_160614_add_user_dependency_column',1),(102,'2020_04_03_161131_add_per_user_dependencies',1),(103,'2020_04_03_161652_add_dependency_user_table',1),(104,'2020_04_16_193753_create_srd_routes_table',1),(105,'2020_04_18_110359_create_srd_notes_table',1),(106,'2020_04_18_164747_create_srd_note_srd_route_table',1),(107,'2020_04_23_195443_update_military_positions',1),(108,'2020_04_23_201252_fix_manchester_top_down',1),(109,'2020_04_23_202447_add_lands_end_top_down',1),(110,'2020_04_23_205519_add_scilly_positions_and_ownership',1),(111,'2020_04_23_210257_add_brize_lars_position',1),(112,'2020_04_23_210737_add_brize_director_position',1),(113,'2020_04_23_211444_add_missing_top_downs',1),(114,'2020_05_03_194514_create_navaids_table',1),(115,'2020_05_03_194736_rename_holds_table',1),(116,'2020_05_03_201148_add_navaid_id_to_holds',1),(117,'2020_05_04_182014_add_holds_to_navaids',1),(118,'2020_05_05_193951_holds_migration_tidy_up',1),(119,'2020_05_18_190409_luton_sid_updates',1),(120,'2020_05_18_191155_add_southend_pdrs',1),(121,'2020_05_21_202207_add_navaid_coordinates',1),(122,'2020_05_21_202514_set_navaid_coordinates',1),(123,'2020_05_22_170020_add_navaids_dependency',1),(124,'2020_05_23_121824_add_st_athan',1),(125,'2020_05_23_123708_fix_southend_handoffs',1),(126,'2020_05_23_131123_southend_pdr_updates',1),(127,'2020_05_23_131945_farnborough_sid_updates',1),(128,'2020_05_24_193401_add_network_aircraft_table',1),(129,'2020_05_24_200535_create_assigned_holds_table',1),(130,'2020_05_30_130125_record_hold_assignment',1),(131,'2020_06_12_130125_add_extra_navaids',1),(132,'2020_06_12_130126_add_glasgow_holds',1),(133,'2020_06_13_123708_fix_heathrow_handoffs',1),(134,'2020_06_13_181605_add_missing_primary_keys',1),(135,'2020_06_13_200202_create_ccams_squawk_ranges_table',1),(136,'2020_06_13_200605_add_ccams_range_data',1),(137,'2020_07_01_191718_update_heathrow_sid_handoffs',1),(138,'2020_07_02_195330_create_orcam_squawk_ranges_table',1),(139,'2020_07_02_195859_add_orcam_range_data',1),(140,'2020_07_02_202246_create_airfield_pairing_squawk_ranges_table',1),(141,'2020_07_02_202408_add_airfield_pairing_squawk_ranges',1),(142,'2020_07_03_180502_create_unit_conspicuity_squawk_codes_table',1),(143,'2020_07_03_180908_create_unit_conspicuity_squawk_rules_table',1),(144,'2020_07_03_181148_add_conspicuity_squawk_data',1),(145,'2020_07_04_133830_create_unit_discrete_squawk_ranges_table',1),(146,'2020_07_04_134009_create_unit_discrete_squawk_code_rules_table',1),(147,'2020_07_04_134327_add_unit_discrete_squawk_code_data',1),(148,'2020_07_04_151616_create_unit_squawk_range_guests_table',1),(149,'2020_07_04_151740_add_unit_squawk_range_guest_data',1),(150,'2020_07_04_181400_create_ccams_squawk_assignments_table',1),(151,'2020_07_04_182215_create_squawk_assignments_history_table',1),(152,'2020_07_05_135104_create_orcam_squawk_assignments_table',1),(153,'2020_07_05_135220_create_airfield_pairing_squawk_assignments_table',1),(154,'2020_07_05_140456_create_unit_discrete_squawk_assignments_table',1),(155,'2020_07_08_210310_copy_legacy_assignments_to_ccams_table',1),(156,'2020_07_08_211538_drop_legacy_squawk_tables',1),(157,'2020_07_09_144146_create_flight_information_regions_table',1),(158,'2020_07_09_144636_create_flight_information_region_boundaries_table',1),(159,'2020_07_09_145154_add_london_flight_information_region_data',1),(160,'2020_07_09_160932_add_scottish_flight_information_region_data',1),(161,'2020_07_12_105742_create_network_aircraft_fir_events_table',1),(162,'2020_07_15_183124_add_provider_column_to_oauth_clients',1),(163,'2020_07_23_140545_create_non_assignable_squawk_codes_table',1),(164,'2020_07_23_140858_add_non_assignable_squawk_code_data',1),(165,'2020_07_23_203941_create_enroute_release_types_table',1),(166,'2020_07_23_204207_add_release_type_data',1),(167,'2020_07_23_204751_create_enroute_release_history_table',1),(168,'2020_07_23_205731_add_enroute_release_type_dependency',1),(169,'2020_07_25_135226_add_transponder_last_updated_column_to_network_aircraft',1),(170,'2020_07_25_145637_change_network_aircraft_coordinate_type',1),(171,'2020_07_25_154853_create_squawk_reservation_measurement_points_table',1),(172,'2020_07_25_154935_add_squawk_reservation_measurement_points',1),(173,'2020_07_30_162402_channel_islands_domestic_ranges',1),(174,'2020_08_11_202925_drop_hold_profile_tables',1),(175,'2020_08_11_203027_delete_hold_profile_dependencies',1),(176,'2020_08_15_154608_create_stands_table',1),(177,'2020_08_15_161049_add_stands_data',1),(178,'2020_08_15_172306_create_stand_assignments_table',1),(179,'2020_08_15_172529_create_stand_assignments_history_table',1),(180,'2020_08_16_164111_create_stands_dependency',1),(181,'2020_08_17_211657_update_gatwick_prenotes',1),(182,'2020_08_20_151621_update_heathrow_prenotes',1),(183,'2020_09_13_180827_add_fairford_initial_altitudes',1),(184,'2020_09_21_195255_add_new_mpc_positions',1),(185,'2020_10_02_165818_stand_tidy_up',1),(186,'2020_10_03_085246_add_network_data_updated_index',1),(187,'2020_10_31_171407_add_missing_stands',1),(188,'2020_10_31_171408_fix_stand_coordinates',1),(189,'2020_10_31_171408_rename_stands',1),(190,'2020_10_31_171408_retire_old_stands',1),(191,'2020_10_31_171409_add_decimal_lat_long_to_stands',1),(192,'2020_10_31_195454_create_aircraft_stand_table',1),(193,'2020_11_01_145740_create_airlines_table',1),(194,'2020_11_01_150304_import_airlines',1),(195,'2020_11_01_154049_create_airline_stand_table',1),(196,'2020_11_07_181638_deancross_frequency_change',1),(197,'2020_11_12_173832_southend_director_frequency_change',1),(198,'2020_11_12_174543_new_bristol_stand',1),(199,'2020_11_14_154714_add_relative_weighting_column_to_wake_categories_table',1),(200,'2020_11_14_163416_add_wake_category_to_stands_table',1),(201,'2020_11_14_170241_add_wingspan_to_aircraft_table',1),(202,'2020_11_14_170924_add_length_to_aircraft_table',1),(203,'2020_11_14_172454_add_allocate_stands_to_aircraft_table',1),(204,'2020_11_15_144308_fix_pc_bandbox_frequency',1),(205,'2020_11_15_162153_add_is_cargo_to_airlines_table',1),(206,'2020_11_15_181145_add_lat_long_to_airfields_table',1),(207,'2020_11_16_144308_fix_birmingham_radar_frequency',1),(208,'2020_11_17_163631_change_pc_bandbox_frequency',1),(209,'2020_11_17_163820_add_pc_sector29',1),(210,'2020_11_17_164334_add_pc_trent',1),(211,'2020_11_17_165951_add_pc_penil',1),(212,'2020_11_17_170644_tc_midlands_tc_north_west_updates',1),(213,'2020_11_17_171658_fix_heathrow_tc_north_west_departure_handoffs',1),(214,'2020_11_17_180754_fix_wallasey_ownership',1),(215,'2020_11_18_171226_add_max_aircraft_id_to_stands',1),(216,'2020_11_18_185946_add_general_use_column_to_stands',1),(217,'2020_11_18_192411_create_stand_types_table',1),(218,'2020_11_18_193641_add_stand_type_to_stands_table',1),(219,'2020_11_21_114641_add_terminals_table',1),(220,'2020_11_21_115001_add_terminal_id_to_stands_table',1),(221,'2020_11_21_115608_add_terminals_data',1),(222,'2020_11_21_152205_add_not_before_to_airline_stand_table',1),(223,'2020_11_21_154307_add_stand_pairs_table',1),(224,'2020_11_21_154308_add_stand_pairs',1),(225,'2020_11_21_154308_recatagorise_stands',1),(226,'2020_11_21_163532_add_stand_airlines',1),(227,'2020_11_22_123324_create_airline_terminal_table',1),(228,'2020_11_22_123425_add_airline_terminal_data',1),(229,'2020_11_22_130022_add_missing_foreign_key_to_stand_assignments_table',1),(230,'2020_11_28_140526_create_stand_reservations_table',1),(231,'2020_11_29_020111_swanwick_mil__sectorisation_update',1),(232,'2020_11_29_151914_scottish_tma_handoffs',1),(233,'2020_11_29_160741_scottish_msl_calculations',1),(234,'2020_11_29_195750_add_aircraft_dimensions',1),(235,'2020_12_05_200341_fix_manchester_handoff_orders',1),(236,'2020_12_14_172152_guernsey_radar_changes',1),(237,'2020_12_19_171924_remove_airlines_from_uniform_apron_gatwick',1),(238,'2020_12_21_171328_newquay_standard_departure_routes',1),(239,'2020_12_21_172655_newquay_radar_frequencies',1),(240,'2020_12_21_173720_cardiff_logon_frequencies',1),(241,'2020_12_22_171114_heathrow_common_travel_area_stand',1),(242,'2020_12_26_154040_create_recat_categories_table',1),(243,'2020_12_26_154158_add_recat_categories',1),(244,'2020_12_26_154715_add_recat_category_to_aircraft',1),(245,'2020_12_26_161527_add_recat_dependency',1),(246,'2020_12_27_164614_add_leeds_hold',1),(247,'2020_12_27_202346_bristol_stand_priority',1),(248,'2021_01_02_171420_create_departure_wake_intervals_table',1),(249,'2021_01_02_172411_add_departure_interval_data',1),(250,'2021_01_02_182635_create_departure_interval_groups_table',1),(251,'2021_01_02_182836_add_interval_group_to_sids_table',1),(252,'2021_01_02_183431_create_departure_interval_groups_departure_interval_groups_table',1),(253,'2021_01_02_190202_add_departure_interval_groups',1),(254,'2021_01_02_190210_add_departure_interval_group_members',1),(255,'2021_01_02_192958_add_departure_interval_group_pairs',1),(256,'2021_01_03_125201_add_wake_category_schemes_table',1),(257,'2021_01_03_125356_add_wake_category_scheme_id_to_airfield',1),(258,'2021_01_06_194304_create_speed_groups_table',1),(259,'2021_01_06_195027_create_aircraft_engine_types_table',1),(260,'2021_01_06_201326_create_aircraft_speed_group_table',1),(261,'2021_01_06_201544_create_aircraft_engine_type_speed_group_table',1),(262,'2021_01_09_182025_create_flight_rules_table',1),(263,'2021_01_09_182615_add_flight_rule_id_to_airfield_pairing_prenotes_table',1),(264,'2021_01_09_183516_update_airfield_pairing_prenotes',1),(265,'2021_01_10_141946_pigot_minimum_holding_level',1),(266,'2021_01_10_183224_create_speed_group_speed_group_table',1),(267,'2021_01_11_204954_add_heathrow_terminals',1),(268,'2021_01_12_191133_add_wake_separation_scheme_id_to_wake_categories_table',1),(269,'2021_01_12_200232_change_unique_key_on_wake_categories',1),(270,'2021_01_12_200233_copy_recat_to_new_table',1),(271,'2021_01_13_130535_add_recat_intervals',1),(272,'2021_01_13_170144_create_aircraft_wake_category_table',1),(273,'2021_01_13_170402_map_aircraft_wake_categories',1),(274,'2021_01_13_170733_drop_wake_columns_on_aircraft_table',1),(275,'2021_01_13_170853_drop_recat_categories_table',1),(276,'2021_01_20_183817_add_delbo_hold',1),(277,'2021_01_21_155342_create_notifications_table',1),(278,'2021_01_21_170224_create_notification_controllers_table',1),(279,'2021_01_21_175205_create_notification_reads_table',1),(280,'2021_01_21_204315_add_speed_group_data',1),(281,'2021_01_28_172046_fix_cardiff_radar_handoffs',1),(282,'2021_02_03_164958_new_gatwick_sids',1),(283,'2021_02_03_171156_add_daventry_standalone_position',1),(284,'2021_02_05_164741_add_action_to_dependencies',1),(285,'2021_02_05_164856_add_actions_for_dependencies',1),(286,'2021_02_05_182253_drop_uri_from_dependencies',1),(287,'2021_02_12_190657_daventry_standlone_city_handoffs',1),(288,'2021_02_12_205511_add_destination_index_to_network_aircraft',1),(289,'2021_02_12_205716_add_birmingham_northbound_handoff',1),(290,'2021_02_17_163202_add_departure_airport_index_to_network_aircraft',1),(291,'2021_02_18_154821_update_gatwick_stand_allocations',1),(292,'2021_02_18_160623_create_deemed_separated_holds_table',1),(293,'2021_02_18_160904_add_deemed_separated_holds',1),(294,'2021_02_18_210430_assign_shuttle_stands_to_ba_domestic',1),(295,'2021_02_20_165658_add_speed_group_links',1),(296,'2021_02_21_132136_add_departure_recat_wake_intervals_dependency',1),(297,'2021_02_21_133155_add_airfield_dependency',1),(298,'2021_02_21_190013_create_departure_sid_intervals_dependency',1),(299,'2021_02_21_194855_add_wake_schemes_dependency',1),(300,'2021_02_21_203430_add_sids_dependency',1),(301,'2021_03_05_160722_create_fir_proximity_measuring_points_table',1),(302,'2021_03_05_160924_add_fir_proximity_measuring_points',1),(303,'2021_03_05_165950_drop_squawk_reservation_measurement_points_table',1),(304,'2021_03_07_121449_create_schedule_monitor_tables',1),(305,'2021_03_14_124031_gatwick_enroute_holds',1),(306,'2021_03_14_130008_add_more_deemed_separated_holds',1),(307,'2021_03_14_132415_add_assignment_priority_column_to_stands',1),(308,'2021_03_14_132751_set_default_assignment_priorities',1),(309,'2021_03_14_133014_drop_general_use_from_stands_table',1),(310,'2021_03_14_135050_update_stand_priorities',1),(311,'2021_03_23_171500_add_hawarden_airways_departures',1),(312,'2021_03_23_172943_add_more_holds',1),(313,'2021_03_23_202453_create_metar_table',1),(314,'2021_03_24_163843_create_new_gatwick_heathrow_departures',1),(315,'2021_03_25_162609_west_lag_splits',1),(316,'2021_03_25_174818_create_msl_calculation_airfields_table',1),(317,'2021_03_25_175007_add_msl_airfields',1),(318,'2021_03_25_185157_drop_msl_calculation_from_airfield',1),(319,'2021_03_27_153822_change_network_aircraft_position_precision',1),(320,'2021_03_27_160120_add_indexes_to_network_aircraft',1),(321,'2021_03_27_171451_drop_created_at_from_aircraft_stand',1),(322,'2021_03_29_132625_add_lat_long_to_aircraft_stand',1),(323,'2021_04_01_160256_create_squawk_assignments_table',1),(324,'2021_04_01_172130_drop_old_squawk_assignments_tables',1),(325,'2021_04_01_210403_add_transponder_index_to_network_aircraft_table',1),(326,'2021_04_04_152348_add_exter_initial_altitudes',1),(327,'2021_04_07_151656_create_failed_jobs_table',1),(328,'2021_04_07_151811_create_job_batches_table',1),(329,'2021_04_10_143101_create_plugin_events_table',1),(330,'2021_04_14_160257_add_initial_heading_to_sid_table',1),(331,'2021_04_14_160437_add_initial_heading_data',1),(332,'2021_04_14_180707_remove_unused_dependencies',1),(333,'2021_04_17_132208_create_departure_releases_table',1),(334,'2021_04_18_115419_add_release_columns_to_controller_positions_table',1),(335,'2021_04_18_115725_set_departure_release_columns',1),(336,'2021_04_18_145430_convert_navaid_coordinate_format',1),(337,'2021_05_04_160230_remove_old_versions',1),(338,'2021_05_04_161026_add_missing_heathrow_stands',1),(339,'2021_05_04_170715_add_missing_stansted_stands',1),(340,'2021_05_09_123123_add_soft_deletes_to_versions',1),(341,'2021_05_09_123250_set_deleted_times_on_versions',1),(342,'2021_05_09_123510_drop_allowed_on_versions',1),(343,'2021_05_16_141339_create_controller_positions_v2_dependency',1),(344,'2021_21_02_175353_add_departure_wake_intervals_dependency',1),(345,'2021_05_23_132259_add_departure_release_requests_indexes',2),(346,'2021_05_28_160457_gatwick_stand_weightings',2),(347,'2021_06_10_152439_add_pc_north_east_position',2),(348,'2021_06_19_144633_network_aircraft_transponder_updated_at_default',2),(349,'2021_06_21_161606_add_london_area_north_splits',2),(350,'2021_06_21_164307_rename_manchester_positions',2),(351,'2021_06_21_164623_update_norwich_topdown',2),(352,'2021_07_04_140439_drop_last_version_from_users_table',2),(353,'2021_07_04_143149_create_prenote_messages_table',2),(354,'2021_07_04_153303_add_prenotes_columns_to_controller_positions_table',2),(355,'2021_07_13_153842_update_channel_island_domestic_squawks',2),(356,'2021_07_17_112822_aldergrove_radar_frequency',2),(357,'2021_07_17_113147_southampton_standard_departures',2),(358,'2021_07_17_114449_remove_initial_altitudes_dependency',2),(359,'2021_07_17_114925_remove_controller_positions_v1_dependency',2),(360,'2021_07_25_124346_gatwick_cargo_stands',2),(361,'2021_08_12_194514_jetblue_heathrow_stands',2),(362,'2021_08_12_195625_royal_suite_assignments',2),(363,'2021_08_13_140055_add_priority_to_airline_stand_table',2),(364,'2021_08_13_140410_set_airline_stand_priorities',2),(365,'2021_08_13_140719_heathrow_shuttle_priorities',2),(366,'2021_08_13_145147_change_airfield_coordinate_column_type',2),(367,'2021_08_21_131017_stansted_airline_stand_rearrangements',2),(368,'2021_08_24_200130_east_midlands_stand_refresh',2),(369,'2021_09_05_201643_create_missed_approach_notifications_table',2),(370,'2021_09_10_083341_add_closed_at_to_stands_table',2),(371,'2021_09_10_084143_close_gatwick_pier6_stands',2),(372,'2021_09_18_163903_ground_and_delivery_prenotes',2),(373,'2021_10_07_204352_channel_island_sid_truncations',2),(374,'2021_10_07_205722_carlisle_atc_changes',2),(375,'2021_10_12_200715_close_edinburgh_stands',2),(376,'2021_10_23_164550_create_network_controller_positions_table',2),(377,'2021_10_24_132644_create_controller_position_additional_callsigns_table',2),(378,'2021_10_24_132844_add_controller_position_abbreviations',2),(379,'2021_10_31_150039_create_database_tables_table',2),(380,'2021_10_31_150110_create_database_table_dependency_table',2),(381,'2021_10_31_151146_add_dependency_concerned_tables',2),(382,'2021_11_01_201007_add_handoff_v2_dependency',2),(383,'2021_11_01_204643_add_prenotes_v2_dependency',2),(384,'2021_11_01_210148_add_flight_rules_dependency',2),(385,'2021_11_01_211913_delete_deprecated_dependencies',2),(386,'2021_11_07_150730_military_squawk_ranges',2),(387,'2021_11_26_154533_add_missed_approach_acknowledgement_to_missed_approaches_table',2),(388,'2021_11_28_204738_add_missing_database_dependency_tables',2),(389,'2021_11_30_164653_airfield_pairing_prenotes_tidy',2),(390,'2021_12_03_174429_add_missing_airfields_for_elevations',2),(391,'2021_12_03_174513_add_elevation_to_airfields_table',2),(392,'2021_12_03_174736_add_airfield_elevations',2),(393,'2021_12_04_163314_new_airfield_controllers',2),(394,'2021_12_05_202635_add_remarks_to_network_aircraft_table',2),(395,'2021_12_06_204453_east_midlands_cargo_stand_updates',2),(396,'2021_12_06_205131_gravity_va_stands',2),(397,'2021_12_12_171054_add_default_handoff_id_to_airfield_table',2),(398,'2021_12_12_171154_add_airfield_default_handoffs',2),(399,'2021_12_19_205447_cardiff_hold_inbound_course',2),(400,'2021_12_19_210210_edinburgh_stand_closures',2),(401,'2021_12_27_143054_aberdeen_stand_updates',2),(402,'2021_12_29_175805_add_release_remarks_to_departure_release_requests_table',2),(403,'2021_12_25_193528_create_activity_log_table',3),(404,'2021_12_25_193529_add_event_column_to_activity_log_table',3),(405,'2021_12_25_193530_add_batch_uuid_column_to_activity_log_table',3),(406,'2021_12_27_154449_create_release_channels_table',3),(407,'2021_12_27_154628_add_release_channel_id_to_version_table',3),(408,'2022_01_01_172252_create_runways_table',3),(409,'2022_01_01_172746_create_runway_runway_table',3),(410,'2022_01_01_173132_add_fields_to_stand_reservations_table',3),(411,'2022_01_01_181512_add_cid_to_stand_reservations_table',3),(412,'2022_01_01_192052_add_composite_index_to_stand_reservations_table',3),(413,'2022_01_01_201851_add_heathrow_realops_stand_reservations',3),(414,'2022_01_01_204130_add_heathrow_realops_departure_stand_reservations',3),(415,'2022_01_02_143236_add_cid_to_network_aircraft_table',3),(416,'2022_01_02_151821_add_runway_data',3),(417,'2022_01_02_164357_update_dependency_paths',3),(418,'2022_01_02_171655_add_runways_dependency',3),(419,'2022_01_02_172933_add_runway_id_column_to_sid_table',3),(420,'2022_01_02_173348_add_sid_runway_data',3),(421,'2022_01_02_173420_add_missing_sid_data',3),(422,'2022_01_02_173421_tidy_up_old_sids',3),(423,'2022_01_02_173422_add_runway_constraint_to_sids_table',3),(424,'2022_01_02_185609_drop_airfield_id_from_sid_table',3),(425,'2022_01_04_201232_add_release_channels_to_current',3),(426,'2022_01_15_200851_add_aircraft_dependency',3),(427,'2022_01_15_201220_add_measurement_units_table',3),(428,'2022_01_15_201524_add_measurement_units_to_departure_wake_intervals_table',3),(429,'2022_01_15_201957_add_foreign_key_to_departure_wake_intervals_table',3),(430,'2022_01_20_194507_east_midlands_cargo_priority',3),(431,'2022_01_21_171735_allow_prenotes_to_tower',3),(432,'2022_01_24_165926_gatwick_biggin_departure_rename',3),(433,'2022_01_25_195231_recat_intermediate_intervals',3),(434,'2022_01_27_172428_hold_inbound_updates',3),(435,'2022_01_27_173705_create_navaid_network_aircraft_table',3),(436,'2022_01_29_140855_stansted_a380_stands',3),(437,'2022_02_05_135934_stansted_radar_positions',3),(438,'2022_02_05_140925_stansted_enroute_top_down',3),(439,'2022_02_05_145838_london_midlands_callsigns',3),(440,'2022_02_05_151659_stansted_sid_changes',3),(441,'2022_02_05_152334_wake_scheme_intervals_dependency_table',3),(442,'2022_02_05_152847_remove_old_wake_dependencies',3),(443,'2022_02_07_191417_controller_frequency_conversions',3),(444,'2022_02_07_193301_glasgow_jet2_stands',3),(445,'2022_02_19_130816_add_arrival_wake_intervals_table',3),(446,'2022_02_19_131705_add_arrival_wake_intervals',3),(447,'2022_02_19_134140_add_arrival_intervals_to_dependency_table',3),(448,'2022_02_25_172658_stansted_sid_fixes',3),(449,'2022_02_28_173512_add_fly_uk_airline',3),(450,'2022_02_28_173819_add_callsign_slug_to_airline_stand_table',3),(451,'2022_02_28_174007_fly_uk_stand_assignments',3),(452,'2022_03_04_173536_remove_stansted_nugbo_prenote',3),(453,'2022_03_06_212416_create_visual_reference_points_table',3),(454,'2022_03_06_212608_create_airfield_visual_reference_point_table',3),(455,'2022_03_06_213538_add_vrp_data',3),(456,'2022_03_07_215510_add_vrp_dependency',3),(457,'2022_03_08_205023_add_mapping_elements_dependency',3),(458,'2022_04_10_134425_bristol_stand_changes',3),(459,'2022_04_10_203512_bump_mapping_element_dependency',3),(460,'2022_04_16_145437_play_airline_stands',3),(461,'2022_04_16_153903_create_intention_codes_table',3),(462,'2022_04_16_155956_create_intention_codes_dependency',3),(463,'2022_04_16_160541_add_intention_code_data',3),(464,'2022_04_20_205442_fix_intention_code_dependency_path',3),(465,'2022_04_24_170853_recat_eu_code_changes',3),(466,'2022_05_11_212200_renumber_heathrow_stands',3),(467,'2022_05_11_213212_ban_msfs_default_squawk',3),(468,'2022_05_11_214313_east_midlands_stands',3),(469,'2022_05_13_180637_update_e2_exit_code',3),(470,'2022_05_26_193844_heathrow_terminals2022',3),(471,'2022_05_27_141904_heathrow2022_stand_allocations',3),(472,'2022_06_02_205312_essex_hold_updates',3),(473,'2022_06_16_171413_close_liverpool_stand12_a',3),(474,'2022_06_16_172839_extra_manchester_stands',3),(475,'2022_06_23_193553_add_first_name_last_name_to_users_table',3),(476,'2022_06_24_102105_drop_admin_table',3),(477,'2022_07_16_174056_create_roles_table',3),(478,'2022_07_16_175047_add_roles',3),(479,'2022_07_16_175241_create_role_user_table',3),(480,'2022_07_16_175649_add_web_services_users',3);
/*!40000 ALTER TABLE `migrations` ENABLE KEYS */;
UNLOCK TABLES;

--
-- Table structure for table `missed_approach_notifications`
--

DROP TABLE IF EXISTS `missed_approach_notifications`;
/*!40101 SET @saved_cs_client     = @@character_set_client */;
/*!40101 SET character_set_client = utf8 */;
CREATE TABLE `missed_approach_notifications` (
  `id` bigint unsigned NOT NULL AUTO_INCREMENT,
  `callsign` varchar(255) CHARACTER SET utf8mb4 COLLATE utf8mb4_unicode_ci NOT NULL COMMENT 'The callsign the notification relates to',
  `user_id` int unsigned NOT NULL COMMENT 'Who sent the notification',
  `created_at` timestamp NOT NULL,
  `expires_at` timestamp NOT NULL COMMENT 'When the notification expires',
  `acknowledged_by` int unsigned DEFAULT NULL COMMENT 'Who acknowledged the missed approach',
  `acknowledged_at` timestamp NULL DEFAULT NULL COMMENT 'When the missed approach was acknowledged',
  `remarks` varchar(500) CHARACTER SET utf8mb4 COLLATE utf8mb4_unicode_ci DEFAULT NULL COMMENT 'Any remarks or instructions from the acknowledging controller',
  PRIMARY KEY (`id`),
  KEY `missed_approach_notifications_callsign_index` (`callsign`),
  KEY `missed_approach_notifications_created_at_index` (`created_at`),
  KEY `missed_approach_notifications_expires_at_index` (`expires_at`),
  KEY `missed_approach_notifications_acknowledged_by_foreign` (`acknowledged_by`),
  CONSTRAINT `missed_approach_notifications_acknowledged_by_foreign` FOREIGN KEY (`acknowledged_by`) REFERENCES `user` (`id`) ON DELETE CASCADE
) ENGINE=InnoDB DEFAULT CHARSET=utf8mb4 COLLATE=utf8mb4_unicode_ci;
/*!40101 SET character_set_client = @saved_cs_client */;

--
-- Dumping data for table `missed_approach_notifications`
--

LOCK TABLES `missed_approach_notifications` WRITE;
/*!40000 ALTER TABLE `missed_approach_notifications` DISABLE KEYS */;
/*!40000 ALTER TABLE `missed_approach_notifications` ENABLE KEYS */;
UNLOCK TABLES;

--
-- Table structure for table `monitored_scheduled_task_log_items`
--

DROP TABLE IF EXISTS `monitored_scheduled_task_log_items`;
/*!40101 SET @saved_cs_client     = @@character_set_client */;
/*!40101 SET character_set_client = utf8 */;
CREATE TABLE `monitored_scheduled_task_log_items` (
  `id` bigint unsigned NOT NULL AUTO_INCREMENT,
  `monitored_scheduled_task_id` bigint unsigned NOT NULL,
  `type` varchar(255) CHARACTER SET utf8mb4 COLLATE utf8mb4_unicode_ci NOT NULL,
  `meta` json DEFAULT NULL,
  `created_at` timestamp NULL DEFAULT NULL,
  `updated_at` timestamp NULL DEFAULT NULL,
  PRIMARY KEY (`id`),
  KEY `fk_scheduled_task_id` (`monitored_scheduled_task_id`),
  CONSTRAINT `fk_scheduled_task_id` FOREIGN KEY (`monitored_scheduled_task_id`) REFERENCES `monitored_scheduled_tasks` (`id`) ON DELETE CASCADE
) ENGINE=InnoDB DEFAULT CHARSET=utf8mb4 COLLATE=utf8mb4_unicode_ci;
/*!40101 SET character_set_client = @saved_cs_client */;

--
-- Dumping data for table `monitored_scheduled_task_log_items`
--

LOCK TABLES `monitored_scheduled_task_log_items` WRITE;
/*!40000 ALTER TABLE `monitored_scheduled_task_log_items` DISABLE KEYS */;
/*!40000 ALTER TABLE `monitored_scheduled_task_log_items` ENABLE KEYS */;
UNLOCK TABLES;

--
-- Table structure for table `monitored_scheduled_tasks`
--

DROP TABLE IF EXISTS `monitored_scheduled_tasks`;
/*!40101 SET @saved_cs_client     = @@character_set_client */;
/*!40101 SET character_set_client = utf8 */;
CREATE TABLE `monitored_scheduled_tasks` (
  `id` bigint unsigned NOT NULL AUTO_INCREMENT,
  `name` varchar(255) CHARACTER SET utf8mb4 COLLATE utf8mb4_unicode_ci NOT NULL,
  `type` varchar(255) CHARACTER SET utf8mb4 COLLATE utf8mb4_unicode_ci DEFAULT NULL,
  `cron_expression` varchar(255) CHARACTER SET utf8mb4 COLLATE utf8mb4_unicode_ci NOT NULL,
  `timezone` varchar(255) CHARACTER SET utf8mb4 COLLATE utf8mb4_unicode_ci DEFAULT NULL,
  `ping_url` varchar(255) CHARACTER SET utf8mb4 COLLATE utf8mb4_unicode_ci DEFAULT NULL,
  `last_started_at` datetime DEFAULT NULL,
  `last_finished_at` datetime DEFAULT NULL,
  `last_failed_at` datetime DEFAULT NULL,
  `last_skipped_at` datetime DEFAULT NULL,
  `registered_on_oh_dear_at` datetime DEFAULT NULL,
  `last_pinged_at` datetime DEFAULT NULL,
  `grace_time_in_minutes` int NOT NULL,
  `created_at` timestamp NULL DEFAULT NULL,
  `updated_at` timestamp NULL DEFAULT NULL,
  PRIMARY KEY (`id`)
) ENGINE=InnoDB DEFAULT CHARSET=utf8mb4 COLLATE=utf8mb4_unicode_ci;
/*!40101 SET character_set_client = @saved_cs_client */;

--
-- Dumping data for table `monitored_scheduled_tasks`
--

LOCK TABLES `monitored_scheduled_tasks` WRITE;
/*!40000 ALTER TABLE `monitored_scheduled_tasks` DISABLE KEYS */;
/*!40000 ALTER TABLE `monitored_scheduled_tasks` ENABLE KEYS */;
UNLOCK TABLES;

--
-- Table structure for table `msl_airfield`
--

DROP TABLE IF EXISTS `msl_airfield`;
/*!40101 SET @saved_cs_client     = @@character_set_client */;
/*!40101 SET character_set_client = utf8 */;
CREATE TABLE `msl_airfield` (
  `airfield_id` int unsigned NOT NULL,
  `msl` smallint NOT NULL,
  `generated_at` timestamp NOT NULL DEFAULT CURRENT_TIMESTAMP,
  PRIMARY KEY (`airfield_id`) USING BTREE,
  CONSTRAINT `msl_airfield_airfield_id_foreign` FOREIGN KEY (`airfield_id`) REFERENCES `airfield` (`id`)
) ENGINE=InnoDB DEFAULT CHARSET=utf8mb4 COLLATE=utf8mb4_unicode_ci;
/*!40101 SET character_set_client = @saved_cs_client */;

--
-- Dumping data for table `msl_airfield`
--

LOCK TABLES `msl_airfield` WRITE;
/*!40000 ALTER TABLE `msl_airfield` DISABLE KEYS */;
/*!40000 ALTER TABLE `msl_airfield` ENABLE KEYS */;
UNLOCK TABLES;

--
-- Table structure for table `msl_calculation_airfields`
--

DROP TABLE IF EXISTS `msl_calculation_airfields`;
/*!40101 SET @saved_cs_client     = @@character_set_client */;
/*!40101 SET character_set_client = utf8 */;
CREATE TABLE `msl_calculation_airfields` (
  `id` bigint unsigned NOT NULL AUTO_INCREMENT,
  `airfield_id` int unsigned NOT NULL COMMENT 'The airfield that the MSL is for',
  `msl_airfield_id` int unsigned NOT NULL COMMENT 'The airfield that should be considered when calculating MSL',
  PRIMARY KEY (`id`),
  UNIQUE KEY `msl_calculation_airfields_unique` (`airfield_id`,`msl_airfield_id`),
  KEY `msl_calculation_airfields_additional` (`msl_airfield_id`),
  CONSTRAINT `msl_calculation_airfields_additional` FOREIGN KEY (`msl_airfield_id`) REFERENCES `airfield` (`id`) ON DELETE CASCADE,
  CONSTRAINT `msl_calculation_airfields_airfield` FOREIGN KEY (`airfield_id`) REFERENCES `airfield` (`id`) ON DELETE CASCADE
) ENGINE=InnoDB AUTO_INCREMENT=99 DEFAULT CHARSET=utf8mb4 COLLATE=utf8mb4_unicode_ci;
/*!40101 SET character_set_client = @saved_cs_client */;

--
-- Dumping data for table `msl_calculation_airfields`
--

LOCK TABLES `msl_calculation_airfields` WRITE;
/*!40000 ALTER TABLE `msl_calculation_airfields` DISABLE KEYS */;
INSERT INTO `msl_calculation_airfields` VALUES (1,1,2),(2,2,2),(3,3,2),(4,4,2),(5,5,2),(6,6,2),(7,7,2),(8,8,2),(9,9,9),(10,10,9),(11,11,9),(12,12,9),(13,13,13),(14,14,13),(15,15,13),(16,16,16),(17,16,17),(18,17,16),(19,17,17),(20,18,18),(21,19,19),(22,20,20),(23,21,21),(24,22,23),(25,23,23),(26,24,23),(27,25,25),(28,26,26),(29,27,27),(30,28,28),(31,29,2),(32,30,30),(33,31,31),(34,32,31),(35,33,33),(36,34,34),(37,35,35),(38,36,36),(39,37,37),(40,38,38),(41,39,39),(42,40,40),(43,41,41),(44,42,42),(45,43,43),(46,44,44),(47,45,45),(48,46,46),(49,47,47),(50,48,48),(51,49,49),(52,50,50),(53,51,51),(54,52,52),(55,53,53),(56,54,54),(57,55,55),(58,56,56),(59,57,57),(60,58,58),(61,59,59),(62,60,60),(63,61,61),(64,62,62),(65,63,63),(66,64,64),(67,65,65),(68,66,66),(69,67,67),(70,68,68),(71,69,69),(72,70,70),(73,71,71),(74,72,72),(75,73,73),(76,74,74),(77,75,75),(78,76,76),(79,77,77),(80,78,78),(81,79,79),(82,80,80),(83,81,81),(84,82,82),(85,83,83),(86,84,84),(87,85,85),(88,86,86),(89,87,87),(90,88,88),(91,89,89),(92,90,90),(93,91,91),(94,92,92),(95,93,93),(96,94,16),(97,94,17),(98,95,95);
/*!40000 ALTER TABLE `msl_calculation_airfields` ENABLE KEYS */;
UNLOCK TABLES;

--
-- Table structure for table `msl_tma`
--

DROP TABLE IF EXISTS `msl_tma`;
/*!40101 SET @saved_cs_client     = @@character_set_client */;
/*!40101 SET character_set_client = utf8 */;
CREATE TABLE `msl_tma` (
  `tma_id` int unsigned NOT NULL,
  `msl` smallint unsigned NOT NULL,
  `generated_at` timestamp NOT NULL DEFAULT CURRENT_TIMESTAMP,
  PRIMARY KEY (`tma_id`) USING BTREE,
  CONSTRAINT `msl_tma_tma_id_foreign` FOREIGN KEY (`tma_id`) REFERENCES `tma` (`id`)
) ENGINE=InnoDB DEFAULT CHARSET=utf8mb4 COLLATE=utf8mb4_unicode_ci;
/*!40101 SET character_set_client = @saved_cs_client */;

--
-- Dumping data for table `msl_tma`
--

LOCK TABLES `msl_tma` WRITE;
/*!40000 ALTER TABLE `msl_tma` DISABLE KEYS */;
/*!40000 ALTER TABLE `msl_tma` ENABLE KEYS */;
UNLOCK TABLES;

--
-- Table structure for table `navaid_network_aircraft`
--

DROP TABLE IF EXISTS `navaid_network_aircraft`;
/*!40101 SET @saved_cs_client     = @@character_set_client */;
/*!40101 SET character_set_client = utf8 */;
CREATE TABLE `navaid_network_aircraft` (
  `id` bigint unsigned NOT NULL AUTO_INCREMENT,
  `callsign` varchar(255) COLLATE utf8mb4_unicode_ci NOT NULL COMMENT 'The aircraft',
  `navaid_id` bigint unsigned NOT NULL COMMENT 'The navaid the network aircraft is close to',
  `entered_at` datetime NOT NULL COMMENT 'The time the aircraft entered the hold, in Z',
  PRIMARY KEY (`id`),
  UNIQUE KEY `navaid_aircraft_callsign` (`callsign`,`navaid_id`),
  KEY `navaid_network_aircraft_navaid_id_foreign` (`navaid_id`),
  CONSTRAINT `navaid_network_aircraft_callsign_foreign` FOREIGN KEY (`callsign`) REFERENCES `network_aircraft` (`callsign`) ON DELETE CASCADE,
  CONSTRAINT `navaid_network_aircraft_navaid_id_foreign` FOREIGN KEY (`navaid_id`) REFERENCES `navaids` (`id`) ON DELETE CASCADE
) ENGINE=InnoDB DEFAULT CHARSET=utf8mb4 COLLATE=utf8mb4_unicode_ci;
/*!40101 SET character_set_client = @saved_cs_client */;

--
-- Dumping data for table `navaid_network_aircraft`
--

LOCK TABLES `navaid_network_aircraft` WRITE;
/*!40000 ALTER TABLE `navaid_network_aircraft` DISABLE KEYS */;
/*!40000 ALTER TABLE `navaid_network_aircraft` ENABLE KEYS */;
UNLOCK TABLES;

--
-- Table structure for table `navaids`
--

DROP TABLE IF EXISTS `navaids`;
/*!40101 SET @saved_cs_client     = @@character_set_client */;
/*!40101 SET character_set_client = utf8 */;
CREATE TABLE `navaids` (
  `id` bigint unsigned NOT NULL AUTO_INCREMENT,
  `identifier` varchar(255) CHARACTER SET utf8mb4 COLLATE utf8mb4_unicode_ci NOT NULL COMMENT 'The identifier of the navaid',
  `latitude` decimal(10,7) DEFAULT NULL,
  `longitude` decimal(10,7) DEFAULT NULL,
  `created_at` timestamp NULL DEFAULT NULL,
  `updated_at` timestamp NULL DEFAULT NULL,
  PRIMARY KEY (`id`),
  UNIQUE KEY `navaids_identifier_unique` (`identifier`)
) ENGINE=InnoDB AUTO_INCREMENT=108 DEFAULT CHARSET=utf8mb4 COLLATE=utf8mb4_unicode_ci;
/*!40101 SET character_set_client = @saved_cs_client */;

--
-- Dumping data for table `navaids`
--

LOCK TABLES `navaids` WRITE;
/*!40000 ALTER TABLE `navaids` DISABLE KEYS */;
INSERT INTO `navaids` VALUES (1,'WILLO',50.9850000,-0.1916667,'2021-05-23 14:31:44',NULL),(2,'TIMBA',50.9455556,0.2616667,'2021-05-23 14:31:44',NULL),(3,'DAYNE',53.2386111,-2.0291667,'2021-05-23 14:31:44',NULL),(4,'ROSUN',53.6688889,-2.3491667,'2021-05-23 14:31:44',NULL),(5,'MIRSI',53.5380556,-2.7116667,'2021-05-23 14:31:44',NULL),(6,'BIG',51.3308750,0.0348111,'2021-05-23 14:31:44',NULL),(7,'OCK',51.3050000,-0.4472222,'2021-05-23 14:31:44',NULL),(8,'BNN',51.7261111,-0.5497222,'2021-05-23 14:31:44',NULL),(9,'LAM',51.6461111,0.1516667,'2021-05-23 14:31:44',NULL),(10,'LOREL',52.0138889,-0.0527778,'2021-05-23 14:31:44',NULL),(11,'ABBOT',52.0161111,0.5994444,'2021-05-23 14:31:44',NULL),(12,'BRI',51.3814417,-2.7175444,'2021-05-23 14:31:44',NULL),(13,'CDF',51.3933778,-3.3379083,'2021-05-23 14:31:44',NULL),(14,'TIPOD',53.4355556,-3.2847222,'2021-05-23 14:31:44',NULL),(15,'KEGUN',53.1925000,-3.1502778,'2021-05-23 14:31:44',NULL),(16,'BRASO',51.6852778,0.6833333,'2021-05-23 14:31:44',NULL),(17,'LOGAN',51.7475000,1.6119444,'2021-05-23 14:31:44',NULL),(18,'SABER',51.7038889,0.9494444,'2021-05-23 14:31:44',NULL),(19,'OKESI',51.4433333,-2.0616667,'2021-05-23 14:31:44',NULL),(20,'TARTN',55.7172222,-3.1386111,'2021-05-23 14:31:44',NULL),(21,'STIRA',56.1338889,-3.8336111,'2021-05-23 14:31:44',NULL),(22,'LANAK',55.7002778,-3.9386111,'2021-05-23 14:31:44',NULL),(23,'GOW',55.8705028,-4.4457250,'2021-05-23 14:31:44',NULL),(24,'GROVE',52.3938889,-1.9288889,'2021-05-23 14:31:44',NULL),(25,'CHASE',52.6133333,-1.9172222,'2021-05-23 14:31:44',NULL),(26,'ROKUP',53.0172222,-1.5158333,'2021-05-23 14:31:44',NULL),(27,'PIGOT',52.4952778,-1.0686111,'2021-05-23 14:31:44',NULL),(28,'BILNI',50.6752778,-2.1258333,'2021-05-23 14:31:50',NULL),(29,'DOMUT',50.2619444,-1.6691667,'2021-05-23 14:31:50',NULL),(30,'KATHY',50.5205556,-1.3333333,'2021-05-23 14:31:50',NULL),(31,'TIGER',51.0672222,0.4394444,'2021-05-23 14:31:50',NULL),(32,'WCO',51.8530556,-0.9625000,'2021-05-23 14:31:50',NULL),(33,'HON',52.3566667,-1.6636111,'2021-05-23 14:31:50',NULL),(34,'PEPIS',51.1966667,-1.2436111,'2021-05-23 14:31:51',NULL),(35,'RUDMO',50.7777778,-1.0241667,'2021-05-23 14:31:51',NULL),(36,'VEXUB',51.2358333,-0.6127778,'2021-05-23 14:31:51',NULL),(37,'GODLU',51.1661111,1.2844444,'2021-05-23 14:31:51',NULL),(38,'JACKO',51.7358333,1.4266667,'2021-05-23 14:31:51',NULL),(39,'LCY',51.5043500,0.0675028,'2021-05-23 14:31:51',NULL),(64,'TNT',53.0538889,-1.6700000,'2021-05-23 14:31:52',NULL),(65,'SITKU',53.7433333,-4.8316667,'2021-05-23 14:31:52',NULL),(66,'PENIL',53.6158333,-3.6636111,'2021-05-23 14:31:52',NULL),(67,'BHD',50.3986111,-3.4936111,'2021-05-23 14:31:52',NULL),(68,'FYNER',56.0488889,-5.1152778,'2021-05-23 14:31:52',NULL),(69,'FOYLE',56.1427778,-4.3822222,'2021-05-23 14:31:52',NULL),(70,'LBA',53.8649917,-1.6528917,'2021-05-23 14:32:28',NULL),(71,'DELBO',51.8769444,-1.2733333,'2021-05-23 14:32:31',NULL),(72,'TEBRA',51.4888889,1.6119444,'2021-05-23 14:32:33',NULL),(73,'AMDUT',50.6744444,0.7961111,'2021-05-23 14:32:33',NULL),(74,'ARNUN',51.0572222,0.9313889,'2021-05-23 14:32:33',NULL),(75,'GWC',50.8552167,-0.7567361,'2021-05-23 14:32:33',NULL),(76,'NQY',50.4425444,-4.9966750,'2021-05-23 14:32:33',NULL),(77,'EX',50.7521528,-3.2950472,'2021-05-23 14:32:33',NULL),(78,'TOMPO',50.7119444,-3.5552778,'2021-05-23 14:32:33',NULL),(79,'BIA',50.7776722,-1.8424861,'2021-05-23 14:32:33',NULL),(80,'SAM',50.9552500,-1.3450556,'2021-05-23 14:32:33',NULL),(81,'NEDUL',50.6661111,-1.5477778,'2021-05-23 14:32:33',NULL),(82,'SPEAR',51.5761111,0.7002778,'2021-05-23 14:32:33',NULL),(83,'GEGMU',51.7147222,1.1094444,'2021-05-23 14:32:33',NULL),(84,'NWI',52.6775417,1.2915028,'2021-05-23 14:32:33',NULL),(85,'FNY',53.4748222,-1.0017278,'2021-05-23 14:32:33',NULL),(86,'KELLY',53.9052778,-4.3641667,'2021-05-23 14:32:33',NULL),(87,'VANIN',53.9852778,-4.0391667,'2021-05-23 14:32:33',NULL),(88,'IOM',54.0668667,-4.7634750,'2021-05-23 14:32:33',NULL),(89,'RWY',54.0810833,-4.6228889,'2021-05-23 14:32:33',NULL),(90,'MIKEL',54.2750000,-4.8627778,'2021-05-23 14:32:33',NULL),(91,'TD',54.5605222,-1.3336389,'2021-05-23 14:32:33',NULL),(92,'NT',55.0503833,-1.6426806,'2021-05-23 14:32:33',NULL),(93,'ETSES',54.7097639,-1.6954306,'2021-05-23 14:32:33',NULL),(94,'TRN',55.3133333,-4.7838889,'2021-05-23 14:32:33',NULL),(95,'SUMIN',55.3294444,-4.0550000,'2021-05-23 14:32:33',NULL),(96,'INS',57.5426361,-4.0411083,'2021-05-23 14:32:33',NULL),(97,'BONBY',57.8916667,-4.3433333,'2021-05-23 14:32:33',NULL),(98,'GARVA',57.6883333,-4.4947222,'2021-05-23 14:32:33',NULL),(99,'GUSSI',57.2130556,-4.1241667,'2021-05-23 14:32:33',NULL),(100,'ADN',57.3104500,-2.2672083,'2021-05-23 14:32:33',NULL),(101,'ATF',57.0775139,-2.1057000,'2021-05-23 14:32:33',NULL),(102,'ZAGZO',52.3036028,-0.2312611,'2022-07-30 16:23:33','2022-07-30 16:23:33'),(103,'WOBUN',52.0194444,-0.7333333,'2022-07-30 16:23:33','2022-07-30 16:23:33'),(104,'LAPRA',52.1186111,1.2100000,'2022-07-30 16:23:33','2022-07-30 16:23:33'),(105,'MUCTE',52.1753139,1.2070639,'2022-07-30 16:23:33','2022-07-30 16:23:33'),(106,'VATON',51.4344444,-0.3488889,'2022-07-30 16:23:33','2022-07-30 16:23:33'),(107,'BOMBO',51.9955556,-0.3963889,'2022-07-30 16:23:33','2022-07-30 16:23:33');
/*!40000 ALTER TABLE `navaids` ENABLE KEYS */;
UNLOCK TABLES;

--
-- Table structure for table `network_aircraft`
--

DROP TABLE IF EXISTS `network_aircraft`;
/*!40101 SET @saved_cs_client     = @@character_set_client */;
/*!40101 SET character_set_client = utf8 */;
CREATE TABLE `network_aircraft` (
  `callsign` varchar(255) CHARACTER SET utf8mb4 COLLATE utf8mb4_unicode_ci NOT NULL COMMENT 'The aircrafts callsign',
  `cid` int unsigned DEFAULT NULL COMMENT 'The pilots CID, if available',
  `latitude` double(8,5) NOT NULL DEFAULT '0.00000' COMMENT 'The aircrafts latitude',
  `longitude` double(8,5) NOT NULL DEFAULT '0.00000' COMMENT 'The aircrafts longitude',
  `altitude` int DEFAULT NULL COMMENT 'The aircrafts current altitude',
  `groundspeed` int unsigned DEFAULT NULL COMMENT 'The aircrafts current ground speed',
  `planned_aircraft` varchar(255) CHARACTER SET utf8mb4 COLLATE utf8mb4_unicode_ci DEFAULT NULL COMMENT 'The aircraft type',
  `planned_depairport` varchar(255) CHARACTER SET utf8mb4 COLLATE utf8mb4_unicode_ci DEFAULT NULL COMMENT 'The departure airport',
  `planned_destairport` varchar(255) CHARACTER SET utf8mb4 COLLATE utf8mb4_unicode_ci DEFAULT NULL COMMENT 'The destination airport',
  `planned_altitude` varchar(255) CHARACTER SET utf8mb4 COLLATE utf8mb4_unicode_ci DEFAULT NULL COMMENT 'The filed cruise altitude',
  `transponder` varchar(255) CHARACTER SET utf8mb4 COLLATE utf8mb4_unicode_ci DEFAULT NULL COMMENT 'The aircrafts current squawk code',
  `transponder_last_updated_at` timestamp NULL DEFAULT NULL,
  `planned_flighttype` varchar(255) CHARACTER SET utf8mb4 COLLATE utf8mb4_unicode_ci DEFAULT NULL COMMENT 'The aircrafts flight rules',
  `planned_route` text CHARACTER SET utf8mb4 COLLATE utf8mb4_unicode_ci COMMENT 'The aircrafts planned route',
  `remarks` text CHARACTER SET utf8mb4 COLLATE utf8mb4_unicode_ci COMMENT 'Any remarks on the flightplan',
  `created_at` timestamp NULL DEFAULT NULL,
  `updated_at` timestamp NULL DEFAULT NULL,
  PRIMARY KEY (`callsign`) USING BTREE,
  KEY `network_aircraft_transponder_last_updated_at_index` (`transponder_last_updated_at`),
  KEY `network_aircraft_updated_at_index` (`updated_at`),
  KEY `network_aircraft_planned_destairport_index` (`planned_destairport`),
  KEY `network_aircraft_planned_depairport_index` (`planned_depairport`),
  KEY `network_aircraft_groundspeed_altitude_index` (`groundspeed`,`altitude`),
  KEY `network_aircraft_transponder_index` (`transponder`),
  KEY `network_aircraft_cid_index` (`cid`)
) ENGINE=InnoDB DEFAULT CHARSET=utf8mb4 COLLATE=utf8mb4_unicode_ci;
/*!40101 SET character_set_client = @saved_cs_client */;

--
-- Dumping data for table `network_aircraft`
--

LOCK TABLES `network_aircraft` WRITE;
/*!40000 ALTER TABLE `network_aircraft` DISABLE KEYS */;
/*!40000 ALTER TABLE `network_aircraft` ENABLE KEYS */;
UNLOCK TABLES;

--
-- Table structure for table `network_aircraft_fir_events`
--

DROP TABLE IF EXISTS `network_aircraft_fir_events`;
/*!40101 SET @saved_cs_client     = @@character_set_client */;
/*!40101 SET character_set_client = utf8 */;
CREATE TABLE `network_aircraft_fir_events` (
  `id` bigint unsigned NOT NULL AUTO_INCREMENT,
  `callsign` varchar(255) CHARACTER SET utf8mb4 COLLATE utf8mb4_unicode_ci NOT NULL COMMENT 'The aircrafts callsign',
  `flight_information_region_id` bigint unsigned NOT NULL COMMENT 'The FIR in question',
  `event_type` varchar(255) CHARACTER SET utf8mb4 COLLATE utf8mb4_unicode_ci NOT NULL COMMENT 'Entry, exit, etc',
  `metadata` json NOT NULL COMMENT 'Any other data, position entered etc',
  `created_at` timestamp NOT NULL,
  PRIMARY KEY (`id`),
  KEY `network_aircraft_fir_events_callsign_foreign` (`callsign`),
  KEY `network_aircraft_fir_events_flight_information_region_id_foreign` (`flight_information_region_id`),
  KEY `network_aircraft_fir_events_event_type_index` (`event_type`),
  CONSTRAINT `network_aircraft_fir_events_callsign_foreign` FOREIGN KEY (`callsign`) REFERENCES `network_aircraft` (`callsign`) ON DELETE CASCADE,
  CONSTRAINT `network_aircraft_fir_events_flight_information_region_id_foreign` FOREIGN KEY (`flight_information_region_id`) REFERENCES `flight_information_regions` (`id`) ON DELETE CASCADE
) ENGINE=InnoDB DEFAULT CHARSET=utf8mb4 COLLATE=utf8mb4_unicode_ci;
/*!40101 SET character_set_client = @saved_cs_client */;

--
-- Dumping data for table `network_aircraft_fir_events`
--

LOCK TABLES `network_aircraft_fir_events` WRITE;
/*!40000 ALTER TABLE `network_aircraft_fir_events` DISABLE KEYS */;
/*!40000 ALTER TABLE `network_aircraft_fir_events` ENABLE KEYS */;
UNLOCK TABLES;

--
-- Table structure for table `network_controller_positions`
--

DROP TABLE IF EXISTS `network_controller_positions`;
/*!40101 SET @saved_cs_client     = @@character_set_client */;
/*!40101 SET character_set_client = utf8 */;
CREATE TABLE `network_controller_positions` (
  `id` bigint unsigned NOT NULL AUTO_INCREMENT,
  `cid` int unsigned NOT NULL COMMENT 'The users CID',
  `callsign` varchar(255) CHARACTER SET utf8mb4 COLLATE utf8mb4_unicode_ci NOT NULL COMMENT 'The controllers callsign',
  `frequency` decimal(6,3) NOT NULL COMMENT 'The controllers frequency',
  `controller_position_id` bigint unsigned DEFAULT NULL COMMENT 'The known controller position this position is matched to',
  `created_at` timestamp NULL DEFAULT NULL,
  `updated_at` timestamp NULL DEFAULT NULL,
  PRIMARY KEY (`id`),
  UNIQUE KEY `network_controller_positions_cid_unique` (`cid`),
  KEY `network_controller_positions_controller_position_id_foreign` (`controller_position_id`),
  KEY `network_controller_positions_updated_at_index` (`updated_at`),
  CONSTRAINT `network_controller_positions_controller_position_id_foreign` FOREIGN KEY (`controller_position_id`) REFERENCES `controller_positions` (`id`) ON DELETE CASCADE
) ENGINE=InnoDB DEFAULT CHARSET=utf8mb4 COLLATE=utf8mb4_unicode_ci;
/*!40101 SET character_set_client = @saved_cs_client */;

--
-- Dumping data for table `network_controller_positions`
--

LOCK TABLES `network_controller_positions` WRITE;
/*!40000 ALTER TABLE `network_controller_positions` DISABLE KEYS */;
/*!40000 ALTER TABLE `network_controller_positions` ENABLE KEYS */;
UNLOCK TABLES;

--
-- Table structure for table `non_assignable_squawk_codes`
--

DROP TABLE IF EXISTS `non_assignable_squawk_codes`;
/*!40101 SET @saved_cs_client     = @@character_set_client */;
/*!40101 SET character_set_client = utf8 */;
CREATE TABLE `non_assignable_squawk_codes` (
  `id` bigint unsigned NOT NULL AUTO_INCREMENT,
  `code` varchar(4) CHARACTER SET utf8mb4 COLLATE utf8mb4_unicode_ci NOT NULL COMMENT 'The code that is reserved',
  `description` varchar(255) CHARACTER SET utf8mb4 COLLATE utf8mb4_unicode_ci NOT NULL COMMENT 'Why is the code reserved',
  PRIMARY KEY (`id`),
  UNIQUE KEY `non_assignable_squawk_codes_code_unique` (`code`)
) ENGINE=InnoDB AUTO_INCREMENT=11 DEFAULT CHARSET=utf8mb4 COLLATE=utf8mb4_unicode_ci;
/*!40101 SET character_set_client = @saved_cs_client */;

--
-- Dumping data for table `non_assignable_squawk_codes`
--

LOCK TABLES `non_assignable_squawk_codes` WRITE;
/*!40000 ALTER TABLE `non_assignable_squawk_codes` DISABLE KEYS */;
INSERT INTO `non_assignable_squawk_codes` VALUES (1,'7500','Never to be used on the VATSIM network'),(2,'7600','Radio failure'),(3,'7700','Mayday'),(4,'7000','VFR Conspicuity in the United Kingdom'),(5,'2000','IFR Conspicuity in the United Kingdom'),(6,'2200','Often used VATSIM non-discrete code'),(7,'1200','Default code on pilot clients'),(8,'0','Sometimes appears in VATSIM data feed'),(9,'9999','Sometimes appears in VATSIM data feed'),(10,'1234','MSFS Default');
/*!40000 ALTER TABLE `non_assignable_squawk_codes` ENABLE KEYS */;
UNLOCK TABLES;

--
-- Table structure for table `notification_user`
--

DROP TABLE IF EXISTS `notification_user`;
/*!40101 SET @saved_cs_client     = @@character_set_client */;
/*!40101 SET character_set_client = utf8 */;
CREATE TABLE `notification_user` (
  `id` bigint unsigned NOT NULL AUTO_INCREMENT,
  `notification_id` bigint unsigned NOT NULL,
  `user_id` int unsigned NOT NULL,
  `created_at` timestamp NULL DEFAULT NULL,
  `updated_at` timestamp NULL DEFAULT NULL,
  PRIMARY KEY (`id`),
  KEY `notification_user_user_id_foreign` (`user_id`),
  KEY `notification_user_notification_id_user_id_index` (`notification_id`,`user_id`),
  CONSTRAINT `notification_user_notification_id_foreign` FOREIGN KEY (`notification_id`) REFERENCES `notifications` (`id`) ON DELETE CASCADE,
  CONSTRAINT `notification_user_user_id_foreign` FOREIGN KEY (`user_id`) REFERENCES `user` (`id`) ON DELETE CASCADE
) ENGINE=InnoDB DEFAULT CHARSET=utf8mb4 COLLATE=utf8mb4_unicode_ci;
/*!40101 SET character_set_client = @saved_cs_client */;

--
-- Dumping data for table `notification_user`
--

LOCK TABLES `notification_user` WRITE;
/*!40000 ALTER TABLE `notification_user` DISABLE KEYS */;
/*!40000 ALTER TABLE `notification_user` ENABLE KEYS */;
UNLOCK TABLES;

--
-- Table structure for table `notifications`
--

DROP TABLE IF EXISTS `notifications`;
/*!40101 SET @saved_cs_client     = @@character_set_client */;
/*!40101 SET character_set_client = utf8 */;
CREATE TABLE `notifications` (
  `id` bigint unsigned NOT NULL AUTO_INCREMENT,
  `title` varchar(255) CHARACTER SET utf8mb4 COLLATE utf8mb4_unicode_ci NOT NULL,
  `body` text CHARACTER SET utf8mb4 COLLATE utf8mb4_unicode_ci NOT NULL,
  `link` varchar(255) CHARACTER SET utf8mb4 COLLATE utf8mb4_unicode_ci DEFAULT NULL,
  `valid_from` timestamp NOT NULL,
  `valid_to` timestamp NOT NULL,
  `created_at` timestamp NULL DEFAULT NULL,
  `updated_at` timestamp NULL DEFAULT NULL,
  `deleted_at` timestamp NULL DEFAULT NULL,
  PRIMARY KEY (`id`)
) ENGINE=InnoDB DEFAULT CHARSET=utf8mb4 COLLATE=utf8mb4_unicode_ci;
/*!40101 SET character_set_client = @saved_cs_client */;

--
-- Dumping data for table `notifications`
--

LOCK TABLES `notifications` WRITE;
/*!40000 ALTER TABLE `notifications` DISABLE KEYS */;
/*!40000 ALTER TABLE `notifications` ENABLE KEYS */;
UNLOCK TABLES;

--
-- Table structure for table `oauth_access_tokens`
--

DROP TABLE IF EXISTS `oauth_access_tokens`;
/*!40101 SET @saved_cs_client     = @@character_set_client */;
/*!40101 SET character_set_client = utf8 */;
CREATE TABLE `oauth_access_tokens` (
  `id` varchar(100) CHARACTER SET utf8mb4 COLLATE utf8mb4_unicode_ci NOT NULL,
  `user_id` bigint DEFAULT NULL,
  `client_id` int NOT NULL,
  `name` varchar(255) CHARACTER SET utf8mb4 COLLATE utf8mb4_unicode_ci DEFAULT NULL,
  `scopes` mediumtext CHARACTER SET utf8mb4 COLLATE utf8mb4_unicode_ci,
  `revoked` tinyint(1) NOT NULL,
  `created_at` timestamp NULL DEFAULT NULL,
  `updated_at` timestamp NULL DEFAULT NULL,
  `expires_at` datetime DEFAULT NULL,
  PRIMARY KEY (`id`) USING BTREE,
  KEY `oauth_access_tokens_user_id_index` (`user_id`) USING BTREE
) ENGINE=InnoDB DEFAULT CHARSET=utf8mb4 COLLATE=utf8mb4_unicode_ci;
/*!40101 SET character_set_client = @saved_cs_client */;

--
-- Dumping data for table `oauth_access_tokens`
--

LOCK TABLES `oauth_access_tokens` WRITE;
/*!40000 ALTER TABLE `oauth_access_tokens` DISABLE KEYS */;
/*!40000 ALTER TABLE `oauth_access_tokens` ENABLE KEYS */;
UNLOCK TABLES;

--
-- Table structure for table `oauth_auth_codes`
--

DROP TABLE IF EXISTS `oauth_auth_codes`;
/*!40101 SET @saved_cs_client     = @@character_set_client */;
/*!40101 SET character_set_client = utf8 */;
CREATE TABLE `oauth_auth_codes` (
  `id` varchar(100) CHARACTER SET utf8mb4 COLLATE utf8mb4_unicode_ci NOT NULL,
  `user_id` bigint NOT NULL,
  `client_id` int NOT NULL,
  `scopes` mediumtext CHARACTER SET utf8mb4 COLLATE utf8mb4_unicode_ci,
  `revoked` tinyint(1) NOT NULL,
  `expires_at` datetime DEFAULT NULL,
  PRIMARY KEY (`id`) USING BTREE
) ENGINE=InnoDB DEFAULT CHARSET=utf8mb4 COLLATE=utf8mb4_unicode_ci;
/*!40101 SET character_set_client = @saved_cs_client */;

--
-- Dumping data for table `oauth_auth_codes`
--

LOCK TABLES `oauth_auth_codes` WRITE;
/*!40000 ALTER TABLE `oauth_auth_codes` DISABLE KEYS */;
/*!40000 ALTER TABLE `oauth_auth_codes` ENABLE KEYS */;
UNLOCK TABLES;

--
-- Table structure for table `oauth_clients`
--

DROP TABLE IF EXISTS `oauth_clients`;
/*!40101 SET @saved_cs_client     = @@character_set_client */;
/*!40101 SET character_set_client = utf8 */;
CREATE TABLE `oauth_clients` (
  `id` int NOT NULL AUTO_INCREMENT,
  `user_id` bigint DEFAULT NULL,
  `name` varchar(255) CHARACTER SET utf8mb4 COLLATE utf8mb4_unicode_ci NOT NULL,
  `secret` varchar(100) CHARACTER SET utf8mb4 COLLATE utf8mb4_unicode_ci NOT NULL,
  `provider` varchar(255) CHARACTER SET utf8mb4 COLLATE utf8mb4_unicode_ci DEFAULT NULL,
  `redirect` mediumtext CHARACTER SET utf8mb4 COLLATE utf8mb4_unicode_ci NOT NULL,
  `personal_access_client` tinyint(1) NOT NULL,
  `password_client` tinyint(1) NOT NULL,
  `revoked` tinyint(1) NOT NULL,
  `created_at` timestamp NULL DEFAULT NULL,
  `updated_at` timestamp NULL DEFAULT NULL,
  PRIMARY KEY (`id`) USING BTREE,
  KEY `oauth_clients_user_id_index` (`user_id`) USING BTREE
) ENGINE=InnoDB DEFAULT CHARSET=utf8mb4 COLLATE=utf8mb4_unicode_ci;
/*!40101 SET character_set_client = @saved_cs_client */;

--
-- Dumping data for table `oauth_clients`
--

LOCK TABLES `oauth_clients` WRITE;
/*!40000 ALTER TABLE `oauth_clients` DISABLE KEYS */;
/*!40000 ALTER TABLE `oauth_clients` ENABLE KEYS */;
UNLOCK TABLES;

--
-- Table structure for table `oauth_personal_access_clients`
--

DROP TABLE IF EXISTS `oauth_personal_access_clients`;
/*!40101 SET @saved_cs_client     = @@character_set_client */;
/*!40101 SET character_set_client = utf8 */;
CREATE TABLE `oauth_personal_access_clients` (
  `id` int NOT NULL AUTO_INCREMENT,
  `client_id` int NOT NULL,
  `created_at` timestamp NULL DEFAULT NULL,
  `updated_at` timestamp NULL DEFAULT NULL,
  PRIMARY KEY (`id`) USING BTREE,
  KEY `oauth_personal_access_clients_client_id_index` (`client_id`) USING BTREE
) ENGINE=InnoDB DEFAULT CHARSET=utf8mb4 COLLATE=utf8mb4_unicode_ci;
/*!40101 SET character_set_client = @saved_cs_client */;

--
-- Dumping data for table `oauth_personal_access_clients`
--

LOCK TABLES `oauth_personal_access_clients` WRITE;
/*!40000 ALTER TABLE `oauth_personal_access_clients` DISABLE KEYS */;
/*!40000 ALTER TABLE `oauth_personal_access_clients` ENABLE KEYS */;
UNLOCK TABLES;

--
-- Table structure for table `oauth_refresh_tokens`
--

DROP TABLE IF EXISTS `oauth_refresh_tokens`;
/*!40101 SET @saved_cs_client     = @@character_set_client */;
/*!40101 SET character_set_client = utf8 */;
CREATE TABLE `oauth_refresh_tokens` (
  `id` varchar(100) CHARACTER SET utf8mb4 COLLATE utf8mb4_unicode_ci NOT NULL,
  `access_token_id` varchar(100) CHARACTER SET utf8mb4 COLLATE utf8mb4_unicode_ci NOT NULL,
  `revoked` tinyint(1) NOT NULL,
  `expires_at` datetime DEFAULT NULL,
  PRIMARY KEY (`id`) USING BTREE,
  KEY `oauth_refresh_tokens_access_token_id_index` (`access_token_id`) USING BTREE
) ENGINE=InnoDB DEFAULT CHARSET=utf8mb4 COLLATE=utf8mb4_unicode_ci;
/*!40101 SET character_set_client = @saved_cs_client */;

--
-- Dumping data for table `oauth_refresh_tokens`
--

LOCK TABLES `oauth_refresh_tokens` WRITE;
/*!40000 ALTER TABLE `oauth_refresh_tokens` DISABLE KEYS */;
/*!40000 ALTER TABLE `oauth_refresh_tokens` ENABLE KEYS */;
UNLOCK TABLES;

--
-- Table structure for table `orcam_squawk_ranges`
--

DROP TABLE IF EXISTS `orcam_squawk_ranges`;
/*!40101 SET @saved_cs_client     = @@character_set_client */;
/*!40101 SET character_set_client = utf8 */;
CREATE TABLE `orcam_squawk_ranges` (
  `id` bigint unsigned NOT NULL AUTO_INCREMENT,
  `origin` varchar(255) CHARACTER SET utf8mb4 COLLATE utf8mb4_unicode_ci NOT NULL,
  `first` varchar(4) CHARACTER SET utf8mb4 COLLATE utf8mb4_unicode_ci NOT NULL COMMENT 'The first squawk in the range',
  `last` varchar(4) CHARACTER SET utf8mb4 COLLATE utf8mb4_unicode_ci NOT NULL COMMENT 'The last squawk  in the range',
  `created_at` timestamp NULL DEFAULT NULL,
  `updated_at` timestamp NULL DEFAULT NULL,
  PRIMARY KEY (`id`)
) ENGINE=InnoDB AUTO_INCREMENT=36 DEFAULT CHARSET=utf8mb4 COLLATE=utf8mb4_unicode_ci;
/*!40101 SET character_set_client = @saved_cs_client */;

--
-- Dumping data for table `orcam_squawk_ranges`
--

LOCK TABLES `orcam_squawk_ranges` WRITE;
/*!40000 ALTER TABLE `orcam_squawk_ranges` DISABLE KEYS */;
INSERT INTO `orcam_squawk_ranges` VALUES (1,'EB','0101','0117','2021-05-23 14:31:52',NULL),(2,'ED','0120','0137','2021-05-23 14:31:52',NULL),(3,'EH','0140','0177','2021-05-23 14:31:52',NULL),(4,'ED','0601','0637','2021-05-23 14:31:52',NULL),(5,'LFP','0640','0677','2021-05-23 14:31:52',NULL),(6,'LE','1001','1067','2021-05-23 14:31:52',NULL),(7,'ED','1101','1137','2021-05-23 14:31:52',NULL),(8,'ED','1330','1377','2021-05-23 14:31:52',NULL),(9,'EH','2101','2147','2021-05-23 14:31:52',NULL),(10,'LF','2301','2377','2021-05-23 14:31:52',NULL),(11,'ED','2501','2577','2021-05-23 14:31:52',NULL),(12,'LS','3001','3077','2021-05-23 14:31:52',NULL),(13,'ED','3101','3177','2021-05-23 14:31:52',NULL),(14,'ED','3201','3277','2021-05-23 14:31:52',NULL),(15,'EL','3501','3507','2021-05-23 14:31:52',NULL),(16,'EDD','3540','3577','2021-05-23 14:31:52',NULL),(17,'LF','4001','4077','2021-05-23 14:31:52',NULL),(18,'ED','4101','4177','2021-05-23 14:31:52',NULL),(19,'EB','4401','4427','2021-05-23 14:31:52',NULL),(20,'EGJ','5271','5277','2021-05-23 14:31:52',NULL),(21,'LEB','5301','5377','2021-05-23 14:31:52',NULL),(22,'LEB','5501','5577','2021-05-23 14:31:52',NULL),(23,'LFP','5601','5647','2021-05-23 14:31:52',NULL),(24,'EL','5650','5657','2021-05-23 14:31:52',NULL),(25,'LSG','5701','5777','2021-05-23 14:31:52',NULL),(26,'EH','6260','6277','2021-05-23 14:31:52',NULL),(27,'ED','6601','6677','2021-05-23 14:31:52',NULL),(28,'LF','6701','6777','2021-05-23 14:31:52',NULL),(29,'EB','7101','7167','2021-05-23 14:31:52',NULL),(30,'EL','7170','7177','2021-05-23 14:31:52',NULL),(31,'EH','7330','7347','2021-05-23 14:31:52',NULL),(32,'LF','7440','7477','2021-05-23 14:31:52',NULL),(33,'LS','7510','7535','2021-05-23 14:31:52',NULL),(34,'ED','7540','7547','2021-05-23 14:31:52',NULL),(35,'LFP','7550','7567','2021-05-23 14:31:52',NULL);
/*!40000 ALTER TABLE `orcam_squawk_ranges` ENABLE KEYS */;
UNLOCK TABLES;

--
-- Table structure for table `plugin_events`
--

DROP TABLE IF EXISTS `plugin_events`;
/*!40101 SET @saved_cs_client     = @@character_set_client */;
/*!40101 SET character_set_client = utf8 */;
CREATE TABLE `plugin_events` (
  `id` bigint unsigned NOT NULL AUTO_INCREMENT,
  `event` json NOT NULL,
  `created_at` timestamp NOT NULL,
  PRIMARY KEY (`id`)
) ENGINE=InnoDB DEFAULT CHARSET=utf8mb4 COLLATE=utf8mb4_unicode_ci;
/*!40101 SET character_set_client = @saved_cs_client */;

--
-- Dumping data for table `plugin_events`
--

LOCK TABLES `plugin_events` WRITE;
/*!40000 ALTER TABLE `plugin_events` DISABLE KEYS */;
/*!40000 ALTER TABLE `plugin_events` ENABLE KEYS */;
UNLOCK TABLES;

--
-- Table structure for table `plugin_release_channels`
--

DROP TABLE IF EXISTS `plugin_release_channels`;
/*!40101 SET @saved_cs_client     = @@character_set_client */;
/*!40101 SET character_set_client = utf8 */;
CREATE TABLE `plugin_release_channels` (
  `id` bigint unsigned NOT NULL AUTO_INCREMENT,
  `name` varchar(255) COLLATE utf8mb4_unicode_ci NOT NULL COMMENT 'The channel name',
  `relative_stability` tinyint unsigned NOT NULL COMMENT 'The relative stability of the channel compared to others',
  `created_at` timestamp NULL DEFAULT NULL,
  `updated_at` timestamp NULL DEFAULT NULL,
  PRIMARY KEY (`id`),
  UNIQUE KEY `plugin_release_channels_name_unique` (`name`),
  UNIQUE KEY `plugin_release_channels_relative_stability_unique` (`relative_stability`)
) ENGINE=InnoDB AUTO_INCREMENT=4 DEFAULT CHARSET=utf8mb4 COLLATE=utf8mb4_unicode_ci;
/*!40101 SET character_set_client = @saved_cs_client */;

--
-- Dumping data for table `plugin_release_channels`
--

LOCK TABLES `plugin_release_channels` WRITE;
/*!40000 ALTER TABLE `plugin_release_channels` DISABLE KEYS */;
INSERT INTO `plugin_release_channels` VALUES (1,'stable',1,'2022-07-30 16:22:56','2022-07-30 16:22:56'),(2,'beta',2,'2022-07-30 16:22:56','2022-07-30 16:22:56'),(3,'alpha',3,'2022-07-30 16:22:56','2022-07-30 16:22:56');
/*!40000 ALTER TABLE `plugin_release_channels` ENABLE KEYS */;
UNLOCK TABLES;

--
-- Table structure for table `prenote_messages`
--

DROP TABLE IF EXISTS `prenote_messages`;
/*!40101 SET @saved_cs_client     = @@character_set_client */;
/*!40101 SET character_set_client = utf8 */;
CREATE TABLE `prenote_messages` (
  `id` bigint unsigned NOT NULL AUTO_INCREMENT,
  `callsign` varchar(255) CHARACTER SET utf8mb4 COLLATE utf8mb4_unicode_ci NOT NULL,
  `departure_airfield` varchar(4) CHARACTER SET utf8mb4 COLLATE utf8mb4_unicode_ci NOT NULL COMMENT 'The airfield the aircraft is departing',
  `destination_airfield` varchar(4) CHARACTER SET utf8mb4 COLLATE utf8mb4_unicode_ci DEFAULT NULL COMMENT 'The airfield the aircraft is arriving to',
  `departure_sid` varchar(255) CHARACTER SET utf8mb4 COLLATE utf8mb4_unicode_ci DEFAULT NULL COMMENT 'The sid the aircraft is departing if applicable',
  `user_id` int unsigned NOT NULL COMMENT 'The user triggering the release, for audit purposes',
  `controller_position_id` bigint unsigned NOT NULL COMMENT 'The controller position being used to send the prenote',
  `target_controller_position_id` bigint unsigned NOT NULL COMMENT 'The controller position that is the target of the prenote',
  `created_at` timestamp NOT NULL COMMENT 'When the release was triggered',
  `expires_at` timestamp NOT NULL COMMENT 'When the release request expires',
  `deleted_at` timestamp NULL DEFAULT NULL,
  `acknowledged_by` int unsigned DEFAULT NULL COMMENT 'Who acknowledged the release',
  `acknowledged_at` timestamp NULL DEFAULT NULL COMMENT 'What time the release was acknowledged',
  PRIMARY KEY (`id`),
  KEY `prenote_messages_user_id_foreign` (`user_id`),
  KEY `prenote_message_controller_position` (`controller_position_id`),
  KEY `prenote_message_target_position` (`target_controller_position_id`),
  KEY `prenote_message_request_acknowledged_by` (`acknowledged_by`),
  KEY `prenote_messages_callsign_index` (`callsign`),
  KEY `prenote_messages_deleted_at_index` (`deleted_at`),
  KEY `prenote_messages_acknowledged_at_index` (`acknowledged_at`),
  CONSTRAINT `prenote_message_controller_position` FOREIGN KEY (`controller_position_id`) REFERENCES `controller_positions` (`id`) ON DELETE CASCADE,
  CONSTRAINT `prenote_message_request_acknowledged_by` FOREIGN KEY (`acknowledged_by`) REFERENCES `user` (`id`) ON DELETE CASCADE,
  CONSTRAINT `prenote_message_target_position` FOREIGN KEY (`target_controller_position_id`) REFERENCES `controller_positions` (`id`) ON DELETE CASCADE,
  CONSTRAINT `prenote_messages_user_id_foreign` FOREIGN KEY (`user_id`) REFERENCES `user` (`id`) ON DELETE CASCADE
) ENGINE=InnoDB DEFAULT CHARSET=utf8mb4 COLLATE=utf8mb4_unicode_ci;
/*!40101 SET character_set_client = @saved_cs_client */;

--
-- Dumping data for table `prenote_messages`
--

LOCK TABLES `prenote_messages` WRITE;
/*!40000 ALTER TABLE `prenote_messages` DISABLE KEYS */;
/*!40000 ALTER TABLE `prenote_messages` ENABLE KEYS */;
UNLOCK TABLES;

--
-- Table structure for table `prenote_orders`
--

DROP TABLE IF EXISTS `prenote_orders`;
/*!40101 SET @saved_cs_client     = @@character_set_client */;
/*!40101 SET character_set_client = utf8 */;
CREATE TABLE `prenote_orders` (
  `id` bigint unsigned NOT NULL AUTO_INCREMENT,
  `prenote_id` bigint unsigned NOT NULL COMMENT 'The prenote that the entry belongs to',
  `controller_position_id` bigint unsigned NOT NULL COMMENT 'The controller position',
  `order` tinyint unsigned NOT NULL COMMENT 'The place of the controller position in the prenote order',
  `created_at` timestamp NULL DEFAULT NULL,
  `updated_at` timestamp NULL DEFAULT NULL,
  PRIMARY KEY (`id`),
  UNIQUE KEY `prenote_orders_prenote_id_controller_position_id_unique` (`prenote_id`,`controller_position_id`),
  UNIQUE KEY `prenote_orders_prenote_id_order_unique` (`prenote_id`,`order`),
  KEY `prenote_orders_controller_position_id_foreign` (`controller_position_id`),
  CONSTRAINT `prenote_orders_controller_position_id_foreign` FOREIGN KEY (`controller_position_id`) REFERENCES `controller_positions` (`id`) ON DELETE CASCADE,
  CONSTRAINT `prenote_orders_prenote_id_foreign` FOREIGN KEY (`prenote_id`) REFERENCES `prenotes` (`id`) ON DELETE CASCADE
) ENGINE=InnoDB AUTO_INCREMENT=138 DEFAULT CHARSET=utf8mb4 COLLATE=utf8mb4_unicode_ci;
/*!40101 SET character_set_client = @saved_cs_client */;

--
-- Dumping data for table `prenote_orders`
--

LOCK TABLES `prenote_orders` WRITE;
/*!40000 ALTER TABLE `prenote_orders` DISABLE KEYS */;
INSERT INTO `prenote_orders` VALUES (1,1,75,1,'2021-05-23 14:31:49',NULL),(2,1,73,2,'2021-05-23 14:31:49',NULL),(3,1,237,3,'2021-05-23 14:31:49',NULL),(4,1,238,4,'2021-05-23 14:31:49',NULL),(5,1,227,5,'2021-05-23 14:31:49',NULL),(6,1,224,6,'2021-05-23 14:31:49',NULL),(7,1,223,7,'2021-05-23 14:31:49',NULL),(8,1,218,8,'2021-05-23 14:31:49',NULL),(9,2,237,1,'2021-05-23 14:31:49',NULL),(10,2,238,2,'2021-05-23 14:31:49',NULL),(11,2,227,3,'2021-05-23 14:31:49',NULL),(12,2,224,4,'2021-05-23 14:31:49',NULL),(13,2,223,5,'2021-05-23 14:31:49',NULL),(14,2,218,6,'2021-05-23 14:31:49',NULL),(15,2,73,7,'2021-05-23 14:31:49',NULL),(16,3,233,1,'2021-05-23 14:31:49',NULL),(17,3,235,2,'2021-05-23 14:31:49',NULL),(18,3,227,3,'2021-05-23 14:31:49',NULL),(19,3,228,5,'2021-05-23 14:31:49',NULL),(20,3,221,7,'2021-05-23 14:31:49',NULL),(21,3,219,8,'2021-05-23 14:31:49',NULL),(22,3,223,9,'2021-05-23 14:31:49',NULL),(23,3,218,10,'2021-05-23 14:31:49',NULL),(24,3,80,11,'2021-05-23 14:31:49',NULL),(32,5,80,1,'2021-05-23 14:31:49',NULL),(33,5,236,2,'2021-05-23 14:31:49',NULL),(34,5,238,3,'2021-05-23 14:31:49',NULL),(35,5,227,4,'2021-05-23 14:31:49',NULL),(36,5,220,5,'2021-05-23 14:31:49',NULL),(37,5,224,6,'2021-05-23 14:31:49',NULL),(38,5,223,7,'2021-05-23 14:31:49',NULL),(39,5,218,8,'2021-05-23 14:31:49',NULL),(40,6,75,1,'2021-05-23 14:31:49',NULL),(41,6,73,2,'2021-05-23 14:31:49',NULL),(42,6,237,3,'2021-05-23 14:31:49',NULL),(43,6,238,4,'2021-05-23 14:31:49',NULL),(44,6,227,5,'2021-05-23 14:31:49',NULL),(45,6,224,6,'2021-05-23 14:31:49',NULL),(46,6,223,7,'2021-05-23 14:31:49',NULL),(47,6,218,8,'2021-05-23 14:31:49',NULL),(48,7,236,1,'2021-05-23 14:31:49',NULL),(49,7,238,2,'2021-05-23 14:31:49',NULL),(50,7,227,3,'2021-05-23 14:31:49',NULL),(51,7,220,4,'2021-05-23 14:31:49',NULL),(52,7,224,5,'2021-05-23 14:31:49',NULL),(53,7,223,6,'2021-05-23 14:31:49',NULL),(54,7,218,7,'2021-05-23 14:31:49',NULL),(55,7,73,8,'2021-05-23 14:31:49',NULL),(56,8,236,1,'2021-05-23 14:31:49',NULL),(57,8,238,2,'2021-05-23 14:31:49',NULL),(58,8,227,3,'2021-05-23 14:31:49',NULL),(59,8,220,4,'2021-05-23 14:31:49',NULL),(60,8,224,5,'2021-05-23 14:31:49',NULL),(61,8,223,6,'2021-05-23 14:31:49',NULL),(62,8,218,7,'2021-05-23 14:31:49',NULL),(63,8,73,8,'2021-05-23 14:31:49',NULL),(64,9,237,1,'2021-05-23 14:31:49',NULL),(65,9,238,2,'2021-05-23 14:31:49',NULL),(66,9,227,3,'2021-05-23 14:31:49',NULL),(67,9,224,4,'2021-05-23 14:31:49',NULL),(68,9,223,5,'2021-05-23 14:31:49',NULL),(69,9,218,6,'2021-05-23 14:31:49',NULL),(70,9,73,7,'2021-05-23 14:31:49',NULL),(71,10,237,1,'2021-05-23 14:31:49',NULL),(72,10,238,2,'2021-05-23 14:31:49',NULL),(73,10,227,3,'2021-05-23 14:31:49',NULL),(74,10,224,4,'2021-05-23 14:31:49',NULL),(75,10,223,5,'2021-05-23 14:31:49',NULL),(76,10,218,6,'2021-05-23 14:31:49',NULL),(77,10,94,7,'2021-05-23 14:31:49',NULL),(78,10,91,8,'2021-05-23 14:31:49',NULL),(79,11,233,1,'2021-05-23 14:31:49',NULL),(80,11,235,2,'2021-05-23 14:31:49',NULL),(81,11,227,3,'2021-05-23 14:31:49',NULL),(82,11,228,5,'2021-05-23 14:31:49',NULL),(83,11,221,7,'2021-05-23 14:31:49',NULL),(84,11,219,8,'2021-05-23 14:31:49',NULL),(85,11,223,9,'2021-05-23 14:31:49',NULL),(86,11,218,10,'2021-05-23 14:31:49',NULL),(87,11,91,11,'2021-05-23 14:31:49',NULL),(88,12,236,1,'2021-05-23 14:31:49',NULL),(89,12,238,2,'2021-05-23 14:31:49',NULL),(90,12,227,3,'2021-05-23 14:31:49',NULL),(91,12,220,4,'2021-05-23 14:31:49',NULL),(92,12,224,5,'2021-05-23 14:31:49',NULL),(93,12,223,6,'2021-05-23 14:31:49',NULL),(94,12,218,7,'2021-05-23 14:31:49',NULL),(95,12,94,8,'2021-05-23 14:31:49',NULL),(96,12,91,9,'2021-05-23 14:31:49',NULL),(97,13,236,1,'2021-05-23 14:31:49',NULL),(98,13,238,2,'2021-05-23 14:31:49',NULL),(99,13,227,3,'2021-05-23 14:31:49',NULL),(100,13,220,4,'2021-05-23 14:31:49',NULL),(101,13,224,5,'2021-05-23 14:31:49',NULL),(102,13,223,6,'2021-05-23 14:31:49',NULL),(103,13,218,7,'2021-05-23 14:31:49',NULL),(104,13,179,8,'2021-05-23 14:31:49',NULL),(105,14,233,1,'2021-05-23 14:31:49',NULL),(106,14,235,2,'2021-05-23 14:31:49',NULL),(107,14,227,3,'2021-05-23 14:31:49',NULL),(108,14,228,5,'2021-05-23 14:31:49',NULL),(109,14,221,7,'2021-05-23 14:31:49',NULL),(110,14,219,8,'2021-05-23 14:31:49',NULL),(111,14,223,9,'2021-05-23 14:31:49',NULL),(112,14,218,10,'2021-05-23 14:31:49',NULL),(113,14,179,11,'2021-05-23 14:31:49',NULL),(114,15,234,1,'2021-05-23 14:31:49',NULL),(115,15,235,2,'2021-05-23 14:31:49',NULL),(116,15,227,3,'2021-05-23 14:31:49',NULL),(117,15,219,7,'2021-05-23 14:31:49',NULL),(118,15,223,8,'2021-05-23 14:31:49',NULL),(119,15,218,9,'2021-05-23 14:31:49',NULL),(120,15,179,10,'2021-05-23 14:31:49',NULL),(121,16,240,1,'2021-05-23 14:31:49',NULL),(122,16,239,2,'2021-05-23 14:31:49',NULL),(123,16,242,3,'2021-05-23 14:31:49',NULL),(124,16,222,4,'2021-05-23 14:31:49',NULL),(125,16,218,5,'2021-05-23 14:31:49',NULL),(126,3,257,6,NULL,NULL),(127,11,257,6,NULL,NULL),(128,14,257,6,NULL,NULL),(130,15,259,5,NULL,NULL),(132,15,261,4,NULL,NULL),(133,3,229,4,NULL,NULL),(134,11,229,4,NULL,NULL),(135,14,229,4,NULL,NULL),(137,15,297,6,NULL,NULL);
/*!40000 ALTER TABLE `prenote_orders` ENABLE KEYS */;
UNLOCK TABLES;

--
-- Table structure for table `prenotes`
--

DROP TABLE IF EXISTS `prenotes`;
/*!40101 SET @saved_cs_client     = @@character_set_client */;
/*!40101 SET character_set_client = utf8 */;
CREATE TABLE `prenotes` (
  `id` bigint unsigned NOT NULL AUTO_INCREMENT,
  `key` varchar(255) CHARACTER SET utf8mb4 COLLATE utf8mb4_unicode_ci NOT NULL,
  `description` varchar(255) CHARACTER SET utf8mb4 COLLATE utf8mb4_unicode_ci NOT NULL,
  `created_at` timestamp NULL DEFAULT NULL,
  `updated_at` timestamp NULL DEFAULT NULL,
  PRIMARY KEY (`id`),
  UNIQUE KEY `prenotes_key_unique` (`key`)
) ENGINE=InnoDB AUTO_INCREMENT=17 DEFAULT CHARSET=utf8mb4 COLLATE=utf8mb4_unicode_ci;
/*!40101 SET character_set_client = @saved_cs_client */;

--
-- Dumping data for table `prenotes`
--

LOCK TABLES `prenotes` WRITE;
/*!40000 ALTER TABLE `prenotes` DISABLE KEYS */;
INSERT INTO `prenotes` VALUES (1,'EGKK_SID_BIG_APP','Gatwick Biggin Departures: Director','2021-05-23 14:31:49',NULL),(2,'EGKK_SID_BIG_LON','Gatwick Biggin Departures: London','2021-05-23 14:31:49',NULL),(3,'EGLC_SID_CLN','London City Clacton Departures','2021-05-23 14:31:49',NULL),(5,'EGSS_SID_DET_LYD','London Stansted Detling and Lydd Departures','2021-05-23 14:31:49',NULL),(6,'PAIRING_EGKK_THAMES_APP','London Gatwick, Thames Pair: Director','2021-05-23 14:31:49',NULL),(7,'PAIRING_EGKK_THAMES_LON','London Gatwick, Thames Pair: London','2021-05-23 14:31:49',NULL),(8,'PAIRING_EGKK_LTMA_SOUTH_EAST','London Gatwick, LTMA Pair: TC South East','2021-05-23 14:31:49',NULL),(9,'PAIRING_EGKK_LTMA_SOUTH_WEST','London Gatwick, LTMA Pair: TC South West','2021-05-23 14:31:49',NULL),(10,'PAIRING_EGLL_LTMA_SOUTH_WEST','London Heathrow, LTMA Pair: TC South West','2021-05-23 14:31:49',NULL),(11,'PAIRING_EGLL_LTMA_NORTH_EAST','London Heathrow, LTMA Pair: TC North East','2021-05-23 14:31:49',NULL),(12,'PAIRING_EGLL_LTMA_SOUTH_EAST','London Heathrow, LTMA Pair: TC South East','2021-05-23 14:31:49',NULL),(13,'PAIRING_ESSEX_LTMA_SOUTH_EAST','Essex Clutch,, LTMA Pair: TC South East','2021-05-23 14:31:49',NULL),(14,'PAIRING_ESSEX_LTMA_NORTH_EAST','Essex Clutch, LTMA Pair: TC North East','2021-05-23 14:31:49',NULL),(15,'PAIRING_ESSEX_LTMA_NORTH_WEST','Essex Clutch, LTMA Pair: TC North West','2021-05-23 14:31:49',NULL),(16,'PAIRING_EGCC_EGGP','Liverpool and Manchester Pair','2021-05-23 14:31:49',NULL);
/*!40000 ALTER TABLE `prenotes` ENABLE KEYS */;
UNLOCK TABLES;

--
-- Table structure for table `regional_pressure_settings`
--

DROP TABLE IF EXISTS `regional_pressure_settings`;
/*!40101 SET @saved_cs_client     = @@character_set_client */;
/*!40101 SET character_set_client = utf8 */;
CREATE TABLE `regional_pressure_settings` (
  `id` bigint unsigned NOT NULL AUTO_INCREMENT,
  `altimeter_setting_region_id` int unsigned NOT NULL COMMENT 'The ASR for which the RPS relates',
  `value` smallint unsigned NOT NULL COMMENT 'The RPS value',
  `created_at` timestamp NULL DEFAULT NULL,
  `updated_at` timestamp NULL DEFAULT NULL,
  PRIMARY KEY (`id`),
  UNIQUE KEY `regional_pressure_settings_altimeter_setting_region_id_unique` (`altimeter_setting_region_id`),
  CONSTRAINT `rps_asr_id` FOREIGN KEY (`altimeter_setting_region_id`) REFERENCES `altimeter_setting_region` (`id`) ON DELETE CASCADE
) ENGINE=InnoDB DEFAULT CHARSET=utf8mb4 COLLATE=utf8mb4_unicode_ci;
/*!40101 SET character_set_client = @saved_cs_client */;

--
-- Dumping data for table `regional_pressure_settings`
--

LOCK TABLES `regional_pressure_settings` WRITE;
/*!40000 ALTER TABLE `regional_pressure_settings` DISABLE KEYS */;
/*!40000 ALTER TABLE `regional_pressure_settings` ENABLE KEYS */;
UNLOCK TABLES;

--
-- Table structure for table `role_user`
--

DROP TABLE IF EXISTS `role_user`;
/*!40101 SET @saved_cs_client     = @@character_set_client */;
/*!40101 SET character_set_client = utf8 */;
CREATE TABLE `role_user` (
  `id` bigint unsigned NOT NULL AUTO_INCREMENT,
  `role_id` bigint unsigned NOT NULL,
  `user_id` int unsigned NOT NULL,
  `created_at` timestamp NULL DEFAULT NULL,
  `updated_at` timestamp NULL DEFAULT NULL,
  PRIMARY KEY (`id`),
  UNIQUE KEY `role_user_unique` (`role_id`,`user_id`),
  KEY `role_user_user_id_foreign` (`user_id`),
  CONSTRAINT `role_user_role_id_foreign` FOREIGN KEY (`role_id`) REFERENCES `roles` (`id`) ON DELETE CASCADE,
  CONSTRAINT `role_user_user_id_foreign` FOREIGN KEY (`user_id`) REFERENCES `user` (`id`) ON DELETE CASCADE
) ENGINE=InnoDB DEFAULT CHARSET=utf8mb4 COLLATE=utf8mb4_unicode_ci;
/*!40101 SET character_set_client = @saved_cs_client */;

--
-- Dumping data for table `role_user`
--

LOCK TABLES `role_user` WRITE;
/*!40000 ALTER TABLE `role_user` DISABLE KEYS */;
/*!40000 ALTER TABLE `role_user` ENABLE KEYS */;
UNLOCK TABLES;

--
-- Table structure for table `roles`
--

DROP TABLE IF EXISTS `roles`;
/*!40101 SET @saved_cs_client     = @@character_set_client */;
/*!40101 SET character_set_client = utf8 */;
CREATE TABLE `roles` (
  `id` bigint unsigned NOT NULL AUTO_INCREMENT,
  `key` varchar(255) COLLATE utf8mb4_unicode_ci NOT NULL,
  `description` varchar(255) COLLATE utf8mb4_unicode_ci NOT NULL,
  `created_at` timestamp NULL DEFAULT NULL,
  `updated_at` timestamp NULL DEFAULT NULL,
  PRIMARY KEY (`id`),
  UNIQUE KEY `roles_key_unique` (`key`)
) ENGINE=InnoDB AUTO_INCREMENT=4 DEFAULT CHARSET=utf8mb4 COLLATE=utf8mb4_unicode_ci;
/*!40101 SET character_set_client = @saved_cs_client */;

--
-- Dumping data for table `roles`
--

LOCK TABLES `roles` WRITE;
/*!40000 ALTER TABLE `roles` DISABLE KEYS */;
INSERT INTO `roles` VALUES (1,'dsg','Division Staff Group','2022-07-30 16:23:33','2022-07-30 16:23:33'),(2,'web_team','Web Services','2022-07-30 16:23:33','2022-07-30 16:23:33'),(3,'ops_team','Operations','2022-07-30 16:23:33','2022-07-30 16:23:33');
/*!40000 ALTER TABLE `roles` ENABLE KEYS */;
UNLOCK TABLES;

--
-- Table structure for table `runway_runway`
--

DROP TABLE IF EXISTS `runway_runway`;
/*!40101 SET @saved_cs_client     = @@character_set_client */;
/*!40101 SET character_set_client = utf8 */;
CREATE TABLE `runway_runway` (
  `id` bigint unsigned NOT NULL AUTO_INCREMENT,
  `first_runway_id` bigint unsigned NOT NULL COMMENT 'The first runway',
  `second_runway_id` bigint unsigned NOT NULL COMMENT 'The second runway',
  `created_at` timestamp NULL DEFAULT NULL,
  `updated_at` timestamp NULL DEFAULT NULL,
  PRIMARY KEY (`id`),
  UNIQUE KEY `runway_pairs_unique` (`first_runway_id`,`second_runway_id`),
  KEY `runway_runway_second_runway_id_foreign` (`second_runway_id`),
  CONSTRAINT `runway_runway_first_runway_id_foreign` FOREIGN KEY (`first_runway_id`) REFERENCES `runways` (`id`) ON DELETE CASCADE,
  CONSTRAINT `runway_runway_second_runway_id_foreign` FOREIGN KEY (`second_runway_id`) REFERENCES `runways` (`id`) ON DELETE CASCADE
) ENGINE=InnoDB AUTO_INCREMENT=299 DEFAULT CHARSET=utf8mb4 COLLATE=utf8mb4_unicode_ci;
/*!40101 SET character_set_client = @saved_cs_client */;

--
-- Dumping data for table `runway_runway`
--

LOCK TABLES `runway_runway` WRITE;
/*!40000 ALTER TABLE `runway_runway` DISABLE KEYS */;
INSERT INTO `runway_runway` VALUES (1,1,2,'2022-07-30 16:23:01','2022-07-30 16:23:01'),(2,2,1,'2022-07-30 16:23:01','2022-07-30 16:23:01'),(3,3,4,'2022-07-30 16:23:01','2022-07-30 16:23:01'),(4,4,3,'2022-07-30 16:23:01','2022-07-30 16:23:01'),(5,5,6,'2022-07-30 16:23:01','2022-07-30 16:23:01'),(6,6,5,'2022-07-30 16:23:01','2022-07-30 16:23:01'),(7,7,8,'2022-07-30 16:23:01','2022-07-30 16:23:01'),(8,8,7,'2022-07-30 16:23:01','2022-07-30 16:23:01'),(9,9,10,'2022-07-30 16:23:01','2022-07-30 16:23:01'),(10,10,9,'2022-07-30 16:23:01','2022-07-30 16:23:01'),(11,11,12,'2022-07-30 16:23:01','2022-07-30 16:23:01'),(12,12,11,'2022-07-30 16:23:01','2022-07-30 16:23:01'),(13,13,14,'2022-07-30 16:23:01','2022-07-30 16:23:01'),(14,14,13,'2022-07-30 16:23:01','2022-07-30 16:23:01'),(15,15,16,'2022-07-30 16:23:01','2022-07-30 16:23:01'),(16,16,15,'2022-07-30 16:23:01','2022-07-30 16:23:01'),(17,17,18,'2022-07-30 16:23:01','2022-07-30 16:23:01'),(18,18,17,'2022-07-30 16:23:01','2022-07-30 16:23:01'),(19,19,20,'2022-07-30 16:23:02','2022-07-30 16:23:02'),(20,20,19,'2022-07-30 16:23:02','2022-07-30 16:23:02'),(21,21,22,'2022-07-30 16:23:02','2022-07-30 16:23:02'),(22,22,21,'2022-07-30 16:23:02','2022-07-30 16:23:02'),(23,23,24,'2022-07-30 16:23:02','2022-07-30 16:23:02'),(24,24,23,'2022-07-30 16:23:02','2022-07-30 16:23:02'),(25,25,26,'2022-07-30 16:23:02','2022-07-30 16:23:02'),(26,26,25,'2022-07-30 16:23:02','2022-07-30 16:23:02'),(27,27,28,'2022-07-30 16:23:02','2022-07-30 16:23:02'),(28,28,27,'2022-07-30 16:23:02','2022-07-30 16:23:02'),(29,29,30,'2022-07-30 16:23:02','2022-07-30 16:23:02'),(30,30,29,'2022-07-30 16:23:02','2022-07-30 16:23:02'),(31,31,32,'2022-07-30 16:23:02','2022-07-30 16:23:02'),(32,32,31,'2022-07-30 16:23:02','2022-07-30 16:23:02'),(33,33,34,'2022-07-30 16:23:02','2022-07-30 16:23:02'),(34,34,33,'2022-07-30 16:23:02','2022-07-30 16:23:02'),(35,35,36,'2022-07-30 16:23:02','2022-07-30 16:23:02'),(36,36,35,'2022-07-30 16:23:02','2022-07-30 16:23:02'),(37,37,38,'2022-07-30 16:23:02','2022-07-30 16:23:02'),(38,38,37,'2022-07-30 16:23:02','2022-07-30 16:23:02'),(39,39,40,'2022-07-30 16:23:02','2022-07-30 16:23:02'),(40,40,39,'2022-07-30 16:23:02','2022-07-30 16:23:02'),(41,41,42,'2022-07-30 16:23:02','2022-07-30 16:23:02'),(42,42,41,'2022-07-30 16:23:02','2022-07-30 16:23:02'),(43,43,44,'2022-07-30 16:23:02','2022-07-30 16:23:02'),(44,44,43,'2022-07-30 16:23:02','2022-07-30 16:23:02'),(45,45,46,'2022-07-30 16:23:02','2022-07-30 16:23:02'),(46,46,45,'2022-07-30 16:23:02','2022-07-30 16:23:02'),(47,47,48,'2022-07-30 16:23:02','2022-07-30 16:23:02'),(48,48,47,'2022-07-30 16:23:02','2022-07-30 16:23:02'),(49,49,50,'2022-07-30 16:23:02','2022-07-30 16:23:02'),(50,50,49,'2022-07-30 16:23:02','2022-07-30 16:23:02'),(51,51,52,'2022-07-30 16:23:02','2022-07-30 16:23:02'),(52,52,51,'2022-07-30 16:23:02','2022-07-30 16:23:02'),(53,53,54,'2022-07-30 16:23:02','2022-07-30 16:23:02'),(54,54,53,'2022-07-30 16:23:02','2022-07-30 16:23:02'),(55,55,56,'2022-07-30 16:23:02','2022-07-30 16:23:02'),(56,56,55,'2022-07-30 16:23:02','2022-07-30 16:23:02'),(57,57,58,'2022-07-30 16:23:02','2022-07-30 16:23:02'),(58,58,57,'2022-07-30 16:23:02','2022-07-30 16:23:02'),(59,59,60,'2022-07-30 16:23:02','2022-07-30 16:23:02'),(60,60,59,'2022-07-30 16:23:02','2022-07-30 16:23:02'),(61,61,62,'2022-07-30 16:23:02','2022-07-30 16:23:02'),(62,62,61,'2022-07-30 16:23:02','2022-07-30 16:23:02'),(63,63,64,'2022-07-30 16:23:02','2022-07-30 16:23:02'),(64,64,63,'2022-07-30 16:23:02','2022-07-30 16:23:02'),(65,65,66,'2022-07-30 16:23:02','2022-07-30 16:23:02'),(66,66,65,'2022-07-30 16:23:02','2022-07-30 16:23:02'),(67,67,68,'2022-07-30 16:23:02','2022-07-30 16:23:02'),(68,68,67,'2022-07-30 16:23:02','2022-07-30 16:23:02'),(69,69,70,'2022-07-30 16:23:02','2022-07-30 16:23:02'),(70,70,69,'2022-07-30 16:23:02','2022-07-30 16:23:02'),(71,71,72,'2022-07-30 16:23:02','2022-07-30 16:23:02'),(72,72,71,'2022-07-30 16:23:02','2022-07-30 16:23:02'),(73,73,74,'2022-07-30 16:23:02','2022-07-30 16:23:02'),(74,74,73,'2022-07-30 16:23:02','2022-07-30 16:23:02'),(75,75,76,'2022-07-30 16:23:02','2022-07-30 16:23:02'),(76,76,75,'2022-07-30 16:23:02','2022-07-30 16:23:02'),(77,77,78,'2022-07-30 16:23:02','2022-07-30 16:23:02'),(78,78,77,'2022-07-30 16:23:02','2022-07-30 16:23:02'),(79,79,80,'2022-07-30 16:23:02','2022-07-30 16:23:02'),(80,80,79,'2022-07-30 16:23:02','2022-07-30 16:23:02'),(81,81,82,'2022-07-30 16:23:02','2022-07-30 16:23:02'),(82,82,81,'2022-07-30 16:23:02','2022-07-30 16:23:02'),(83,83,84,'2022-07-30 16:23:02','2022-07-30 16:23:02'),(84,84,83,'2022-07-30 16:23:02','2022-07-30 16:23:02'),(85,85,86,'2022-07-30 16:23:02','2022-07-30 16:23:02'),(86,86,85,'2022-07-30 16:23:02','2022-07-30 16:23:02'),(87,87,88,'2022-07-30 16:23:02','2022-07-30 16:23:02'),(88,88,87,'2022-07-30 16:23:02','2022-07-30 16:23:02'),(89,89,90,'2022-07-30 16:23:02','2022-07-30 16:23:02'),(90,90,89,'2022-07-30 16:23:02','2022-07-30 16:23:02'),(91,91,92,'2022-07-30 16:23:02','2022-07-30 16:23:02'),(92,92,91,'2022-07-30 16:23:02','2022-07-30 16:23:02'),(93,93,94,'2022-07-30 16:23:02','2022-07-30 16:23:02'),(94,94,93,'2022-07-30 16:23:02','2022-07-30 16:23:02'),(95,95,96,'2022-07-30 16:23:02','2022-07-30 16:23:02'),(96,96,95,'2022-07-30 16:23:02','2022-07-30 16:23:02'),(97,97,98,'2022-07-30 16:23:02','2022-07-30 16:23:02'),(98,98,97,'2022-07-30 16:23:02','2022-07-30 16:23:02'),(99,99,100,'2022-07-30 16:23:02','2022-07-30 16:23:02'),(100,100,99,'2022-07-30 16:23:02','2022-07-30 16:23:02'),(101,101,102,'2022-07-30 16:23:02','2022-07-30 16:23:02'),(102,102,101,'2022-07-30 16:23:02','2022-07-30 16:23:02'),(103,103,104,'2022-07-30 16:23:02','2022-07-30 16:23:02'),(104,104,103,'2022-07-30 16:23:02','2022-07-30 16:23:02'),(105,105,106,'2022-07-30 16:23:02','2022-07-30 16:23:02'),(106,106,105,'2022-07-30 16:23:02','2022-07-30 16:23:02'),(107,107,108,'2022-07-30 16:23:02','2022-07-30 16:23:02'),(108,108,107,'2022-07-30 16:23:02','2022-07-30 16:23:02'),(109,109,110,'2022-07-30 16:23:02','2022-07-30 16:23:02'),(110,110,109,'2022-07-30 16:23:02','2022-07-30 16:23:02'),(111,111,112,'2022-07-30 16:23:02','2022-07-30 16:23:02'),(112,112,111,'2022-07-30 16:23:02','2022-07-30 16:23:02'),(113,113,114,'2022-07-30 16:23:02','2022-07-30 16:23:02'),(114,114,113,'2022-07-30 16:23:02','2022-07-30 16:23:02'),(115,115,116,'2022-07-30 16:23:02','2022-07-30 16:23:02'),(116,116,115,'2022-07-30 16:23:02','2022-07-30 16:23:02'),(117,117,118,'2022-07-30 16:23:02','2022-07-30 16:23:02'),(118,118,117,'2022-07-30 16:23:02','2022-07-30 16:23:02'),(119,119,120,'2022-07-30 16:23:02','2022-07-30 16:23:02'),(120,120,119,'2022-07-30 16:23:02','2022-07-30 16:23:02'),(121,121,122,'2022-07-30 16:23:02','2022-07-30 16:23:02'),(122,122,121,'2022-07-30 16:23:02','2022-07-30 16:23:02'),(123,123,124,'2022-07-30 16:23:02','2022-07-30 16:23:02'),(124,124,123,'2022-07-30 16:23:02','2022-07-30 16:23:02'),(125,125,126,'2022-07-30 16:23:02','2022-07-30 16:23:02'),(126,126,125,'2022-07-30 16:23:02','2022-07-30 16:23:02'),(127,127,128,'2022-07-30 16:23:02','2022-07-30 16:23:02'),(128,128,127,'2022-07-30 16:23:02','2022-07-30 16:23:02'),(129,129,130,'2022-07-30 16:23:02','2022-07-30 16:23:02'),(130,130,129,'2022-07-30 16:23:02','2022-07-30 16:23:02'),(131,131,132,'2022-07-30 16:23:02','2022-07-30 16:23:02'),(132,132,131,'2022-07-30 16:23:02','2022-07-30 16:23:02'),(133,133,134,'2022-07-30 16:23:02','2022-07-30 16:23:02'),(134,134,133,'2022-07-30 16:23:02','2022-07-30 16:23:02'),(135,135,136,'2022-07-30 16:23:02','2022-07-30 16:23:02'),(136,136,135,'2022-07-30 16:23:02','2022-07-30 16:23:02'),(137,137,138,'2022-07-30 16:23:02','2022-07-30 16:23:02'),(138,138,137,'2022-07-30 16:23:02','2022-07-30 16:23:02'),(139,139,140,'2022-07-30 16:23:02','2022-07-30 16:23:02'),(140,140,139,'2022-07-30 16:23:02','2022-07-30 16:23:02'),(141,141,142,'2022-07-30 16:23:02','2022-07-30 16:23:02'),(142,142,141,'2022-07-30 16:23:02','2022-07-30 16:23:02'),(143,143,144,'2022-07-30 16:23:02','2022-07-30 16:23:02'),(144,144,143,'2022-07-30 16:23:02','2022-07-30 16:23:02'),(145,145,146,'2022-07-30 16:23:02','2022-07-30 16:23:02'),(146,146,145,'2022-07-30 16:23:02','2022-07-30 16:23:02'),(147,147,148,'2022-07-30 16:23:02','2022-07-30 16:23:02'),(148,148,147,'2022-07-30 16:23:02','2022-07-30 16:23:02'),(149,149,150,'2022-07-30 16:23:02','2022-07-30 16:23:02'),(150,150,149,'2022-07-30 16:23:02','2022-07-30 16:23:02'),(151,151,152,'2022-07-30 16:23:02','2022-07-30 16:23:02'),(152,152,151,'2022-07-30 16:23:02','2022-07-30 16:23:02'),(153,153,154,'2022-07-30 16:23:02','2022-07-30 16:23:02'),(154,154,153,'2022-07-30 16:23:02','2022-07-30 16:23:02'),(155,155,156,'2022-07-30 16:23:02','2022-07-30 16:23:02'),(156,156,155,'2022-07-30 16:23:02','2022-07-30 16:23:02'),(157,157,158,'2022-07-30 16:23:02','2022-07-30 16:23:02'),(158,158,157,'2022-07-30 16:23:02','2022-07-30 16:23:02'),(159,159,160,'2022-07-30 16:23:02','2022-07-30 16:23:02'),(160,160,159,'2022-07-30 16:23:02','2022-07-30 16:23:02'),(161,161,162,'2022-07-30 16:23:02','2022-07-30 16:23:02'),(162,162,161,'2022-07-30 16:23:02','2022-07-30 16:23:02'),(163,163,164,'2022-07-30 16:23:03','2022-07-30 16:23:03'),(164,164,163,'2022-07-30 16:23:03','2022-07-30 16:23:03'),(165,165,166,'2022-07-30 16:23:03','2022-07-30 16:23:03'),(166,166,165,'2022-07-30 16:23:03','2022-07-30 16:23:03'),(167,167,168,'2022-07-30 16:23:03','2022-07-30 16:23:03'),(168,168,167,'2022-07-30 16:23:03','2022-07-30 16:23:03'),(169,169,170,'2022-07-30 16:23:03','2022-07-30 16:23:03'),(170,170,169,'2022-07-30 16:23:03','2022-07-30 16:23:03'),(171,171,172,'2022-07-30 16:23:03','2022-07-30 16:23:03'),(172,172,171,'2022-07-30 16:23:03','2022-07-30 16:23:03'),(173,173,174,'2022-07-30 16:23:03','2022-07-30 16:23:03'),(174,174,173,'2022-07-30 16:23:03','2022-07-30 16:23:03'),(175,175,176,'2022-07-30 16:23:03','2022-07-30 16:23:03'),(176,176,175,'2022-07-30 16:23:03','2022-07-30 16:23:03'),(177,177,178,'2022-07-30 16:23:03','2022-07-30 16:23:03'),(178,178,177,'2022-07-30 16:23:03','2022-07-30 16:23:03'),(179,179,180,'2022-07-30 16:23:03','2022-07-30 16:23:03'),(180,180,179,'2022-07-30 16:23:03','2022-07-30 16:23:03'),(181,181,182,'2022-07-30 16:23:03','2022-07-30 16:23:03'),(182,182,181,'2022-07-30 16:23:03','2022-07-30 16:23:03'),(183,183,184,'2022-07-30 16:23:03','2022-07-30 16:23:03'),(184,184,183,'2022-07-30 16:23:03','2022-07-30 16:23:03'),(185,185,186,'2022-07-30 16:23:03','2022-07-30 16:23:03'),(186,186,185,'2022-07-30 16:23:03','2022-07-30 16:23:03'),(187,187,188,'2022-07-30 16:23:03','2022-07-30 16:23:03'),(188,188,187,'2022-07-30 16:23:03','2022-07-30 16:23:03'),(189,189,190,'2022-07-30 16:23:03','2022-07-30 16:23:03'),(190,190,189,'2022-07-30 16:23:03','2022-07-30 16:23:03'),(191,191,192,'2022-07-30 16:23:03','2022-07-30 16:23:03'),(192,192,191,'2022-07-30 16:23:03','2022-07-30 16:23:03'),(193,193,194,'2022-07-30 16:23:03','2022-07-30 16:23:03'),(194,194,193,'2022-07-30 16:23:03','2022-07-30 16:23:03'),(195,195,196,'2022-07-30 16:23:03','2022-07-30 16:23:03'),(196,196,195,'2022-07-30 16:23:03','2022-07-30 16:23:03'),(197,197,198,'2022-07-30 16:23:03','2022-07-30 16:23:03'),(198,198,197,'2022-07-30 16:23:03','2022-07-30 16:23:03'),(199,199,200,'2022-07-30 16:23:03','2022-07-30 16:23:03'),(200,200,199,'2022-07-30 16:23:03','2022-07-30 16:23:03'),(201,201,202,'2022-07-30 16:23:03','2022-07-30 16:23:03'),(202,202,201,'2022-07-30 16:23:03','2022-07-30 16:23:03'),(203,203,204,'2022-07-30 16:23:03','2022-07-30 16:23:03'),(204,204,203,'2022-07-30 16:23:03','2022-07-30 16:23:03'),(205,205,206,'2022-07-30 16:23:03','2022-07-30 16:23:03'),(206,206,205,'2022-07-30 16:23:03','2022-07-30 16:23:03'),(207,207,208,'2022-07-30 16:23:03','2022-07-30 16:23:03'),(208,208,207,'2022-07-30 16:23:03','2022-07-30 16:23:03'),(209,209,210,'2022-07-30 16:23:03','2022-07-30 16:23:03'),(210,210,209,'2022-07-30 16:23:03','2022-07-30 16:23:03'),(211,211,212,'2022-07-30 16:23:03','2022-07-30 16:23:03'),(212,212,211,'2022-07-30 16:23:03','2022-07-30 16:23:03'),(213,213,214,'2022-07-30 16:23:03','2022-07-30 16:23:03'),(214,214,213,'2022-07-30 16:23:03','2022-07-30 16:23:03'),(215,215,216,'2022-07-30 16:23:03','2022-07-30 16:23:03'),(216,216,215,'2022-07-30 16:23:03','2022-07-30 16:23:03'),(217,217,218,'2022-07-30 16:23:03','2022-07-30 16:23:03'),(218,218,217,'2022-07-30 16:23:03','2022-07-30 16:23:03'),(219,219,220,'2022-07-30 16:23:03','2022-07-30 16:23:03'),(220,220,219,'2022-07-30 16:23:03','2022-07-30 16:23:03'),(221,221,222,'2022-07-30 16:23:03','2022-07-30 16:23:03'),(222,222,221,'2022-07-30 16:23:03','2022-07-30 16:23:03'),(223,223,224,'2022-07-30 16:23:03','2022-07-30 16:23:03'),(224,224,223,'2022-07-30 16:23:03','2022-07-30 16:23:03'),(225,225,226,'2022-07-30 16:23:03','2022-07-30 16:23:03'),(226,226,225,'2022-07-30 16:23:03','2022-07-30 16:23:03'),(227,227,228,'2022-07-30 16:23:03','2022-07-30 16:23:03'),(228,228,227,'2022-07-30 16:23:03','2022-07-30 16:23:03'),(229,229,230,'2022-07-30 16:23:03','2022-07-30 16:23:03'),(230,230,229,'2022-07-30 16:23:03','2022-07-30 16:23:03'),(231,231,232,'2022-07-30 16:23:03','2022-07-30 16:23:03'),(232,232,231,'2022-07-30 16:23:03','2022-07-30 16:23:03'),(233,233,234,'2022-07-30 16:23:03','2022-07-30 16:23:03'),(234,234,233,'2022-07-30 16:23:03','2022-07-30 16:23:03'),(235,235,236,'2022-07-30 16:23:03','2022-07-30 16:23:03'),(236,236,235,'2022-07-30 16:23:03','2022-07-30 16:23:03'),(237,237,238,'2022-07-30 16:23:03','2022-07-30 16:23:03'),(238,238,237,'2022-07-30 16:23:03','2022-07-30 16:23:03'),(239,239,240,'2022-07-30 16:23:03','2022-07-30 16:23:03'),(240,240,239,'2022-07-30 16:23:03','2022-07-30 16:23:03'),(241,241,242,'2022-07-30 16:23:03','2022-07-30 16:23:03'),(242,242,241,'2022-07-30 16:23:03','2022-07-30 16:23:03'),(243,243,244,'2022-07-30 16:23:03','2022-07-30 16:23:03'),(244,244,243,'2022-07-30 16:23:03','2022-07-30 16:23:03'),(245,245,246,'2022-07-30 16:23:03','2022-07-30 16:23:03'),(246,246,245,'2022-07-30 16:23:03','2022-07-30 16:23:03'),(247,247,248,'2022-07-30 16:23:03','2022-07-30 16:23:03'),(248,248,247,'2022-07-30 16:23:03','2022-07-30 16:23:03'),(249,249,250,'2022-07-30 16:23:03','2022-07-30 16:23:03'),(250,250,249,'2022-07-30 16:23:03','2022-07-30 16:23:03'),(251,251,252,'2022-07-30 16:23:03','2022-07-30 16:23:03'),(252,252,251,'2022-07-30 16:23:03','2022-07-30 16:23:03'),(253,253,254,'2022-07-30 16:23:03','2022-07-30 16:23:03'),(254,254,253,'2022-07-30 16:23:03','2022-07-30 16:23:03'),(255,255,256,'2022-07-30 16:23:03','2022-07-30 16:23:03'),(256,256,255,'2022-07-30 16:23:03','2022-07-30 16:23:03'),(257,257,258,'2022-07-30 16:23:03','2022-07-30 16:23:03'),(258,258,257,'2022-07-30 16:23:03','2022-07-30 16:23:03'),(259,259,260,'2022-07-30 16:23:03','2022-07-30 16:23:03'),(260,260,259,'2022-07-30 16:23:03','2022-07-30 16:23:03'),(261,261,262,'2022-07-30 16:23:03','2022-07-30 16:23:03'),(262,262,261,'2022-07-30 16:23:03','2022-07-30 16:23:03'),(263,263,264,'2022-07-30 16:23:03','2022-07-30 16:23:03'),(264,264,263,'2022-07-30 16:23:03','2022-07-30 16:23:03'),(265,265,266,'2022-07-30 16:23:03','2022-07-30 16:23:03'),(266,266,265,'2022-07-30 16:23:03','2022-07-30 16:23:03'),(267,267,268,'2022-07-30 16:23:03','2022-07-30 16:23:03'),(268,268,267,'2022-07-30 16:23:03','2022-07-30 16:23:03'),(269,269,270,'2022-07-30 16:23:03','2022-07-30 16:23:03'),(270,270,269,'2022-07-30 16:23:03','2022-07-30 16:23:03'),(271,271,272,'2022-07-30 16:23:03','2022-07-30 16:23:03'),(272,272,271,'2022-07-30 16:23:03','2022-07-30 16:23:03'),(273,273,274,'2022-07-30 16:23:03','2022-07-30 16:23:03'),(274,274,273,'2022-07-30 16:23:03','2022-07-30 16:23:03'),(275,275,276,'2022-07-30 16:23:03','2022-07-30 16:23:03'),(276,276,275,'2022-07-30 16:23:03','2022-07-30 16:23:03'),(277,277,278,'2022-07-30 16:23:03','2022-07-30 16:23:03'),(278,278,277,'2022-07-30 16:23:03','2022-07-30 16:23:03'),(279,279,280,'2022-07-30 16:23:03','2022-07-30 16:23:03'),(280,280,279,'2022-07-30 16:23:03','2022-07-30 16:23:03'),(281,281,282,'2022-07-30 16:23:03','2022-07-30 16:23:03'),(282,282,281,'2022-07-30 16:23:03','2022-07-30 16:23:03'),(283,283,284,'2022-07-30 16:23:03','2022-07-30 16:23:03'),(284,284,283,'2022-07-30 16:23:03','2022-07-30 16:23:03'),(285,285,286,'2022-07-30 16:23:03','2022-07-30 16:23:03'),(286,286,285,'2022-07-30 16:23:03','2022-07-30 16:23:03'),(287,287,288,'2022-07-30 16:23:03','2022-07-30 16:23:03'),(288,288,287,'2022-07-30 16:23:03','2022-07-30 16:23:03'),(289,289,290,'2022-07-30 16:23:03','2022-07-30 16:23:03'),(290,290,289,'2022-07-30 16:23:03','2022-07-30 16:23:03'),(291,291,292,'2022-07-30 16:23:04','2022-07-30 16:23:04'),(292,292,291,'2022-07-30 16:23:04','2022-07-30 16:23:04'),(293,293,294,'2022-07-30 16:23:04','2022-07-30 16:23:04'),(294,294,293,'2022-07-30 16:23:04','2022-07-30 16:23:04'),(295,295,296,'2022-07-30 16:23:04','2022-07-30 16:23:04'),(296,296,295,'2022-07-30 16:23:04','2022-07-30 16:23:04'),(297,297,298,'2022-07-30 16:23:04','2022-07-30 16:23:04'),(298,298,297,'2022-07-30 16:23:04','2022-07-30 16:23:04');
/*!40000 ALTER TABLE `runway_runway` ENABLE KEYS */;
UNLOCK TABLES;

--
-- Table structure for table `runways`
--

DROP TABLE IF EXISTS `runways`;
/*!40101 SET @saved_cs_client     = @@character_set_client */;
/*!40101 SET character_set_client = utf8 */;
CREATE TABLE `runways` (
  `id` bigint unsigned NOT NULL AUTO_INCREMENT,
  `airfield_id` int unsigned NOT NULL COMMENT 'The airfield that has the runway',
  `identifier` varchar(255) COLLATE utf8mb4_unicode_ci NOT NULL COMMENT 'The runway identifier',
  `threshold_latitude` double(10,8) NOT NULL COMMENT 'The latitude of the runway threshold',
  `threshold_longitude` double(11,8) NOT NULL COMMENT 'The longitude of the runway threshold',
  `heading` mediumint unsigned NOT NULL COMMENT 'The runway heading',
  `created_at` timestamp NULL DEFAULT NULL,
  `updated_at` timestamp NULL DEFAULT NULL,
  PRIMARY KEY (`id`),
  UNIQUE KEY `runways_airfield_id_identifier_unique` (`airfield_id`,`identifier`),
  CONSTRAINT `runways_airfield_id_foreign` FOREIGN KEY (`airfield_id`) REFERENCES `airfield` (`id`) ON DELETE CASCADE
) ENGINE=InnoDB AUTO_INCREMENT=299 DEFAULT CHARSET=utf8mb4 COLLATE=utf8mb4_unicode_ci;
/*!40101 SET character_set_client = @saved_cs_client */;

--
-- Dumping data for table `runways`
--

LOCK TABLES `runways` WRITE;
/*!40000 ALTER TABLE `runways` DISABLE KEYS */;
INSERT INTO `runways` VALUES (1,31,'07',54.65225556,-6.23524167,68,'2022-07-30 16:23:01','2022-07-30 16:23:01'),(2,31,'25',54.66277500,-6.19617778,248,'2022-07-30 16:23:01','2022-07-30 16:23:01'),(3,31,'17',54.65792222,-6.22862222,165,'2022-07-30 16:23:01','2022-07-30 16:23:01'),(4,31,'35',54.64255278,-6.21998889,345,'2022-07-30 16:23:01','2022-07-30 16:23:01'),(5,113,'14',54.40254444,-7.65734444,142,'2022-07-30 16:23:01','2022-07-30 16:23:01'),(6,113,'32',54.39575278,-7.64746389,322,'2022-07-30 16:23:01','2022-07-30 16:23:01'),(7,32,'22',54.62481667,-5.86448333,220,'2022-07-30 16:23:01','2022-07-30 16:23:01'),(8,32,'04',54.61201667,-5.87978889,40,'2022-07-30 16:23:01','2022-07-30 16:23:01'),(9,125,'03',54.57796389,-5.69520000,31,'2022-07-30 16:23:01','2022-07-30 16:23:01'),(10,125,'21',54.58346111,-5.68947500,211,'2022-07-30 16:23:01','2022-07-30 16:23:01'),(11,125,'08',54.58014167,-5.69724444,76,'2022-07-30 16:23:01','2022-07-30 16:23:01'),(12,125,'26',54.58129167,-5.68873333,256,'2022-07-30 16:23:01','2022-07-30 16:23:01'),(13,125,'15',54.58473889,-5.69240278,149,'2022-07-30 16:23:01','2022-07-30 16:23:01'),(14,125,'33',54.58103889,-5.68865278,329,'2022-07-30 16:23:01','2022-07-30 16:23:01'),(15,33,'08',55.04033333,-7.17542778,76,'2022-07-30 16:23:01','2022-07-30 16:23:01'),(16,33,'26',55.04524167,-7.14723889,256,'2022-07-30 16:23:01','2022-07-30 16:23:01'),(17,20,'15',52.46347778,-1.75873056,148,'2022-07-30 16:23:01','2022-07-30 16:23:01'),(18,20,'33',52.44627222,-1.73960000,328,'2022-07-30 16:23:01','2022-07-30 16:23:01'),(19,34,'05',52.36489444,-1.48840556,49,'2022-07-30 16:23:02','2022-07-30 16:23:02'),(20,34,'23',52.37445278,-1.47095278,229,'2022-07-30 16:23:02','2022-07-30 16:23:02'),(21,35,'04',51.88861111,-2.16813611,35,'2022-07-30 16:23:02','2022-07-30 16:23:02'),(22,35,'22',51.89522500,-2.16074722,215,'2022-07-30 16:23:02','2022-07-30 16:23:02'),(23,35,'09',51.89341389,-2.17707778,84,'2022-07-30 16:23:02','2022-07-30 16:23:02'),(24,35,'27',51.89450278,-2.16098333,264,'2022-07-30 16:23:02','2022-07-30 16:23:02'),(25,35,'18',51.89677500,-2.16627222,174,'2022-07-30 16:23:02','2022-07-30 16:23:02'),(26,35,'36',51.88963889,-2.16504167,354,'2022-07-30 16:23:02','2022-07-30 16:23:02'),(27,127,'21R',52.30946667,-0.78986944,204,'2022-07-30 16:23:02','2022-07-30 16:23:02'),(28,127,'03L',52.30249167,-0.79506944,24,'2022-07-30 16:23:02','2022-07-30 16:23:02'),(29,65,'04',52.51643333,-2.26646389,37,'2022-07-30 16:23:02','2022-07-30 16:23:02'),(30,65,'22',52.52014444,-2.26192778,217,'2022-07-30 16:23:02','2022-07-30 16:23:02'),(31,65,'16',52.52044167,-2.26178889,156,'2022-07-30 16:23:02','2022-07-30 16:23:02'),(32,65,'34',52.51406389,-2.25709722,336,'2022-07-30 16:23:02','2022-07-30 16:23:02'),(33,89,'08',51.66683333,-2.06864444,81,'2022-07-30 16:23:02','2022-07-30 16:23:02'),(34,89,'26',51.66925833,-2.04554722,261,'2022-07-30 16:23:02','2022-07-30 16:23:02'),(35,146,'05',52.18724444,-1.61755556,45,'2022-07-30 16:23:02','2022-07-30 16:23:02'),(36,146,'23',52.19092778,-1.61146944,225,'2022-07-30 16:23:02','2022-07-30 16:23:02'),(37,146,'18',52.18811667,-1.61395000,176,'2022-07-30 16:23:02','2022-07-30 16:23:02'),(38,146,'36',52.19629722,-1.61485278,356,'2022-07-30 16:23:02','2022-07-30 16:23:02'),(39,123,'02',53.47001944,-2.38957500,16,'2022-07-30 16:23:02','2022-07-30 16:23:02'),(40,123,'20',53.47392500,-2.38786667,196,'2022-07-30 16:23:02','2022-07-30 16:23:02'),(41,123,'08L',53.47142500,-2.39537500,84,'2022-07-30 16:23:02','2022-07-30 16:23:02'),(42,123,'26R',53.47214722,-2.38579444,264,'2022-07-30 16:23:02','2022-07-30 16:23:02'),(43,123,'08R',53.47122222,-2.39439167,84,'2022-07-30 16:23:02','2022-07-30 16:23:02'),(44,123,'26L',53.47192222,-2.38504444,264,'2022-07-30 16:23:02','2022-07-30 16:23:02'),(45,123,'14',53.47366389,-2.38900556,135,'2022-07-30 16:23:02','2022-07-30 16:23:02'),(46,123,'32',53.47117222,-2.38470833,315,'2022-07-30 16:23:02','2022-07-30 16:23:02'),(47,9,'05L',53.34755556,-2.28776389,52,'2022-07-30 16:23:02','2022-07-30 16:23:02'),(48,9,'23R',53.36131944,-2.25928056,232,'2022-07-30 16:23:02','2022-07-30 16:23:02'),(49,9,'05R',53.33197222,-2.31066111,51,'2022-07-30 16:23:02','2022-07-30 16:23:02'),(50,9,'23L',53.34815278,-2.27720833,231,'2022-07-30 16:23:02','2022-07-30 16:23:02'),(51,12,'02',53.46419722,-1.01004722,18,'2022-07-30 16:23:02','2022-07-30 16:23:02'),(52,12,'20',53.48637222,-0.99821667,198,'2022-07-30 16:23:02','2022-07-30 16:23:02'),(53,73,'06',50.08522500,-5.26341389,65,'2022-07-30 16:23:02','2022-07-30 16:23:02'),(54,73,'24',50.08947778,-5.25043333,245,'2022-07-30 16:23:02','2022-07-30 16:23:02'),(55,73,'11',50.08858611,-5.26585278,115,'2022-07-30 16:23:02','2022-07-30 16:23:02'),(56,73,'29',50.08220278,-5.24229167,295,'2022-07-30 16:23:02','2022-07-30 16:23:02'),(57,73,'18',50.09000000,-5.25181389,180,'2022-07-30 16:23:02','2022-07-30 16:23:02'),(58,73,'36',50.08053889,-5.25142222,0,'2022-07-30 16:23:02','2022-07-30 16:23:02'),(59,82,'04',51.00366667,-2.64417222,38,'2022-07-30 16:23:02','2022-07-30 16:23:02'),(60,82,'22',51.01416944,-2.63160833,218,'2022-07-30 16:23:02','2022-07-30 16:23:02'),(61,82,'08',51.00702500,-2.66170833,84,'2022-07-30 16:23:02','2022-07-30 16:23:02'),(62,82,'26',51.00950833,-2.62927778,264,'2022-07-30 16:23:02','2022-07-30 16:23:02'),(63,54,'01',56.45916389,-5.40066944,5,'2022-07-30 16:23:02','2022-07-30 16:23:02'),(64,54,'19',56.46758333,-5.39918333,185,'2022-07-30 16:23:02','2022-07-30 16:23:02'),(65,122,'02',60.18895278,-1.24500000,12,'2022-07-30 16:23:02','2022-07-30 16:23:02'),(66,122,'20',60.19537778,-1.24197500,192,'2022-07-30 16:23:02','2022-07-30 16:23:02'),(67,17,'12',51.40047778,-3.35560278,118,'2022-07-30 16:23:02','2022-07-30 16:23:02'),(68,17,'30',51.39245278,-3.33017778,298,'2022-07-30 16:23:02','2022-07-30 16:23:02'),(69,77,'04',51.60031389,-4.07368333,37,'2022-07-30 16:23:02','2022-07-30 16:23:02'),(70,77,'22',51.60943889,-4.06291389,217,'2022-07-30 16:23:02','2022-07-30 16:23:02'),(71,77,'10',51.60117222,-4.07579167,97,'2022-07-30 16:23:02','2022-07-30 16:23:02'),(72,77,'28',51.60038611,-4.06440000,277,'2022-07-30 16:23:02','2022-07-30 16:23:02'),(73,16,'09',51.38210833,-2.73350278,87,'2022-07-30 16:23:02','2022-07-30 16:23:02'),(74,16,'27',51.38315833,-2.70652778,267,'2022-07-30 16:23:02','2022-07-30 16:23:02'),(75,10,'09',53.33288611,-2.86600278,87,'2022-07-30 16:23:02','2022-07-30 16:23:02'),(76,10,'27',53.33441667,-2.83271111,267,'2022-07-30 16:23:02','2022-07-30 16:23:02'),(77,6,'07',51.87201389,-0.38358611,74,'2022-07-30 16:23:02','2022-07-30 16:23:02'),(78,6,'25',51.87704444,-0.35448611,254,'2022-07-30 16:23:02','2022-07-30 16:23:02'),(79,78,'02',50.10112500,-5.67426667,21,'2022-07-30 16:23:02','2022-07-30 16:23:02'),(80,78,'20',50.10489167,-5.67217778,201,'2022-07-30 16:23:02','2022-07-30 16:23:02'),(81,78,'07',50.10146667,-5.67862222,66,'2022-07-30 16:23:02','2022-07-30 16:23:02'),(82,78,'25',50.10388333,-5.67065833,246,'2022-07-30 16:23:02','2022-07-30 16:23:02'),(83,78,'11',50.10250000,-5.67452222,114,'2022-07-30 16:23:02','2022-07-30 16:23:02'),(84,78,'29',50.10104444,-5.66912500,294,'2022-07-30 16:23:02','2022-07-30 16:23:02'),(85,78,'16',50.10513333,-5.67208889,159,'2022-07-30 16:23:02','2022-07-30 16:23:02'),(86,78,'34',50.09942778,-5.66854722,339,'2022-07-30 16:23:02','2022-07-30 16:23:02'),(87,74,'09',49.91327778,-6.29540000,89,'2022-07-30 16:23:02','2022-07-30 16:23:02'),(88,74,'27',49.91350556,-6.28843333,269,'2022-07-30 16:23:02','2022-07-30 16:23:02'),(89,74,'14',49.91533611,-6.29448333,142,'2022-07-30 16:23:02','2022-07-30 16:23:02'),(90,74,'32',49.91123611,-6.28903889,322,'2022-07-30 16:23:02','2022-07-30 16:23:02'),(91,119,'05',50.81287778,-1.21108333,45,'2022-07-30 16:23:02','2022-07-30 16:23:02'),(92,119,'23',50.81937500,-1.20075000,225,'2022-07-30 16:23:02','2022-07-30 16:23:02'),(93,152,'09',50.94020000,-2.66623056,92,'2022-07-30 16:23:02','2022-07-30 16:23:02'),(94,152,'27',50.93990000,-2.65146667,272,'2022-07-30 16:23:02','2022-07-30 16:23:02'),(95,19,'08',50.77846667,-1.85215556,75,'2022-07-30 16:23:02','2022-07-30 16:23:02'),(96,19,'26',50.78266111,-1.82691111,255,'2022-07-30 16:23:02','2022-07-30 16:23:02'),(97,18,'02',50.94357222,-1.36052778,21,'2022-07-30 16:23:02','2022-07-30 16:23:02'),(98,18,'20',50.95718611,-1.35294444,201,'2022-07-30 16:23:02','2022-07-30 16:23:02'),(99,144,'07',51.20988889,-1.60191389,67,'2022-07-30 16:23:02','2022-07-30 16:23:02'),(100,144,'25',51.21256389,-1.59191389,247,'2022-07-30 16:23:02','2022-07-30 16:23:02'),(101,144,'12',51.21200278,-1.60374722,123,'2022-07-30 16:23:02','2022-07-30 16:23:02'),(102,144,'30',51.20830278,-1.59462222,303,'2022-07-30 16:23:02','2022-07-30 16:23:02'),(103,36,'12',50.44703889,-5.01201389,122,'2022-07-30 16:23:02','2022-07-30 16:23:02'),(104,36,'30',50.43588056,-4.98237778,302,'2022-07-30 16:23:02','2022-07-30 16:23:02'),(105,79,'06',50.85895556,-0.76266389,57,'2022-07-30 16:23:02','2022-07-30 16:23:02'),(106,79,'24',50.86246389,-0.75415000,237,'2022-07-30 16:23:02','2022-07-30 16:23:02'),(107,79,'10',50.86295000,-0.76337500,103,'2022-07-30 16:23:02','2022-07-30 16:23:02'),(108,79,'28',50.86153056,-0.75368889,283,'2022-07-30 16:23:02','2022-07-30 16:23:02'),(109,79,'14',50.86267778,-0.76391667,139,'2022-07-30 16:23:02','2022-07-30 16:23:02'),(110,79,'32',50.85608333,-0.75493056,319,'2022-07-30 16:23:02','2022-07-30 16:23:02'),(111,15,'08',49.70599444,-2.22082778,80,'2022-07-30 16:23:02','2022-07-30 16:23:02'),(112,15,'26',49.70743889,-2.20886667,260,'2022-07-30 16:23:02','2022-07-30 16:23:02'),(113,14,'09',49.43462778,-2.61203611,88,'2022-07-30 16:23:02','2022-07-30 16:23:02'),(114,14,'27',49.43518611,-2.59188333,268,'2022-07-30 16:23:02','2022-07-30 16:23:02'),(115,13,'08',49.20706667,-2.20609444,83,'2022-07-30 16:23:02','2022-07-30 16:23:02'),(116,13,'26',49.20883333,-2.18490556,263,'2022-07-30 16:23:02','2022-07-30 16:23:02'),(117,37,'02',50.83275000,-0.29905833,21,'2022-07-30 16:23:02','2022-07-30 16:23:02'),(118,37,'20',50.83907778,-0.29510000,201,'2022-07-30 16:23:02','2022-07-30 16:23:02'),(119,37,'02G',50.83388889,-0.29754444,21,'2022-07-30 16:23:02','2022-07-30 16:23:02'),(120,37,'20G',50.83893056,-0.29440556,201,'2022-07-30 16:23:02','2022-07-30 16:23:02'),(121,37,'06',50.83353056,-0.29767778,63,'2022-07-30 16:23:02','2022-07-30 16:23:02'),(122,37,'24',50.83593056,-0.29007778,243,'2022-07-30 16:23:02','2022-07-30 16:23:02'),(123,37,'13',50.83833889,-0.29452222,124,'2022-07-30 16:23:02','2022-07-30 16:23:02'),(124,37,'31',50.83623333,-0.28974167,304,'2022-07-30 16:23:02','2022-07-30 16:23:02'),(125,4,'03',51.32567778,0.02838333,25,'2022-07-30 16:23:02','2022-07-30 16:23:02'),(126,4,'21',51.33825556,0.03805000,205,'2022-07-30 16:23:02','2022-07-30 16:23:02'),(127,1,'08L',51.14751111,-0.20810556,77,'2022-07-30 16:23:02','2022-07-30 16:23:02'),(128,1,'26R',51.15102500,-0.18261111,257,'2022-07-30 16:23:02','2022-07-30 16:23:02'),(129,1,'08R',51.14586111,-0.20683056,77,'2022-07-30 16:23:02','2022-07-30 16:23:02'),(130,1,'26L',51.15067500,-0.17192500,257,'2022-07-30 16:23:02','2022-07-30 16:23:02'),(131,135,'08L',51.21356389,-0.14324722,74,'2022-07-30 16:23:02','2022-07-30 16:23:02'),(132,135,'26R',51.21521111,-0.13383056,254,'2022-07-30 16:23:02','2022-07-30 16:23:02'),(133,135,'08R',51.21251667,-0.14485833,74,'2022-07-30 16:23:02','2022-07-30 16:23:02'),(134,135,'26L',51.21465556,-0.13248333,254,'2022-07-30 16:23:02','2022-07-30 16:23:02'),(135,135,'18',51.21759722,-0.14066667,180,'2022-07-30 16:23:02','2022-07-30 16:23:02'),(136,135,'36',51.21131111,-0.14084444,0,'2022-07-30 16:23:02','2022-07-30 16:23:02'),(137,3,'09',51.50552778,0.04575833,93,'2022-07-30 16:23:02','2022-07-30 16:23:02'),(138,3,'27',51.50492500,0.06495556,273,'2022-07-30 16:23:02','2022-07-30 16:23:02'),(139,53,'06',51.27283056,-0.78521111,62,'2022-07-30 16:23:02','2022-07-30 16:23:02'),(140,53,'24',51.27815556,-0.76922778,242,'2022-07-30 16:23:02','2022-07-30 16:23:02'),(141,99,'07',51.32254722,-0.85463333,71,'2022-07-30 16:23:02','2022-07-30 16:23:02'),(142,99,'25',51.32538889,-0.84101111,251,'2022-07-30 16:23:02','2022-07-30 16:23:02'),(143,2,'09L',51.47750000,-0.48499167,89,'2022-07-30 16:23:02','2022-07-30 16:23:02'),(144,2,'27R',51.47767500,-0.43328333,269,'2022-07-30 16:23:02','2022-07-30 16:23:02'),(145,2,'09R',51.46479167,-0.48231389,89,'2022-07-30 16:23:02','2022-07-30 16:23:02'),(146,2,'27L',51.46495000,-0.43410000,269,'2022-07-30 16:23:02','2022-07-30 16:23:02'),(147,8,'05',51.56592500,0.68332222,53,'2022-07-30 16:23:02','2022-07-30 16:23:02'),(148,8,'23',51.57436389,0.70207778,233,'2022-07-30 16:23:02','2022-07-30 16:23:02'),(149,38,'03',50.95048611,0.93336389,33,'2022-07-30 16:23:02','2022-07-30 16:23:02'),(150,38,'21',50.96159722,0.94466389,213,'2022-07-30 16:23:02','2022-07-30 16:23:02'),(151,39,'01',54.93546111,-2.81133333,1,'2022-07-30 16:23:02','2022-07-30 16:23:02'),(152,39,'19',54.94225556,-2.81110278,181,'2022-07-30 16:23:02','2022-07-30 16:23:02'),(153,39,'06',54.93421389,-2.81861944,59,'2022-07-30 16:23:02','2022-07-30 16:23:02'),(154,39,'24',54.94054167,-2.80000833,239,'2022-07-30 16:23:02','2022-07-30 16:23:02'),(155,70,'03',53.27576944,-0.95513333,26,'2022-07-30 16:23:02','2022-07-30 16:23:02'),(156,70,'21',53.28554167,-0.94755000,206,'2022-07-30 16:23:02','2022-07-30 16:23:02'),(157,40,'10',53.77223889,-3.04268889,95,'2022-07-30 16:23:02','2022-07-30 16:23:02'),(158,40,'28',53.77087778,-3.01443889,275,'2022-07-30 16:23:02','2022-07-30 16:23:02'),(159,41,'02',53.56533056,-0.35705833,24,'2022-07-30 16:23:02','2022-07-30 16:23:02'),(160,41,'20',53.58153333,-0.34585556,204,'2022-07-30 16:23:02','2022-07-30 16:23:02'),(161,11,'14',53.87143056,-1.66907778,138,'2022-07-30 16:23:02','2022-07-30 16:23:02'),(162,11,'32',53.86036389,-1.65206667,318,'2022-07-30 16:23:02','2022-07-30 16:23:02'),(163,145,'07',53.74160556,-2.90033889,71,'2022-07-30 16:23:03','2022-07-30 16:23:03'),(164,145,'25',53.74844167,-2.86653056,251,'2022-07-30 16:23:03','2022-07-30 16:23:03'),(165,42,'04',53.17324444,-2.98470278,42,'2022-07-30 16:23:03','2022-07-30 16:23:03'),(166,42,'22',53.18301111,-2.97057222,222,'2022-07-30 16:23:03','2022-07-30 16:23:03'),(167,26,'03',54.07852778,-4.63103611,31,'2022-07-30 16:23:03','2022-07-30 16:23:03'),(168,26,'21',54.08729722,-4.62311667,211,'2022-07-30 16:23:03','2022-07-30 16:23:03'),(169,26,'08',54.08193889,-4.63458056,81,'2022-07-30 16:23:03','2022-07-30 16:23:03'),(170,26,'26',54.08479167,-4.61181944,261,'2022-07-30 16:23:03','2022-07-30 16:23:03'),(171,28,'07',55.03398611,-1.70463333,66,'2022-07-30 16:23:03','2022-07-30 16:23:03'),(172,28,'25',55.04179444,-1.67521111,246,'2022-07-30 16:23:03','2022-07-30 16:23:03'),(173,43,'05',54.50223056,-1.44243056,48,'2022-07-30 16:23:03','2022-07-30 16:23:03'),(174,43,'23',54.51615000,-1.41637500,228,'2022-07-30 16:23:03','2022-07-30 16:23:03'),(175,21,'09',52.83065556,-1.34690556,88,'2022-07-30 16:23:03','2022-07-30 16:23:03'),(176,21,'27',52.83135556,-1.30859444,268,'2022-07-30 16:23:03','2022-07-30 16:23:03'),(177,66,'05',52.79269167,-2.67666389,46,'2022-07-30 16:23:03','2022-07-30 16:23:03'),(178,66,'23',52.80146389,-2.66230000,226,'2022-07-30 16:23:03','2022-07-30 16:23:03'),(179,66,'18',52.80185278,-2.66796667,181,'2022-07-30 16:23:03','2022-07-30 16:23:03'),(180,66,'36',52.78539722,-2.66791111,1,'2022-07-30 16:23:03','2022-07-30 16:23:03'),(181,60,'01',53.24351111,-4.54045833,3,'2022-07-30 16:23:03','2022-07-30 16:23:03'),(182,60,'19',53.25754722,-4.53786944,183,'2022-07-30 16:23:03','2022-07-30 16:23:03'),(183,60,'13',53.25379167,-4.54635833,133,'2022-07-30 16:23:03','2022-07-30 16:23:03'),(184,60,'31',53.24044722,-4.52023889,313,'2022-07-30 16:23:03','2022-07-30 16:23:03'),(185,44,'09',58.95778611,-2.91012222,89,'2022-07-30 16:23:03','2022-07-30 16:23:03'),(186,44,'27',58.95828611,-2.88875278,269,'2022-07-30 16:23:03','2022-07-30 16:23:03'),(187,44,'14',58.96050278,-2.90921667,142,'2022-07-30 16:23:03','2022-07-30 16:23:03'),(188,44,'32',58.95664444,-2.90303611,322,'2022-07-30 16:23:03','2022-07-30 16:23:03'),(189,45,'06',59.87476389,-1.28267778,55,'2022-07-30 16:23:03','2022-07-30 16:23:03'),(190,45,'24',59.87766944,-1.28267778,235,'2022-07-30 16:23:03','2022-07-30 16:23:03'),(191,45,'09',59.88058250,-1.30527861,85,'2022-07-30 16:23:03','2022-07-30 16:23:03'),(192,45,'27',59.88196389,-1.28196083,265,'2022-07-30 16:23:03','2022-07-30 16:23:03'),(193,45,'15',59.88030194,-1.29834917,145,'2022-07-30 16:23:03','2022-07-30 16:23:03'),(194,45,'33',59.87279389,-1.28730000,325,'2022-07-30 16:23:03','2022-07-30 16:23:03'),(195,46,'13',58.46236667,-3.10211389,129,'2022-07-30 16:23:03','2022-07-30 16:23:03'),(196,46,'31',58.45545278,-3.08459167,309,'2022-07-30 16:23:03','2022-07-30 16:23:03'),(197,30,'16',57.21056944,-2.20416944,159,'2022-07-30 16:23:03','2022-07-30 16:23:03'),(198,30,'34',57.19428611,-2.19215000,339,'2022-07-30 16:23:03','2022-07-30 16:23:03'),(199,47,'05',57.53737500,-4.05867778,51,'2022-07-30 16:23:03','2022-07-30 16:23:03'),(200,47,'23',57.54800278,-4.03556944,231,'2022-07-30 16:23:03','2022-07-30 16:23:03'),(201,47,'11',57.54464167,-4.05986944,112,'2022-07-30 16:23:03','2022-07-30 16:23:03'),(202,47,'29',57.54252500,-4.04881111,292,'2022-07-30 16:23:03','2022-07-30 16:23:03'),(203,23,'05',55.86348056,-4.44905278,48,'2022-07-30 16:23:03','2022-07-30 16:23:03'),(204,23,'23',55.87807500,-4.42178611,228,'2022-07-30 16:23:03','2022-07-30 16:23:03'),(205,22,'06',55.94499722,-3.38719444,60,'2022-07-30 16:23:03','2022-07-30 16:23:03'),(206,22,'24',55.95490556,-3.35796111,240,'2022-07-30 16:23:03','2022-07-30 16:23:03'),(207,117,'08',55.68246111,-6.25881111,73,'2022-07-30 16:23:03','2022-07-30 16:23:03'),(208,117,'26',55.68418889,-6.25017500,253,'2022-07-30 16:23:03','2022-07-30 16:23:03'),(209,117,'13',55.68634167,-6.26833056,123,'2022-07-30 16:23:03','2022-07-30 16:23:03'),(210,117,'31',55.68050833,-6.25106389,303,'2022-07-30 16:23:03','2022-07-30 16:23:03'),(211,24,'03',55.48838056,-4.58739167,25,'2022-07-30 16:23:03','2022-07-30 16:23:03'),(212,24,'21',55.50338611,-4.57576667,205,'2022-07-30 16:23:03','2022-07-30 16:23:03'),(213,24,'12',55.51522778,-4.61147500,123,'2022-07-30 16:23:03','2022-07-30 16:23:03'),(214,24,'30',55.50241111,-4.57717500,303,'2022-07-30 16:23:03','2022-07-30 16:23:03'),(215,57,'06',57.47702222,-7.37363611,55,'2022-07-30 16:23:03','2022-07-30 16:23:03'),(216,57,'24',57.48575556,-7.35007500,235,'2022-07-30 16:23:03','2022-07-30 16:23:03'),(217,57,'17',57.48694722,-7.36577222,167,'2022-07-30 16:23:03','2022-07-30 16:23:03'),(218,57,'35',57.47643889,-7.36127778,347,'2022-07-30 16:23:03','2022-07-30 16:23:03'),(219,48,'06',60.42976389,-1.30454167,55,'2022-07-30 16:23:03','2022-07-30 16:23:03'),(220,48,'24',60.43556944,-1.28757778,235,'2022-07-30 16:23:03','2022-07-30 16:23:03'),(221,49,'09',56.45246667,-3.03718056,90,'2022-07-30 16:23:03','2022-07-30 16:23:03'),(222,49,'27',56.45235278,-3.01447222,270,'2022-07-30 16:23:03','2022-07-30 16:23:03'),(223,50,'06',58.21189167,-6.33689444,63,'2022-07-30 16:23:03','2022-07-30 16:23:03'),(224,50,'24',58.21639444,-6.32218889,243,'2022-07-30 16:23:03','2022-07-30 16:23:03'),(225,50,'18',58.22438056,-6.33273611,177,'2022-07-30 16:23:03','2022-07-30 16:23:03'),(226,50,'36',58.20573611,-6.32919444,357,'2022-07-30 16:23:03','2022-07-30 16:23:03'),(227,56,'07',57.02472500,-7.44678611,69,'2022-07-30 16:23:03','2022-07-30 16:23:03'),(228,56,'25',57.02763333,-7.43476944,249,'2022-07-30 16:23:03','2022-07-30 16:23:03'),(229,56,'11',57.02463056,-7.44833333,104,'2022-07-30 16:23:03','2022-07-30 16:23:03'),(230,56,'29',57.02369444,-7.43923333,284,'2022-07-30 16:23:03','2022-07-30 16:23:03'),(231,56,'15',57.02532778,-7.44705000,143,'2022-07-30 16:23:03','2022-07-30 16:23:03'),(232,56,'33',57.02036667,-7.43927500,323,'2022-07-30 16:23:03','2022-07-30 16:23:03'),(233,133,'03',56.43775278,-3.37718889,30,'2022-07-30 16:23:03','2022-07-30 16:23:03'),(234,133,'21',56.44449722,-3.37062222,210,'2022-07-30 16:23:03','2022-07-30 16:23:03'),(235,133,'09',56.43762778,-3.54132778,90,'2022-07-30 16:23:03','2022-07-30 16:23:03'),(236,133,'27',56.43775278,-3.36711111,270,'2022-07-30 16:23:03','2022-07-30 16:23:03'),(237,133,'15',56.44235278,-3.37087778,151,'2022-07-30 16:23:03','2022-07-30 16:23:03'),(238,133,'33',56.43753611,-3.36575278,331,'2022-07-30 16:23:03','2022-07-30 16:23:03'),(239,55,'05',56.49471111,-6.87786944,50,'2022-07-30 16:23:03','2022-07-30 16:23:03'),(240,55,'23',56.50302500,-6.86169444,230,'2022-07-30 16:23:03','2022-07-30 16:23:03'),(241,55,'11',56.50215833,-6.87930000,110,'2022-07-30 16:23:03','2022-07-30 16:23:03'),(242,55,'29',56.50002778,-6.86675278,290,'2022-07-30 16:23:03','2022-07-30 16:23:03'),(243,92,'07',57.64593611,-3.57889167,73,'2022-07-30 16:23:03','2022-07-30 16:23:03'),(244,92,'25',57.65287778,-3.54228611,253,'2022-07-30 16:23:03','2022-07-30 16:23:03'),(245,93,'04',56.37124444,-2.87252778,38,'2022-07-30 16:23:03','2022-07-30 16:23:03'),(246,93,'22',56.38044167,-2.86015000,218,'2022-07-30 16:23:03','2022-07-30 16:23:03'),(247,93,'08',56.37340000,-2.87733611,83,'2022-07-30 16:23:03','2022-07-30 16:23:03'),(248,93,'26',56.37637778,-2.84022500,263,'2022-07-30 16:23:03','2022-07-30 16:23:03'),(249,51,'05',52.20058889,0.16643056,49,'2022-07-30 16:23:03','2022-07-30 16:23:03'),(250,51,'23',52.20987500,0.18439722,229,'2022-07-30 16:23:03','2022-07-30 16:23:03'),(251,27,'09',52.67583056,1.26905278,90,'2022-07-30 16:23:03','2022-07-30 16:23:03'),(252,27,'27',52.67603611,1.29627222,270,'2022-07-30 16:23:03','2022-07-30 16:23:03'),(253,5,'04',51.87703889,0.22286111,42,'2022-07-30 16:23:03','2022-07-30 16:23:03'),(254,5,'22',51.89515833,0.25004444,222,'2022-07-30 16:23:03','2022-07-30 16:23:03'),(255,109,'06L',52.08929444,0.12418611,58,'2022-07-30 16:23:03','2022-07-30 16:23:03'),(256,109,'24R',52.09349167,0.13510000,238,'2022-07-30 16:23:03','2022-07-30 16:23:03'),(257,109,'06R',52.08707500,0.12254444,58,'2022-07-30 16:23:03','2022-07-30 16:23:03'),(258,109,'24L',52.09350278,0.13926111,238,'2022-07-30 16:23:03','2022-07-30 16:23:03'),(259,94,'07',51.40292778,-3.44532222,74,'2022-07-30 16:23:03','2022-07-30 16:23:03'),(260,94,'25',51.40755278,-3.42105833,254,'2022-07-30 16:23:03','2022-07-30 16:23:03'),(261,151,'06',51.61022778,-0.81288056,62,'2022-07-30 16:23:03','2022-07-30 16:23:03'),(262,151,'24',51.61326389,-0.80353889,242,'2022-07-30 16:23:03','2022-07-30 16:23:03'),(263,151,'06G',51.60992778,-0.81113056,62,'2022-07-30 16:23:03','2022-07-30 16:23:03'),(264,151,'24G',51.61255556,-0.80304444,242,'2022-07-30 16:23:03','2022-07-30 16:23:03'),(265,151,'35',51.60713611,-0.80662222,348,'2022-07-30 16:23:03','2022-07-30 16:23:03'),(266,151,'01',51.61328528,-0.80897861,168,'2022-07-30 16:23:03','2022-07-30 16:23:03'),(267,52,'03',52.06679722,-0.62202222,32,'2022-07-30 16:23:03','2022-07-30 16:23:03'),(268,52,'21',52.07897778,-0.60979722,212,'2022-07-30 16:23:03','2022-07-30 16:23:03'),(269,25,'08',50.73206389,-3.42800556,77,'2022-07-30 16:23:03','2022-07-30 16:23:03'),(270,25,'26',50.73645556,-3.39999444,257,'2022-07-30 16:23:03','2022-07-30 16:23:03'),(271,115,'06',51.34634722,-0.56300000,57,'2022-07-30 16:23:03','2022-07-30 16:23:03'),(272,115,'24',51.34990833,-0.55393333,237,'2022-07-30 16:23:03','2022-07-30 16:23:03'),(273,7,'01',51.83113889,-1.32172778,11,'2022-07-30 16:23:03','2022-07-30 16:23:03'),(274,7,'19',51.84279167,-1.31818056,191,'2022-07-30 16:23:03','2022-07-30 16:23:03'),(275,86,'06',52.40245556,0.54436944,57,'2022-07-30 16:23:03','2022-07-30 16:23:03'),(276,86,'24',52.41635000,0.57765556,237,'2022-07-30 16:23:03','2022-07-30 16:23:03'),(277,87,'11',52.36483056,0.46632778,105,'2022-07-30 16:23:03','2022-07-30 16:23:03'),(278,87,'29',52.35903056,0.50648056,285,'2022-07-30 16:23:03','2022-07-30 16:23:03'),(279,95,'09',51.68304722,-1.81198611,89,'2022-07-30 16:23:03','2022-07-30 16:23:03'),(280,95,'27',51.68398333,-1.76800556,269,'2022-07-30 16:23:03','2022-07-30 16:23:03'),(281,90,'07',51.74609167,-1.60411389,74,'2022-07-30 16:23:03','2022-07-30 16:23:03'),(282,90,'25',51.75387500,-1.56177222,254,'2022-07-30 16:23:03','2022-07-30 16:23:03'),(283,80,'09',51.23456389,-0.95587194,91,'2022-07-30 16:23:03','2022-07-30 16:23:03'),(284,80,'27',51.23381139,-0.92961306,271,'2022-07-30 16:23:03','2022-07-30 16:23:03'),(285,29,'07',51.55039444,-0.42973056,70,'2022-07-30 16:23:03','2022-07-30 16:23:03'),(286,29,'25',51.55532222,-0.40820278,250,'2022-07-30 16:23:03','2022-07-30 16:23:03'),(287,68,'07',53.08933889,-0.18558889,72,'2022-07-30 16:23:03','2022-07-30 16:23:03'),(288,68,'25',53.09699167,-0.14664722,252,'2022-07-30 16:23:03','2022-07-30 16:23:03'),(289,67,'16',54.30191944,-1.54261944,157,'2022-07-30 16:23:03','2022-07-30 16:23:03'),(290,67,'34',54.28313611,-1.52817222,337,'2022-07-30 16:23:03','2022-07-30 16:23:03'),(291,71,'01',53.02105278,-0.48542500,9,'2022-07-30 16:23:03','2022-07-30 16:23:03'),(292,71,'19',53.03405556,-0.48231944,189,'2022-07-30 16:23:03','2022-07-30 16:23:03'),(293,71,'08',53.02873056,-0.50571389,83,'2022-07-30 16:23:04','2022-07-30 16:23:04'),(294,71,'26',53.03081389,-0.47873333,263,'2022-07-30 16:23:04','2022-07-30 16:23:04'),(295,84,'01',52.63901944,0.55569444,9,'2022-07-30 16:23:04','2022-07-30 16:23:04'),(296,84,'19',52.65499722,0.55965556,189,'2022-07-30 16:23:04','2022-07-30 16:23:04'),(297,84,'06',52.64120556,0.53351667,56,'2022-07-30 16:23:04','2022-07-30 16:23:04'),(298,84,'24',52.65539722,0.56738333,236,'2022-07-30 16:23:04','2022-07-30 16:23:04');
/*!40000 ALTER TABLE `runways` ENABLE KEYS */;
UNLOCK TABLES;

--
-- Table structure for table `sector_file_issues`
--

DROP TABLE IF EXISTS `sector_file_issues`;
/*!40101 SET @saved_cs_client     = @@character_set_client */;
/*!40101 SET character_set_client = utf8 */;
CREATE TABLE `sector_file_issues` (
  `id` int unsigned NOT NULL AUTO_INCREMENT,
  `number` int unsigned NOT NULL COMMENT 'The github issue number',
  `plugin` tinyint(1) NOT NULL COMMENT 'Whether or not the issue has been recorded as a plugin issue',
  `api` tinyint(1) NOT NULL COMMENT 'Whether or not the issue has been recorded as a api issue',
  `created_at` timestamp NULL DEFAULT NULL,
  `updated_at` timestamp NULL DEFAULT NULL,
  PRIMARY KEY (`id`),
  UNIQUE KEY `sector_file_issues_number_unique` (`number`)
) ENGINE=InnoDB DEFAULT CHARSET=utf8mb4 COLLATE=utf8mb4_unicode_ci;
/*!40101 SET character_set_client = @saved_cs_client */;

--
-- Dumping data for table `sector_file_issues`
--

LOCK TABLES `sector_file_issues` WRITE;
/*!40000 ALTER TABLE `sector_file_issues` DISABLE KEYS */;
/*!40000 ALTER TABLE `sector_file_issues` ENABLE KEYS */;
UNLOCK TABLES;

--
-- Table structure for table `sid`
--

DROP TABLE IF EXISTS `sid`;
/*!40101 SET @saved_cs_client     = @@character_set_client */;
/*!40101 SET character_set_client = utf8 */;
CREATE TABLE `sid` (
  `id` int unsigned NOT NULL AUTO_INCREMENT,
  `identifier` varchar(255) CHARACTER SET utf8mb4 COLLATE utf8mb4_unicode_ci NOT NULL COMMENT 'SID identifier, may or may not have a deprecation character',
  `runway_id` bigint unsigned NOT NULL COMMENT 'The runway that this SID is used on',
  `initial_altitude` smallint unsigned NOT NULL COMMENT 'The initial altitude on the SID',
  `handoff_id` bigint unsigned DEFAULT NULL COMMENT 'The handoff order that applies to this departure',
  `sid_departure_interval_group_id` bigint unsigned DEFAULT NULL COMMENT 'The group that the SID is in for intervals',
  `created_at` timestamp NULL DEFAULT NULL,
  `updated_at` timestamp NULL DEFAULT NULL,
  `initial_heading` smallint DEFAULT NULL COMMENT 'The initial heading for the plugin to set for this SID',
  PRIMARY KEY (`id`),
  UNIQUE KEY `sid_runway_identifier` (`runway_id`,`identifier`),
  KEY `sid_handoff_id_foreign` (`handoff_id`),
  KEY `sids_departure_interval_group` (`sid_departure_interval_group_id`),
  CONSTRAINT `sid_handoff_id_foreign` FOREIGN KEY (`handoff_id`) REFERENCES `handoffs` (`id`),
  CONSTRAINT `sid_runway_id` FOREIGN KEY (`runway_id`) REFERENCES `runways` (`id`) ON DELETE CASCADE,
  CONSTRAINT `sids_departure_interval_group` FOREIGN KEY (`sid_departure_interval_group_id`) REFERENCES `sid_departure_interval_groups` (`id`)
) ENGINE=InnoDB AUTO_INCREMENT=399 DEFAULT CHARSET=utf8mb4 COLLATE=utf8mb4_unicode_ci;
/*!40101 SET character_set_client = @saved_cs_client */;

--
-- Dumping data for table `sid`
--

LOCK TABLES `sid` WRITE;
/*!40000 ALTER TABLE `sid` DISABLE KEYS */;
INSERT INTO `sid` VALUES (2,'ADMEX1M',18,6000,34,1,'2021-05-23 14:31:44','2022-07-30 16:23:04',NULL),(3,'COWLY2Y',17,6000,34,1,'2021-05-23 14:31:44','2022-07-30 16:23:04',NULL),(6,'CPT2Y',17,6000,34,1,'2021-05-23 14:31:44','2022-07-30 16:23:04',NULL),(9,'DTY2Y',17,6000,34,1,'2021-05-23 14:31:44','2022-07-30 16:23:04',NULL),(13,'DTY4F',18,6000,34,1,'2021-05-23 14:31:44','2022-07-30 16:23:04',NULL),(14,'LUVUM1L',17,6000,61,1,'2021-05-23 14:31:44','2022-07-30 16:23:04',NULL),(15,'LUVUM1M',18,6000,61,1,'2021-05-23 14:31:44','2022-07-30 16:23:04',NULL),(17,'TNT1K',17,6000,61,1,'2021-05-23 14:31:44','2022-07-30 16:23:04',NULL),(18,'TNT4G',17,6000,61,1,'2021-05-23 14:31:44','2022-07-30 16:23:04',NULL),(21,'UMLUX1M',18,6000,34,1,'2021-05-23 14:31:44','2022-07-30 16:23:04',NULL),(23,'UNGAP1M',18,6000,34,1,'2021-05-23 14:31:44','2022-07-30 16:23:04',NULL),(24,'WCO2Y',17,6000,34,1,'2021-05-23 14:31:44','2022-07-30 16:23:04',NULL),(29,'MONTY1S',47,5000,20,8,'2021-05-23 14:31:44','2022-07-30 16:23:04',NULL),(30,'MONTY1Z',49,5000,20,8,'2021-05-23 14:31:44','2022-07-30 16:23:04',NULL),(31,'MONTY1Y',50,5000,20,6,'2021-05-23 14:31:44','2022-07-30 16:23:04',NULL),(32,'MONTY1R',48,5000,20,6,'2021-05-23 14:31:44','2022-07-30 16:23:04',NULL),(37,'POL5R',48,5000,19,4,'2021-05-23 14:31:44','2022-07-30 16:23:05',NULL),(38,'POL4S',47,5000,19,11,'2021-05-23 14:31:44','2022-07-30 16:23:05',NULL),(39,'POL1Y',50,5000,19,4,'2021-05-23 14:31:44','2022-07-30 16:23:04',NULL),(40,'POL1Z',49,5000,19,11,'2021-05-23 14:31:44','2022-07-30 16:23:04',NULL),(41,'DESIG1S',47,5000,19,10,'2021-05-23 14:31:44','2022-07-30 16:23:04',NULL),(42,'DESIG1Z',49,5000,19,10,'2021-05-23 14:31:44','2022-07-30 16:23:04',NULL),(43,'EKLAD1R',48,5000,20,5,'2021-05-23 14:31:44','2022-07-30 16:23:04',NULL),(44,'EKLAD1Y',50,5000,20,5,'2021-05-23 14:31:44','2022-07-30 16:23:04',NULL),(45,'SANBA1R',48,5000,53,2,'2021-05-23 14:31:44','2022-07-30 16:23:05',NULL),(46,'SANBA1Y',50,5000,53,2,'2021-05-23 14:31:44','2022-07-30 16:23:05',NULL),(47,'ASMIM1S',47,5000,20,9,'2021-05-23 14:31:44','2022-07-30 16:23:04',NULL),(48,'ASMIM1Z',49,5000,20,9,'2021-05-23 14:31:44','2022-07-30 16:23:04',NULL),(49,'KUXEM1R',48,5000,20,5,'2021-05-23 14:31:44','2022-07-30 16:23:04',NULL),(50,'KUXEM1Y',50,5000,20,5,'2021-05-23 14:31:44','2022-07-30 16:23:04',NULL),(51,'SONEX1R',48,5000,19,4,'2021-05-23 14:31:44','2022-07-30 16:23:05',NULL),(52,'SONEX1Y',50,5000,19,4,'2021-05-23 14:31:44','2022-07-30 16:23:05',NULL),(53,'LISTO2R',48,5000,53,3,'2021-05-23 14:31:44','2022-07-30 16:23:04',NULL),(54,'LISTO2S',47,5000,53,7,'2021-05-23 14:31:45','2022-07-30 16:23:04',NULL),(55,'LISTO2Y',50,5000,53,3,'2021-05-23 14:31:45','2022-07-30 16:23:04',NULL),(56,'LISTO2Z',49,5000,53,7,'2021-05-23 14:31:45','2022-07-30 16:23:04',NULL),(57,'UPTON1A',52,6000,23,NULL,'2021-05-23 14:31:45','2022-07-30 16:23:05',NULL),(58,'UPTON1B',52,6000,23,NULL,'2021-05-23 14:31:45','2022-07-30 16:23:05',NULL),(59,'UPTON1C',51,6000,23,NULL,'2021-05-23 14:31:45','2022-07-30 16:23:05',NULL),(63,'BCN1A',68,6000,32,16,'2021-05-23 14:31:45','2022-07-30 16:23:05',NULL),(64,'BCN1B',67,6000,32,16,'2021-05-23 14:31:45','2022-07-30 16:23:05',NULL),(65,'EXMOR1A',68,5000,33,16,'2021-05-23 14:31:45','2022-07-30 16:23:05',NULL),(66,'EXMOR1B',67,5000,33,16,'2021-05-23 14:31:45','2022-07-30 16:23:05',NULL),(67,'ALVIN1B',67,6000,32,16,'2021-05-23 14:31:45','2022-07-30 16:23:05',NULL),(68,'BCN1X',74,6000,59,17,'2021-05-23 14:31:45','2022-07-30 16:23:05',NULL),(69,'BCN1Z',73,6000,60,17,'2021-05-23 14:31:45','2022-07-30 16:23:05',NULL),(70,'BADIM1X',74,6000,60,17,'2021-05-23 14:31:45','2022-07-30 16:23:05',NULL),(71,'WOTAN1Z',73,6000,60,17,'2021-05-23 14:31:45','2022-07-30 16:23:05',NULL),(72,'EXMOR1X',74,6000,59,17,'2021-05-23 14:31:45','2022-07-30 16:23:05',NULL),(73,'EXMOR1Z',73,6000,60,17,'2021-05-23 14:31:45','2022-07-30 16:23:05',NULL),(74,'REXAM2T',76,4000,21,NULL,'2021-05-23 14:31:45','2022-07-30 16:23:05',NULL),(75,'REXAM2V',75,4000,21,NULL,'2021-05-23 14:31:45','2022-07-30 16:23:05',NULL),(76,'BARTN1T',76,4000,21,18,'2021-05-23 14:31:45','2022-07-30 16:23:05',NULL),(77,'BARTN1V',75,4000,21,18,'2021-05-23 14:31:45','2022-07-30 16:23:05',NULL),(78,'WAL2V',75,4000,21,19,'2021-05-23 14:31:45','2022-07-30 16:23:05',NULL),(79,'WAL2T',76,4000,21,19,'2021-05-23 14:31:45','2022-07-30 16:23:05',NULL),(80,'POL4T',76,4000,21,19,'2021-05-23 14:31:45','2022-07-30 16:23:05',NULL),(81,'POL5V',75,4000,21,19,'2021-05-23 14:31:45','2022-07-30 16:23:05',NULL),(82,'NANTI2V',75,4000,21,19,'2021-05-23 14:31:45','2022-07-30 16:23:05',NULL),(83,'NANTI2T',76,4000,21,19,'2021-05-23 14:31:45','2022-07-30 16:23:05',NULL),(84,'CPT4B',78,5000,18,NULL,'2021-05-23 14:31:45','2022-07-30 16:23:06',NULL),(85,'CPT7C',77,4000,17,NULL,'2021-05-23 14:31:45','2022-07-30 16:23:06',NULL),(86,'DET3Y',78,4000,16,NULL,'2021-05-23 14:31:45','2022-07-30 16:23:06',NULL),(87,'DET8B',78,4000,16,NULL,'2021-05-23 14:31:45','2022-07-30 16:23:06',NULL),(88,'DET7C',77,5000,16,NULL,'2021-05-23 14:31:45','2022-07-30 16:23:06',NULL),(89,'MATCH3Y',78,4000,16,NULL,'2021-05-23 14:31:45','2022-07-30 16:23:06',NULL),(90,'MATCH3B',78,4000,16,NULL,'2021-05-23 14:31:45','2022-07-30 16:23:06',NULL),(91,'MATCH2C',77,5000,16,NULL,'2021-05-23 14:31:45','2022-07-30 16:23:06',NULL),(92,'OLNEY2B',78,5000,18,NULL,'2021-05-23 14:31:45','2022-07-30 16:23:06',NULL),(93,'OLNEY2C',77,6000,17,NULL,'2021-05-23 14:31:45','2022-07-30 16:23:06',NULL),(94,'WHISKEY',77,4000,NULL,NULL,'2021-05-23 14:31:45','2022-07-30 16:23:06',NULL),(95,'JULIET',78,4000,NULL,NULL,'2021-05-23 14:31:45','2022-07-30 16:23:06',NULL),(100,'DIN2W',114,3000,25,26,'2021-05-23 14:31:45','2022-07-30 16:23:07',NULL),(101,'DIN2E',113,3000,25,26,'2021-05-23 14:31:45','2022-07-30 16:23:07',NULL),(102,'CAN1W',114,3000,25,26,'2021-05-23 14:31:45','2022-07-30 16:23:07',NULL),(103,'CAN1E',113,3000,25,26,'2021-05-23 14:31:45','2022-07-30 16:23:07',NULL),(106,'LERAK1F',113,3000,25,26,'2021-05-23 14:31:45','2022-07-30 16:23:07',NULL),(107,'LERAK1X',114,3000,25,26,'2021-05-23 14:31:45','2022-07-30 16:23:07',NULL),(108,'ORIST1F',113,4000,25,26,'2021-05-23 14:31:45','2022-07-30 16:23:07',NULL),(109,'ORIST1X',114,4000,25,26,'2021-05-23 14:31:45','2022-07-30 16:23:07',NULL),(110,'ORVAL1E',113,3000,25,26,'2021-05-23 14:31:45','2022-07-30 16:23:07',NULL),(111,'ORVAL1W',114,3000,25,26,'2021-05-23 14:31:45','2022-07-30 16:23:07',NULL),(112,'GULDA1W',114,3000,25,26,'2021-05-23 14:31:45','2022-07-30 16:23:07',NULL),(113,'GULDA1E',113,3000,25,26,'2021-05-23 14:31:45','2022-07-30 16:23:07',NULL),(114,'ORTAC3E',113,4000,25,26,'2021-05-23 14:31:45','2022-07-30 16:23:07',NULL),(115,'ORTAC3W',114,4000,25,26,'2021-05-23 14:31:45','2022-07-30 16:23:07',NULL),(116,'SKERY3E',113,4000,25,26,'2021-05-23 14:31:45','2022-07-30 16:23:07',NULL),(117,'SKERY3W',114,4000,25,26,'2021-05-23 14:31:45','2022-07-30 16:23:07',NULL),(118,'ORTAC3A',116,5000,24,27,'2021-05-23 14:31:45','2022-07-30 16:23:07',NULL),(119,'ORTAC2B',115,5000,24,27,'2021-05-23 14:31:45','2022-07-30 16:23:07',NULL),(120,'SKERY3A',116,5000,24,27,'2021-05-23 14:31:45','2022-07-30 16:23:08',NULL),(121,'SKERY2B',115,5000,24,27,'2021-05-23 14:31:45','2022-07-30 16:23:08',NULL),(122,'BENIX5A',116,5000,24,27,'2021-05-23 14:31:45','2022-07-30 16:23:07',NULL),(123,'BENIX3B',115,5000,24,27,'2021-05-23 14:31:45','2022-07-30 16:23:07',NULL),(124,'DIN3A',116,5000,24,27,'2021-05-23 14:31:45','2022-07-30 16:23:07',NULL),(125,'DIN2B',115,5000,24,27,'2021-05-23 14:31:45','2022-07-30 16:23:07',NULL),(128,'CAN2A',116,5000,24,27,'2021-05-23 14:31:45','2022-07-30 16:23:08',NULL),(129,'CAN2B',115,5000,24,27,'2021-05-23 14:31:45','2022-07-30 16:23:08',NULL),(130,'LERAK2A',116,5000,24,27,'2021-05-23 14:31:45','2022-07-30 16:23:07',NULL),(131,'LERAK2B',115,5000,24,27,'2021-05-23 14:31:45','2022-07-30 16:23:07',NULL),(132,'TUNIT3A',116,5000,24,27,'2021-05-23 14:31:45','2022-07-30 16:23:08',NULL),(133,'TUNIT2B',115,5000,24,27,'2021-05-23 14:31:45','2022-07-30 16:23:08',NULL),(134,'ORIST1C',116,5000,24,27,'2021-05-23 14:31:45','2022-07-30 16:23:07',NULL),(135,'ORIST1D',115,5000,24,27,'2021-05-23 14:31:45','2022-07-30 16:23:07',NULL),(136,'ORVAL1A',116,5000,24,27,'2021-05-23 14:31:45','2022-07-30 16:23:07',NULL),(137,'ORVAL1B',115,5000,24,27,'2021-05-23 14:31:45','2022-07-30 16:23:07',NULL),(138,'OYSTA2B',115,5000,24,27,'2021-05-23 14:31:45','2022-07-30 16:23:08',NULL),(139,'ADMAG2X',130,4000,1,28,'2021-05-23 14:31:45','2022-07-30 16:23:09',NULL),(140,'BIG2Z',129,6000,2,35,'2021-05-23 14:31:45','2022-07-30 16:23:09',NULL),(141,'BIG2X',130,4000,2,29,'2021-05-23 14:31:45','2022-07-30 16:23:09',NULL),(144,'BOGNA1X',130,5000,3,30,'2021-05-23 14:31:45','2022-07-30 16:23:08',NULL),(145,'BOGNA1M',130,5000,3,30,'2021-05-23 14:31:45','2022-07-30 16:23:08',NULL),(146,'FRANE1Z',129,5000,1,34,'2021-05-23 14:31:45','2022-07-30 16:23:08',NULL),(147,'FRANE1X',130,4000,1,28,'2021-05-23 14:31:45','2022-07-30 16:23:09',NULL),(148,'CLN5P',129,5000,1,34,'2021-05-23 14:31:45','2022-07-30 16:23:09',NULL),(149,'CLN1M',130,4000,1,28,'2021-05-23 14:31:45','2022-07-30 16:23:09',NULL),(150,'CLN1V',128,5000,1,28,'2021-05-23 14:31:45','2022-07-30 16:23:09',NULL),(151,'DAGGA1X',130,5000,1,32,'2021-05-23 14:31:45','2022-07-30 16:23:09',NULL),(152,'DAGGA1M',130,5000,1,32,'2021-05-23 14:31:45','2022-07-30 16:23:09',NULL),(153,'DVR2P',129,6000,1,34,'2021-05-23 14:31:45','2022-07-30 16:23:08',NULL),(154,'DVR1M',130,4000,1,28,'2021-05-23 14:31:45','2022-07-30 16:23:09',NULL),(155,'DVR1V',128,4000,1,28,'2021-05-23 14:31:45','2022-07-30 16:23:09',NULL),(156,'HARDY1X',130,5000,3,30,'2021-05-23 14:31:45','2022-07-30 16:23:08',NULL),(157,'HARDY5M',130,5000,3,30,'2021-05-23 14:31:45','2022-07-30 16:23:08',NULL),(158,'IMVUR1Z',129,3000,3,36,'2021-05-23 14:31:45','2022-07-30 16:23:08',NULL),(159,'NOVMA1X',130,4000,3,30,'2021-05-23 14:31:45','2022-07-30 16:23:08',NULL),(160,'KENET3P',129,3000,3,36,'2021-05-23 14:31:45','2022-07-30 16:23:08',NULL),(161,'LAM5W',127,5000,1,NULL,'2021-05-23 14:31:45','2022-07-30 16:23:08',NULL),(162,'LAM6V',128,4000,1,28,'2021-05-23 14:31:45','2022-07-30 16:23:08',NULL),(163,'LAM1Z',129,5000,1,NULL,'2021-05-23 14:31:45','2022-07-30 16:23:08',NULL),(164,'LAM2X',130,4000,1,28,'2021-05-23 14:31:45','2022-07-30 16:23:09',NULL),(165,'LAM6M',130,4000,1,28,'2021-05-23 14:31:45','2022-07-30 16:23:08',NULL),(166,'LAM5P',129,5000,1,NULL,'2021-05-23 14:31:45','2022-07-30 16:23:08',NULL),(167,'ODVIK2Z',129,6000,1,NULL,'2021-05-23 14:31:45','2022-07-30 16:23:08',NULL),(169,'SAM3P',129,3000,3,NULL,'2021-05-23 14:31:45','2022-07-30 16:23:08',NULL),(170,'SFD4Z',129,6000,4,37,'2021-05-23 14:31:45','2022-07-30 16:23:08',NULL),(171,'SFD1X',130,4000,3,31,'2021-05-23 14:31:45','2022-07-30 16:23:08',NULL),(172,'SFD5M',130,4000,3,31,'2021-05-23 14:31:45','2022-07-30 16:23:08',NULL),(173,'SFD9P',129,6000,4,37,'2021-05-23 14:31:45','2022-07-30 16:23:09',NULL),(174,'BOGNA1V',128,5000,3,30,'2021-05-23 14:31:45','2022-07-30 16:23:08',NULL),(177,'DAGGA1V',128,5000,1,32,'2021-05-23 14:31:45','2022-07-30 16:23:09',NULL),(178,'HARDY5V',128,5000,1,30,'2021-05-23 14:31:45','2022-07-30 16:23:08',NULL),(179,'KENET3W',127,3000,1,36,'2021-05-23 14:31:45','2022-07-30 16:23:08',NULL),(180,'SAM3W',127,3000,3,NULL,'2021-05-23 14:31:45','2022-07-30 16:23:08',NULL),(181,'SFD5V',128,6000,3,31,'2021-05-23 14:31:45','2022-07-30 16:23:09',NULL),(182,'SFD9W',127,6000,4,37,'2021-05-23 14:31:45','2022-07-30 16:23:09',NULL),(183,'TIGER1X',130,5000,1,32,'2021-05-23 14:31:45','2022-07-30 16:23:09',NULL),(184,'TIGER3M',130,5000,1,32,'2021-05-23 14:31:45','2022-07-30 16:23:09',NULL),(185,'TIGER3V',128,5000,1,32,'2021-05-23 14:31:45','2022-07-30 16:23:09',NULL),(186,'WIZAD1X',130,6000,1,32,'2021-05-23 14:31:45','2022-07-30 16:23:09',NULL),(187,'WIZAD4M',130,6000,1,32,'2021-05-23 14:31:45','2022-07-30 16:23:09',NULL),(188,'WIZAD4V',128,6000,1,32,'2021-05-23 14:31:45','2022-07-30 16:23:09',NULL),(189,'BPK1H',137,3000,12,38,'2021-05-23 14:31:45','2022-07-30 16:23:09',NULL),(190,'BPK5U',137,3000,12,38,'2021-05-23 14:31:45','2022-07-30 16:23:09',NULL),(191,'BPK1A',138,3000,13,38,'2021-05-23 14:31:45','2022-07-30 16:23:09',NULL),(192,'BPK5T',138,3000,13,38,'2021-05-23 14:31:45','2022-07-30 16:23:09',NULL),(193,'CPT1H',137,3000,12,38,'2021-05-23 14:31:45','2022-07-30 16:23:09',NULL),(194,'CPT1A',138,3000,13,38,'2021-05-23 14:31:45','2022-07-30 16:23:09',NULL),(195,'CLN1H',137,3000,11,39,'2021-05-23 14:31:45','2022-07-30 16:23:09',NULL),(196,'CLN7U',137,3000,11,NULL,'2021-05-23 14:31:45','2022-07-30 16:23:09',NULL),(197,'CLN1A',138,3000,11,39,'2021-05-23 14:31:45','2022-07-30 16:23:09',NULL),(198,'CLN7T',138,3000,11,NULL,'2021-05-23 14:31:45','2022-07-30 16:23:09',NULL),(199,'CPT6U',137,3000,12,NULL,'2021-05-23 14:31:45','2022-07-30 16:23:09',NULL),(200,'CPT6T',138,3000,13,NULL,'2021-05-23 14:31:45','2022-07-30 16:23:09',NULL),(201,'DVR5U',137,3000,10,NULL,'2021-05-23 14:31:45','2022-07-30 16:23:09',NULL),(202,'DVR5T',138,3000,10,NULL,'2021-05-23 14:31:45','2022-07-30 16:23:09',NULL),(203,'EKNIV1H',137,3000,10,39,'2021-05-23 14:31:45','2022-07-30 16:23:09',NULL),(204,'EKNIV1A',138,3000,10,39,'2021-05-23 14:31:45','2022-07-30 16:23:09',NULL),(205,'LYD5U',137,3000,10,39,'2021-05-23 14:31:45','2022-07-30 16:23:09',NULL),(206,'LYD5T',138,3000,10,39,'2021-05-23 14:31:45','2022-07-30 16:23:10',NULL),(209,'BPK5K',143,6000,8,45,'2021-05-23 14:31:45','2022-07-30 16:23:10',NULL),(210,'BPK6J',145,6000,8,45,'2021-05-23 14:31:45','2022-07-30 16:23:10',NULL),(211,'BPK7G',146,6000,8,40,'2021-05-23 14:31:45','2022-07-30 16:23:10',NULL),(212,'BPK7F',144,6000,8,40,'2021-05-23 14:31:45','2022-07-30 16:23:10',NULL),(215,'CHK',145,6000,9,46,'2021-05-23 14:31:45','2022-07-30 16:23:10',220),(216,'CPT3G',146,6000,6,42,'2021-05-23 14:31:45','2022-07-30 16:23:10',NULL),(217,'CPT3F',144,6000,6,41,'2021-05-23 14:31:45','2022-07-30 16:23:10',NULL),(218,'CPT5J',145,6000,6,46,'2021-05-23 14:31:45','2022-07-30 16:23:10',NULL),(219,'CPT4K',143,6000,6,46,'2021-05-23 14:31:45','2022-07-30 16:23:10',NULL),(220,'DET1K',143,6000,5,49,'2021-05-23 14:31:45','2022-07-30 16:23:10',NULL),(221,'DET1J',145,6000,5,50,'2021-05-23 14:31:45','2022-07-30 16:23:10',NULL),(222,'DET2G',146,6000,5,44,'2021-05-23 14:31:45','2022-07-30 16:23:10',NULL),(223,'DET2F',144,6000,5,44,'2021-05-23 14:31:45','2022-07-30 16:23:10',NULL),(224,'GASGU2K',143,6000,6,47,'2021-05-23 14:31:45','2022-07-30 16:23:10',NULL),(225,'GASGU2J',145,6000,6,47,'2021-05-23 14:31:45','2022-07-30 16:23:10',NULL),(226,'GOGSI2G',146,6000,6,42,'2021-05-23 14:31:45','2022-07-30 16:23:10',NULL),(227,'GOGSI2F',144,6000,6,41,'2021-05-23 14:31:45','2022-07-30 16:23:10',NULL),(232,'ULTIB1K',143,6000,7,45,'2021-05-23 14:31:45','2022-07-30 16:23:10',NULL),(233,'ULTIB1J',145,6000,7,45,'2021-05-23 14:31:45','2022-07-30 16:23:10',NULL),(234,'UMLAT1G',146,6000,7,40,'2021-05-23 14:31:45','2022-07-30 16:23:10',NULL),(235,'UMLAT1F',144,6000,7,40,'2021-05-23 14:31:45','2022-07-30 16:23:10',NULL),(238,'MAY2G',146,5000,5,NULL,'2021-05-23 14:31:45','2022-07-30 16:23:10',NULL),(239,'MAY2J',145,5000,5,NULL,'2021-05-23 14:31:45','2022-07-30 16:23:10',NULL),(240,'MAY2K',143,5000,5,NULL,'2021-05-23 14:31:45','2022-07-30 16:23:10',NULL),(241,'MAY3F',144,5000,5,NULL,'2021-05-23 14:31:45','2022-07-30 16:23:10',NULL),(242,'DOPEK2W',162,7000,22,52,'2021-05-23 14:31:45','2022-07-30 16:23:11',NULL),(243,'DOPEK2X',161,7000,22,52,'2021-05-23 14:31:45','2022-07-30 16:23:11',NULL),(244,'LAMIX2W',162,7000,22,52,'2021-05-23 14:31:45','2022-07-30 16:23:11',NULL),(245,'LAMIX2X',161,7000,22,52,'2021-05-23 14:31:45','2022-07-30 16:23:11',NULL),(246,'NELSA3W',162,7000,22,53,'2021-05-23 14:31:45','2022-07-30 16:23:11',NULL),(247,'POL2X',161,7000,22,54,'2021-05-23 14:31:45','2022-07-30 16:23:11',NULL),(248,'GIRLI1T',171,8000,45,NULL,'2021-05-23 14:31:45','2022-07-30 16:23:11',NULL),(250,'GIRLI1Y',172,8000,45,NULL,'2021-05-23 14:31:45','2022-07-30 16:23:11',NULL),(251,'GIRLI3X',172,8000,45,NULL,'2021-05-23 14:31:45','2022-07-30 16:23:11',NULL),(252,'BPK2P',175,9000,36,56,'2021-05-23 14:31:45','2022-07-30 16:23:11',NULL),(253,'DTY3N',176,9000,38,56,'2021-05-23 14:31:45','2022-07-30 16:23:11',NULL),(254,'DTY4P',175,9000,36,56,'2021-05-23 14:31:45','2022-07-30 16:23:11',NULL),(255,'POL2P',175,6000,35,55,'2021-05-23 14:31:45','2022-07-30 16:23:11',NULL),(256,'TNT2N',176,6000,37,55,'2021-05-23 14:31:45','2022-07-30 16:23:11',NULL),(257,'TNT3P',175,6000,35,55,'2021-05-23 14:31:45','2022-07-30 16:23:11',NULL),(258,'BKY2S',253,5000,NULL,65,'2021-05-23 14:31:45','2022-07-30 16:23:12',NULL),(259,'BKY5R',254,4000,NULL,65,'2021-05-23 14:31:45','2022-07-30 16:23:12',NULL),(262,'CLN5S',253,4000,15,64,'2021-05-23 14:31:45','2022-07-30 16:23:18',NULL),(263,'CLN9R',254,4000,15,64,'2021-05-23 14:31:45','2022-07-30 16:23:18',NULL),(266,'DET2S',253,5000,15,64,'2021-05-23 14:31:45','2022-07-30 16:23:18',NULL),(267,'DET2R',254,5000,15,64,'2021-05-23 14:31:45','2022-07-30 16:23:18',NULL),(268,'LAM3S',253,5000,15,64,'2021-05-23 14:31:45','2022-07-30 16:23:18',NULL),(269,'LAM4R',254,4000,15,64,'2021-05-23 14:31:45','2022-07-30 16:23:18',NULL),(272,'NUGBO1R',254,4000,14,66,'2021-05-23 14:31:45','2022-07-30 16:23:12',NULL),(273,'NUGBO1S',253,5000,14,66,'2021-05-23 14:31:45','2022-07-30 16:23:12',NULL),(274,'UTAVA1S',253,5000,14,65,'2021-05-23 14:31:45','2022-07-30 16:23:13',NULL),(275,'UTAVA1R',254,4000,14,65,'2021-05-23 14:31:45','2022-07-30 16:23:13',NULL),(276,'CLN2E',254,4000,15,64,'2021-05-23 14:31:45','2022-07-30 16:23:18',NULL),(277,'DET2D',253,5000,15,64,'2021-05-23 14:31:45','2022-07-30 16:23:18',NULL),(278,'BUZAD1Y',286,3000,46,68,'2021-05-23 14:31:45','2022-07-30 16:23:13',NULL),(279,'BUZAD3X',285,3000,46,68,'2021-05-23 14:31:45','2022-07-30 16:23:13',NULL),(280,'CHARLIE',285,3000,NULL,68,'2021-05-23 14:31:45','2022-07-30 16:23:13',NULL),(281,'CPT5X',285,3000,46,68,'2021-05-23 14:31:45','2022-07-30 16:23:13',NULL),(282,'CPT4Y',286,3000,46,68,'2021-05-23 14:31:45','2022-07-30 16:23:13',NULL),(283,'DET4X',285,3000,47,68,'2021-05-23 14:31:45','2022-07-30 16:23:13',NULL),(284,'DET4Y',286,3000,47,68,'2021-05-23 14:31:45','2022-07-30 16:23:13',NULL),(285,'MATCH1X',285,3000,47,68,'2021-05-23 14:31:45','2022-07-30 16:23:13',NULL),(286,'MATCH1Y',286,3000,47,68,'2021-05-23 14:31:45','2022-07-30 16:23:13',NULL),(287,'ROMEO',286,3000,NULL,68,'2021-05-23 14:31:45','2022-07-30 16:23:13',NULL),(288,'ADN',198,0,NULL,NULL,'2021-05-23 14:31:45','2022-07-30 16:23:11',NULL),(289,'PTH',198,0,NULL,NULL,'2021-05-23 14:31:45','2022-07-30 16:23:11',NULL),(290,'CLYDE3A',204,6000,43,58,'2021-05-23 14:31:45','2022-07-30 16:23:11',NULL),(291,'CLYDE3B',203,6000,43,58,'2021-05-23 14:31:45','2022-07-30 16:23:11',NULL),(292,'FOYLE3A',204,6000,42,60,'2021-05-23 14:31:45','2022-07-30 16:23:11',NULL),(293,'FOYLE3B',203,6000,42,60,'2021-05-23 14:31:45','2022-07-30 16:23:11',NULL),(294,'LOMON3A',204,6000,42,61,'2021-05-23 14:31:45','2022-07-30 16:23:11',NULL),(295,'LOMON3B',203,6000,42,61,'2021-05-23 14:31:45','2022-07-30 16:23:11',NULL),(296,'LUSIV1A',204,6000,55,57,'2021-05-23 14:31:45','2022-07-30 16:23:11',NULL),(297,'LUSIV1B',203,6000,56,57,'2021-05-23 14:31:45','2022-07-30 16:23:11',NULL),(298,'NORBO1H',204,6000,41,57,'2021-05-23 14:31:45','2022-07-30 16:23:11',NULL),(299,'NORBO1J',203,6000,41,57,'2021-05-23 14:31:45','2022-07-30 16:23:12',NULL),(300,'PTH4A',204,6000,42,58,'2021-05-23 14:31:45','2022-07-30 16:23:12',NULL),(301,'PTH4B',203,6000,42,58,'2021-05-23 14:31:45','2022-07-30 16:23:12',NULL),(302,'ROBBO2A',204,6000,43,59,'2021-05-23 14:31:45','2022-07-30 16:23:12',NULL),(303,'ROBBO2B',203,6000,43,59,'2021-05-23 14:31:45','2022-07-30 16:23:12',NULL),(304,'TLA5A',204,6000,41,57,'2021-05-23 14:31:45','2022-07-30 16:23:12',NULL),(305,'TLA6B',203,5000,41,57,'2021-05-23 14:31:45','2022-07-30 16:23:12',NULL),(306,'TRN3A',204,6000,55,57,'2021-05-23 14:31:45','2022-07-30 16:23:12',NULL),(307,'TRN6B',203,6000,56,57,'2021-05-23 14:31:45','2022-07-30 16:23:12',NULL),(308,'GOSAM1C',206,6000,39,62,'2021-05-23 14:31:45','2022-07-30 16:23:12',NULL),(309,'GOSAM1D',205,6000,39,62,'2021-05-23 14:31:45','2022-07-30 16:23:12',NULL),(310,'GRICE3C',206,6000,40,62,'2021-05-23 14:31:45','2022-07-30 16:23:12',NULL),(311,'GRICE4D',205,6000,40,62,'2021-05-23 14:31:45','2022-07-30 16:23:12',NULL),(312,'TLA6C',206,6000,54,62,'2021-05-23 14:31:45','2022-07-30 16:23:12',NULL),(313,'TLA6D',205,6000,54,62,'2021-05-23 14:31:45','2022-07-30 16:23:12',NULL),(314,'NGY1K',214,6000,44,63,'2021-05-23 14:31:45','2022-07-30 16:23:12',NULL),(315,'NGY1L',213,6000,44,63,'2021-05-23 14:31:45','2022-07-30 16:23:12',NULL),(316,'TRN2K',214,6000,44,63,'2021-05-23 14:31:45','2022-07-30 16:23:12',NULL),(317,'TRN2L',213,6000,44,63,'2021-05-23 14:31:45','2022-07-30 16:23:12',NULL),(318,'DAUNT1K',214,6000,57,63,'2021-05-23 14:31:45','2022-07-30 16:23:12',NULL),(319,'LUCCO1K',214,6000,44,63,'2021-05-23 14:31:45','2022-07-30 16:23:12',NULL),(321,'SUDBY1L',213,6000,44,63,'2021-05-23 14:31:45','2022-07-30 16:23:12',NULL),(322,'SUMIN1L',213,6000,44,63,'2021-05-23 14:31:45','2022-07-30 16:23:12',NULL),(323,'UPTON2A',52,6000,23,14,'2021-05-23 14:31:51','2022-07-30 16:23:05',NULL),(324,'UPTON2B',52,6000,23,NULL,'2021-05-23 14:31:51','2022-07-30 16:23:05',NULL),(325,'UPTON2C',51,6000,23,15,'2021-05-23 14:31:51','2022-07-30 16:23:05',NULL),(326,'ROGAG2A',52,16000,23,13,'2021-05-23 14:31:51','2022-07-30 16:23:05',NULL),(327,'ROGAG2C',51,16000,23,12,'2021-05-23 14:31:51','2022-07-30 16:23:05',NULL),(328,'GWC2L',139,3000,48,51,'2021-05-23 14:31:51','2022-07-30 16:23:10',NULL),(329,'GWC2F',140,3000,48,51,'2021-05-23 14:31:51','2022-07-30 16:23:10',NULL),(330,'HAZEL2L',139,3000,48,51,'2021-05-23 14:31:51','2022-07-30 16:23:10',NULL),(331,'HAZEL2F',140,3000,48,51,'2021-05-23 14:31:51','2022-07-30 16:23:10',NULL),(332,'MAXIT1F',144,6000,6,43,'2021-05-23 14:31:51','2022-07-30 16:23:10',NULL),(333,'MAXIT1G',146,6000,6,43,'2021-05-23 14:31:51','2022-07-30 16:23:10',NULL),(334,'MODMI1J',145,6000,6,48,'2021-05-23 14:31:51','2022-07-30 16:23:10',NULL),(335,'MODMI1K',143,6000,6,48,'2021-05-23 14:31:51','2022-07-30 16:23:10',NULL),(336,'CPT PDR',148,4000,50,NULL,'2021-05-23 14:31:52','2022-07-30 16:23:10',NULL),(337,'BPK PDR',148,4000,50,NULL,'2021-05-23 14:31:52','2022-07-30 16:23:11',NULL),(338,'CLN PDR',148,3000,49,NULL,'2021-05-23 14:31:52','2022-07-30 16:23:11',NULL),(339,'DVR PDR',148,3000,51,NULL,'2021-05-23 14:31:52','2022-07-30 16:23:11',NULL),(340,'LYD PDR',148,3000,51,NULL,'2021-05-23 14:31:52','2022-07-30 16:23:11',NULL),(341,'GIBMI1A',279,5000,52,67,'2021-05-23 14:31:56','2022-07-30 16:23:13',NULL),(342,'MAXOB1A',279,5000,52,67,'2021-05-23 14:31:56','2022-07-30 16:23:13',NULL),(343,'MAXOB1B',280,5000,52,67,'2021-05-23 14:31:56','2022-07-30 16:23:13',NULL),(344,'OKDID1A',279,5000,52,67,'2021-05-23 14:31:56','2022-07-30 16:23:13',NULL),(345,'OKNOB1L',213,6000,57,63,'2021-05-23 14:32:27','2022-07-30 16:23:12',NULL),(346,'DAWLY',103,19000,58,NULL,'2021-05-23 14:32:28','2022-07-30 16:23:06',NULL),(347,'EXMOR',103,19000,58,NULL,'2021-05-23 14:32:28','2022-07-30 16:23:06',NULL),(348,'STU',103,19000,58,NULL,'2021-05-23 14:32:28','2022-07-30 16:23:06',NULL),(349,'LND',103,19000,58,NULL,'2021-05-23 14:32:28','2022-07-30 16:23:06',NULL),(350,'BHD',103,19000,58,NULL,'2021-05-23 14:32:28','2022-07-30 16:23:07',NULL),(351,'FRANE1M',130,4000,1,NULL,'2021-05-23 14:32:32','2022-07-30 16:23:08',NULL),(352,'FRANE1V',128,5000,1,NULL,'2021-05-23 14:32:32','2022-07-30 16:23:08',NULL),(353,'FRANE1P',129,5000,1,NULL,'2021-05-23 14:32:32','2022-07-30 16:23:08',NULL),(354,'MIMFO1M',130,4000,1,NULL,'2021-05-23 14:32:32','2022-07-30 16:23:08',NULL),(355,'MIMFO1V',128,4000,1,NULL,'2021-05-23 14:32:32','2022-07-30 16:23:08',NULL),(356,'REXAM5',165,5000,62,NULL,'2021-05-23 14:32:33','2022-07-30 16:23:11',NULL),(357,'WAL4',165,4000,62,NULL,'2021-05-23 14:32:33','2022-07-30 16:23:11',NULL),(358,'BIG26L',130,4000,2,NULL,'2021-05-23 14:32:33','2022-07-30 16:23:08',75),(359,'BIG26R',128,4000,2,NULL,'2021-05-23 14:32:33','2022-07-30 16:23:08',75),(360,'BIG08R',129,6000,2,NULL,'2021-05-23 14:32:33','2022-07-30 16:23:08',90),(361,'BIG08L',127,6000,2,NULL,'2021-05-23 14:32:33','2022-07-30 16:23:08',90),(362,'EXMOR',270,6000,63,NULL,'2021-05-23 14:32:35','2022-07-30 16:23:13',NULL),(363,'GIBSO',270,6000,63,NULL,'2021-05-23 14:32:35','2022-07-30 16:23:13',NULL),(364,'BHD',270,6000,63,NULL,'2021-05-23 14:32:35','2022-07-30 16:23:13',NULL),(365,'DAWLY',270,6000,63,NULL,'2021-05-23 14:32:35','2022-07-30 16:23:13',NULL),(366,'NOTRO',270,6000,63,NULL,'2021-05-23 14:32:35','2022-07-30 16:23:13',NULL),(367,'LND',270,6000,63,NULL,'2021-05-23 14:32:35','2022-07-30 16:23:13',NULL),(368,'STU',270,6000,63,NULL,'2021-05-23 14:32:35','2022-07-30 16:23:13',NULL),(369,'AMMAN',270,6000,63,NULL,'2021-05-23 14:32:35','2022-07-30 16:23:13',NULL),(370,'NORRY',97,3000,64,NULL,'2022-01-03 13:49:12','2022-07-30 16:23:06',NULL),(371,'KENET',97,3000,64,NULL,'2022-01-03 13:49:12','2022-07-30 16:23:06',NULL),(372,'GWC',97,3000,64,NULL,'2022-01-03 13:49:12','2022-07-30 16:23:06',NULL),(373,'NEDUL',97,3000,64,NULL,'2022-01-03 13:49:12','2022-07-30 16:23:06',NULL),(374,'LUSIT1A',116,6000,24,NULL,'2022-01-03 13:49:15','2022-07-30 16:23:07',NULL),(375,'LUSIT1B',115,6000,24,NULL,'2022-01-03 13:49:15','2022-07-30 16:23:07',NULL),(376,'LUSIT1W',114,6000,25,NULL,'2022-01-03 13:49:15','2022-07-30 16:23:07',NULL),(377,'LUSIT1E',113,6000,25,NULL,'2022-01-03 13:49:15','2022-07-30 16:23:07',NULL),(378,'LUXTO15',17,6000,34,NULL,'2022-07-30 16:23:13',NULL,NULL),(379,'MOSUN15',17,6000,34,NULL,'2022-07-30 16:23:13',NULL,NULL),(380,'BPK2',125,2400,134,NULL,'2022-07-30 16:23:13',NULL,NULL),(381,'BPK2',126,2400,134,NULL,'2022-07-30 16:23:13',NULL,NULL),(382,'DAGGA2',125,2400,134,NULL,'2022-07-30 16:23:13',NULL,NULL),(383,'DAGGA2',126,2400,134,NULL,'2022-07-30 16:23:13',NULL,NULL),(384,'DVR2',125,2400,134,NULL,'2022-07-30 16:23:13',NULL,NULL),(385,'DVR2',126,2400,134,NULL,'2022-07-30 16:23:13',NULL,NULL),(386,'LYD2',125,2400,134,NULL,'2022-07-30 16:23:13',NULL,NULL),(387,'LYD2',126,2400,134,NULL,'2022-07-30 16:23:13',NULL,NULL),(388,'CPT2',125,2400,134,NULL,'2022-07-30 16:23:13',NULL,NULL),(389,'CPT2',126,2400,134,NULL,'2022-07-30 16:23:13',NULL,NULL),(390,'FRANE1W',127,4000,1,NULL,'2022-07-30 16:23:13',NULL,NULL),(391,'DVR2W',127,6000,1,NULL,'2022-07-30 16:23:13',NULL,NULL),(392,'NOVMA1M',130,4000,3,NULL,'2022-07-30 16:23:13',NULL,NULL),(393,'NOVMA1M',128,4000,3,NULL,'2022-07-30 16:23:13',NULL,NULL),(394,'CLN5W',127,4000,1,NULL,'2022-07-30 16:23:13',NULL,NULL),(395,'BIG',127,6000,2,NULL,'2022-07-30 16:23:15','2022-07-30 16:23:15',90),(396,'BIG',129,6000,2,NULL,'2022-07-30 16:23:15','2022-07-30 16:23:15',90),(397,'BIG',130,4000,2,NULL,'2022-07-30 16:23:15','2022-07-30 16:23:15',75),(398,'BIG',128,4000,2,NULL,'2022-07-30 16:23:15','2022-07-30 16:23:15',75);
/*!40000 ALTER TABLE `sid` ENABLE KEYS */;
UNLOCK TABLES;

--
-- Table structure for table `sid_departure_interval_group_sid_departure_interval_group`
--

DROP TABLE IF EXISTS `sid_departure_interval_group_sid_departure_interval_group`;
/*!40101 SET @saved_cs_client     = @@character_set_client */;
/*!40101 SET character_set_client = utf8 */;
CREATE TABLE `sid_departure_interval_group_sid_departure_interval_group` (
  `id` bigint unsigned NOT NULL AUTO_INCREMENT,
  `lead_group_id` bigint unsigned NOT NULL COMMENT 'The group of the lead departure',
  `follow_group_id` bigint unsigned NOT NULL COMMENT 'The group of the following departure',
  `interval` smallint unsigned NOT NULL COMMENT 'The time in seconds between departures in each group',
  `apply_speed_groups` tinyint(1) NOT NULL DEFAULT '1' COMMENT 'Whether or not speed groups should be applied in this combination',
  PRIMARY KEY (`id`),
  UNIQUE KEY `departure_interval_group_ids` (`lead_group_id`,`follow_group_id`),
  KEY `foreign_group_id_foreign` (`follow_group_id`),
  CONSTRAINT `foreign_group_id_foreign` FOREIGN KEY (`follow_group_id`) REFERENCES `sid_departure_interval_groups` (`id`) ON DELETE CASCADE,
  CONSTRAINT `lead_group_id_foreign` FOREIGN KEY (`lead_group_id`) REFERENCES `sid_departure_interval_groups` (`id`) ON DELETE CASCADE
) ENGINE=InnoDB AUTO_INCREMENT=241 DEFAULT CHARSET=utf8mb4 COLLATE=utf8mb4_unicode_ci;
/*!40101 SET character_set_client = @saved_cs_client */;

--
-- Dumping data for table `sid_departure_interval_group_sid_departure_interval_group`
--

LOCK TABLES `sid_departure_interval_group_sid_departure_interval_group` WRITE;
/*!40000 ALTER TABLE `sid_departure_interval_group_sid_departure_interval_group` DISABLE KEYS */;
INSERT INTO `sid_departure_interval_group_sid_departure_interval_group` VALUES (1,1,1,120,1),(2,5,5,120,1),(3,5,3,60,1),(4,5,6,120,1),(5,5,2,120,1),(6,5,4,120,1),(7,3,3,120,1),(8,3,5,60,1),(9,3,6,60,1),(10,3,4,120,1),(11,6,5,120,1),(12,6,3,60,1),(13,6,6,120,1),(14,6,4,120,1),(15,6,2,120,1),(16,4,5,60,1),(17,4,3,60,1),(18,4,6,60,1),(19,4,4,120,1),(20,4,2,60,1),(21,2,5,120,1),(22,2,6,60,1),(23,2,4,60,1),(24,2,2,120,1),(25,9,9,120,1),(26,9,10,60,1),(27,9,11,60,1),(28,9,7,60,1),(29,9,8,120,1),(30,10,9,60,1),(31,10,10,120,1),(32,10,7,60,1),(33,10,8,120,1),(34,10,11,120,1),(35,7,9,60,1),(36,7,10,60,1),(37,7,7,120,1),(38,7,8,60,1),(39,7,11,60,1),(40,8,9,120,1),(41,8,10,60,1),(42,8,7,60,1),(43,8,8,120,1),(44,8,11,60,1),(45,11,9,60,1),(46,11,10,120,1),(47,11,7,60,1),(48,11,8,60,1),(49,11,11,60,1),(50,12,12,120,1),(51,15,15,180,1),(52,12,15,60,1),(53,15,12,60,1),(54,14,14,180,1),(55,14,13,120,1),(56,13,13,120,1),(57,13,14,120,1),(58,16,16,120,1),(59,17,17,120,1),(60,20,20,120,1),(61,20,21,60,1),(62,20,22,120,1),(63,21,20,120,1),(64,21,21,120,1),(65,21,22,120,1),(66,22,20,120,1),(67,22,21,60,1),(68,22,22,120,1),(69,23,23,240,1),(70,23,24,240,1),(71,23,25,240,1),(72,24,23,60,1),(73,24,24,120,1),(74,24,25,120,1),(75,25,23,60,1),(76,25,24,60,1),(77,25,25,120,1),(78,26,26,120,1),(79,27,27,120,1),(80,28,28,120,1),(81,28,29,120,1),(82,28,30,60,1),(83,28,31,60,1),(84,28,32,60,1),(85,29,28,180,1),(86,29,29,120,1),(87,29,30,60,1),(88,29,31,60,1),(89,29,32,60,1),(90,30,28,60,1),(91,30,29,60,1),(92,30,30,120,1),(93,30,31,120,1),(94,30,32,60,1),(95,31,28,60,1),(96,31,29,60,1),(97,31,30,120,1),(98,31,31,120,1),(99,31,32,120,1),(100,32,28,60,1),(101,32,29,60,1),(102,32,30,60,1),(103,32,31,120,1),(104,32,32,120,1),(105,33,33,120,1),(106,33,34,120,1),(107,33,35,120,1),(108,33,36,120,1),(109,33,37,120,1),(110,34,33,120,1),(111,34,34,120,1),(112,34,35,120,1),(113,34,36,60,1),(114,34,37,60,1),(115,35,33,180,1),(116,35,34,180,1),(117,35,35,120,1),(118,35,36,60,1),(119,35,37,60,1),(120,36,33,120,1),(121,36,34,60,1),(122,36,35,60,1),(123,36,36,120,1),(124,36,37,60,1),(125,37,33,60,1),(126,37,34,60,1),(127,37,35,60,1),(128,37,36,60,1),(129,37,37,60,1),(130,38,38,120,1),(131,39,39,120,1),(132,38,39,120,1),(133,39,38,120,1),(134,40,40,120,1),(135,40,41,120,1),(136,40,42,60,1),(137,40,43,60,1),(138,40,44,60,1),(139,41,40,120,1),(140,42,40,60,1),(141,42,42,120,1),(142,41,41,120,1),(143,42,43,120,1),(144,41,43,120,1),(145,42,44,120,1),(146,41,44,120,1),(147,43,40,60,1),(148,43,41,120,1),(149,43,42,120,1),(150,43,43,120,1),(151,43,44,120,1),(152,44,40,60,1),(153,44,41,60,1),(154,44,42,60,1),(155,44,43,120,1),(156,44,44,180,1),(157,45,45,120,1),(158,45,46,60,1),(159,45,47,60,1),(160,45,48,60,1),(161,45,49,60,1),(162,45,50,60,1),(163,46,45,60,1),(164,46,46,120,1),(165,46,47,120,1),(166,46,48,120,1),(167,46,49,120,1),(168,46,50,120,1),(169,47,45,60,1),(170,47,46,180,1),(171,47,47,120,1),(172,47,48,180,1),(173,47,49,120,1),(174,47,50,120,1),(175,48,45,60,1),(176,48,46,120,1),(177,48,47,120,1),(178,48,48,120,1),(179,48,49,120,1),(180,48,50,120,1),(181,49,45,60,1),(182,50,45,60,1),(183,49,46,120,1),(184,50,46,120,1),(185,49,47,120,1),(186,50,47,120,1),(187,49,48,120,1),(188,50,48,120,1),(189,49,49,120,1),(190,50,50,120,1),(191,51,51,120,1),(192,52,52,120,1),(193,52,53,120,1),(194,53,52,60,1),(195,53,53,120,1),(196,52,54,60,1),(197,54,54,240,1),(198,54,52,240,1),(199,55,55,120,1),(200,55,56,60,1),(201,56,56,120,1),(202,56,55,60,1),(203,57,57,120,1),(204,57,58,60,1),(205,57,60,60,1),(206,57,61,60,1),(207,57,59,120,1),(208,60,57,60,1),(209,60,60,120,1),(210,60,61,60,1),(211,60,59,60,1),(212,60,58,60,1),(213,61,57,60,1),(214,61,60,120,1),(215,61,61,120,1),(216,61,59,60,1),(217,61,58,120,1),(218,59,57,60,1),(219,59,60,120,1),(220,59,61,120,1),(221,59,59,120,1),(222,59,58,120,1),(223,58,57,60,1),(224,58,60,120,1),(225,58,61,120,1),(226,58,59,60,1),(227,58,58,120,1),(228,62,62,120,1),(229,63,63,120,1),(230,66,66,240,1),(231,66,65,120,1),(232,66,64,60,1),(233,65,66,120,1),(234,65,65,120,1),(235,65,64,60,1),(236,64,66,60,1),(237,64,65,60,1),(238,64,64,120,1),(239,67,67,120,1),(240,68,68,120,1);
/*!40000 ALTER TABLE `sid_departure_interval_group_sid_departure_interval_group` ENABLE KEYS */;
UNLOCK TABLES;

--
-- Table structure for table `sid_departure_interval_groups`
--

DROP TABLE IF EXISTS `sid_departure_interval_groups`;
/*!40101 SET @saved_cs_client     = @@character_set_client */;
/*!40101 SET character_set_client = utf8 */;
CREATE TABLE `sid_departure_interval_groups` (
  `id` bigint unsigned NOT NULL AUTO_INCREMENT,
  `key` varchar(255) CHARACTER SET utf8mb4 COLLATE utf8mb4_unicode_ci NOT NULL COMMENT 'A key for the group',
  `created_at` timestamp NULL DEFAULT NULL,
  `updated_at` timestamp NULL DEFAULT NULL,
  PRIMARY KEY (`id`),
  UNIQUE KEY `sid_departure_interval_groups_key_unique` (`key`)
) ENGINE=InnoDB AUTO_INCREMENT=69 DEFAULT CHARSET=utf8mb4 COLLATE=utf8mb4_unicode_ci;
/*!40101 SET character_set_client = @saved_cs_client */;

--
-- Dumping data for table `sid_departure_interval_groups`
--

LOCK TABLES `sid_departure_interval_groups` WRITE;
/*!40000 ALTER TABLE `sid_departure_interval_groups` DISABLE KEYS */;
INSERT INTO `sid_departure_interval_groups` VALUES (1,'EGBB_SID','2021-05-23 14:32:28',NULL),(2,'EGCC_SANBA_23','2021-05-23 14:32:28',NULL),(3,'EGCC_LISTO_23','2021-05-23 14:32:28',NULL),(4,'EGCC_NORTH_EAST_23','2021-05-23 14:32:28',NULL),(5,'EGCC_EKLAD_KUXEM_23','2021-05-23 14:32:28',NULL),(6,'EGCC_MONTY_23','2021-05-23 14:32:28',NULL),(7,'EGCC_LISTO_05','2021-05-23 14:32:28',NULL),(8,'EGCC_MONTY_05','2021-05-23 14:32:28',NULL),(9,'EGCC_ASMIM_05','2021-05-23 14:32:28',NULL),(10,'EGCC_DESIG_05','2021-05-23 14:32:28',NULL),(11,'EGCC_POL_05','2021-05-23 14:32:28',NULL),(12,'EGCN_ROGAG_02','2021-05-23 14:32:28',NULL),(13,'EGCN_ROGAG_20','2021-05-23 14:32:28',NULL),(14,'EGCN_UPTON_20','2021-05-23 14:32:28',NULL),(15,'EGCN_UPTON_02','2021-05-23 14:32:28',NULL),(16,'EGFF_SID','2021-05-23 14:32:28',NULL),(17,'EGGD_SID','2021-05-23 14:32:28',NULL),(18,'EGGP_SID_EAST','2021-05-23 14:32:28',NULL),(19,'EGGP_SID','2021-05-23 14:32:28',NULL),(20,'EGGW_CPT_26','2021-05-23 14:32:28',NULL),(21,'EGGW_DET_MATCH_26','2021-05-23 14:32:28',NULL),(22,'EGGW_OLNEY_26','2021-05-23 14:32:28',NULL),(23,'EGGW_CPT_08','2021-05-23 14:32:28',NULL),(24,'EGGW_DET_MATCH_08','2021-05-23 14:32:28',NULL),(25,'EGGW_OLNEY_08','2021-05-23 14:32:28',NULL),(26,'EGJB_SID','2021-05-23 14:32:28',NULL),(27,'EGJJ_SID','2021-05-23 14:32:28',NULL),(28,'EGKK_EAST_26','2021-05-23 14:32:28',NULL),(29,'EGKK_BIG_26','2021-05-23 14:32:28',NULL),(30,'EGKK_WEST_26','2021-05-23 14:32:28',NULL),(31,'EGKK_SFD_26','2021-05-23 14:32:28',NULL),(32,'EGKK_RELIEF_26','2021-05-23 14:32:28',NULL),(33,'EGKK_LAM_08','2021-05-23 14:32:28',NULL),(34,'EGKK_EAST_08','2021-05-23 14:32:28',NULL),(35,'EGKK_BIG_08','2021-05-23 14:32:28',NULL),(36,'EGKK_WEST_08','2021-05-23 14:32:28',NULL),(37,'EGKK_SFD_08','2021-05-23 14:32:28',NULL),(38,'EGLC_SID_NORTH_WEST','2021-05-23 14:32:28',NULL),(39,'EGLC_SID_SOUTH_EAST','2021-05-23 14:32:28',NULL),(40,'EGLL_NORTH_27','2021-05-23 14:32:28',NULL),(41,'EGLL_WEST_27L','2021-05-23 14:32:28',NULL),(42,'EGLL_WEST_27R','2021-05-23 14:32:28',NULL),(43,'EGLL_MAXIT_27','2021-05-23 14:32:28',NULL),(44,'EGLL_DET_27','2021-05-23 14:32:28',NULL),(45,'EGLL_NORTH_09','2021-05-23 14:32:28',NULL),(46,'EGLL_CPT_09','2021-05-23 14:32:28',NULL),(47,'EGLL_GASGU_09','2021-05-23 14:32:28',NULL),(48,'EGLL_MODMI_09','2021-05-23 14:32:28',NULL),(49,'EGLL_DET_09L','2021-05-23 14:32:28',NULL),(50,'EGLL_DET_09R','2021-05-23 14:32:28',NULL),(51,'EGLF_SID','2021-05-23 14:32:28',NULL),(52,'EGNM_DOPEK_LAMIX','2021-05-23 14:32:28',NULL),(53,'EGNM_SID_NELSA','2021-05-23 14:32:28',NULL),(54,'EGNM_SID_POL','2021-05-23 14:32:28',NULL),(55,'EGNX_TNT_POL','2021-05-23 14:32:28',NULL),(56,'EGNX_DTY_BPK','2021-05-23 14:32:28',NULL),(57,'EGPF_NORBO_LUSIV_TLA_TRN','2021-05-23 14:32:28',NULL),(58,'EGPF_CLYDE_PTH','2021-05-23 14:32:28',NULL),(59,'EGPF_ROBBO','2021-05-23 14:32:28',NULL),(60,'EGPF_FOYLE','2021-05-23 14:32:28',NULL),(61,'EGPF_LOMON','2021-05-23 14:32:28',NULL),(62,'EGPH_SID','2021-05-23 14:32:28',NULL),(63,'EGPK_SID','2021-05-23 14:32:28',NULL),(64,'EGSS_SOUTH_EAST','2021-05-23 14:32:28',NULL),(65,'EGSS_UTAVA_BKY','2021-05-23 14:32:28',NULL),(66,'EGSS_NUGBO','2021-05-23 14:32:28',NULL),(67,'EGVA_SID','2021-05-23 14:32:28',NULL),(68,'EGWU_SID','2021-05-23 14:32:28',NULL);
/*!40000 ALTER TABLE `sid_departure_interval_groups` ENABLE KEYS */;
UNLOCK TABLES;

--
-- Table structure for table `sid_prenotes`
--

DROP TABLE IF EXISTS `sid_prenotes`;
/*!40101 SET @saved_cs_client     = @@character_set_client */;
/*!40101 SET character_set_client = utf8 */;
CREATE TABLE `sid_prenotes` (
  `id` bigint unsigned NOT NULL AUTO_INCREMENT,
  `sid_id` int unsigned NOT NULL COMMENT 'The sid for the prenote',
  `prenote_id` bigint unsigned NOT NULL COMMENT 'The prenote',
  `created_at` timestamp NULL DEFAULT NULL,
  `updated_at` timestamp NULL DEFAULT NULL,
  PRIMARY KEY (`id`),
  UNIQUE KEY `sid_prenotes_sid_id_prenote_id_unique` (`sid_id`,`prenote_id`),
  KEY `sid_prenotes_prenote_id_foreign` (`prenote_id`),
  CONSTRAINT `sid_prenotes_prenote_id_foreign` FOREIGN KEY (`prenote_id`) REFERENCES `prenotes` (`id`) ON DELETE CASCADE,
  CONSTRAINT `sid_prenotes_sid_id_foreign` FOREIGN KEY (`sid_id`) REFERENCES `sid` (`id`) ON DELETE CASCADE
) ENGINE=InnoDB AUTO_INCREMENT=20 DEFAULT CHARSET=utf8mb4 COLLATE=utf8mb4_unicode_ci;
/*!40101 SET character_set_client = @saved_cs_client */;

--
-- Dumping data for table `sid_prenotes`
--

LOCK TABLES `sid_prenotes` WRITE;
/*!40000 ALTER TABLE `sid_prenotes` DISABLE KEYS */;
INSERT INTO `sid_prenotes` VALUES (1,141,1,'2021-05-23 14:31:49',NULL),(2,141,2,'2021-05-23 14:31:49',NULL),(3,140,1,'2021-05-23 14:31:49',NULL),(4,140,2,'2021-05-23 14:31:49',NULL),(9,197,3,'2021-05-23 14:31:49',NULL),(10,195,3,'2021-05-23 14:31:49',NULL),(11,198,3,'2021-05-23 14:31:49',NULL),(12,196,3,'2021-05-23 14:31:49',NULL),(15,277,5,'2021-05-23 14:31:49',NULL),(16,267,5,'2021-05-23 14:31:49',NULL),(17,266,5,'2021-05-23 14:31:49',NULL);
/*!40000 ALTER TABLE `sid_prenotes` ENABLE KEYS */;
UNLOCK TABLES;

--
-- Table structure for table `speed_group_speed_group`
--

DROP TABLE IF EXISTS `speed_group_speed_group`;
/*!40101 SET @saved_cs_client     = @@character_set_client */;
/*!40101 SET character_set_client = utf8 */;
CREATE TABLE `speed_group_speed_group` (
  `id` bigint unsigned NOT NULL AUTO_INCREMENT,
  `lead_speed_group_id` bigint unsigned NOT NULL COMMENT 'The first speed group to depart',
  `follow_speed_group_id` bigint unsigned NOT NULL COMMENT 'The second speed group depart',
  `penalty` int DEFAULT NULL COMMENT 'The time penalty in seconds for the second group',
  `set_interval_to` int unsigned DEFAULT NULL COMMENT 'The value to set the departure interval to',
  `created_at` timestamp NULL DEFAULT NULL,
  `updated_at` timestamp NULL DEFAULT NULL,
  PRIMARY KEY (`id`),
  UNIQUE KEY `speed_group_pairs` (`lead_speed_group_id`,`follow_speed_group_id`),
  KEY `follow_speed_group_foreign` (`follow_speed_group_id`),
  CONSTRAINT `follow_speed_group_foreign` FOREIGN KEY (`follow_speed_group_id`) REFERENCES `speed_groups` (`id`) ON DELETE CASCADE,
  CONSTRAINT `lead_speed_group_foreign` FOREIGN KEY (`lead_speed_group_id`) REFERENCES `speed_groups` (`id`) ON DELETE CASCADE
) ENGINE=InnoDB AUTO_INCREMENT=184 DEFAULT CHARSET=utf8mb4 COLLATE=utf8mb4_unicode_ci;
/*!40101 SET character_set_client = @saved_cs_client */;

--
-- Dumping data for table `speed_group_speed_group`
--

LOCK TABLES `speed_group_speed_group` WRITE;
/*!40000 ALTER TABLE `speed_group_speed_group` DISABLE KEYS */;
INSERT INTO `speed_group_speed_group` VALUES (1,1,6,300,NULL,'2021-05-23 14:32:32',NULL),(2,1,5,240,NULL,'2021-05-23 14:32:32',NULL),(3,1,4,180,NULL,'2021-05-23 14:32:32',NULL),(4,1,3,120,NULL,'2021-05-23 14:32:32',NULL),(5,1,2,60,NULL,'2021-05-23 14:32:32',NULL),(6,2,6,240,NULL,'2021-05-23 14:32:32',NULL),(7,2,5,180,NULL,'2021-05-23 14:32:32',NULL),(8,2,4,120,NULL,'2021-05-23 14:32:32',NULL),(9,2,3,60,NULL,'2021-05-23 14:32:32',NULL),(10,3,6,180,NULL,'2021-05-23 14:32:32',NULL),(11,3,5,120,NULL,'2021-05-23 14:32:32',NULL),(12,3,4,60,NULL,'2021-05-23 14:32:32',NULL),(13,3,1,-60,NULL,'2021-05-23 14:32:32',NULL),(14,4,6,120,NULL,'2021-05-23 14:32:32',NULL),(15,4,5,60,NULL,'2021-05-23 14:32:32',NULL),(16,4,2,-60,NULL,'2021-05-23 14:32:32',NULL),(17,4,1,-60,NULL,'2021-05-23 14:32:32',NULL),(18,5,6,60,NULL,'2021-05-23 14:32:32',NULL),(19,5,3,-60,NULL,'2021-05-23 14:32:32',NULL),(20,5,2,-60,NULL,'2021-05-23 14:32:32',NULL),(21,5,1,-60,NULL,'2021-05-23 14:32:32',NULL),(22,6,4,-60,NULL,'2021-05-23 14:32:32',NULL),(23,6,3,-60,NULL,'2021-05-23 14:32:32',NULL),(24,6,2,-60,NULL,'2021-05-23 14:32:32',NULL),(25,6,1,-60,NULL,'2021-05-23 14:32:32',NULL),(26,7,11,240,NULL,'2021-05-23 14:32:32',NULL),(27,7,10,180,NULL,'2021-05-23 14:32:32',NULL),(28,7,9,120,NULL,'2021-05-23 14:32:32',NULL),(29,7,8,60,NULL,'2021-05-23 14:32:32',NULL),(30,8,11,180,NULL,'2021-05-23 14:32:32',NULL),(31,8,10,120,NULL,'2021-05-23 14:32:32',NULL),(32,8,9,60,NULL,'2021-05-23 14:32:32',NULL),(33,9,11,120,NULL,'2021-05-23 14:32:32',NULL),(34,9,10,60,NULL,'2021-05-23 14:32:32',NULL),(35,10,11,60,NULL,'2021-05-23 14:32:32',NULL),(36,15,14,60,NULL,'2021-05-23 14:32:32',NULL),(37,15,13,120,NULL,'2021-05-23 14:32:32',NULL),(38,15,12,120,NULL,'2021-05-23 14:32:32',NULL),(39,14,13,120,NULL,'2021-05-23 14:32:32',NULL),(40,14,12,120,NULL,'2021-05-23 14:32:32',NULL),(41,13,12,60,NULL,'2021-05-23 14:32:32',NULL),(42,13,15,-60,NULL,'2021-05-23 14:32:32',NULL),(43,12,15,-60,NULL,'2021-05-23 14:32:32',NULL),(44,12,14,-60,NULL,'2021-05-23 14:32:32',NULL),(45,16,17,60,NULL,'2021-05-23 14:32:32',NULL),(46,16,18,120,NULL,'2021-05-23 14:32:32',NULL),(47,16,19,180,NULL,'2021-05-23 14:32:32',NULL),(48,16,20,240,NULL,'2021-05-23 14:32:32',NULL),(49,17,18,60,NULL,'2021-05-23 14:32:32',NULL),(50,17,19,120,NULL,'2021-05-23 14:32:32',NULL),(51,17,20,180,NULL,'2021-05-23 14:32:32',NULL),(52,18,16,-60,NULL,'2021-05-23 14:32:32',NULL),(53,18,19,60,NULL,'2021-05-23 14:32:32',NULL),(54,18,20,120,NULL,'2021-05-23 14:32:32',NULL),(55,19,16,-120,NULL,'2021-05-23 14:32:32',NULL),(56,19,17,-60,NULL,'2021-05-23 14:32:32',NULL),(57,19,20,60,NULL,'2021-05-23 14:32:32',NULL),(58,20,16,-180,NULL,'2021-05-23 14:32:32',NULL),(59,20,17,-120,NULL,'2021-05-23 14:32:32',NULL),(60,20,18,-60,NULL,'2021-05-23 14:32:32',NULL),(61,21,22,60,NULL,'2021-05-23 14:32:32',NULL),(62,21,23,120,NULL,'2021-05-23 14:32:32',NULL),(63,21,24,180,NULL,'2021-05-23 14:32:32',NULL),(64,21,25,240,NULL,'2021-05-23 14:32:32',NULL),(65,22,23,60,NULL,'2021-05-23 14:32:32',NULL),(66,22,24,120,NULL,'2021-05-23 14:32:32',NULL),(67,22,25,180,NULL,'2021-05-23 14:32:32',NULL),(68,23,24,60,NULL,'2021-05-23 14:32:32',NULL),(69,23,25,120,NULL,'2021-05-23 14:32:32',NULL),(70,24,25,60,NULL,'2021-05-23 14:32:32',NULL),(71,26,26,60,NULL,'2021-05-23 14:32:32',NULL),(72,26,27,120,NULL,'2021-05-23 14:32:32',NULL),(73,26,28,180,NULL,'2021-05-23 14:32:32',NULL),(74,26,29,240,NULL,'2021-05-23 14:32:32',NULL),(75,26,30,300,NULL,'2021-05-23 14:32:32',NULL),(76,27,28,60,NULL,'2021-05-23 14:32:32',NULL),(77,27,29,120,NULL,'2021-05-23 14:32:32',NULL),(78,27,30,180,NULL,'2021-05-23 14:32:32',NULL),(79,28,29,120,NULL,'2021-05-23 14:32:32',NULL),(80,28,30,180,NULL,'2021-05-23 14:32:32',NULL),(81,29,30,180,NULL,'2021-05-23 14:32:32',NULL),(82,31,31,60,NULL,'2021-05-23 14:32:32',NULL),(83,31,32,120,NULL,'2021-05-23 14:32:32',NULL),(84,31,33,180,NULL,'2021-05-23 14:32:32',NULL),(85,31,34,240,NULL,'2021-05-23 14:32:32',NULL),(86,31,35,300,NULL,'2021-05-23 14:32:32',NULL),(87,32,33,60,NULL,'2021-05-23 14:32:32',NULL),(88,32,34,120,NULL,'2021-05-23 14:32:32',NULL),(89,32,35,180,NULL,'2021-05-23 14:32:32',NULL),(90,33,34,60,NULL,'2021-05-23 14:32:32',NULL),(91,33,35,120,NULL,'2021-05-23 14:32:32',NULL),(92,34,35,60,NULL,'2021-05-23 14:32:32',NULL),(93,36,36,120,NULL,'2021-05-23 14:32:32',NULL),(94,36,37,180,NULL,'2021-05-23 14:32:32',NULL),(95,36,38,240,NULL,'2021-05-23 14:32:32',NULL),(96,36,39,300,NULL,'2021-05-23 14:32:32',NULL),(97,37,38,60,NULL,'2021-05-23 14:32:32',NULL),(98,37,39,120,NULL,'2021-05-23 14:32:32',NULL),(99,38,39,60,NULL,'2021-05-23 14:32:32',NULL),(100,40,41,60,NULL,'2021-05-23 14:32:32',NULL),(101,40,42,120,NULL,'2021-05-23 14:32:32',NULL),(102,40,43,120,NULL,'2021-05-23 14:32:32',NULL),(103,40,44,120,NULL,'2021-05-23 14:32:32',NULL),(104,40,45,120,NULL,'2021-05-23 14:32:32',NULL),(105,41,42,60,NULL,'2021-05-23 14:32:32',NULL),(106,41,43,120,NULL,'2021-05-23 14:32:32',NULL),(107,41,44,120,NULL,'2021-05-23 14:32:32',NULL),(108,41,45,120,NULL,'2021-05-23 14:32:32',NULL),(109,42,40,-60,NULL,'2021-05-23 14:32:32',NULL),(110,42,43,60,NULL,'2021-05-23 14:32:32',NULL),(111,42,44,120,NULL,'2021-05-23 14:32:32',NULL),(112,42,45,120,NULL,'2021-05-23 14:32:32',NULL),(113,43,40,-60,NULL,'2021-05-23 14:32:32',NULL),(114,43,41,-60,NULL,'2021-05-23 14:32:32',NULL),(115,43,44,60,NULL,'2021-05-23 14:32:32',NULL),(116,43,45,120,NULL,'2021-05-23 14:32:32',NULL),(117,44,40,-60,NULL,'2021-05-23 14:32:32',NULL),(118,44,41,-60,NULL,'2021-05-23 14:32:32',NULL),(119,44,42,-60,NULL,'2021-05-23 14:32:32',NULL),(120,44,45,60,NULL,'2021-05-23 14:32:32',NULL),(121,46,47,60,NULL,'2021-05-23 14:32:32',NULL),(122,46,48,120,NULL,'2021-05-23 14:32:32',NULL),(123,46,49,180,NULL,'2021-05-23 14:32:32',NULL),(124,46,50,240,NULL,'2021-05-23 14:32:32',NULL),(125,46,51,300,NULL,'2021-05-23 14:32:32',NULL),(126,47,48,60,NULL,'2021-05-23 14:32:32',NULL),(127,47,49,120,NULL,'2021-05-23 14:32:32',NULL),(128,47,50,180,NULL,'2021-05-23 14:32:32',NULL),(129,47,51,240,NULL,'2021-05-23 14:32:32',NULL),(130,48,46,-60,NULL,'2021-05-23 14:32:32',NULL),(131,48,49,60,NULL,'2021-05-23 14:32:32',NULL),(132,48,50,120,NULL,'2021-05-23 14:32:32',NULL),(133,48,51,180,NULL,'2021-05-23 14:32:32',NULL),(134,49,46,-60,NULL,'2021-05-23 14:32:32',NULL),(135,49,47,-60,NULL,'2021-05-23 14:32:32',NULL),(136,49,50,120,NULL,'2021-05-23 14:32:32',NULL),(137,49,51,180,NULL,'2021-05-23 14:32:32',NULL),(138,50,46,-60,NULL,'2021-05-23 14:32:32',NULL),(139,50,47,-60,NULL,'2021-05-23 14:32:32',NULL),(140,50,48,-60,NULL,'2021-05-23 14:32:32',NULL),(141,50,51,180,NULL,'2021-05-23 14:32:32',NULL),(142,51,46,-60,NULL,'2021-05-23 14:32:32',NULL),(143,51,47,-60,NULL,'2021-05-23 14:32:32',NULL),(144,51,48,-60,NULL,'2021-05-23 14:32:32',NULL),(145,51,49,-60,NULL,'2021-05-23 14:32:32',NULL),(146,52,52,60,NULL,'2021-05-23 14:32:32',NULL),(147,52,53,120,NULL,'2021-05-23 14:32:32',NULL),(148,52,54,180,NULL,'2021-05-23 14:32:32',NULL),(149,52,55,240,NULL,'2021-05-23 14:32:32',NULL),(150,52,56,300,NULL,'2021-05-23 14:32:32',NULL),(151,53,54,60,NULL,'2021-05-23 14:32:32',NULL),(152,53,55,120,NULL,'2021-05-23 14:32:32',NULL),(153,53,56,180,NULL,'2021-05-23 14:32:32',NULL),(154,54,55,60,NULL,'2021-05-23 14:32:32',NULL),(155,54,56,120,NULL,'2021-05-23 14:32:32',NULL),(156,55,56,60,NULL,'2021-05-23 14:32:32',NULL),(157,23,21,NULL,60,'2021-05-23 14:32:32',NULL),(158,24,21,NULL,60,'2021-05-23 14:32:32',NULL),(159,24,22,NULL,60,'2021-05-23 14:32:32',NULL),(160,25,21,NULL,60,'2021-05-23 14:32:32',NULL),(161,25,22,NULL,60,'2021-05-23 14:32:32',NULL),(162,25,23,NULL,60,'2021-05-23 14:32:32',NULL),(163,28,26,NULL,60,'2021-05-23 14:32:32',NULL),(164,29,26,NULL,60,'2021-05-23 14:32:32',NULL),(165,29,27,NULL,60,'2021-05-23 14:32:32',NULL),(166,30,26,NULL,60,'2021-05-23 14:32:32',NULL),(167,30,27,NULL,60,'2021-05-23 14:32:32',NULL),(168,30,28,NULL,60,'2021-05-23 14:32:32',NULL),(169,33,26,NULL,60,'2021-05-23 14:32:32',NULL),(170,34,26,NULL,60,'2021-05-23 14:32:32',NULL),(171,34,27,NULL,60,'2021-05-23 14:32:32',NULL),(172,35,26,NULL,60,'2021-05-23 14:32:32',NULL),(173,35,27,NULL,60,'2021-05-23 14:32:32',NULL),(174,35,28,NULL,60,'2021-05-23 14:32:32',NULL),(175,39,37,NULL,60,'2021-05-23 14:32:32',NULL),(176,39,36,NULL,60,'2021-05-23 14:32:32',NULL),(177,38,36,NULL,60,'2021-05-23 14:32:32',NULL),(178,54,52,NULL,60,'2021-05-23 14:32:32',NULL),(179,55,52,NULL,60,'2021-05-23 14:32:32',NULL),(180,55,53,NULL,60,'2021-05-23 14:32:32',NULL),(181,56,52,NULL,60,'2021-05-23 14:32:32',NULL),(182,56,53,NULL,60,'2021-05-23 14:32:32',NULL),(183,56,54,NULL,60,'2021-05-23 14:32:32',NULL);
/*!40000 ALTER TABLE `speed_group_speed_group` ENABLE KEYS */;
UNLOCK TABLES;

--
-- Table structure for table `speed_groups`
--

DROP TABLE IF EXISTS `speed_groups`;
/*!40101 SET @saved_cs_client     = @@character_set_client */;
/*!40101 SET character_set_client = utf8 */;
CREATE TABLE `speed_groups` (
  `id` bigint unsigned NOT NULL AUTO_INCREMENT,
  `key` varchar(255) CHARACTER SET utf8mb4 COLLATE utf8mb4_unicode_ci NOT NULL COMMENT 'String key for easier identification',
  `airfield_id` int unsigned NOT NULL COMMENT 'The airfield where the speed group applies',
  `created_at` timestamp NULL DEFAULT NULL,
  `updated_at` timestamp NULL DEFAULT NULL,
  PRIMARY KEY (`id`),
  UNIQUE KEY `speed_groups_key_unique` (`key`),
  KEY `speed_groups_airfield_id_foreign` (`airfield_id`),
  CONSTRAINT `speed_groups_airfield_id_foreign` FOREIGN KEY (`airfield_id`) REFERENCES `airfield` (`id`) ON DELETE CASCADE
) ENGINE=InnoDB AUTO_INCREMENT=57 DEFAULT CHARSET=utf8mb4 COLLATE=utf8mb4_unicode_ci;
/*!40101 SET character_set_client = @saved_cs_client */;

--
-- Dumping data for table `speed_groups`
--

LOCK TABLES `speed_groups` WRITE;
/*!40000 ALTER TABLE `speed_groups` DISABLE KEYS */;
INSERT INTO `speed_groups` VALUES (1,'EGKK_GROUP_1',1,'2021-05-23 14:32:31',NULL),(2,'EGKK_GROUP_2',1,'2021-05-23 14:32:31',NULL),(3,'EGKK_GROUP_3',1,'2021-05-23 14:32:31',NULL),(4,'EGKK_GROUP_4',1,'2021-05-23 14:32:31',NULL),(5,'EGKK_GROUP_5',1,'2021-05-23 14:32:31',NULL),(6,'EGKK_GROUP_6',1,'2021-05-23 14:32:31',NULL),(7,'EGLL_GROUP_0',2,'2021-05-23 14:32:31',NULL),(8,'EGLL_GROUP_1',2,'2021-05-23 14:32:31',NULL),(9,'EGLL_GROUP_2',2,'2021-05-23 14:32:31',NULL),(10,'EGLL_GROUP_3',2,'2021-05-23 14:32:31',NULL),(11,'EGLL_GROUP_4',2,'2021-05-23 14:32:31',NULL),(12,'EGLC_GROUP_0',3,'2021-05-23 14:32:31',NULL),(13,'EGLC_GROUP_1',3,'2021-05-23 14:32:31',NULL),(14,'EGLC_GROUP_2',3,'2021-05-23 14:32:31',NULL),(15,'EGLC_GROUP_3',3,'2021-05-23 14:32:31',NULL),(16,'EGSS_GROUP_0',5,'2021-05-23 14:32:31',NULL),(17,'EGSS_GROUP_1',5,'2021-05-23 14:32:31',NULL),(18,'EGSS_GROUP_2',5,'2021-05-23 14:32:31',NULL),(19,'EGSS_GROUP_3',5,'2021-05-23 14:32:31',NULL),(20,'EGSS_GROUP_4',5,'2021-05-23 14:32:31',NULL),(21,'EGGW_GROUP_0',6,'2021-05-23 14:32:31',NULL),(22,'EGGW_GROUP_1',6,'2021-05-23 14:32:31',NULL),(23,'EGGW_GROUP_2',6,'2021-05-23 14:32:31',NULL),(24,'EGGW_GROUP_3',6,'2021-05-23 14:32:31',NULL),(25,'EGGW_GROUP_4',6,'2021-05-23 14:32:31',NULL),(26,'EGCC_GROUP_0',9,'2021-05-23 14:32:31',NULL),(27,'EGCC_GROUP_1',9,'2021-05-23 14:32:31',NULL),(28,'EGCC_GROUP_2',9,'2021-05-23 14:32:31',NULL),(29,'EGCC_GROUP_3',9,'2021-05-23 14:32:31',NULL),(30,'EGCC_GROUP_4',9,'2021-05-23 14:32:31',NULL),(31,'EGGP_GROUP_0',10,'2021-05-23 14:32:31',NULL),(32,'EGGP_GROUP_1',10,'2021-05-23 14:32:31',NULL),(33,'EGGP_GROUP_2',10,'2021-05-23 14:32:31',NULL),(34,'EGGP_GROUP_3',10,'2021-05-23 14:32:31',NULL),(35,'EGGP_GROUP_4',10,'2021-05-23 14:32:31',NULL),(36,'EGGD_GROUP_1',16,'2021-05-23 14:32:31',NULL),(37,'EGGD_GROUP_2',16,'2021-05-23 14:32:31',NULL),(38,'EGGD_GROUP_3',16,'2021-05-23 14:32:31',NULL),(39,'EGGD_GROUP_4',16,'2021-05-23 14:32:31',NULL),(40,'EGFF_GROUP_1',17,'2021-05-23 14:32:31',NULL),(41,'EGFF_GROUP_2',17,'2021-05-23 14:32:31',NULL),(42,'EGFF_GROUP_3',17,'2021-05-23 14:32:31',NULL),(43,'EGFF_GROUP_4',17,'2021-05-23 14:32:31',NULL),(44,'EGFF_GROUP_5',17,'2021-05-23 14:32:31',NULL),(45,'EGFF_GROUP_6',17,'2021-05-23 14:32:31',NULL),(46,'EGPH_GROUP_1',22,'2021-05-23 14:32:31',NULL),(47,'EGPH_GROUP_2',22,'2021-05-23 14:32:31',NULL),(48,'EGPH_GROUP_3',22,'2021-05-23 14:32:31',NULL),(49,'EGPH_GROUP_4',22,'2021-05-23 14:32:31',NULL),(50,'EGPH_GROUP_5',22,'2021-05-23 14:32:31',NULL),(51,'EGPH_GROUP_6',22,'2021-05-23 14:32:31',NULL),(52,'EGPF_GROUP_0',23,'2021-05-23 14:32:31',NULL),(53,'EGPF_GROUP_1',23,'2021-05-23 14:32:31',NULL),(54,'EGPF_GROUP_2',23,'2021-05-23 14:32:31',NULL),(55,'EGPF_GROUP_3',23,'2021-05-23 14:32:31',NULL),(56,'EGPF_GROUP_4',23,'2021-05-23 14:32:31',NULL);
/*!40000 ALTER TABLE `speed_groups` ENABLE KEYS */;
UNLOCK TABLES;

--
-- Table structure for table `squawk_allocations_history_bak`
--

DROP TABLE IF EXISTS `squawk_allocations_history_bak`;
/*!40101 SET @saved_cs_client     = @@character_set_client */;
/*!40101 SET character_set_client = utf8 */;
CREATE TABLE `squawk_allocations_history_bak` (
  `id` int unsigned NOT NULL AUTO_INCREMENT,
  `callsign` varchar(255) CHARACTER SET utf8mb4 COLLATE utf8mb4_unicode_ci NOT NULL COMMENT 'The callsign the squawk was assigned to',
  `squawk` varchar(255) CHARACTER SET utf8mb4 COLLATE utf8mb4_unicode_ci NOT NULL COMMENT 'The assigned squawk code',
  `new` tinyint(1) NOT NULL COMMENT '0 = updated existing allocation, 1 = New allocation',
  `allocated_by` int unsigned NOT NULL COMMENT 'Who allocated the squawk',
  `allocated_at` timestamp NOT NULL COMMENT 'What time the squawk allocation occured',
  PRIMARY KEY (`id`),
  KEY `squawk_allocation_history_allocated_by_foreign` (`allocated_by`),
  KEY `squawk_allocation_history_allocated_at_index` (`allocated_at`),
  CONSTRAINT `squawk_allocation_history_allocated_by_foreign` FOREIGN KEY (`allocated_by`) REFERENCES `user` (`id`)
) ENGINE=InnoDB DEFAULT CHARSET=utf8mb4 COLLATE=utf8mb4_unicode_ci;
/*!40101 SET character_set_client = @saved_cs_client */;

--
-- Dumping data for table `squawk_allocations_history_bak`
--

LOCK TABLES `squawk_allocations_history_bak` WRITE;
/*!40000 ALTER TABLE `squawk_allocations_history_bak` DISABLE KEYS */;
/*!40000 ALTER TABLE `squawk_allocations_history_bak` ENABLE KEYS */;
UNLOCK TABLES;

--
-- Table structure for table `squawk_assignments`
--

DROP TABLE IF EXISTS `squawk_assignments`;
/*!40101 SET @saved_cs_client     = @@character_set_client */;
/*!40101 SET character_set_client = utf8 */;
CREATE TABLE `squawk_assignments` (
  `callsign` varchar(255) CHARACTER SET utf8mb4 COLLATE utf8mb4_unicode_ci NOT NULL COMMENT 'The aircraft to which the code is assigned',
  `code` varchar(4) CHARACTER SET utf8mb4 COLLATE utf8mb4_unicode_ci NOT NULL COMMENT 'The assigned code',
  `assignment_type` varchar(255) CHARACTER SET utf8mb4 COLLATE utf8mb4_unicode_ci NOT NULL COMMENT 'The type of assignment that was made',
  `created_at` timestamp NULL DEFAULT NULL,
  `updated_at` timestamp NULL DEFAULT NULL,
  PRIMARY KEY (`callsign`) USING BTREE,
  UNIQUE KEY `squawk_assignments` (`code`) USING BTREE,
  CONSTRAINT `squawk_assignments_callsign_foreign` FOREIGN KEY (`callsign`) REFERENCES `network_aircraft` (`callsign`) ON DELETE CASCADE
) ENGINE=InnoDB DEFAULT CHARSET=utf8mb4 COLLATE=utf8mb4_unicode_ci;
/*!40101 SET character_set_client = @saved_cs_client */;

--
-- Dumping data for table `squawk_assignments`
--

LOCK TABLES `squawk_assignments` WRITE;
/*!40000 ALTER TABLE `squawk_assignments` DISABLE KEYS */;
/*!40000 ALTER TABLE `squawk_assignments` ENABLE KEYS */;
UNLOCK TABLES;

--
-- Table structure for table `squawk_assignments_history`
--

DROP TABLE IF EXISTS `squawk_assignments_history`;
/*!40101 SET @saved_cs_client     = @@character_set_client */;
/*!40101 SET character_set_client = utf8 */;
CREATE TABLE `squawk_assignments_history` (
  `id` bigint unsigned NOT NULL AUTO_INCREMENT,
  `callsign` varchar(255) CHARACTER SET utf8mb4 COLLATE utf8mb4_unicode_ci NOT NULL COMMENT 'The callsign to which the squawk was assigned',
  `code` varchar(255) CHARACTER SET utf8mb4 COLLATE utf8mb4_unicode_ci NOT NULL COMMENT 'The code that was assigned',
  `type` varchar(255) CHARACTER SET utf8mb4 COLLATE utf8mb4_unicode_ci NOT NULL COMMENT 'The type of allocation',
  `user_id` int unsigned DEFAULT NULL COMMENT 'The user that allocated the squawk',
  `allocated_at` timestamp NOT NULL COMMENT 'The time the squawk was allocated',
  `deleted_at` timestamp NULL DEFAULT NULL,
  PRIMARY KEY (`id`),
  KEY `squawk_assignments_history_callsign_index` (`callsign`),
  KEY `squawk_assignments_history_user_id_foreign` (`user_id`),
  CONSTRAINT `squawk_assignments_history_user_id_foreign` FOREIGN KEY (`user_id`) REFERENCES `user` (`id`) ON DELETE CASCADE
) ENGINE=InnoDB DEFAULT CHARSET=utf8mb4 COLLATE=utf8mb4_unicode_ci;
/*!40101 SET character_set_client = @saved_cs_client */;

--
-- Dumping data for table `squawk_assignments_history`
--

LOCK TABLES `squawk_assignments_history` WRITE;
/*!40000 ALTER TABLE `squawk_assignments_history` DISABLE KEYS */;
/*!40000 ALTER TABLE `squawk_assignments_history` ENABLE KEYS */;
UNLOCK TABLES;

--
-- Table structure for table `srd_note_srd_route`
--

DROP TABLE IF EXISTS `srd_note_srd_route`;
/*!40101 SET @saved_cs_client     = @@character_set_client */;
/*!40101 SET character_set_client = utf8 */;
CREATE TABLE `srd_note_srd_route` (
  `srd_note_id` smallint unsigned NOT NULL,
  `srd_route_id` smallint unsigned NOT NULL,
  PRIMARY KEY (`srd_note_id`,`srd_route_id`) USING BTREE,
  KEY `srd_note_srd_route_srd_route_id_foreign` (`srd_route_id`) USING BTREE,
  CONSTRAINT `srd_note_srd_route_srd_note_id_foreign` FOREIGN KEY (`srd_note_id`) REFERENCES `srd_notes` (`id`) ON DELETE CASCADE,
  CONSTRAINT `srd_note_srd_route_srd_route_id_foreign` FOREIGN KEY (`srd_route_id`) REFERENCES `srd_routes` (`id`) ON DELETE CASCADE
) ENGINE=InnoDB DEFAULT CHARSET=utf8mb4 COLLATE=utf8mb4_unicode_ci;
/*!40101 SET character_set_client = @saved_cs_client */;

--
-- Dumping data for table `srd_note_srd_route`
--

LOCK TABLES `srd_note_srd_route` WRITE;
/*!40000 ALTER TABLE `srd_note_srd_route` DISABLE KEYS */;
/*!40000 ALTER TABLE `srd_note_srd_route` ENABLE KEYS */;
UNLOCK TABLES;

--
-- Table structure for table `srd_notes`
--

DROP TABLE IF EXISTS `srd_notes`;
/*!40101 SET @saved_cs_client     = @@character_set_client */;
/*!40101 SET character_set_client = utf8 */;
CREATE TABLE `srd_notes` (
  `id` smallint unsigned NOT NULL,
  `note_text` mediumtext CHARACTER SET utf8mb4 COLLATE utf8mb4_unicode_ci NOT NULL,
  PRIMARY KEY (`id`) USING BTREE
) ENGINE=InnoDB DEFAULT CHARSET=utf8mb4 COLLATE=utf8mb4_unicode_ci;
/*!40101 SET character_set_client = @saved_cs_client */;

--
-- Dumping data for table `srd_notes`
--

LOCK TABLES `srd_notes` WRITE;
/*!40000 ALTER TABLE `srd_notes` DISABLE KEYS */;
/*!40000 ALTER TABLE `srd_notes` ENABLE KEYS */;
UNLOCK TABLES;

--
-- Table structure for table `srd_routes`
--

DROP TABLE IF EXISTS `srd_routes`;
/*!40101 SET @saved_cs_client     = @@character_set_client */;
/*!40101 SET character_set_client = utf8 */;
CREATE TABLE `srd_routes` (
  `id` smallint unsigned NOT NULL AUTO_INCREMENT,
  `origin` varchar(255) CHARACTER SET utf8mb4 COLLATE utf8mb4_unicode_ci NOT NULL COMMENT 'The origin navaid or airport for the route',
  `destination` varchar(255) CHARACTER SET utf8mb4 COLLATE utf8mb4_unicode_ci NOT NULL COMMENT 'The destination navaid or airport for the route',
  `minimum_level` int DEFAULT NULL COMMENT 'The minimum flight level for the route',
  `maximum_level` int NOT NULL COMMENT 'The maximum flight level for the route',
  `route_segment` varchar(255) CHARACTER SET utf8mb4 COLLATE utf8mb4_unicode_ci NOT NULL COMMENT 'The route segment',
  `sid` varchar(255) CHARACTER SET utf8mb4 COLLATE utf8mb4_unicode_ci DEFAULT NULL COMMENT 'The SID used at the start of the route',
  `star` varchar(255) CHARACTER SET utf8mb4 COLLATE utf8mb4_unicode_ci DEFAULT NULL COMMENT 'The STAR used at the end of the route',
  PRIMARY KEY (`id`),
  KEY `srd_routes_origin_index` (`origin`),
  KEY `srd_routes_destination_index` (`destination`),
  KEY `srd_routes_minimum_level_index` (`minimum_level`),
  KEY `srd_routes_maximum_level_index` (`maximum_level`)
) ENGINE=InnoDB DEFAULT CHARSET=utf8mb4 COLLATE=utf8mb4_unicode_ci;
/*!40101 SET character_set_client = @saved_cs_client */;

--
-- Dumping data for table `srd_routes`
--

LOCK TABLES `srd_routes` WRITE;
/*!40000 ALTER TABLE `srd_routes` DISABLE KEYS */;
/*!40000 ALTER TABLE `srd_routes` ENABLE KEYS */;
UNLOCK TABLES;

--
-- Table structure for table `stand_assignments`
--

DROP TABLE IF EXISTS `stand_assignments`;
/*!40101 SET @saved_cs_client     = @@character_set_client */;
/*!40101 SET character_set_client = utf8 */;
CREATE TABLE `stand_assignments` (
  `callsign` varchar(255) CHARACTER SET utf8mb4 COLLATE utf8mb4_unicode_ci NOT NULL COMMENT 'The aircraft to which the stand is assigned',
  `stand_id` bigint unsigned DEFAULT NULL,
  `created_at` timestamp NULL DEFAULT NULL,
  PRIMARY KEY (`callsign`) USING BTREE,
  UNIQUE KEY `stand_assignments_stand_id` (`stand_id`) USING BTREE,
  CONSTRAINT `stand_assignments_callsign_foreign` FOREIGN KEY (`callsign`) REFERENCES `network_aircraft` (`callsign`) ON DELETE CASCADE,
  CONSTRAINT `stand_assignments_stand_id_foreign` FOREIGN KEY (`stand_id`) REFERENCES `stands` (`id`) ON DELETE CASCADE
) ENGINE=InnoDB DEFAULT CHARSET=utf8mb4 COLLATE=utf8mb4_unicode_ci;
/*!40101 SET character_set_client = @saved_cs_client */;

--
-- Dumping data for table `stand_assignments`
--

LOCK TABLES `stand_assignments` WRITE;
/*!40000 ALTER TABLE `stand_assignments` DISABLE KEYS */;
/*!40000 ALTER TABLE `stand_assignments` ENABLE KEYS */;
UNLOCK TABLES;

--
-- Table structure for table `stand_assignments_history`
--

DROP TABLE IF EXISTS `stand_assignments_history`;
/*!40101 SET @saved_cs_client     = @@character_set_client */;
/*!40101 SET character_set_client = utf8 */;
CREATE TABLE `stand_assignments_history` (
  `id` bigint unsigned NOT NULL AUTO_INCREMENT,
  `callsign` varchar(255) CHARACTER SET utf8mb4 COLLATE utf8mb4_unicode_ci NOT NULL COMMENT 'The callsign to which the stand was assigned',
  `stand_id` bigint unsigned NOT NULL COMMENT 'The stand that was assigned',
  `user_id` int unsigned DEFAULT NULL COMMENT 'The user that allocated the squawk',
  `assigned_at` timestamp NOT NULL COMMENT 'The time the squawk was allocated',
  `deleted_at` timestamp NULL DEFAULT NULL,
  PRIMARY KEY (`id`),
  KEY `stand_assignments_history_callsign_index` (`callsign`),
  KEY `stand_assignments_history_user_id_foreign` (`user_id`),
  KEY `stand_assignments_history_stand_id_foreign` (`stand_id`),
  CONSTRAINT `stand_assignments_history_stand_id_foreign` FOREIGN KEY (`stand_id`) REFERENCES `stands` (`id`) ON DELETE CASCADE,
  CONSTRAINT `stand_assignments_history_user_id_foreign` FOREIGN KEY (`user_id`) REFERENCES `user` (`id`) ON DELETE CASCADE
) ENGINE=InnoDB DEFAULT CHARSET=utf8mb4 COLLATE=utf8mb4_unicode_ci;
/*!40101 SET character_set_client = @saved_cs_client */;

--
-- Dumping data for table `stand_assignments_history`
--

LOCK TABLES `stand_assignments_history` WRITE;
/*!40000 ALTER TABLE `stand_assignments_history` DISABLE KEYS */;
/*!40000 ALTER TABLE `stand_assignments_history` ENABLE KEYS */;
UNLOCK TABLES;

--
-- Table structure for table `stand_pairs`
--

DROP TABLE IF EXISTS `stand_pairs`;
/*!40101 SET @saved_cs_client     = @@character_set_client */;
/*!40101 SET character_set_client = utf8 */;
CREATE TABLE `stand_pairs` (
  `id` bigint unsigned NOT NULL AUTO_INCREMENT,
  `stand_id` bigint unsigned NOT NULL COMMENT 'The first stand in the pair',
  `paired_stand_id` bigint unsigned NOT NULL COMMENT 'The second stand in the pair',
  PRIMARY KEY (`id`),
  UNIQUE KEY `stand_pairs_stand_id_paired_stand_id_unique` (`stand_id`,`paired_stand_id`),
  KEY `stand_pairs_paired_stand_id_foreign` (`paired_stand_id`),
  CONSTRAINT `stand_pairs_paired_stand_id_foreign` FOREIGN KEY (`paired_stand_id`) REFERENCES `stands` (`id`) ON DELETE CASCADE,
  CONSTRAINT `stand_pairs_stand_id_foreign` FOREIGN KEY (`stand_id`) REFERENCES `stands` (`id`) ON DELETE CASCADE
) ENGINE=InnoDB AUTO_INCREMENT=791 DEFAULT CHARSET=utf8mb4 COLLATE=utf8mb4_unicode_ci;
/*!40101 SET character_set_client = @saved_cs_client */;

--
-- Dumping data for table `stand_pairs`
--

LOCK TABLES `stand_pairs` WRITE;
/*!40000 ALTER TABLE `stand_pairs` DISABLE KEYS */;
INSERT INTO `stand_pairs` VALUES (7,14,15),(8,15,14),(10,15,16),(9,16,15),(5,21,22),(6,22,21),(3,24,25),(4,25,24),(1,27,28),(2,28,27),(11,34,35),(12,35,34),(13,36,37),(14,37,36),(15,44,45),(16,45,44),(17,53,54),(18,54,53),(20,54,55),(19,55,54),(26,71,72),(24,71,73),(25,72,71),(22,72,73),(23,73,71),(21,73,72),(32,74,75),(30,74,76),(31,75,74),(28,75,76),(29,76,74),(27,76,75),(38,77,78),(36,77,79),(37,78,77),(34,78,79),(35,79,77),(33,79,78),(44,80,81),(42,80,82),(43,81,80),(40,81,82),(41,82,80),(39,82,81),(50,83,84),(48,83,85),(49,84,83),(46,84,85),(47,85,83),(45,85,84),(56,86,87),(54,86,1508),(55,87,86),(52,87,1508),(75,203,206),(76,206,203),(77,229,230),(78,230,229),(79,231,235),(80,235,231),(81,235,236),(82,236,235),(83,250,1521),(85,251,253),(94,251,288),(96,252,288),(86,253,251),(98,253,288),(87,254,259),(100,254,288),(104,255,288),(106,256,288),(108,257,288),(118,257,290),(110,258,288),(120,258,290),(88,259,254),(112,259,289),(122,259,290),(114,260,289),(126,260,290),(116,261,289),(128,261,290),(130,262,290),(89,270,271),(90,271,270),(91,278,279),(92,279,278),(93,288,251),(95,288,252),(97,288,253),(99,288,254),(103,288,255),(105,288,256),(107,288,257),(109,288,258),(101,288,1542),(111,289,259),(113,289,260),(115,289,261),(124,289,290),(117,290,257),(119,290,258),(121,290,259),(125,290,260),(127,290,261),(129,290,262),(123,290,289),(131,299,312),(133,310,1522),(135,310,1523),(137,311,1523),(132,312,299),(142,312,313),(143,312,1524),(141,313,312),(140,313,1524),(146,330,331),(145,331,330),(147,339,340),(148,340,339),(159,424,425),(160,425,424),(161,426,427),(162,427,426),(163,469,470),(165,469,471),(164,470,469),(167,470,471),(166,471,469),(168,471,470),(171,486,487),(169,486,488),(172,487,486),(174,487,488),(170,488,486),(173,488,487),(177,489,490),(175,489,491),(178,490,489),(180,490,491),(176,491,489),(179,491,490),(183,492,493),(181,492,494),(184,493,492),(186,493,494),(182,494,492),(185,494,493),(189,495,496),(187,495,497),(190,496,495),(192,496,497),(188,497,495),(191,497,496),(195,498,499),(193,498,500),(196,499,498),(198,499,500),(194,500,498),(197,500,499),(201,501,502),(199,501,503),(202,502,501),(204,502,503),(200,503,501),(203,503,502),(205,506,507),(207,506,508),(206,507,506),(209,507,508),(208,508,506),(210,508,507),(211,510,511),(213,510,512),(212,511,510),(215,511,512),(214,512,510),(216,512,511),(219,517,518),(217,517,519),(220,518,517),(222,518,519),(218,519,517),(221,519,518),(225,520,521),(223,520,522),(226,521,520),(228,521,522),(224,522,520),(227,522,521),(231,524,525),(229,524,526),(232,525,524),(234,525,526),(230,526,524),(233,526,525),(235,531,532),(237,531,533),(236,532,531),(239,532,533),(238,533,531),(240,533,532),(241,534,535),(243,534,536),(242,535,534),(245,535,536),(244,536,534),(246,536,535),(247,538,539),(249,538,540),(248,539,538),(251,539,540),(250,540,538),(252,540,539),(253,551,552),(255,551,553),(254,552,551),(257,552,553),(256,553,551),(258,553,552),(259,565,566),(261,565,567),(260,566,565),(263,566,567),(262,567,565),(264,567,566),(265,568,569),(266,569,568),(267,570,571),(269,570,572),(268,571,570),(271,571,572),(270,572,570),(272,572,571),(273,573,574),(275,573,1525),(274,574,573),(277,574,1525),(279,578,579),(281,578,580),(280,579,578),(283,579,580),(282,580,578),(284,580,579),(285,582,583),(287,582,584),(286,583,582),(289,583,584),(288,584,582),(290,584,583),(291,589,590),(293,589,591),(292,590,589),(295,590,591),(294,591,589),(296,591,590),(297,594,595),(299,594,596),(298,595,594),(301,595,596),(300,596,594),(302,596,595),(303,597,598),(305,597,1526),(304,598,597),(307,598,1526),(309,601,602),(311,601,603),(310,602,601),(313,602,603),(312,603,601),(314,603,602),(315,604,605),(317,604,1527),(316,605,604),(319,605,1527),(323,610,611),(321,610,612),(324,611,610),(326,611,612),(322,612,610),(325,612,611),(329,613,614),(327,613,615),(330,614,613),(332,614,615),(328,615,613),(331,615,614),(335,616,617),(333,616,618),(336,617,616),(338,617,618),(334,618,616),(337,618,617),(341,619,620),(339,619,621),(342,620,619),(344,620,621),(340,621,619),(343,621,620),(347,622,623),(345,622,624),(348,623,622),(350,623,624),(346,624,622),(349,624,623),(353,625,626),(351,625,627),(354,626,625),(356,626,627),(352,627,625),(355,627,626),(357,661,664),(359,662,664),(361,663,664),(358,664,661),(360,664,662),(362,664,663),(578,711,712),(579,711,713),(577,712,711),(580,713,711),(582,716,717),(583,716,718),(581,717,716),(584,718,716),(586,725,726),(587,725,727),(585,726,725),(588,727,725),(590,728,729),(591,728,730),(589,729,728),(592,730,728),(595,735,736),(594,735,1537),(596,736,735),(599,739,740),(598,739,741),(600,740,739),(597,741,739),(603,742,743),(602,742,744),(604,743,742),(601,744,742),(606,749,750),(607,749,751),(605,750,749),(608,751,749),(610,752,753),(611,752,754),(609,753,752),(612,754,752),(614,755,756),(615,755,757),(613,756,755),(616,757,755),(618,760,761),(619,760,762),(617,761,760),(620,762,760),(622,764,1538),(623,764,1539),(626,765,1540),(627,765,1541),(630,789,790),(631,789,791),(629,790,789),(632,791,789),(634,796,797),(635,796,798),(633,797,796),(636,798,796),(638,810,811),(639,810,812),(637,811,810),(640,812,810),(641,816,817),(642,817,816),(643,832,833),(644,833,832),(645,834,835),(646,835,834),(648,840,841),(649,840,842),(647,841,840),(650,842,840),(651,869,870),(652,870,869),(653,872,873),(654,873,872),(656,896,897),(657,896,898),(655,897,896),(658,898,896),(660,899,900),(661,899,901),(659,900,899),(662,901,899),(664,902,903),(665,902,904),(663,903,902),(666,904,902),(668,905,906),(669,905,907),(667,906,905),(670,907,905),(672,908,909),(673,908,910),(671,909,908),(674,910,908),(363,963,964),(364,964,963),(365,965,966),(366,966,965),(367,967,968),(368,968,967),(373,972,980),(371,972,981),(375,976,978),(379,977,982),(381,977,983),(383,977,984),(376,978,976),(378,978,979),(377,979,978),(374,980,972),(369,980,981),(372,981,972),(370,981,980),(380,982,977),(382,983,977),(384,984,977),(385,989,990),(387,989,991),(386,990,989),(389,990,991),(388,991,989),(390,991,990),(391,1001,1003),(393,1002,1003),(392,1003,1001),(394,1003,1002),(395,1004,1005),(396,1005,1004),(397,1006,1007),(398,1007,1006),(399,1012,1013),(400,1013,1012),(401,1015,1016),(402,1016,1015),(412,1030,1058),(410,1038,1057),(409,1057,1038),(411,1058,1030),(404,1059,1060),(407,1059,1061),(403,1060,1059),(405,1060,1061),(408,1061,1059),(406,1061,1060),(413,1087,1088),(414,1088,1087),(415,1089,1090),(775,1090,1091),(776,1091,1090),(419,1098,1099),(420,1099,1098),(421,1103,1104),(423,1103,1105),(422,1104,1103),(425,1104,1105),(427,1104,1106),(424,1105,1103),(426,1105,1104),(428,1106,1104),(429,1106,1107),(430,1107,1106),(431,1107,1108),(432,1108,1107),(433,1108,1110),(434,1110,1108),(442,1112,1113),(441,1113,1112),(440,1113,1114),(439,1114,1113),(438,1114,1115),(437,1115,1114),(435,1115,1116),(436,1116,1115),(445,1117,1118),(444,1117,1119),(460,1117,1122),(446,1118,1117),(443,1119,1117),(458,1119,1122),(450,1120,1121),(455,1120,1122),(452,1120,1123),(449,1121,1120),(447,1121,1123),(459,1122,1117),(457,1122,1119),(456,1122,1120),(454,1122,1123),(451,1123,1120),(448,1123,1121),(453,1123,1122),(782,1125,1606),(461,1126,1142),(463,1126,1143),(465,1127,1128),(466,1128,1127),(467,1134,1135),(468,1135,1134),(469,1135,1136),(470,1136,1135),(471,1139,1140),(472,1140,1139),(462,1142,1126),(464,1143,1126),(475,1151,1152),(474,1151,1153),(476,1152,1151),(473,1153,1151),(477,1154,1155),(478,1155,1154),(480,1166,1167),(483,1166,1168),(487,1166,1169),(479,1167,1166),(481,1167,1168),(485,1167,1169),(484,1168,1166),(482,1168,1167),(489,1168,1169),(488,1169,1166),(486,1169,1167),(490,1169,1168),(491,1185,1186),(492,1186,1185),(494,1186,1187),(496,1186,1188),(493,1187,1186),(495,1188,1186),(497,1213,1214),(498,1214,1213),(501,1216,1217),(500,1216,1218),(502,1217,1216),(499,1218,1216),(503,1219,1220),(504,1220,1219),(505,1220,1221),(506,1221,1220),(507,1222,1223),(508,1223,1222),(509,1233,1528),(511,1234,1529),(513,1235,1530),(515,1236,1530),(517,1240,1531),(519,1241,1532),(521,1243,1244),(522,1244,1243),(526,1245,1246),(528,1245,1247),(525,1246,1245),(523,1246,1247),(527,1247,1245),(524,1247,1246),(529,1251,1252),(530,1252,1251),(531,1252,1253),(532,1253,1252),(533,1254,1255),(534,1255,1254),(535,1257,1533),(538,1268,1534),(539,1268,1535),(541,1282,1536),(543,1287,1289),(545,1288,1289),(544,1289,1287),(546,1289,1288),(547,1290,1291),(549,1290,1292),(553,1290,1294),(548,1291,1290),(551,1291,1292),(550,1292,1290),(552,1292,1291),(556,1293,1294),(557,1293,1295),(554,1294,1290),(555,1294,1293),(558,1295,1293),(559,1310,1311),(561,1310,1312),(563,1310,1313),(560,1311,1310),(562,1312,1310),(564,1313,1310),(692,1331,1556),(694,1331,1557),(575,1333,1334),(576,1334,1333),(567,1335,1336),(568,1336,1335),(569,1336,1337),(571,1336,1338),(570,1337,1336),(573,1337,1338),(572,1338,1336),(574,1338,1337),(696,1339,1558),(698,1339,1559),(700,1341,1560),(702,1341,1561),(704,1342,1562),(706,1342,1563),(708,1343,1564),(710,1343,1565),(712,1345,1566),(714,1345,1567),(716,1348,1568),(718,1348,1569),(720,1349,1570),(722,1349,1571),(724,1350,1572),(726,1350,1573),(728,1355,1574),(730,1355,1575),(732,1364,1576),(734,1364,1577),(736,1365,1578),(738,1365,1579),(740,1366,1580),(742,1366,1581),(744,1369,1582),(746,1369,1583),(748,1370,1584),(750,1370,1585),(752,1371,1586),(754,1371,1587),(756,1372,1588),(758,1372,1589),(760,1373,1590),(762,1373,1591),(764,1374,1592),(766,1374,1593),(768,1375,1594),(770,1375,1595),(772,1376,1596),(774,1376,1597),(565,1424,1425),(566,1425,1424),(149,1495,1496),(150,1496,1495),(151,1496,1497),(152,1497,1496),(153,1498,1499),(154,1499,1498),(155,1499,1500),(156,1500,1499),(157,1500,1501),(158,1501,1500),(53,1508,86),(51,1508,87),(57,1510,1511),(59,1510,1512),(61,1510,1513),(58,1511,1510),(63,1511,1512),(65,1511,1513),(60,1512,1510),(64,1512,1511),(67,1512,1513),(62,1513,1510),(66,1513,1511),(68,1513,1512),(70,1515,1516),(74,1515,1517),(69,1516,1515),(71,1516,1517),(73,1517,1515),(72,1517,1516),(84,1521,250),(134,1522,310),(136,1523,310),(138,1523,311),(144,1524,312),(139,1524,313),(276,1525,573),(278,1525,574),(306,1526,597),(308,1526,598),(318,1527,604),(320,1527,605),(510,1528,1233),(512,1529,1234),(514,1530,1235),(516,1530,1236),(518,1531,1240),(520,1532,1241),(536,1533,1257),(537,1534,1268),(540,1535,1268),(542,1536,1282),(593,1537,735),(621,1538,764),(624,1539,764),(625,1540,765),(628,1541,765),(102,1542,288),(676,1543,1544),(678,1543,1545),(675,1544,1543),(677,1545,1543),(680,1546,1547),(682,1546,1548),(679,1547,1546),(681,1548,1546),(684,1550,1551),(686,1550,1552),(683,1551,1550),(685,1552,1550),(688,1553,1554),(690,1553,1555),(687,1554,1553),(689,1555,1553),(691,1556,1331),(693,1557,1331),(695,1558,1339),(697,1559,1339),(699,1560,1341),(701,1561,1341),(703,1562,1342),(705,1563,1342),(707,1564,1343),(709,1565,1343),(711,1566,1345),(713,1567,1345),(715,1568,1348),(717,1569,1348),(719,1570,1349),(721,1571,1349),(723,1572,1350),(725,1573,1350),(727,1574,1355),(729,1575,1355),(731,1576,1364),(733,1577,1364),(735,1578,1365),(737,1579,1365),(739,1580,1366),(741,1581,1366),(743,1582,1369),(745,1583,1369),(747,1584,1370),(749,1585,1370),(751,1586,1371),(753,1587,1371),(755,1588,1372),(757,1589,1372),(759,1590,1373),(761,1591,1373),(763,1592,1374),(765,1593,1374),(767,1594,1375),(769,1595,1375),(771,1596,1376),(773,1597,1376),(777,1606,1125),(778,1606,1607),(779,1607,1606),(780,1610,1611),(781,1611,1610),(783,1613,1614),(784,1614,1613),(785,1614,1615),(786,1615,1614),(787,1616,1618),(788,1618,1616),(789,1618,1619),(790,1619,1618);
/*!40000 ALTER TABLE `stand_pairs` ENABLE KEYS */;
UNLOCK TABLES;

--
-- Table structure for table `stand_reservations`
--

DROP TABLE IF EXISTS `stand_reservations`;
/*!40101 SET @saved_cs_client     = @@character_set_client */;
/*!40101 SET character_set_client = utf8 */;
CREATE TABLE `stand_reservations` (
  `id` bigint unsigned NOT NULL AUTO_INCREMENT,
  `stand_id` bigint unsigned NOT NULL COMMENT 'The stand that is reserved',
  `callsign` varchar(255) CHARACTER SET utf8mb4 COLLATE utf8mb4_unicode_ci DEFAULT NULL COMMENT 'The callsign that the stand is reserved for',
  `cid` int unsigned DEFAULT NULL COMMENT 'The vatsim CID that this reservation belongs to',
  `origin` varchar(4) COLLATE utf8mb4_unicode_ci DEFAULT NULL COMMENT 'The origin airfield',
  `destination` varchar(4) COLLATE utf8mb4_unicode_ci DEFAULT NULL COMMENT 'The destination airfield',
  `start` timestamp NOT NULL COMMENT 'The time the reservation starts',
  `end` timestamp NOT NULL COMMENT 'The time the reservation ends',
  `created_at` timestamp NULL DEFAULT NULL,
  `updated_at` timestamp NULL DEFAULT NULL,
  PRIMARY KEY (`id`),
  KEY `stand_reservations_stand_id_foreign` (`stand_id`),
  KEY `stand_reservations_start_index` (`start`),
  KEY `stand_reservations_end_index` (`end`),
  KEY `stand_reservations_origin_index` (`origin`),
  KEY `stand_reservations_destination_index` (`destination`),
  KEY `stand_reservations_cid` (`cid`),
  KEY `stand_reservations_cid_start_end` (`cid`,`start`,`end`),
  KEY `stand_reservations_start_end` (`start`,`end`),
  CONSTRAINT `stand_reservations_stand_id_foreign` FOREIGN KEY (`stand_id`) REFERENCES `stands` (`id`) ON DELETE CASCADE
) ENGINE=InnoDB AUTO_INCREMENT=950 DEFAULT CHARSET=utf8mb4 COLLATE=utf8mb4_unicode_ci;
/*!40101 SET character_set_client = @saved_cs_client */;

--
-- Dumping data for table `stand_reservations`
--

LOCK TABLES `stand_reservations` WRITE;
/*!40000 ALTER TABLE `stand_reservations` DISABLE KEYS */;
INSERT INTO `stand_reservations` VALUES (1,709,'ITY210',NULL,'LIRF','EGLL','2022-01-09 21:50:00','2022-01-09 22:20:00','2022-07-30 16:22:58','2022-07-30 16:22:58'),(2,719,'DLH2CN',NULL,'EDDM','EGLL','2022-01-09 21:48:00','2022-01-09 22:18:00','2022-07-30 16:22:58','2022-07-30 16:22:58'),(3,733,'TAP1366',NULL,'LPPT','EGLL','2022-01-09 21:47:00','2022-01-09 22:17:00','2022-07-30 16:22:58','2022-07-30 16:22:58'),(4,712,'THY1987',NULL,'LTFM','EGLL','2022-01-09 21:33:00','2022-01-09 22:03:00','2022-07-30 16:22:58','2022-07-30 16:22:58'),(5,874,'BAW2703',NULL,'GCTS','EGLL','2022-01-09 22:03:00','2022-01-09 22:33:00','2022-07-30 16:22:58','2022-07-30 16:22:58'),(6,720,'DLH4UY',NULL,'EDDF','EGLL','2022-01-09 21:53:00','2022-01-09 22:23:00','2022-07-30 16:22:58','2022-07-30 16:22:58'),(7,783,'BAW2651',NULL,'LATI','EGLL','2022-01-09 21:34:00','2022-01-09 22:04:00','2022-07-30 16:22:58','2022-07-30 16:22:58'),(8,897,'BAW2693',NULL,'LPFR','EGLL','2022-01-09 23:07:00','2022-01-09 23:37:00','2022-07-30 16:22:58','2022-07-30 16:22:58'),(9,881,'BAW900A',NULL,'LEMG','EGLL','2022-01-09 23:09:00','2022-01-09 23:39:00','2022-07-30 16:22:58','2022-07-30 16:22:58'),(10,859,'SHT19XG',NULL,'EGPD','EGLL','2022-01-09 23:11:00','2022-01-09 23:41:00','2022-07-30 16:22:58','2022-07-30 16:22:58'),(11,1538,'AFR91GR',NULL,'LFPG','EGLL','2022-01-09 20:54:00','2022-01-09 21:24:00','2022-07-30 16:22:58','2022-07-30 16:22:58'),(12,927,'BAW2783',NULL,'LPPR','EGLL','2022-01-09 22:29:00','2022-01-09 22:59:00','2022-07-30 16:22:58','2022-07-30 16:22:58'),(13,909,'BAW737',NULL,'LSGG','EGLL','2022-01-09 23:04:00','2022-01-09 23:34:00','2022-07-30 16:22:58','2022-07-30 16:22:58'),(14,715,'AUA4HV',NULL,'LOWW','EGLL','2022-01-09 20:47:00','2022-01-09 21:17:00','2022-07-30 16:22:58','2022-07-30 16:22:58'),(15,915,'BAW2571',NULL,'LEPA','EGLL','2022-01-09 22:30:00','2022-01-09 23:00:00','2022-07-30 16:22:58','2022-07-30 16:22:58'),(16,710,'TAP135A',NULL,'LPPT','EGLL','2022-01-09 20:56:00','2022-01-09 21:26:00','2022-07-30 16:22:58','2022-07-30 16:22:58'),(17,767,'BAW605',NULL,'LIRP','EGLL','2022-01-09 22:08:00','2022-01-09 22:38:00','2022-07-30 16:22:58','2022-07-30 16:22:58'),(18,714,'SWR358',NULL,'LSGG','EGLL','2022-01-09 20:43:00','2022-01-09 21:13:00','2022-07-30 16:22:58','2022-07-30 16:22:58'),(19,888,'BAW851W',NULL,'EPWA','EGLL','2022-01-09 21:08:00','2022-01-09 21:38:00','2022-07-30 16:22:58','2022-07-30 16:22:58'),(20,713,'BEL2EZ',NULL,'EBBR','EGLL','2022-01-09 20:34:00','2022-01-09 21:04:00','2022-07-30 16:22:58','2022-07-30 16:22:58'),(21,709,'AEE2FL',NULL,'LGAV','EGLL','2022-01-09 20:21:00','2022-01-09 20:51:00','2022-07-30 16:22:58','2022-07-30 16:22:58'),(22,895,'BAW2709',NULL,'LEBB','EGLL','2022-01-09 22:19:00','2022-01-09 22:49:00','2022-07-30 16:22:58','2022-07-30 16:22:58'),(23,913,'BAW407',NULL,'HECA','EGLL','2022-01-09 21:06:00','2022-01-09 21:36:00','2022-07-30 16:22:58','2022-07-30 16:22:58'),(24,1539,'BAW483B',NULL,'LEBL','EGLL','2022-01-09 21:58:00','2022-01-09 22:28:00','2022-07-30 16:22:58','2022-07-30 16:22:58'),(25,907,'BAW633',NULL,'LGAV','EGLL','2022-01-09 21:52:00','2022-01-09 22:22:00','2022-07-30 16:22:58','2022-07-30 16:22:58'),(26,869,'BAW463',NULL,'LEMD','EGLL','2022-01-09 22:00:00','2022-01-09 22:30:00','2022-07-30 16:22:58','2022-07-30 16:22:58'),(27,886,'BAW6DU',NULL,'EDDL','EGLL','2022-01-09 20:29:00','2022-01-09 20:59:00','2022-07-30 16:22:58','2022-07-30 16:22:58'),(28,929,'BAW83D',NULL,'EIDW','EGLL','2022-01-09 22:11:00','2022-01-09 22:41:00','2022-07-30 16:22:58','2022-07-30 16:22:58'),(29,1540,'KLM63V',NULL,'EHAM','EGLL','2022-01-09 20:20:00','2022-01-09 20:50:00','2022-07-30 16:22:58','2022-07-30 16:22:58'),(30,722,'DLH920',NULL,'EDDF','EGLL','2022-01-09 19:51:00','2022-01-09 20:21:00','2022-07-30 16:22:58','2022-07-30 16:22:58'),(31,721,'SWR24H',NULL,'LSZH','EGLL','2022-01-09 20:01:00','2022-01-09 20:31:00','2022-07-30 16:22:58','2022-07-30 16:22:58'),(32,779,'FIN7GR',NULL,'EFHK','EGLL','2022-01-09 20:18:00','2022-01-09 20:48:00','2022-07-30 16:22:58','2022-07-30 16:22:58'),(33,890,'BAW164',NULL,'LLBG','EGLL','2022-01-09 19:53:00','2022-01-09 20:23:00','2022-07-30 16:22:58','2022-07-30 16:22:58'),(34,931,'BAW795',NULL,'ESGG','EGLL','2022-01-09 20:28:00','2022-01-09 20:58:00','2022-07-30 16:22:58','2022-07-30 16:22:58'),(35,930,'BAW2891',NULL,'LOWI','EGLL','2022-01-09 19:59:00','2022-01-09 20:29:00','2022-07-30 16:22:58','2022-07-30 16:22:58'),(36,866,'BAW19LX',NULL,'ELLX','EGLL','2022-01-09 19:43:00','2022-01-09 20:13:00','2022-07-30 16:22:58','2022-07-30 16:22:58'),(37,739,'MSR779',NULL,'HECA','EGLL','2022-01-09 20:25:00','2022-01-09 20:55:00','2022-07-30 16:22:58','2022-07-30 16:22:58'),(38,724,'UAL934',NULL,'KEWR','EGLL','2022-01-09 19:55:00','2022-01-09 20:25:00','2022-07-30 16:22:58','2022-07-30 16:22:58'),(39,786,'BAW12DT',NULL,'LHBP','EGLL','2022-01-09 19:52:00','2022-01-09 20:22:00','2022-07-30 16:22:58','2022-07-30 16:22:58'),(40,925,'BAW3HK',NULL,'EDDS','EGLL','2022-01-09 21:20:00','2022-01-09 21:50:00','2022-07-30 16:22:58','2022-07-30 16:22:58'),(41,906,'BAW2579',NULL,'LIMF','EGLL','2022-01-09 21:45:00','2022-01-09 22:15:00','2022-07-30 16:22:58','2022-07-30 16:22:58'),(42,893,'BAW2785',NULL,'LPMA','EGLL','2022-01-09 21:00:00','2022-01-09 21:30:00','2022-07-30 16:22:58','2022-07-30 16:22:58'),(43,784,'CPA253',NULL,'VHHH','EGLL','2022-01-09 18:57:00','2022-01-09 19:27:00','2022-07-30 16:22:58','2022-07-30 16:22:58'),(44,868,'BAW10AB',NULL,'EDDB','EGLL','2022-01-09 20:12:00','2022-01-09 20:42:00','2022-07-30 16:22:58','2022-07-30 16:22:58'),(45,770,'VIR26Q',NULL,'KJFK','EGLL','2022-01-09 19:39:00','2022-01-09 20:09:00','2022-07-30 16:22:58','2022-07-30 16:22:58'),(46,871,'BAW569J',NULL,'LIML','EGLL','2022-01-09 19:21:00','2022-01-09 19:51:00','2022-07-30 16:22:58','2022-07-30 16:22:58'),(47,766,'UAE4CK',NULL,'OMDB','EGLL','2022-01-09 19:46:00','2022-01-09 20:16:00','2022-07-30 16:22:58','2022-07-30 16:22:58'),(48,720,'LOG52TH',NULL,'EGNV','EGLL','2022-01-09 19:08:00','2022-01-09 19:38:00','2022-07-30 16:22:58','2022-07-30 16:22:58'),(49,908,'QTR01M',NULL,'OTHH','EGLL','2022-01-09 19:19:00','2022-01-09 19:49:00','2022-07-30 16:22:58','2022-07-30 16:22:58'),(50,915,'BAW178',NULL,'KJFK','EGLL','2022-01-09 19:03:00','2022-01-09 19:33:00','2022-07-30 16:22:58','2022-07-30 16:22:58'),(51,867,'BAW411',NULL,'LEVC','EGLL','2022-01-09 19:34:00','2022-01-09 20:04:00','2022-07-30 16:22:58','2022-07-30 16:22:58'),(52,901,'BAW781C',NULL,'ESSA','EGLL','2022-01-09 19:05:00','2022-01-09 19:35:00','2022-07-30 16:22:58','2022-07-30 16:22:58'),(53,921,'BAW42',NULL,'FACT','EGLL','2022-01-09 19:37:00','2022-01-09 20:07:00','2022-07-30 16:22:58','2022-07-30 16:22:58'),(54,787,'BAW34V',NULL,'LKPR','EGLL','2022-01-09 20:17:00','2022-01-09 20:47:00','2022-07-30 16:22:58','2022-07-30 16:22:58'),(55,712,'THY1983',NULL,'LTFM','EGLL','2022-01-09 18:59:00','2022-01-09 19:29:00','2022-07-30 16:22:58','2022-07-30 16:22:58'),(56,858,'DHK377',NULL,'KCVG','EGLL','2022-01-09 20:23:00','2022-01-09 20:53:00','2022-07-30 16:22:58','2022-07-30 16:22:58'),(57,865,'BAW45NW',NULL,'LMML','EGLL','2022-01-09 20:24:00','2022-01-09 20:54:00','2022-07-30 16:22:58','2022-07-30 16:22:58'),(58,782,'BAW491U',NULL,'LXGB','EGLL','2022-01-09 19:25:00','2022-01-09 19:55:00','2022-07-30 16:22:58','2022-07-30 16:22:58'),(59,733,'ICE454',NULL,'BIKF','EGLL','2022-01-09 18:29:00','2022-01-09 18:59:00','2022-07-30 16:22:58','2022-07-30 16:22:58'),(60,719,'SZS1507',NULL,'EKCH','EGLL','2022-01-09 19:01:00','2022-01-09 19:31:00','2022-07-30 16:22:58','2022-07-30 16:22:58'),(61,721,'AMC102',NULL,'LMML','EGLL','2022-01-09 18:19:00','2022-01-09 18:49:00','2022-07-30 16:22:58','2022-07-30 16:22:58'),(62,778,'VTI017',NULL,'VIDP','EGLL','2022-01-09 19:58:00','2022-01-09 20:28:00','2022-07-30 16:22:58','2022-07-30 16:22:58'),(63,910,'SHT7U',NULL,'EGPF','EGLL','2022-01-09 21:57:00','2022-01-09 22:27:00','2022-07-30 16:22:58','2022-07-30 16:22:58'),(64,873,'BAW94HG',NULL,'EDDH','EGLL','2022-01-09 20:38:00','2022-01-09 21:08:00','2022-07-30 16:22:58','2022-07-30 16:22:58'),(65,748,'EVA069',NULL,'RCTP','EGLL','2022-01-09 18:24:00','2022-01-09 18:54:00','2022-07-30 16:22:58','2022-07-30 16:22:58'),(66,916,'BAW54',NULL,'FAOR','EGLL','2022-01-09 18:38:00','2022-01-09 19:08:00','2022-07-30 16:22:58','2022-07-30 16:22:58'),(67,875,'BAW819',NULL,'EKCH','EGLL','2022-01-09 19:10:00','2022-01-09 19:40:00','2022-07-30 16:22:58','2022-07-30 16:22:58'),(68,1540,'KLM73L',NULL,'EHAM','EGLL','2022-01-09 18:18:00','2022-01-09 18:48:00','2022-07-30 16:22:58','2022-07-30 16:22:58'),(69,709,'SWR338',NULL,'LSZH','EGLL','2022-01-09 18:28:00','2022-01-09 18:58:00','2022-07-30 16:22:58','2022-07-30 16:22:58'),(70,876,'BAW55CO',NULL,'LIRF','EGLL','2022-01-09 21:55:00','2022-01-09 22:25:00','2022-07-30 16:22:58','2022-07-30 16:22:58'),(71,785,'BAW85GA',NULL,'LDZA','EGLL','2022-01-09 18:54:00','2022-01-09 19:24:00','2022-07-30 16:22:58','2022-07-30 16:22:58'),(72,731,'SIA318',NULL,'WSSS','EGLL','2022-01-09 18:40:00','2022-01-09 19:10:00','2022-07-30 16:22:58','2022-07-30 16:22:58'),(73,780,'ALK503',NULL,'VCBI','EGLL','2022-01-09 19:35:00','2022-01-09 20:05:00','2022-07-30 16:22:58','2022-07-30 16:22:58'),(74,715,'EWG468',NULL,'EDDK','EGLL','2022-01-09 18:08:00','2022-01-09 18:38:00','2022-07-30 16:22:58','2022-07-30 16:22:58'),(75,794,'VIR602',NULL,'FAOR','EGLL','2022-01-09 18:50:00','2022-01-09 19:20:00','2022-07-30 16:22:58','2022-07-30 16:22:58'),(76,716,'EIN1XT',NULL,'EIDW','EGLL','2022-01-09 18:13:00','2022-01-09 18:43:00','2022-07-30 16:22:58','2022-07-30 16:22:58'),(77,735,'AIC149',NULL,'VOCI','EGLL','2022-01-09 19:22:00','2022-01-09 19:52:00','2022-07-30 16:22:58','2022-07-30 16:22:58'),(78,867,'IBE31WP',NULL,'LEMD','EGLL','2022-01-09 17:48:00','2022-01-09 18:18:00','2022-07-30 16:22:58','2022-07-30 16:22:58'),(79,722,'AUA455D',NULL,'LOWW','EGLL','2022-01-09 18:15:00','2022-01-09 18:45:00','2022-07-30 16:22:58','2022-07-30 16:22:58'),(80,710,'TAP1364',NULL,'LPPT','EGLL','2022-01-09 18:06:00','2022-01-09 18:36:00','2022-07-30 16:22:58','2022-07-30 16:22:58'),(81,883,'BAW2775',NULL,'EGJJ','EGLL','2022-01-09 20:33:00','2022-01-09 21:03:00','2022-07-30 16:22:58','2022-07-30 16:22:58'),(82,719,'EIN7EG',NULL,'EICK','EGLL','2022-01-09 17:58:00','2022-01-09 18:28:00','2022-07-30 16:22:58','2022-07-30 16:22:58'),(83,747,'GCR7973',NULL,'ZSQD','EGLL','2022-01-09 18:21:00','2022-01-09 18:51:00','2022-07-30 16:22:58','2022-07-30 16:22:58'),(84,777,'AFR77BW',NULL,'LFPG','EGLL','2022-01-09 18:22:00','2022-01-09 18:52:00','2022-07-30 16:22:58','2022-07-30 16:22:58'),(85,875,'BAW323V',NULL,'LFPG','EGLL','2022-01-09 21:43:00','2022-01-09 22:13:00','2022-07-30 16:22:58','2022-07-30 16:22:58'),(86,900,'BAW519',NULL,'LPPT','EGLL','2022-01-09 18:26:00','2022-01-09 18:56:00','2022-07-30 16:22:58','2022-07-30 16:22:58'),(87,876,'BAW677',NULL,'LTFM','EGLL','2022-01-09 19:14:00','2022-01-09 19:44:00','2022-07-30 16:22:58','2022-07-30 16:22:58'),(88,869,'BAW685F',NULL,'LOWI','EGLL','2022-01-09 18:11:00','2022-01-09 18:41:00','2022-07-30 16:22:58','2022-07-30 16:22:58'),(89,712,'EWG5PK',NULL,'EDDH','EGLL','2022-01-09 17:46:00','2022-01-09 18:16:00','2022-07-30 16:22:58','2022-07-30 16:22:58'),(90,714,'SWR56M',NULL,'LSGG','EGLL','2022-01-09 17:49:00','2022-01-09 18:19:00','2022-07-30 16:22:58','2022-07-30 16:22:58'),(91,720,'SAS811',NULL,'ENGM','EGLL','2022-01-09 17:37:00','2022-01-09 18:07:00','2022-07-30 16:22:58','2022-07-30 16:22:58'),(92,862,'SHT13K',NULL,'EGNT','EGLL','2022-01-09 19:27:00','2022-01-09 19:57:00','2022-07-30 16:22:58','2022-07-30 16:22:58'),(93,879,'BAW399R',NULL,'EBBR','EGLL','2022-01-09 19:16:00','2022-01-09 19:46:00','2022-07-30 16:22:58','2022-07-30 16:22:58'),(94,725,'OMA101',NULL,'OOMS','EGLL','2022-01-09 17:44:00','2022-01-09 18:14:00','2022-07-30 16:22:58','2022-07-30 16:22:58'),(95,898,'BAW595N',NULL,'LIPZ','EGLL','2022-01-09 18:03:00','2022-01-09 18:33:00','2022-07-30 16:22:58','2022-07-30 16:22:58'),(96,768,'BAW703',NULL,'LOWW','EGLL','2022-01-09 20:07:00','2022-01-09 20:37:00','2022-07-30 16:22:58','2022-07-30 16:22:58'),(97,865,'BAW767V',NULL,'ENGM','EGLL','2022-01-09 17:20:00','2022-01-09 17:50:00','2022-07-30 16:22:58','2022-07-30 16:22:58'),(98,764,'UAE3',NULL,'OMDB','EGLL','2022-01-09 17:56:00','2022-01-09 18:26:00','2022-07-30 16:22:58','2022-07-30 16:22:58'),(99,860,'SHT19T',NULL,'EGPD','EGLL','2022-01-09 19:41:00','2022-01-09 20:11:00','2022-07-30 16:22:58','2022-07-30 16:22:58'),(100,717,'EIN93D',NULL,'EGAC','EGLL','2022-01-09 17:27:00','2022-01-09 17:57:00','2022-07-30 16:22:58','2022-07-30 16:22:58'),(101,715,'WIF356',NULL,'ENBR','EGLL','2022-01-09 17:33:00','2022-01-09 18:03:00','2022-07-30 16:22:58','2022-07-30 16:22:58'),(102,902,'BAW60',NULL,'VRMM','EGLL','2022-01-09 20:15:00','2022-01-09 20:45:00','2022-07-30 16:22:58','2022-07-30 16:22:58'),(103,883,'BAW2655',NULL,'LOWS','EGLL','2022-01-09 17:24:00','2022-01-09 17:54:00','2022-07-30 16:22:58','2022-07-30 16:22:58'),(104,787,'ETD57X',NULL,'OMAA','EGLL','2022-01-09 17:51:00','2022-01-09 18:21:00','2022-07-30 16:22:58','2022-07-30 16:22:58'),(105,709,'SWR36A',NULL,'LSZH','EGLL','2022-01-09 17:53:00','2022-01-09 18:23:00','2022-07-30 16:22:58','2022-07-30 16:22:58'),(106,763,'FIN7TC',NULL,'EFHK','EGLL','2022-01-09 17:55:00','2022-01-09 18:25:00','2022-07-30 16:22:58','2022-07-30 16:22:58'),(107,777,'BAW13MR',NULL,'LFML','EGLL','2022-01-09 19:49:00','2022-01-09 20:19:00','2022-07-30 16:22:58','2022-07-30 16:22:58'),(108,886,'BAW665Y',NULL,'LCLK','EGLL','2022-01-09 17:14:00','2022-01-09 17:44:00','2022-07-30 16:22:58','2022-07-30 16:22:58'),(109,712,'EWG2464',NULL,'EDDS','EGLL','2022-01-09 16:54:00','2022-01-09 17:24:00','2022-07-30 16:22:58','2022-07-30 16:22:58'),(110,714,'SZS1523',NULL,'ESSA','EGLL','2022-01-09 18:52:00','2022-01-09 19:22:00','2022-07-30 16:22:58','2022-07-30 16:22:58'),(111,859,'SHT14P',NULL,'EGPH','EGLL','2022-01-09 18:00:00','2022-01-09 18:30:00','2022-07-30 16:22:58','2022-07-30 16:22:58'),(112,718,'EIN386',NULL,'EINN','EGLL','2022-01-09 17:05:00','2022-01-09 17:35:00','2022-07-30 16:22:58','2022-07-30 16:22:58'),(113,874,'BAW88TP',NULL,'LROP','EGLL','2022-01-09 17:34:00','2022-01-09 18:04:00','2022-07-30 16:22:58','2022-07-30 16:22:58'),(114,897,'BAW33CE',NULL,'LFMN','EGLL','2022-01-09 17:35:00','2022-01-09 18:05:00','2022-07-30 16:22:58','2022-07-30 16:22:58'),(115,809,'CES7551',NULL,'ZSPD','EGLL','2022-01-09 17:12:00','2022-01-09 17:42:00','2022-07-30 16:22:58','2022-07-30 16:22:58'),(116,722,'ITY238',NULL,'LIML','EGLL','2022-01-09 16:39:00','2022-01-09 17:09:00','2022-07-30 16:22:58','2022-07-30 16:22:58'),(117,768,'BAW2799',NULL,'LEZL','EGLL','2022-01-09 17:39:00','2022-01-09 18:09:00','2022-07-30 16:22:58','2022-07-30 16:22:58'),(118,881,'BAW683',NULL,'LOWS','EGLL','2022-01-09 16:50:00','2022-01-09 17:20:00','2022-07-30 16:22:58','2022-07-30 16:22:58'),(119,710,'TAP1356',NULL,'LPPT','EGLL','2022-01-09 16:52:00','2022-01-09 17:22:00','2022-07-30 16:22:58','2022-07-30 16:22:58'),(120,889,'BAW717T',NULL,'LSZH','EGLL','2022-01-09 17:09:00','2022-01-09 17:39:00','2022-07-30 16:22:58','2022-07-30 16:22:58'),(121,782,'MEA203',NULL,'OLBA','EGLL','2022-01-09 17:16:00','2022-01-09 17:46:00','2022-07-30 16:22:58','2022-07-30 16:22:58'),(122,857,'BCS2212',NULL,'EDDP','EGLL','2022-01-09 16:43:00','2022-01-09 17:13:00','2022-07-30 16:22:58','2022-07-30 16:22:58'),(123,721,'LOT27E',NULL,'EPWA','EGLL','2022-01-09 16:55:00','2022-01-09 17:25:00','2022-07-30 16:22:58','2022-07-30 16:22:58'),(124,767,'BAW493U',NULL,'LXGB','EGLL','2022-01-09 18:09:00','2022-01-09 18:39:00','2022-07-30 16:22:58','2022-07-30 16:22:58'),(125,931,'BAW81D',NULL,'EIDW','EGLL','2022-01-09 17:38:00','2022-01-09 18:08:00','2022-07-30 16:22:58','2022-07-30 16:22:58'),(126,915,'IBE31ZK',NULL,'LEMD','EGLL','2022-01-09 16:24:00','2022-01-09 16:54:00','2022-07-30 16:22:58','2022-07-30 16:22:58'),(127,871,'BAW2HK',NULL,'GCRR','EGLL','2022-01-09 16:30:00','2022-01-09 17:00:00','2022-07-30 16:22:58','2022-07-30 16:22:58'),(128,866,'BAW2761',NULL,'EHAM','EGLL','2022-01-09 17:02:00','2022-01-09 17:32:00','2022-07-30 16:22:58','2022-07-30 16:22:58'),(129,936,'BAW881',NULL,'UUDD','EGLL','2022-01-09 17:07:00','2022-01-09 17:37:00','2022-07-30 16:22:58','2022-07-30 16:22:58'),(130,869,'IBE31MB',NULL,'LEMD','EGLL','2022-01-09 16:28:00','2022-01-09 16:58:00','2022-07-30 16:22:58','2022-07-30 16:22:58'),(131,719,'DLH1RC',NULL,'EDDM','EGLL','2022-01-09 16:34:00','2022-01-09 17:04:00','2022-07-30 16:22:58','2022-07-30 16:22:58'),(132,763,'FIN7WG',NULL,'EFHK','EGLL','2022-01-09 17:00:00','2022-01-09 17:30:00','2022-07-30 16:22:58','2022-07-30 16:22:58'),(133,934,'BAW953L',NULL,'EDDM','EGLL','2022-01-09 18:43:00','2022-01-09 19:13:00','2022-07-30 16:22:58','2022-07-30 16:22:58'),(134,858,'BCS13G',NULL,'EDDF','EGLL','2022-01-09 16:18:00','2022-01-09 16:48:00','2022-07-30 16:22:58','2022-07-30 16:22:58'),(135,718,'EIN172',NULL,'EIDW','EGLL','2022-01-09 16:00:00','2022-01-09 16:30:00','2022-07-30 16:22:58','2022-07-30 16:22:58'),(136,1543,'JAV4492',NULL,'EGCC','EGLL','2022-01-09 16:18:00','2022-01-09 16:48:00','2022-07-30 16:22:58','2022-07-30 16:22:58'),(137,712,'DLH6TT',NULL,'EDDF','EGLL','2022-01-09 16:02:00','2022-01-09 16:32:00','2022-07-30 16:22:58','2022-07-30 16:22:58'),(138,709,'SWR348',NULL,'LSGG','EGLL','2022-01-09 15:58:00','2022-01-09 16:28:00','2022-07-30 16:22:58','2022-07-30 16:22:58'),(139,1539,'AFR25ZL',NULL,'LFPG','EGLL','2022-01-09 15:35:00','2022-01-09 16:05:00','2022-07-30 16:22:58','2022-07-30 16:22:58'),(140,860,'SHT19A',NULL,'EGPD','EGLL','2022-01-09 16:07:00','2022-01-09 16:37:00','2022-07-30 16:22:58','2022-07-30 16:22:58'),(141,863,'SHT88C',NULL,'EGAC','EGLL','2022-01-09 17:30:00','2022-01-09 18:00:00','2022-07-30 16:22:58','2022-07-30 16:22:58'),(142,879,'BAW66GA',NULL,'LGAV','EGLL','2022-01-09 15:41:00','2022-01-09 16:11:00','2022-07-30 16:22:58','2022-07-30 16:22:58'),(143,785,'KAL907',NULL,'RKSI','EGLL','2022-01-09 15:44:00','2022-01-09 16:14:00','2022-07-30 16:22:58','2022-07-30 16:22:58'),(144,922,'BAW74',NULL,'DNMM','EGLL','2022-01-09 15:50:00','2022-01-09 16:20:00','2022-07-30 16:22:58','2022-07-30 16:22:58'),(145,878,'BAW2773',NULL,'EGJJ','EGLL','2022-01-09 16:36:00','2022-01-09 17:06:00','2022-07-30 16:22:58','2022-07-30 16:22:58'),(146,911,'BAW731W',NULL,'LSGG','EGLL','2022-01-09 16:57:00','2022-01-09 17:27:00','2022-07-30 16:22:58','2022-07-30 16:22:58'),(147,778,'BBC201',NULL,'VGZR','EGLL','2022-01-09 17:50:00','2022-01-09 18:20:00','2022-07-30 16:22:58','2022-07-30 16:22:58'),(148,766,'UAE31',NULL,'OMDB','EGLL','2022-01-09 15:22:00','2022-01-09 15:52:00','2022-07-30 16:22:58','2022-07-30 16:22:58'),(149,901,'BAW2731',NULL,'GCTS','EGLL','2022-01-09 15:16:00','2022-01-09 15:46:00','2022-07-30 16:22:58','2022-07-30 16:22:58'),(150,1538,'KLM57A',NULL,'EHAM','EGLL','2022-01-09 15:29:00','2022-01-09 15:59:00','2022-07-30 16:22:58','2022-07-30 16:22:58'),(151,728,'SVA115',NULL,'OEJN','EGLL','2022-01-09 15:13:00','2022-01-09 15:43:00','2022-07-30 16:22:58','2022-07-30 16:22:58'),(152,742,'THY7UN',NULL,'LTFM','EGLL','2022-01-09 15:27:00','2022-01-09 15:57:00','2022-07-30 16:22:58','2022-07-30 16:22:58'),(153,722,'ITY204',NULL,'LIRF','EGLL','2022-01-09 15:04:00','2022-01-09 15:34:00','2022-07-30 16:22:58','2022-07-30 16:22:58'),(154,769,'CBJ123',NULL,'ZBYN','EGLL','2022-01-09 15:25:00','2022-01-09 15:55:00','2022-07-30 16:22:58','2022-07-30 16:22:58'),(155,720,'SZS505',NULL,'EKCH','EGLL','2022-01-09 15:15:00','2022-01-09 15:45:00','2022-07-30 16:22:58','2022-07-30 16:22:58'),(156,926,'BAW2747',NULL,'LSGG','EGLL','2022-01-09 16:04:00','2022-01-09 16:34:00','2022-07-30 16:22:58','2022-07-30 16:22:58'),(157,918,'BAW2757',NULL,'LFLS','EGLL','2022-01-09 16:14:00','2022-01-09 16:44:00','2022-07-30 16:22:58','2022-07-30 16:22:58'),(158,734,'SIA308',NULL,'WSSS','EGLL','2022-01-09 15:00:00','2022-01-09 15:30:00','2022-07-30 16:22:58','2022-07-30 16:22:58'),(159,779,'ALK505',NULL,'VCBI','EGLL','2022-01-09 16:48:00','2022-01-09 17:18:00','2022-07-30 16:22:58','2022-07-30 16:22:58'),(160,865,'BAW895',NULL,'BIKF','EGLL','2022-01-09 15:07:00','2022-01-09 15:37:00','2022-07-30 16:22:58','2022-07-30 16:22:58'),(161,739,'ANA211',NULL,'RJTT','EGLL','2022-01-09 14:33:00','2022-01-09 15:03:00','2022-07-30 16:22:58','2022-07-30 16:22:58'),(162,731,'SVA109',NULL,'OERK','EGLL','2022-01-09 15:02:00','2022-01-09 15:32:00','2022-07-30 16:22:58','2022-07-30 16:22:58'),(163,719,'AEE2EG',NULL,'LGAV','EGLL','2022-01-09 14:40:00','2022-01-09 15:10:00','2022-07-30 16:22:58','2022-07-30 16:22:58'),(164,718,'EIN168E',NULL,'EIDW','EGLL','2022-01-09 14:58:00','2022-01-09 15:28:00','2022-07-30 16:22:58','2022-07-30 16:22:58'),(165,782,'KQA100',NULL,'HKJK','EGLL','2022-01-09 14:36:00','2022-01-09 15:06:00','2022-07-30 16:22:58','2022-07-30 16:22:58'),(166,710,'TAP1368',NULL,'LPPT','EGLL','2022-01-09 14:43:00','2022-01-09 15:13:00','2022-07-30 16:22:58','2022-07-30 16:22:58'),(167,738,'MAS4',NULL,'WMKK','EGLL','2022-01-09 15:09:00','2022-01-09 15:39:00','2022-07-30 16:22:58','2022-07-30 16:22:58'),(168,884,'SHT9K',NULL,'EGPH','EGLL','2022-01-09 16:10:00','2022-01-09 16:40:00','2022-07-30 16:22:58','2022-07-30 16:22:58'),(169,786,'BAW2547',NULL,'DAAG','EGLL','2022-01-09 15:38:00','2022-01-09 16:08:00','2022-07-30 16:22:58','2022-07-30 16:22:58'),(170,920,'BAW2613',NULL,'LIRN','EGLL','2022-01-09 16:46:00','2022-01-09 17:16:00','2022-07-30 16:22:58','2022-07-30 16:22:58'),(171,886,'BAW555',NULL,'LIRF','EGLL','2022-01-09 15:06:00','2022-01-09 15:36:00','2022-07-30 16:22:58','2022-07-30 16:22:58'),(172,868,'BAW2745',NULL,'LSGG','EGLL','2022-01-09 14:38:00','2022-01-09 15:08:00','2022-07-30 16:22:58','2022-07-30 16:22:58'),(173,873,'BAW14GM',NULL,'LIML','EGLL','2022-01-09 15:20:00','2022-01-09 15:50:00','2022-07-30 16:22:58','2022-07-30 16:22:58'),(174,768,'BAW91BG',NULL,'LBSF','EGLL','2022-01-09 15:47:00','2022-01-09 16:17:00','2022-07-30 16:22:58','2022-07-30 16:22:58'),(175,784,'JAL43',NULL,'RJTT','EGLL','2022-01-09 14:23:00','2022-01-09 14:53:00','2022-07-30 16:22:58','2022-07-30 16:22:58'),(176,714,'BLA6SL',NULL,'LFMN','EGLL','2022-01-09 15:48:00','2022-01-09 16:18:00','2022-07-30 16:22:58','2022-07-30 16:22:58'),(177,917,'BAW268',NULL,'KLAX','EGLL','2022-01-09 18:04:00','2022-01-09 18:34:00','2022-07-30 16:22:58','2022-07-30 16:22:58'),(178,776,'VIR412W',NULL,'DNMM','EGLL','2022-01-09 14:44:00','2022-01-09 15:14:00','2022-07-30 16:22:58','2022-07-30 16:22:58'),(179,709,'EWG9464',NULL,'EDDL','EGLL','2022-01-09 14:10:00','2022-01-09 14:40:00','2022-07-30 16:22:58','2022-07-30 16:22:58'),(180,885,'BAW6B',NULL,'KSFO','EGLL','2022-01-09 13:57:00','2022-01-09 14:27:00','2022-07-30 16:22:58','2022-07-30 16:22:58'),(181,873,'IBE31AG',NULL,'LEMD','EGLL','2022-01-09 14:01:00','2022-01-09 14:31:00','2022-07-30 16:22:58','2022-07-30 16:22:58'),(182,919,'BAW274',NULL,'KLAS','EGLL','2022-01-09 18:55:00','2022-01-09 19:25:00','2022-07-30 16:22:58','2022-07-30 16:22:58'),(183,866,'BAW2781',NULL,'LPMA','EGLL','2022-01-09 14:04:00','2022-01-09 14:34:00','2022-07-30 16:22:58','2022-07-30 16:22:58'),(184,850,'CPA007',NULL,'VHHH','EGLL','2022-01-09 14:54:00','2022-01-09 15:24:00','2022-07-30 16:22:58','2022-07-30 16:22:58'),(185,723,'GFA003',NULL,'OBBI','EGLL','2022-01-09 14:06:00','2022-01-09 14:36:00','2022-07-30 16:22:58','2022-07-30 16:22:58'),(186,712,'DLH5EL',NULL,'EDDF','EGLL','2022-01-09 14:19:00','2022-01-09 14:49:00','2022-07-30 16:22:58','2022-07-30 16:22:58'),(187,779,'RJA111',NULL,'OJAI','EGLL','2022-01-09 13:43:00','2022-01-09 14:13:00','2022-07-30 16:22:58','2022-07-30 16:22:58'),(188,913,'BAW82',NULL,'DNAA','EGLL','2022-01-09 14:32:00','2022-01-09 15:02:00','2022-07-30 16:22:58','2022-07-30 16:22:58'),(189,874,'BAW40YL',NULL,'LFLL','EGLL','2022-01-09 14:29:00','2022-01-09 14:59:00','2022-07-30 16:22:58','2022-07-30 16:22:58'),(190,864,'BAW579V',NULL,'LIPZ','EGLL','2022-01-09 15:11:00','2022-01-09 15:41:00','2022-07-30 16:22:58','2022-07-30 16:22:58'),(191,930,'SHT7H',NULL,'EGPF','EGLL','2022-01-09 13:53:00','2022-01-09 14:23:00','2022-07-30 16:22:58','2022-07-30 16:22:58'),(192,876,'BAW847',NULL,'EPWA','EGLL','2022-01-09 13:45:00','2022-01-09 14:15:00','2022-07-30 16:22:58','2022-07-30 16:22:58'),(193,720,'SAS805',NULL,'ENGM','EGLL','2022-01-09 14:03:00','2022-01-09 14:33:00','2022-07-30 16:22:58','2022-07-30 16:22:58'),(194,735,'THY1MS',NULL,'LTFM','EGLL','2022-01-09 13:55:00','2022-01-09 14:25:00','2022-07-30 16:22:58','2022-07-30 16:22:58'),(195,923,'BAW8C',NULL,'CYVR','EGLL','2022-01-09 14:20:00','2022-01-09 14:50:00','2022-07-30 16:22:58','2022-07-30 16:22:58'),(196,876,'BAW2575',NULL,'LIMF','EGLL','2022-01-09 14:56:00','2022-01-09 15:26:00','2022-07-30 16:22:58','2022-07-30 16:22:58'),(197,881,'BAW2715',NULL,'LEMG','EGLL','2022-01-09 13:47:00','2022-01-09 14:17:00','2022-07-30 16:22:58','2022-07-30 16:22:58'),(198,919,'BAW104',NULL,'OMDB','EGLL','2022-01-09 14:08:00','2022-01-09 14:38:00','2022-07-30 16:22:58','2022-07-30 16:22:58'),(199,767,'BAW541A',NULL,'LIPE','EGLL','2022-01-09 16:23:00','2022-01-09 16:53:00','2022-07-30 16:22:58','2022-07-30 16:22:58'),(200,920,'BAW729',NULL,'LSGG','EGLL','2022-01-09 14:00:00','2022-01-09 14:30:00','2022-07-30 16:22:58','2022-07-30 16:22:58'),(201,883,'BAW969H',NULL,'EDDH','EGLL','2022-01-09 14:30:00','2022-01-09 15:00:00','2022-07-30 16:22:58','2022-07-30 16:22:58'),(202,717,'EIN9XJ',NULL,'EGAC','EGLL','2022-01-09 13:36:00','2022-01-09 14:06:00','2022-07-30 16:22:58','2022-07-30 16:22:58'),(203,1538,'BAW8TK',NULL,'EPKK','EGLL','2022-01-09 13:21:00','2022-01-09 13:51:00','2022-07-30 16:22:58','2022-07-30 16:22:58'),(204,900,'BAW2713',NULL,'LEMG','EGLL','2022-01-09 13:32:00','2022-01-09 14:02:00','2022-07-30 16:22:58','2022-07-30 16:22:58'),(205,929,'SHT3F',NULL,'EGCC','EGLL','2022-01-09 14:41:00','2022-01-09 15:11:00','2022-07-30 16:22:58','2022-07-30 16:22:58'),(206,935,'SHT47G',NULL,'EGPF','EGLL','2022-01-09 14:11:00','2022-01-09 14:41:00','2022-07-30 16:22:58','2022-07-30 16:22:58'),(207,864,'BAW2691',NULL,'LOWI','EGLL','2022-01-09 13:10:00','2022-01-09 13:40:00','2022-07-30 16:22:58','2022-07-30 16:22:58'),(208,884,'BAW3ZL',NULL,'LSZH','EGLL','2022-01-09 13:41:00','2022-01-09 14:11:00','2022-07-30 16:22:58','2022-07-30 16:22:58'),(209,871,'BAW815',NULL,'EKCH','EGLL','2022-01-09 13:40:00','2022-01-09 14:10:00','2022-07-30 16:22:58','2022-07-30 16:22:58'),(210,766,'UAE29',NULL,'OMDB','EGLL','2022-01-09 13:28:00','2022-01-09 13:58:00','2022-07-30 16:22:58','2022-07-30 16:22:58'),(211,777,'RJA5111',NULL,'OJAI','EGLL','2022-01-09 13:16:00','2022-01-09 13:46:00','2022-07-30 16:22:58','2022-07-30 16:22:58'),(212,1539,'AFR43TJ',NULL,'LFPG','EGLL','2022-01-09 12:55:00','2022-01-09 13:25:00','2022-07-30 16:22:58','2022-07-30 16:22:58'),(213,788,'TAM8084',NULL,'SBGR','EGLL','2022-01-09 14:15:00','2022-01-09 14:45:00','2022-07-30 16:22:58','2022-07-30 16:22:58'),(214,862,'SHT9Y',NULL,'EGPH','EGLL','2022-01-09 14:17:00','2022-01-09 14:47:00','2022-07-30 16:22:58','2022-07-30 16:22:58'),(215,867,'BAW501',NULL,'LPPT','EGLL','2022-01-09 12:42:00','2022-01-09 13:12:00','2022-07-30 16:22:58','2022-07-30 16:22:58'),(216,710,'SWR46V',NULL,'LSGG','EGLL','2022-01-09 13:19:00','2022-01-09 13:49:00','2022-07-30 16:22:58','2022-07-30 16:22:58'),(217,859,'SHT13H',NULL,'EGNT','EGLL','2022-01-09 13:26:00','2022-01-09 13:56:00','2022-07-30 16:22:58','2022-07-30 16:22:58'),(218,925,'BAW765',NULL,'LOWI','EGLL','2022-01-09 12:49:00','2022-01-09 13:19:00','2022-07-30 16:22:58','2022-07-30 16:22:58'),(219,800,'KQA2100',NULL,'HKJK','EGLL','2022-01-09 13:48:00','2022-01-09 14:18:00','2022-07-30 16:22:58','2022-07-30 16:22:58'),(220,905,'BAW156',NULL,'OKBK','EGLL','2022-01-09 14:26:00','2022-01-09 14:56:00','2022-07-30 16:22:58','2022-07-30 16:22:58'),(221,869,'BAW343E',NULL,'LFMN','EGLL','2022-01-09 12:59:00','2022-01-09 13:29:00','2022-07-30 16:22:58','2022-07-30 16:22:58'),(222,717,'EIN164',NULL,'EIDW','EGLL','2022-01-09 12:46:00','2022-01-09 13:16:00','2022-07-30 16:22:58','2022-07-30 16:22:58'),(223,712,'TVS3BD',NULL,'LKPR','EGLL','2022-01-09 12:39:00','2022-01-09 13:09:00','2022-07-30 16:22:58','2022-07-30 16:22:58'),(224,771,'VIR24M',NULL,'KLAX','EGLL','2022-01-09 13:22:00','2022-01-09 13:52:00','2022-07-30 16:22:58','2022-07-30 16:22:58'),(225,924,'BAW38P',NULL,'KPHX','EGLL','2022-01-09 13:24:00','2022-01-09 13:54:00','2022-07-30 16:22:58','2022-07-30 16:22:58'),(226,874,'BAW8RM',NULL,'EDDB','EGLL','2022-01-09 12:57:00','2022-01-09 13:27:00','2022-07-30 16:22:58','2022-07-30 16:22:58'),(227,718,'EIN712',NULL,'EICK','EGLL','2022-01-09 12:44:00','2022-01-09 13:14:00','2022-07-30 16:22:58','2022-07-30 16:22:58'),(228,922,'QTR007',NULL,'OTHH','EGLL','2022-01-09 13:13:00','2022-01-09 13:43:00','2022-07-30 16:22:58','2022-07-30 16:22:58'),(229,892,'BAW36',NULL,'VOMM','EGLL','2022-01-09 14:25:00','2022-01-09 14:55:00','2022-07-30 16:22:58','2022-07-30 16:22:58'),(230,863,'SHT9J',NULL,'EGPH','EGLL','2022-01-09 12:54:00','2022-01-09 13:24:00','2022-07-30 16:22:58','2022-07-30 16:22:58'),(231,772,'AAL156P',NULL,'KSEA','EGLL','2022-01-09 13:07:00','2022-01-09 13:37:00','2022-07-30 16:22:58','2022-07-30 16:22:58'),(232,890,'BAW108',NULL,'OMDB','EGLL','2022-01-09 14:13:00','2022-01-09 14:43:00','2022-07-30 16:22:58','2022-07-30 16:22:58'),(233,928,'SHT64U',NULL,'EGPE','EGLL','2022-01-09 13:52:00','2022-01-09 14:22:00','2022-07-30 16:22:58','2022-07-30 16:22:58'),(234,901,'BAW27G',NULL,'LSGG','EGLL','2022-01-09 13:30:00','2022-01-09 14:00:00','2022-07-30 16:22:58','2022-07-30 16:22:58'),(235,915,'BAW242',NULL,'MMMX','EGLL','2022-01-09 13:34:00','2022-01-09 14:04:00','2022-07-30 16:22:58','2022-07-30 16:22:58'),(236,768,'BAW479',NULL,'LEBL','EGLL','2022-01-09 12:31:00','2022-01-09 13:01:00','2022-07-30 16:22:58','2022-07-30 16:22:58'),(237,873,'BAW939',NULL,'EDDL','EGLL','2022-01-09 13:00:00','2022-01-09 13:30:00','2022-07-30 16:22:58','2022-07-30 16:22:58'),(238,722,'SEH700',NULL,'LGAV','EGLL','2022-01-09 12:36:00','2022-01-09 13:06:00','2022-07-30 16:22:58','2022-07-30 16:22:58'),(239,714,'AUA61A',NULL,'LOWW','EGLL','2022-01-09 12:24:00','2022-01-09 12:54:00','2022-07-30 16:22:58','2022-07-30 16:22:58'),(240,888,'BAW118',NULL,'VOBL','EGLL','2022-01-09 13:11:00','2022-01-09 13:41:00','2022-07-30 16:22:58','2022-07-30 16:22:58'),(241,871,'BAW763',NULL,'ENGM','EGLL','2022-01-09 12:14:00','2022-01-09 12:44:00','2022-07-30 16:22:58','2022-07-30 16:22:58'),(242,709,'DLH6EK',NULL,'EDDM','EGLL','2022-01-09 12:38:00','2022-01-09 13:08:00','2022-07-30 16:22:58','2022-07-30 16:22:58'),(243,889,'BAW72A',NULL,'KSAN','EGLL','2022-01-09 12:18:00','2022-01-09 12:48:00','2022-07-30 16:22:58','2022-07-30 16:22:58'),(244,868,'BAW791',NULL,'ESGG','EGLL','2022-01-09 12:22:00','2022-01-09 12:52:00','2022-07-30 16:22:58','2022-07-30 16:22:58'),(245,720,'SZS531',NULL,'ESSA','EGLL','2022-01-09 12:25:00','2022-01-09 12:55:00','2022-07-30 16:22:58','2022-07-30 16:22:58'),(246,710,'TAP135P',NULL,'LPPT','EGLL','2022-01-09 12:02:00','2022-01-09 12:32:00','2022-07-30 16:22:58','2022-07-30 16:22:58'),(247,787,'AAL134',NULL,'KLAX','EGLL','2022-01-09 12:16:00','2022-01-09 12:46:00','2022-07-30 16:22:58','2022-07-30 16:22:58'),(248,723,'SWR32R',NULL,'LSZH','EGLL','2022-01-09 12:11:00','2022-01-09 12:41:00','2022-07-30 16:22:58','2022-07-30 16:22:58'),(249,731,'ELY315',NULL,'LLBG','EGLL','2022-01-09 11:55:00','2022-01-09 12:25:00','2022-07-30 16:22:58','2022-07-30 16:22:58'),(250,745,'MSR777',NULL,'HECA','EGLL','2022-01-09 11:46:00','2022-01-09 12:16:00','2022-07-30 16:22:58','2022-07-30 16:22:58'),(251,721,'DAH2054',NULL,'DAAG','EGLL','2022-01-09 12:47:00','2022-01-09 13:17:00','2022-07-30 16:22:58','2022-07-30 16:22:58'),(252,866,'BAW2573',NULL,'LIMF','EGLL','2022-01-09 12:29:00','2022-01-09 12:59:00','2022-07-30 16:22:58','2022-07-30 16:22:58'),(253,801,'CXA8711',NULL,'ZSAM','EGLL','2022-01-09 13:04:00','2022-01-09 13:34:00','2022-07-30 16:22:58','2022-07-30 16:22:58'),(254,861,'SHT19M',NULL,'EGPD','EGLL','2022-01-09 12:41:00','2022-01-09 13:11:00','2022-07-30 16:22:58','2022-07-30 16:22:58'),(255,887,'BAW28F',NULL,'KLAX','EGLL','2022-01-09 12:32:00','2022-01-09 13:02:00','2022-07-30 16:22:58','2022-07-30 16:22:58'),(256,875,'BAW6NL',NULL,'LIML','EGLL','2022-01-09 13:50:00','2022-01-09 14:20:00','2022-07-30 16:22:58','2022-07-30 16:22:58'),(257,879,'BAW845D',NULL,'EIDW','EGLL','2022-01-09 11:57:00','2022-01-09 12:27:00','2022-07-30 16:22:58','2022-07-30 16:22:58'),(258,715,'ASL51V',NULL,'LYBE','EGLL','2022-01-09 11:49:00','2022-01-09 12:19:00','2022-07-30 16:22:58','2022-07-30 16:22:58'),(259,883,'BAW457',NULL,'LEMD','EGLL','2022-01-09 11:52:00','2022-01-09 12:22:00','2022-07-30 16:22:58','2022-07-30 16:22:58'),(260,782,'IRA711',NULL,'OIIE','EGLL','2022-01-09 12:05:00','2022-01-09 12:35:00','2022-07-30 16:22:58','2022-07-30 16:22:58'),(261,732,'AFL2578',NULL,'UUEE','EGLL','2022-01-09 11:53:00','2022-01-09 12:23:00','2022-07-30 16:22:58','2022-07-30 16:22:58'),(262,885,'BAW4DP',NULL,'LFBO','EGLL','2022-01-09 11:50:00','2022-01-09 12:20:00','2022-07-30 16:22:58','2022-07-30 16:22:58'),(263,865,'BAW393B',NULL,'EBBR','EGLL','2022-01-09 12:07:00','2022-01-09 12:37:00','2022-07-30 16:22:58','2022-07-30 16:22:58'),(264,792,'BAW855',NULL,'LKPR','EGLL','2022-01-09 11:56:00','2022-01-09 12:26:00','2022-07-30 16:22:58','2022-07-30 16:22:58'),(265,921,'BAW248',NULL,'SBGL','EGLL','2022-01-09 11:36:00','2022-01-09 12:06:00','2022-07-30 16:22:58','2022-07-30 16:22:58'),(266,876,'BAW2597',NULL,'LIPX','EGLL','2022-01-09 11:59:00','2022-01-09 12:29:00','2022-07-30 16:22:58','2022-07-30 16:22:58'),(267,767,'KLM1011',NULL,'EHAM','EGLL','2022-01-09 11:30:00','2022-01-09 12:00:00','2022-07-30 16:22:58','2022-07-30 16:22:58'),(268,926,'BAW313',NULL,'OJAI','EGLL','2022-01-09 11:18:00','2022-01-09 11:48:00','2022-07-30 16:22:58','2022-07-30 16:22:58'),(269,925,'BAW431',NULL,'EHAM','EGLL','2022-01-09 11:32:00','2022-01-09 12:02:00','2022-07-30 16:22:58','2022-07-30 16:22:58'),(270,923,'QTR003',NULL,'OTHH','EGLL','2022-01-09 11:25:00','2022-01-09 11:55:00','2022-07-30 16:22:58','2022-07-30 16:22:58'),(271,908,'BAW48Q',NULL,'KSEA','EGLL','2022-01-09 11:42:00','2022-01-09 12:12:00','2022-07-30 16:22:58','2022-07-30 16:22:58'),(272,860,'SHT3R',NULL,'EGCC','EGLL','2022-01-09 13:06:00','2022-01-09 13:36:00','2022-07-30 16:22:58','2022-07-30 16:22:58'),(273,878,'BAW949L',NULL,'EDDM','EGLL','2022-01-09 12:51:00','2022-01-09 13:21:00','2022-07-30 16:22:58','2022-07-30 16:22:58'),(274,937,'VIR506',NULL,'EBBR','EGLL','2022-01-09 11:23:00','2022-01-09 11:53:00','2022-07-30 16:22:58','2022-07-30 16:22:58'),(275,936,'BAW903U',NULL,'EDDF','EGLL','2022-01-09 11:16:00','2022-01-09 11:46:00','2022-07-30 16:22:58','2022-07-30 16:22:58'),(276,778,'VIR20V',NULL,'KSFO','EGLL','2022-01-09 11:40:00','2022-01-09 12:10:00','2022-07-30 16:22:58','2022-07-30 16:22:58'),(277,766,'UAE6VH',NULL,'OMDB','EGLL','2022-01-09 11:07:00','2022-01-09 11:37:00','2022-07-30 16:22:58','2022-07-30 16:22:58'),(278,866,'BAW75M',NULL,'LIMC','EGLL','2022-01-09 11:02:00','2022-01-09 11:32:00','2022-07-30 16:22:58','2022-07-30 16:22:58'),(279,877,'BAW885R',NULL,'LROP','EGLL','2022-01-09 11:04:00','2022-01-09 11:34:00','2022-07-30 16:22:58','2022-07-30 16:22:58'),(280,738,'AIC131',NULL,'VABB','EGLL','2022-01-09 12:13:00','2022-01-09 12:43:00','2022-07-30 16:22:58','2022-07-30 16:22:58'),(281,862,'SHT7C',NULL,'EGPF','EGLL','2022-01-09 11:09:00','2022-01-09 11:39:00','2022-07-30 16:22:58','2022-07-30 16:22:58'),(282,869,'BAW2789',NULL,'LFBD','EGLL','2022-01-09 11:22:00','2022-01-09 11:52:00','2022-07-30 16:22:59','2022-07-30 16:22:59'),(283,809,'CSN8079',NULL,'ZUCK','EGLL','2022-01-09 11:59:00','2022-01-09 12:29:00','2022-07-30 16:22:59','2022-07-30 16:22:59'),(284,881,'BAW2653',NULL,'LOWS','EGLL','2022-01-09 11:11:00','2022-01-09 11:41:00','2022-07-30 16:22:59','2022-07-30 16:22:59'),(285,874,'BAW687',NULL,'LOWI','EGLL','2022-01-09 11:01:00','2022-01-09 11:31:00','2022-07-30 16:22:59','2022-07-30 16:22:59'),(286,712,'TAP1354',NULL,'LPPT','EGLL','2022-01-09 10:40:00','2022-01-09 11:10:00','2022-07-30 16:22:59','2022-07-30 16:22:59'),(287,725,'ACA860',NULL,'CYVR','EGLL','2022-01-09 10:42:00','2022-01-09 11:12:00','2022-07-30 16:22:59','2022-07-30 16:22:59'),(288,876,'BAW725',NULL,'LSGG','EGLL','2022-01-09 10:54:00','2022-01-09 11:24:00','2022-07-30 16:22:59','2022-07-30 16:22:59'),(289,718,'EIN158',NULL,'EIDW','EGLL','2022-01-09 11:14:00','2022-01-09 11:44:00','2022-07-30 16:22:59','2022-07-30 16:22:59'),(290,902,'BAW18A',NULL,'KJFK','EGLL','2022-01-09 11:34:00','2022-01-09 12:04:00','2022-07-30 16:22:59','2022-07-30 16:22:59'),(291,721,'LOG8ML',NULL,'EGNV','EGLL','2022-01-09 11:20:00','2022-01-09 11:50:00','2022-07-30 16:22:59','2022-07-30 16:22:59'),(292,734,'UAL5',NULL,'KIAH','EGLL','2022-01-09 12:20:00','2022-01-09 12:50:00','2022-07-30 16:22:59','2022-07-30 16:22:59'),(293,720,'AEE6AV',NULL,'LGAV','EGLL','2022-01-09 10:32:00','2022-01-09 11:02:00','2022-07-30 16:22:59','2022-07-30 16:22:59'),(294,786,'DAL3',NULL,'KJFK','EGLL','2022-01-09 13:18:00','2022-01-09 13:48:00','2022-07-30 16:22:59','2022-07-30 16:22:59'),(295,800,'QTR94V',NULL,'OTHH','EGLL','2022-01-09 10:15:00','2022-01-09 10:45:00','2022-07-30 16:22:59','2022-07-30 16:22:59'),(296,735,'AIC163',NULL,'VECC','EGLL','2022-01-09 11:44:00','2022-01-09 12:14:00','2022-07-30 16:22:59','2022-07-30 16:22:59'),(297,867,'BAW661',NULL,'LCLK','EGLL','2022-01-09 10:59:00','2022-01-09 11:29:00','2022-07-30 16:22:59','2022-07-30 16:22:59'),(298,860,'SHT13E',NULL,'EGNT','EGLL','2022-01-09 10:50:00','2022-01-09 11:20:00','2022-07-30 16:22:59','2022-07-30 16:22:59'),(299,860,'SHT3P',NULL,'EGCC','EGLL','2022-01-09 11:29:00','2022-01-09 11:59:00','2022-07-30 16:22:59','2022-07-30 16:22:59'),(300,916,'BAW34N',NULL,'KMIA','EGLL','2022-01-09 12:09:00','2022-01-09 12:39:00','2022-07-30 16:22:59','2022-07-30 16:22:59'),(301,895,'BAW224U',NULL,'KMSY','EGLL','2022-01-09 13:38:00','2022-01-09 14:08:00','2022-07-30 16:22:59','2022-07-30 16:22:59'),(302,868,'BAW307',NULL,'LFPG','EGLL','2022-01-09 10:46:00','2022-01-09 11:16:00','2022-07-30 16:22:59','2022-07-30 16:22:59'),(303,880,'BAW2577',NULL,'LIMF','EGLL','2022-01-09 10:58:00','2022-01-09 11:28:00','2022-07-30 16:22:59','2022-07-30 16:22:59'),(304,875,'BAW675',NULL,'LTFM','EGLL','2022-01-09 12:34:00','2022-01-09 13:04:00','2022-07-30 16:22:59','2022-07-30 16:22:59'),(305,731,'ICE450',NULL,'BIKF','EGLL','2022-01-09 10:27:00','2022-01-09 10:57:00','2022-07-30 16:22:59','2022-07-30 16:22:59'),(306,742,'UAL924',NULL,'KIAD','EGLL','2022-01-09 13:02:00','2022-01-09 13:32:00','2022-07-30 16:22:59','2022-07-30 16:22:59'),(307,780,'VIR696',NULL,'KJFK','EGLL','2022-01-09 10:02:00','2022-01-09 10:32:00','2022-07-30 16:22:59','2022-07-30 16:22:59'),(308,786,'ETD59V',NULL,'OMAA','EGLL','2022-01-09 10:52:00','2022-01-09 11:22:00','2022-07-30 16:22:59','2022-07-30 16:22:59'),(309,782,'KLM1009',NULL,'EHAM','EGLL','2022-01-09 10:08:00','2022-01-09 10:38:00','2022-07-30 16:22:59','2022-07-30 16:22:59'),(310,709,'DLH2NW',NULL,'EDDF','EGLL','2022-01-09 10:35:00','2022-01-09 11:05:00','2022-07-30 16:22:59','2022-07-30 16:22:59'),(311,787,'MEA201',NULL,'OLBA','EGLL','2022-01-09 10:05:00','2022-01-09 10:35:00','2022-07-30 16:22:59','2022-07-30 16:22:59'),(312,776,'VIR104L',NULL,'KATL','EGLL','2022-01-09 10:38:00','2022-01-09 11:08:00','2022-07-30 16:22:59','2022-07-30 16:22:59'),(313,934,'BAW252M',NULL,'MWCR','EGLL','2022-01-09 10:44:00','2022-01-09 11:14:00','2022-07-30 16:22:59','2022-07-30 16:22:59'),(314,892,'BAW23T',NULL,'KATL','EGLL','2022-01-09 11:27:00','2022-01-09 11:57:00','2022-07-30 16:22:59','2022-07-30 16:22:59'),(315,878,'BAW2771',NULL,'EGJJ','EGLL','2022-01-09 11:05:00','2022-01-09 11:35:00','2022-07-30 16:22:59','2022-07-30 16:22:59'),(316,912,'BAW71F',NULL,'KSFO','EGLL','2022-01-09 10:06:00','2022-01-09 10:36:00','2022-07-30 16:22:59','2022-07-30 16:22:59'),(317,877,'IBE31SB',NULL,'LEMD','EGLL','2022-01-09 09:52:00','2022-01-09 10:22:00','2022-07-30 16:22:59','2022-07-30 16:22:59'),(318,770,'VIR108B',NULL,'MKJS','EGLL','2022-01-09 11:39:00','2022-01-09 12:09:00','2022-07-30 16:22:59','2022-07-30 16:22:59'),(319,767,'AFR52ZC',NULL,'LFPG','EGLL','2022-01-09 09:57:00','2022-01-09 10:27:00','2022-07-30 16:22:59','2022-07-30 16:22:59'),(320,1553,'CCA579',NULL,'ZBAA','EGLL','2022-01-09 10:22:00','2022-01-09 10:52:00','2022-07-30 16:22:59','2022-07-30 16:22:59'),(321,808,'CES7009',NULL,'ZSPD','EGLL','2022-01-09 10:37:00','2022-01-09 11:07:00','2022-07-30 16:22:59','2022-07-30 16:22:59'),(322,722,'AMC100A',NULL,'LMML','EGLL','2022-01-09 09:55:00','2022-01-09 10:25:00','2022-07-30 16:22:59','2022-07-30 16:22:59'),(323,710,'DLH4HF',NULL,'EDDM','EGLL','2022-01-09 10:14:00','2022-01-09 10:44:00','2022-07-30 16:22:59','2022-07-30 16:22:59'),(324,739,'UAL901',NULL,'KSFO','EGLL','2022-01-09 10:18:00','2022-01-09 10:48:00','2022-07-30 16:22:59','2022-07-30 16:22:59'),(325,890,'BAW98',NULL,'CYYZ','EGLL','2022-01-09 10:25:00','2022-01-09 10:55:00','2022-07-30 16:22:59','2022-07-30 16:22:59'),(326,863,'SHT88T',NULL,'EGAC','EGLL','2022-01-09 11:13:00','2022-01-09 11:43:00','2022-07-30 16:22:59','2022-07-30 16:22:59'),(327,914,'BAW24R',NULL,'KORD','EGLL','2022-01-09 10:18:00','2022-01-09 10:48:00','2022-07-30 16:22:59','2022-07-30 16:22:59'),(328,746,'UAL940',NULL,'KEWR','EGLL','2022-01-09 10:13:00','2022-01-09 10:43:00','2022-07-30 16:22:59','2022-07-30 16:22:59'),(329,728,'ACA850',NULL,'CYYC','EGLL','2022-01-09 09:49:00','2022-01-09 10:19:00','2022-07-30 16:22:59','2022-07-30 16:22:59'),(330,865,'BAW401',NULL,'HECA','EGLL','2022-01-09 09:38:00','2022-01-09 10:08:00','2022-07-30 16:22:59','2022-07-30 16:22:59'),(331,724,'UAL922',NULL,'KORD','EGLL','2022-01-09 09:56:00','2022-01-09 10:26:00','2022-07-30 16:22:59','2022-07-30 16:22:59'),(332,733,'JBU7',NULL,'KJFK','EGLL','2022-01-09 09:45:00','2022-01-09 10:15:00','2022-07-30 16:22:59','2022-07-30 16:22:59'),(333,886,'BAW3C',NULL,'KIAD','EGLL','2022-01-09 10:00:00','2022-01-09 10:30:00','2022-07-30 16:22:59','2022-07-30 16:22:59'),(334,871,'BAW499C',NULL,'LPPT','EGLL','2022-01-09 09:46:00','2022-01-09 10:16:00','2022-07-30 16:22:59','2022-07-30 16:22:59'),(335,857,'BCS35P',NULL,'LIMC','EGLL','2022-01-09 09:43:00','2022-01-09 10:13:00','2022-07-30 16:22:59','2022-07-30 16:22:59'),(336,715,'BEL8AQ',NULL,'EBBR','EGLL','2022-01-09 09:25:00','2022-01-09 09:55:00','2022-07-30 16:22:59','2022-07-30 16:22:59'),(337,918,'BAW551',NULL,'LIRF','EGLL','2022-01-09 09:36:00','2022-01-09 10:06:00','2022-07-30 16:22:59','2022-07-30 16:22:59'),(338,866,'BAW63VP',NULL,'LGAV','EGLL','2022-01-09 09:00:00','2022-01-09 09:30:00','2022-07-30 16:22:59','2022-07-30 16:22:59'),(339,764,'VIR8F',NULL,'KLAX','EGLL','2022-01-09 10:07:00','2022-01-09 10:37:00','2022-07-30 16:22:59','2022-07-30 16:22:59'),(340,735,'THY30R',NULL,'LTFM','EGLL','2022-01-09 09:15:00','2022-01-09 09:45:00','2022-07-30 16:22:59','2022-07-30 16:22:59'),(341,772,'VIR10H',NULL,'KJFK','EGLL','2022-01-09 09:34:00','2022-01-09 10:04:00','2022-07-30 16:22:59','2022-07-30 16:22:59'),(342,1549,'CCA611',NULL,'ZSPD','EGLL','2022-01-09 10:10:00','2022-01-09 10:40:00','2022-07-30 16:22:59','2022-07-30 16:22:59'),(343,714,'WIF52G',NULL,'ENBR','EGLL','2022-01-09 09:20:00','2022-01-09 09:50:00','2022-07-30 16:22:59','2022-07-30 16:22:59'),(344,772,'AAL728',NULL,'KPHL','EGLL','2022-01-09 19:17:00','2022-01-09 19:47:00','2022-07-30 16:22:59','2022-07-30 16:22:59'),(345,747,'CHH439',NULL,'ZSPD','EGLL','2022-01-09 09:17:00','2022-01-09 09:47:00','2022-07-30 16:22:59','2022-07-30 16:22:59'),(346,712,'LOT2HR',NULL,'EPWA','EGLL','2022-01-09 09:13:00','2022-01-09 09:43:00','2022-07-30 16:22:59','2022-07-30 16:22:59'),(347,719,'SZS525',NULL,'ESSA','EGLL','2022-01-09 10:56:00','2022-01-09 11:26:00','2022-07-30 16:22:59','2022-07-30 16:22:59'),(348,709,'ITY248',NULL,'LIML','EGLL','2022-01-09 09:12:00','2022-01-09 09:42:00','2022-07-30 16:22:59','2022-07-30 16:22:59'),(349,915,'BAW92W',NULL,'KDFW','EGLL','2022-01-09 09:21:00','2022-01-09 09:51:00','2022-07-30 16:22:59','2022-07-30 16:22:59'),(350,781,'BAW699W',NULL,'LOWW','EGLL','2022-01-09 09:10:00','2022-01-09 09:40:00','2022-07-30 16:22:59','2022-07-30 16:22:59'),(351,768,'BAW16H',NULL,'LHBP','EGLL','2022-01-09 08:53:00','2022-01-09 09:23:00','2022-07-30 16:22:59','2022-07-30 16:22:59'),(352,721,'SAS43A',NULL,'ENGM','EGLL','2022-01-09 09:27:00','2022-01-09 09:57:00','2022-07-30 16:22:59','2022-07-30 16:22:59'),(353,789,'AAL38',NULL,'KMIA','EGLL','2022-01-09 09:01:00','2022-01-09 09:31:00','2022-07-30 16:22:59','2022-07-30 16:22:59'),(354,930,'BAW188',NULL,'KEWR','EGLL','2022-01-09 09:40:00','2022-01-09 10:10:00','2022-07-30 16:22:59','2022-07-30 16:22:59'),(355,888,'BAW80G',NULL,'KBOS','EGLL','2022-01-09 09:53:00','2022-01-09 10:23:00','2022-07-30 16:22:59','2022-07-30 16:22:59'),(356,1550,'CCA575',NULL,'ZBAA','EGLL','2022-01-09 09:32:00','2022-01-09 10:02:00','2022-07-30 16:22:59','2022-07-30 16:22:59'),(357,766,'FIN3ML',NULL,'EFHK','EGLL','2022-01-09 08:58:00','2022-01-09 09:28:00','2022-07-30 16:22:59','2022-07-30 16:22:59'),(358,717,'EIN9RE',NULL,'EGAC','EGLL','2022-01-09 08:43:00','2022-01-09 09:13:00','2022-07-30 16:22:59','2022-07-30 16:22:59'),(359,1539,'MEA233',NULL,'OLBA','EGLL','2022-01-09 08:30:00','2022-01-09 09:00:00','2022-07-30 16:22:59','2022-07-30 16:22:59'),(360,745,'UAL16',NULL,'KEWR','EGLL','2022-01-09 08:17:00','2022-01-09 08:47:00','2022-07-30 16:22:59','2022-07-30 16:22:59'),(361,893,'BAW144',NULL,'TBPB','EGLL','2022-01-09 10:02:00','2022-01-09 10:32:00','2022-07-30 16:22:59','2022-07-30 16:22:59'),(362,873,'BAW771C',NULL,'ESSA','EGLL','2022-01-09 08:32:00','2022-01-09 09:02:00','2022-07-30 16:22:59','2022-07-30 16:22:59'),(363,784,'BAW853S',NULL,'LKPR','EGLL','2022-01-09 08:35:00','2022-01-09 09:05:00','2022-07-30 16:22:59','2022-07-30 16:22:59'),(364,718,'EIN71K',NULL,'EICK','EGLL','2022-01-09 08:51:00','2022-01-09 09:21:00','2022-07-30 16:22:59','2022-07-30 16:22:59'),(365,887,'BAW10',NULL,'VTBS','EGLL','2022-01-09 08:44:00','2022-01-09 09:14:00','2022-07-30 16:22:59','2022-07-30 16:22:59'),(366,788,'DAL16',NULL,'KDTW','EGLL','2022-01-09 08:23:00','2022-01-09 08:53:00','2022-07-30 16:22:59','2022-07-30 16:22:59'),(367,923,'IBE31WZ',NULL,'LEMD','EGLL','2022-01-09 08:47:00','2022-01-09 09:17:00','2022-07-30 16:22:59','2022-07-30 16:22:59'),(368,725,'KAC103',NULL,'OKBK','EGLL','2022-01-09 08:21:00','2022-01-09 08:51:00','2022-07-30 16:22:59','2022-07-30 16:22:59'),(369,925,'SHT9B',NULL,'EGPH','EGLL','2022-01-09 08:05:00','2022-01-09 08:35:00','2022-07-30 16:22:59','2022-07-30 16:22:59'),(370,875,'BAW709',NULL,'LSZH','EGLL','2022-01-09 08:41:00','2022-01-09 09:11:00','2022-07-30 16:22:59','2022-07-30 16:22:59'),(371,719,'SZS501',NULL,'EKCH','EGLL','2022-01-09 08:49:00','2022-01-09 09:19:00','2022-07-30 16:22:59','2022-07-30 16:22:59'),(372,864,'BAW341',NULL,'LFMN','EGLL','2022-01-09 08:33:00','2022-01-09 09:03:00','2022-07-30 16:22:59','2022-07-30 16:22:59'),(373,1543,'CCA645',NULL,'ZUCK','EGLL','2022-01-09 10:29:00','2022-01-09 10:59:00','2022-07-30 16:22:59','2022-07-30 16:22:59'),(374,905,'BAW172',NULL,'KJFK','EGLL','2022-01-09 09:15:00','2022-01-09 09:45:00','2022-07-30 16:22:59','2022-07-30 16:22:59'),(375,876,'BAW947L',NULL,'EDDM','EGLL','2022-01-09 08:27:00','2022-01-09 08:57:00','2022-07-30 16:22:59','2022-07-30 16:22:59'),(376,710,'DLH9TA',NULL,'EDDF','EGLL','2022-01-09 08:39:00','2022-01-09 09:09:00','2022-07-30 16:22:59','2022-07-30 16:22:59'),(377,888,'AAL106',NULL,'KJFK','EGLL','2022-01-09 08:25:00','2022-01-09 08:55:00','2022-07-30 16:22:59','2022-07-30 16:22:59'),(378,865,'BAW365',NULL,'LFLL','EGLL','2022-01-09 08:19:00','2022-01-09 08:49:00','2022-07-30 16:22:59','2022-07-30 16:22:59'),(379,879,'BAW831S',NULL,'EIDW','EGLL','2022-01-09 08:36:00','2022-01-09 09:06:00','2022-07-30 16:22:59','2022-07-30 16:22:59'),(380,765,'VIR222',NULL,'TLPL','EGLL','2022-01-09 08:56:00','2022-01-09 09:26:00','2022-07-30 16:22:59','2022-07-30 16:22:59'),(381,885,'BAW17V',NULL,'KDEN','EGLL','2022-01-09 07:43:00','2022-01-09 08:13:00','2022-07-30 16:22:59','2022-07-30 16:22:59'),(382,868,'BAW561',NULL,'LIML','EGLL','2022-01-09 08:12:00','2022-01-09 08:42:00','2022-07-30 16:22:59','2022-07-30 16:22:59'),(383,771,'VIR355',NULL,'VABB','EGLL','2022-01-09 07:57:00','2022-01-09 08:27:00','2022-07-30 16:22:59','2022-07-30 16:22:59'),(384,734,'ACA856',NULL,'CYYZ','EGLL','2022-01-09 10:23:00','2022-01-09 10:53:00','2022-07-30 16:22:59','2022-07-30 16:22:59'),(385,929,'BAW94',NULL,'CYUL','EGLL','2022-01-09 10:33:00','2022-01-09 11:03:00','2022-07-30 16:22:59','2022-07-30 16:22:59'),(386,713,'BLA3QZ',NULL,'LROP','EGLL','2022-01-09 08:14:00','2022-01-09 08:44:00','2022-07-30 16:22:59','2022-07-30 16:22:59'),(387,880,'BAW901U',NULL,'EDDF','EGLL','2022-01-09 07:59:00','2022-01-09 08:29:00','2022-07-30 16:22:59','2022-07-30 16:22:59'),(388,794,'VIR134E',NULL,'TAPA','EGLL','2022-01-09 08:16:00','2022-01-09 08:46:00','2022-07-30 16:22:59','2022-07-30 16:22:59'),(389,856,'CJT985',NULL,'CYHM','EGLL','2022-01-09 15:18:00','2022-01-09 15:48:00','2022-07-30 16:22:59','2022-07-30 16:22:59'),(390,867,'BAW723',NULL,'LSGG','EGLL','2022-01-09 08:29:00','2022-01-09 08:59:00','2022-07-30 16:22:59','2022-07-30 16:22:59'),(391,712,'SWR49M',NULL,'LSGG','EGLL','2022-01-09 07:30:00','2022-01-09 08:00:00','2022-07-30 16:22:59','2022-07-30 16:22:59'),(392,721,'AUA45G',NULL,'LOWW','EGLL','2022-01-09 08:03:00','2022-01-09 08:33:00','2022-07-30 16:22:59','2022-07-30 16:22:59'),(393,895,'BAW116',NULL,'KJFK','EGLL','2022-01-09 09:30:00','2022-01-09 10:00:00','2022-07-30 16:22:59','2022-07-30 16:22:59'),(394,861,'SHT13C',NULL,'EGNT','EGLL','2022-01-09 07:47:00','2022-01-09 08:17:00','2022-07-30 16:22:59','2022-07-30 16:22:59'),(395,894,'BAW150',NULL,'TAPA','EGLL','2022-01-09 08:09:00','2022-01-09 08:39:00','2022-07-30 16:22:59','2022-07-30 16:22:59'),(396,917,'BAW204',NULL,'KMCO','EGLL','2022-01-09 09:26:00','2022-01-09 09:56:00','2022-07-30 16:22:59','2022-07-30 16:22:59'),(397,859,'SHT7S',NULL,'EGPF','EGLL','2022-01-09 09:22:00','2022-01-09 09:52:00','2022-07-30 16:22:59','2022-07-30 16:22:59'),(398,878,'BAW2769',NULL,'EGJJ','EGLL','2022-01-09 07:45:00','2022-01-09 08:15:00','2022-07-30 16:22:59','2022-07-30 16:22:59'),(399,869,'BAW811',NULL,'EKCH','EGLL','2022-01-09 07:52:00','2022-01-09 08:22:00','2022-07-30 16:22:59','2022-07-30 16:22:59'),(400,722,'SWR31J',NULL,'LSZH','EGLL','2022-01-09 08:06:00','2022-01-09 08:36:00','2022-07-30 16:22:59','2022-07-30 16:22:59'),(401,768,'AFR35TC',NULL,'LFPG','EGLL','2022-01-09 07:25:00','2022-01-09 07:55:00','2022-07-30 16:22:59','2022-07-30 16:22:59'),(402,859,'SHT88J',NULL,'EGAC','EGLL','2022-01-09 07:23:00','2022-01-09 07:53:00','2022-07-30 16:22:59','2022-07-30 16:22:59'),(403,884,'BAW200',NULL,'TLPL','EGLL','2022-01-09 07:38:00','2022-01-09 08:08:00','2022-07-30 16:22:59','2022-07-30 16:22:59'),(404,718,'EIN15D',NULL,'EIDW','EGLL','2022-01-09 07:48:00','2022-01-09 08:18:00','2022-07-30 16:22:59','2022-07-30 16:22:59'),(405,774,'VIR303',NULL,'VIDP','EGLL','2022-01-09 10:48:00','2022-01-09 11:18:00','2022-07-30 16:22:59','2022-07-30 16:22:59'),(406,767,'FIN9X',NULL,'EFHK','EGLL','2022-01-09 07:53:00','2022-01-09 08:23:00','2022-07-30 16:22:59','2022-07-30 16:22:59'),(407,793,'BAW489',NULL,'LEBL','EGLL','2022-01-09 07:35:00','2022-01-09 08:05:00','2022-07-30 16:22:59','2022-07-30 16:22:59'),(408,778,'DAL1',NULL,'KJFK','EGLL','2022-01-09 09:05:00','2022-01-09 09:35:00','2022-07-30 16:22:59','2022-07-30 16:22:59'),(409,720,'LZB851',NULL,'LBSF','EGLL','2022-01-09 07:50:00','2022-01-09 08:20:00','2022-07-30 16:22:59','2022-07-30 16:22:59'),(410,723,'UAL931',NULL,'KORD','EGLL','2022-01-09 07:18:00','2022-01-09 07:48:00','2022-07-30 16:22:59','2022-07-30 16:22:59'),(411,780,'AAL50',NULL,'KDFW','EGLL','2022-01-09 08:01:00','2022-01-09 08:31:00','2022-07-30 16:22:59','2022-07-30 16:22:59'),(412,777,'AAL86',NULL,'KORD','EGLL','2022-01-09 07:15:00','2022-01-09 07:45:00','2022-07-30 16:22:59','2022-07-30 16:22:59'),(413,917,'BAW250',NULL,'SCEL','EGLL','2022-01-09 07:04:00','2022-01-09 07:34:00','2022-07-30 16:22:59','2022-07-30 16:22:59'),(414,1549,'CCA567',NULL,'ZBAA','EGLL','2022-01-09 07:41:00','2022-01-09 08:11:00','2022-07-30 16:22:59','2022-07-30 16:22:59'),(415,776,'VIR12E',NULL,'KBOS','EGLL','2022-01-09 06:54:00','2022-01-09 07:24:00','2022-07-30 16:22:59','2022-07-30 16:22:59'),(416,921,'BAW142',NULL,'VIDP','EGLL','2022-01-09 06:44:00','2022-01-09 07:14:00','2022-07-30 16:22:59','2022-07-30 16:22:59'),(417,866,'BAW4AB',NULL,'EDDB','EGLL','2022-01-09 07:34:00','2022-01-09 08:04:00','2022-07-30 16:22:59','2022-07-30 16:22:59'),(418,1538,'KLM31A',NULL,'EHAM','EGLL','2022-01-09 07:32:00','2022-01-09 08:02:00','2022-07-30 16:22:59','2022-07-30 16:22:59'),(419,928,'BAW230',NULL,'FIMP','EGLL','2022-01-09 06:32:00','2022-01-09 07:02:00','2022-07-30 16:22:59','2022-07-30 16:22:59'),(420,742,'ACA864',NULL,'CYUL','EGLL','2022-01-09 09:28:00','2022-01-09 09:58:00','2022-07-30 16:22:59','2022-07-30 16:22:59'),(421,924,'BAW66',NULL,'KPHL','EGLL','2022-01-09 06:42:00','2022-01-09 07:12:00','2022-07-30 16:22:59','2022-07-30 16:22:59'),(422,877,'BAW303',NULL,'LFPG','EGLL','2022-01-09 07:27:00','2022-01-09 07:57:00','2022-07-30 16:22:59','2022-07-30 16:22:59'),(423,782,'DAL30',NULL,'KATL','EGLL','2022-01-09 07:21:00','2022-01-09 07:51:00','2022-07-30 16:22:59','2022-07-30 16:22:59'),(424,728,'SVA111',NULL,'OERK','EGLL','2022-01-09 06:35:00','2022-01-09 07:05:00','2022-07-30 16:22:59','2022-07-30 16:22:59'),(425,862,'SHT3G',NULL,'EGCC','EGLL','2022-01-09 07:37:00','2022-01-09 08:07:00','2022-07-30 16:22:59','2022-07-30 16:22:59'),(426,889,'BAW32N',NULL,'KMIA','EGLL','2022-01-09 08:07:00','2022-01-09 08:37:00','2022-07-30 16:22:59','2022-07-30 16:22:59'),(427,850,'ATG4408',NULL,'UTAK','EGLL','2022-01-09 06:31:00','2022-01-09 07:01:00','2022-07-30 16:22:59','2022-07-30 16:22:59'),(428,746,'UAL14',NULL,'KEWR','EGLL','2022-01-09 06:58:00','2022-01-09 07:28:00','2022-07-30 16:22:59','2022-07-30 16:22:59'),(429,774,'VIR379',NULL,'OPIS','EGLL','2022-01-09 07:02:00','2022-01-09 07:32:00','2022-07-30 16:22:59','2022-07-30 16:22:59'),(430,883,'BAW423',NULL,'EHAM','EGLL','2022-01-09 07:09:00','2022-01-09 07:39:00','2022-07-30 16:22:59','2022-07-30 16:22:59'),(431,731,'SIA306',NULL,'WSSS','EGLL','2022-01-09 06:57:00','2022-01-09 07:27:00','2022-07-30 16:22:59','2022-07-30 16:22:59'),(432,899,'BAW176A',NULL,'KJFK','EGLL','2022-01-09 06:53:00','2022-01-09 07:23:00','2022-07-30 16:22:59','2022-07-30 16:22:59'),(433,856,'BCS6773',NULL,'LPPR','EGLL','2022-01-09 07:14:00','2022-01-09 07:44:00','2022-07-30 16:22:59','2022-07-30 16:22:59'),(434,787,'AAL730',NULL,'KCLT','EGLL','2022-01-09 06:29:00','2022-01-09 06:59:00','2022-07-30 16:22:59','2022-07-30 16:22:59'),(435,935,'BAW124',NULL,'OBBI','EGLL','2022-01-09 07:05:00','2022-01-09 07:35:00','2022-07-30 16:22:59','2022-07-30 16:22:59'),(436,936,'BAW158',NULL,'TXKF','EGLL','2022-01-09 07:55:00','2022-01-09 08:25:00','2022-07-30 16:22:59','2022-07-30 16:22:59'),(437,766,'UAE3JF',NULL,'OMDB','EGLL','2022-01-09 06:37:00','2022-01-09 07:07:00','2022-07-30 16:22:59','2022-07-30 16:22:59'),(438,792,'VIR178',NULL,'TBPB','EGLL','2022-01-09 07:19:00','2022-01-09 07:49:00','2022-07-30 16:22:59','2022-07-30 16:22:59'),(439,710,'DLH3VT',NULL,'EDDF','EGLL','2022-01-09 06:41:00','2022-01-09 07:11:00','2022-07-30 16:22:59','2022-07-30 16:22:59'),(440,771,'VIR138M',NULL,'KJFK','EGLL','2022-01-09 06:15:00','2022-01-09 06:45:00','2022-07-30 16:22:59','2022-07-30 16:22:59'),(441,779,'AAL108',NULL,'KBOS','EGLL','2022-01-09 06:36:00','2022-01-09 07:06:00','2022-07-30 16:22:59','2022-07-30 16:22:59'),(442,874,'BAW81V',NULL,'KIAH','EGLL','2022-01-09 07:11:00','2022-01-09 07:41:00','2022-07-30 16:22:59','2022-07-30 16:22:59'),(443,922,'QTR011',NULL,'OTHH','EGLL','2022-01-09 06:46:00','2022-01-09 07:16:00','2022-07-30 16:22:59','2022-07-30 16:22:59'),(444,919,'BAW138',NULL,'VABB','EGLL','2022-01-09 06:26:00','2022-01-09 06:56:00','2022-07-30 16:22:59','2022-07-30 16:22:59'),(445,895,'BAW20R',NULL,'KORD','EGLL','2022-01-09 06:12:00','2022-01-09 06:42:00','2022-07-30 16:22:59','2022-07-30 16:22:59'),(446,905,'AAL100',NULL,'KJFK','EGLL','2022-01-09 06:43:00','2022-01-09 07:13:00','2022-07-30 16:22:59','2022-07-30 16:22:59'),(447,902,'BAW5CA',NULL,'CYYZ','EGLL','2022-01-09 06:50:00','2022-01-09 07:20:00','2022-07-30 16:22:59','2022-07-30 16:22:59'),(448,908,'BAW9E',NULL,'KEWR','EGLL','2022-01-09 06:06:00','2022-01-09 06:36:00','2022-07-30 16:22:59','2022-07-30 16:22:59'),(449,913,'BAW45B',NULL,'KBOS','EGLL','2022-01-09 06:24:00','2022-01-09 06:54:00','2022-07-30 16:22:59','2022-07-30 16:22:59'),(450,789,'VIR92',NULL,'KMCO','EGLL','2022-01-09 07:28:00','2022-01-09 07:58:00','2022-07-30 16:22:59','2022-07-30 16:22:59'),(451,758,'DKH1639',NULL,'ZSPD','EGLL','2022-01-09 06:18:00','2022-01-09 06:48:00','2022-07-30 16:22:59','2022-07-30 16:22:59'),(452,783,'QFA9',NULL,'YMML','EGLL','2022-01-09 06:51:00','2022-01-09 07:21:00','2022-07-30 16:22:59','2022-07-30 16:22:59'),(453,912,'BAW64M',NULL,'HKJK','EGLL','2022-01-09 05:56:00','2022-01-09 06:26:00','2022-07-30 16:22:59','2022-07-30 16:22:59'),(454,914,'BAW246',NULL,'SBGR','EGLL','2022-01-09 06:01:00','2022-01-09 06:31:00','2022-07-30 16:22:59','2022-07-30 16:22:59'),(455,735,'AIC161',NULL,'VIDP','EGLL','2022-01-09 07:00:00','2022-01-09 07:30:00','2022-07-30 16:22:59','2022-07-30 16:22:59'),(456,745,'ETH700',NULL,'HAAB','EGLL','2022-01-09 05:43:00','2022-01-09 06:13:00','2022-07-30 16:22:59','2022-07-30 16:22:59'),(457,780,'ETD89G',NULL,'OMAA','EGLL','2022-01-09 05:58:00','2022-01-09 06:28:00','2022-07-30 16:22:59','2022-07-30 16:22:59'),(458,733,'GFA007',NULL,'OBBI','EGLL','2022-01-09 05:33:00','2022-01-09 06:03:00','2022-07-30 16:22:59','2022-07-30 16:22:59'),(459,739,'MAU42',NULL,'FIMP','EGLL','2022-01-09 05:31:00','2022-01-09 06:01:00','2022-07-30 16:22:59','2022-07-30 16:22:59'),(460,778,'VIR118',NULL,'KMIA','EGLL','2022-01-09 06:50:00','2022-01-09 07:20:00','2022-07-30 16:22:59','2022-07-30 16:22:59'),(461,732,'ACA854',NULL,'CYYZ','EGLL','2022-01-09 06:22:00','2022-01-09 06:52:00','2022-07-30 16:22:59','2022-07-30 16:22:59'),(462,916,'BAW40F',NULL,'KJFK','EGLL','2022-01-09 06:10:00','2022-01-09 06:40:00','2022-07-30 16:22:59','2022-07-30 16:22:59'),(463,933,'BAW262',NULL,'OERK','EGLL','2022-01-09 05:35:00','2022-01-09 06:05:00','2022-07-30 16:22:59','2022-07-30 16:22:59'),(464,763,'CPA255',NULL,'VHHH','EGLL','2022-01-09 05:26:00','2022-01-09 05:56:00','2022-07-30 16:22:59','2022-07-30 16:22:59'),(465,782,'JAL41',NULL,'RJTT','EGLL','2022-01-09 05:40:00','2022-01-09 06:10:00','2022-07-30 16:22:59','2022-07-30 16:22:59'),(466,785,'AAL20',NULL,'KDFW','EGLL','2022-01-09 06:38:00','2022-01-09 07:08:00','2022-07-30 16:22:59','2022-07-30 16:22:59'),(467,923,'QTR41H',NULL,'OTHH','EGLL','2022-01-09 06:08:00','2022-01-09 06:38:00','2022-07-30 16:22:59','2022-07-30 16:22:59'),(468,738,'THA910',NULL,'VTBS','EGLL','2022-01-09 06:04:00','2022-01-09 06:34:00','2022-07-30 16:22:59','2022-07-30 16:22:59'),(469,724,'UAL918',NULL,'KIAD','EGLL','2022-01-09 05:52:00','2022-01-09 06:22:00','2022-07-30 16:22:59','2022-07-30 16:22:59'),(470,770,'VIR4C',NULL,'KJFK','EGLL','2022-01-09 05:03:00','2022-01-09 05:33:00','2022-07-30 16:22:59','2022-07-30 16:22:59'),(471,734,'SIA322',NULL,'WSSS','EGLL','2022-01-09 05:18:00','2022-01-09 05:48:00','2022-07-30 16:22:59','2022-07-30 16:22:59'),(472,890,'BAW6W',NULL,'KIAD','EGLL','2022-01-09 05:24:00','2022-01-09 05:54:00','2022-07-30 16:22:59','2022-07-30 16:22:59'),(473,918,'BAW254',NULL,'TBPB','EGLL','2022-01-09 07:01:00','2022-01-09 07:31:00','2022-07-30 16:22:59','2022-07-30 16:22:59'),(474,920,'BAW106',NULL,'OMDB','EGLL','2022-01-09 05:28:00','2022-01-09 05:58:00','2022-07-30 16:22:59','2022-07-30 16:22:59'),(475,786,'QFA1',NULL,'YSSY','EGLL','2022-01-09 05:21:00','2022-01-09 05:51:00','2022-07-30 16:22:59','2022-07-30 16:22:59'),(476,789,'CPA251',NULL,'VHHH','EGLL','2022-01-09 04:28:00','2022-01-09 04:58:00','2022-07-30 16:22:59','2022-07-30 16:22:59'),(477,896,'BAW78',NULL,'DGAA','EGLL','2022-01-09 05:49:00','2022-01-09 06:19:00','2022-07-30 16:22:59','2022-07-30 16:22:59'),(478,774,'VIR207',NULL,'VHHH','EGLL','2022-01-09 04:05:00','2022-01-09 04:35:00','2022-07-30 16:22:59','2022-07-30 16:22:59'),(479,924,'BAW83',NULL,'EGLL','DNAA','2022-01-09 22:00:00','2022-01-09 22:30:00','2022-07-30 16:22:59','2022-07-30 16:22:59'),(480,774,'VIR411Y',NULL,'EGLL','DNMM','2022-01-09 22:00:00','2022-01-09 22:30:00','2022-07-30 16:22:59','2022-07-30 16:22:59'),(481,739,'MSR780',NULL,'EGLL','HECA','2022-01-09 22:00:00','2022-01-09 22:30:00','2022-07-30 16:22:59','2022-07-30 16:22:59'),(482,914,'BAW153',NULL,'EGLL','VRMM','2022-01-09 21:55:00','2022-01-09 22:25:00','2022-07-30 16:22:59','2022-07-30 16:22:59'),(483,770,'VIR206',NULL,'EGLL','VHHH','2022-01-09 21:55:00','2022-01-09 22:25:00','2022-07-30 16:22:59','2022-07-30 16:22:59'),(484,915,'BAW157',NULL,'EGLL','OKBK','2022-01-09 21:50:00','2022-01-09 22:20:00','2022-07-30 16:22:59','2022-07-30 16:22:59'),(485,771,'VIR364',NULL,'EGLL','OPLA','2022-01-09 21:45:00','2022-01-09 22:15:00','2022-07-30 16:22:59','2022-07-30 16:22:59'),(486,784,'CPA254',NULL,'EGLL','VHHH','2022-01-09 21:35:00','2022-01-09 22:05:00','2022-07-30 16:22:59','2022-07-30 16:22:59'),(487,731,'SIA321',NULL,'EGLL','WSSS','2022-01-09 21:35:00','2022-01-09 22:05:00','2022-07-30 16:22:59','2022-07-30 16:22:59'),(488,916,'BAW75',NULL,'EGLL','DNMM','2022-01-09 21:30:00','2022-01-09 22:00:00','2022-07-30 16:22:59','2022-07-30 16:22:59'),(489,766,'UAE6',NULL,'EGLL','OMDB','2022-01-09 21:30:00','2022-01-09 22:00:00','2022-07-30 16:22:59','2022-07-30 16:22:59'),(490,723,'GFA006',NULL,'EGLL','OBBI','2022-01-09 21:20:00','2022-01-09 21:50:00','2022-07-30 16:22:59','2022-07-30 16:22:59'),(491,735,'AIC112',NULL,'EGLL','VIDP','2022-01-09 21:00:00','2022-01-09 21:30:00','2022-07-30 16:22:59','2022-07-30 16:22:59'),(492,908,'QTR01G',NULL,'EGLL','OTHH','2022-01-09 20:50:00','2022-01-09 21:20:00','2022-07-30 16:22:59','2022-07-30 16:22:59'),(493,778,'VTI018',NULL,'EGLL','VIDP','2022-01-09 20:50:00','2022-01-09 21:20:00','2022-07-30 16:22:59','2022-07-30 16:22:59'),(494,927,'BAW247',NULL,'EGLL','SBGR','2022-01-09 20:45:00','2022-01-09 21:15:00','2022-07-30 16:22:59','2022-07-30 16:22:59'),(495,874,'BAW82DM',NULL,'EGLL','EIDW','2022-01-09 20:45:00','2022-01-09 21:15:00','2022-07-30 16:22:59','2022-07-30 16:22:59'),(496,712,'THY1984',NULL,'EGLL','LTFM','2022-01-09 20:40:00','2022-01-09 21:10:00','2022-07-30 16:22:59','2022-07-30 16:22:59'),(497,895,'BAW231',NULL,'EGLL','FIMP','2022-01-09 20:30:00','2022-01-09 21:00:00','2022-07-30 16:22:59','2022-07-30 16:22:59'),(498,881,'SHT18H',NULL,'EGLL','EGPD','2022-01-09 20:30:00','2022-01-09 21:00:00','2022-07-30 16:22:59','2022-07-30 16:22:59'),(499,876,'BAW326',NULL,'EGLL','LFPG','2022-01-09 20:20:00','2022-01-09 20:50:00','2022-07-30 16:22:59','2022-07-30 16:22:59'),(500,875,'SHT6N',NULL,'EGLL','EGPF','2022-01-09 20:20:00','2022-01-09 20:50:00','2022-07-30 16:22:59','2022-07-30 16:22:59'),(501,716,'EIN179',NULL,'EGLL','EIDW','2022-01-09 20:15:00','2022-01-09 20:45:00','2022-07-30 16:22:59','2022-07-30 16:22:59'),(502,888,'BAW105',NULL,'EGLL','OMDB','2022-01-09 20:10:00','2022-01-09 20:40:00','2022-07-30 16:22:59','2022-07-30 16:22:59'),(503,809,'CES7552',NULL,'EGLL','ZSPD','2022-01-09 20:10:00','2022-01-09 20:40:00','2022-07-30 16:22:59','2022-07-30 16:22:59'),(504,780,'ALK504',NULL,'EGLL','VCBI','2022-01-09 20:10:00','2022-01-09 20:40:00','2022-07-30 16:22:59','2022-07-30 16:22:59'),(505,733,'ICE455',NULL,'EGLL','BIKF','2022-01-09 20:10:00','2022-01-09 20:40:00','2022-07-30 16:22:59','2022-07-30 16:22:59'),(506,720,'LOG36RA',NULL,'EGLL','EGNV','2022-01-09 20:10:00','2022-01-09 20:40:00','2022-07-30 16:22:59','2022-07-30 16:22:59'),(507,788,'TAM8085',NULL,'EGLL','SBGR','2022-01-09 20:05:00','2022-01-09 20:35:00','2022-07-30 16:22:59','2022-07-30 16:22:59'),(508,734,'SIA319',NULL,'EGLL','WSSS','2022-01-09 20:05:00','2022-01-09 20:35:00','2022-07-30 16:22:59','2022-07-30 16:22:59'),(509,897,'SHT6M',NULL,'EGLL','EGPF','2022-01-09 20:00:00','2022-01-09 20:30:00','2022-07-30 16:22:59','2022-07-30 16:22:59'),(510,769,'CBJ124',NULL,'EGLL','ZBYN','2022-01-09 20:00:00','2022-01-09 20:30:00','2022-07-30 16:22:59','2022-07-30 16:22:59'),(511,721,'AMC103',NULL,'EGLL','LMML','2022-01-09 20:00:00','2022-01-09 20:30:00','2022-07-30 16:22:59','2022-07-30 16:22:59'),(512,719,'SZS1508',NULL,'EGLL','EKCH','2022-01-09 20:00:00','2022-01-09 20:30:00','2022-07-30 16:22:59','2022-07-30 16:22:59'),(513,1540,'KLM1032',NULL,'EGLL','EHAM','2022-01-09 19:55:00','2022-01-09 20:25:00','2022-07-30 16:22:59','2022-07-30 16:22:59'),(514,764,'UAE4',NULL,'EGLL','OMDB','2022-01-09 19:50:00','2022-01-09 20:20:00','2022-07-30 16:22:59','2022-07-30 16:22:59'),(515,738,'ETH701',NULL,'EGLL','HAAB','2022-01-09 19:45:00','2022-01-09 20:15:00','2022-07-30 16:22:59','2022-07-30 16:22:59'),(516,883,'BAW916N',NULL,'EGLL','EDDF','2022-01-09 19:40:00','2022-01-09 20:10:00','2022-07-30 16:22:59','2022-07-30 16:22:59'),(517,725,'OMA102',NULL,'EGLL','OOMS','2022-01-09 19:35:00','2022-01-09 20:05:00','2022-07-30 16:22:59','2022-07-30 16:22:59'),(518,715,'EWG469',NULL,'EGLL','EDDK','2022-01-09 19:30:00','2022-01-09 20:00:00','2022-07-30 16:22:59','2022-07-30 16:22:59'),(519,709,'SWR339',NULL,'EGLL','LSZH','2022-01-09 19:30:00','2022-01-09 20:00:00','2022-07-30 16:22:59','2022-07-30 16:22:59'),(520,913,'BAW109',NULL,'EGLL','OMDB','2022-01-09 19:25:00','2022-01-09 19:55:00','2022-07-30 16:22:59','2022-07-30 16:22:59'),(521,869,'BAW444',NULL,'EGLL','EHAM','2022-01-09 19:25:00','2022-01-09 19:55:00','2022-07-30 16:22:59','2022-07-30 16:22:59'),(522,710,'TAP1369',NULL,'EGLL','LPPT','2022-01-09 19:25:00','2022-01-09 19:55:00','2022-07-30 16:22:59','2022-07-30 16:22:59'),(523,886,'BAW958M',NULL,'EGLL','EDDM','2022-01-09 19:20:00','2022-01-09 19:50:00','2022-07-30 16:22:59','2022-07-30 16:22:59'),(524,893,'BAW183',NULL,'EGLL','KJFK','2022-01-09 19:15:00','2022-01-09 19:45:00','2022-07-30 16:22:59','2022-07-30 16:22:59'),(525,867,'IBE3179',NULL,'EGLL','LEMD','2022-01-09 19:15:00','2022-01-09 19:45:00','2022-07-30 16:22:59','2022-07-30 16:22:59'),(526,787,'ETD69K',NULL,'EGLL','OMAA','2022-01-09 19:15:00','2022-01-09 19:45:00','2022-07-30 16:22:59','2022-07-30 16:22:59'),(527,777,'AFR37YR',NULL,'EGLL','LFPG','2022-01-09 19:15:00','2022-01-09 19:45:00','2022-07-30 16:22:59','2022-07-30 16:22:59'),(528,767,'BAW870',NULL,'EGLL','LHBP','2022-01-09 19:10:00','2022-01-09 19:40:00','2022-07-30 16:22:59','2022-07-30 16:22:59'),(529,722,'AUA6EH',NULL,'EGLL','LOWW','2022-01-09 19:10:00','2022-01-09 19:40:00','2022-07-30 16:22:59','2022-07-30 16:22:59'),(530,719,'EIN723',NULL,'EGLL','EICK','2022-01-09 19:10:00','2022-01-09 19:40:00','2022-07-30 16:22:59','2022-07-30 16:22:59'),(531,720,'SAS812',NULL,'EGLL','ENGM','2022-01-09 19:00:00','2022-01-09 19:30:00','2022-07-30 16:22:59','2022-07-30 16:22:59'),(532,714,'SWR37G',NULL,'EGLL','LSGG','2022-01-09 19:00:00','2022-01-09 19:30:00','2022-07-30 16:22:59','2022-07-30 16:22:59'),(533,782,'BAW858',NULL,'EGLL','LKPR','2022-01-09 18:55:00','2022-01-09 19:25:00','2022-07-30 16:22:59','2022-07-30 16:22:59'),(534,712,'EWG7461',NULL,'EGLL','EDDH','2022-01-09 18:50:00','2022-01-09 19:20:00','2022-07-30 16:22:59','2022-07-30 16:22:59'),(535,865,'BAW738',NULL,'EGLL','LSGG','2022-01-09 18:45:00','2022-01-09 19:15:00','2022-07-30 16:22:59','2022-07-30 16:22:59'),(536,768,'BAW706V',NULL,'EGLL','LOWW','2022-01-09 18:40:00','2022-01-09 19:10:00','2022-07-30 16:22:59','2022-07-30 16:22:59'),(537,763,'FIN7138',NULL,'EGLL','EFHK','2022-01-09 18:40:00','2022-01-09 19:10:00','2022-07-30 16:22:59','2022-07-30 16:22:59'),(538,784,'JAL44',NULL,'EGLL','RJTT','2022-01-09 18:30:00','2022-01-09 19:00:00','2022-07-30 16:22:59','2022-07-30 16:22:59'),(539,766,'UAE32',NULL,'EGLL','OMDB','2022-01-09 18:30:00','2022-01-09 19:00:00','2022-07-30 16:22:59','2022-07-30 16:22:59'),(540,739,'ANA212',NULL,'EGLL','RJTT','2022-01-09 18:30:00','2022-01-09 19:00:00','2022-07-30 16:23:00','2022-07-30 16:23:00'),(541,714,'SZS1524',NULL,'EGLL','ESSA','2022-01-09 18:30:00','2022-01-09 19:00:00','2022-07-30 16:23:00','2022-07-30 16:23:00'),(542,709,'SWR31E',NULL,'EGLL','LSZH','2022-01-09 18:30:00','2022-01-09 19:00:00','2022-07-30 16:23:00','2022-07-30 16:23:00'),(543,858,'BCS2219',NULL,'EGLL','EDDP','2022-01-09 18:25:00','2022-01-09 18:55:00','2022-07-30 16:23:00','2022-07-30 16:23:00'),(544,860,'BAW988',NULL,'EGLL','EDDB','2022-01-09 18:25:00','2022-01-09 18:55:00','2022-07-30 16:23:00','2022-07-30 16:23:00'),(545,717,'EIN93X',NULL,'EGLL','EGAC','2022-01-09 18:25:00','2022-01-09 18:55:00','2022-07-30 16:23:00','2022-07-30 16:23:00'),(546,715,'WIF57K',NULL,'EGLL','ENBR','2022-01-09 18:25:00','2022-01-09 18:55:00','2022-07-30 16:23:00','2022-07-30 16:23:00'),(547,785,'KAL908',NULL,'EGLL','RKSI','2022-01-09 18:20:00','2022-01-09 18:50:00','2022-07-30 16:23:00','2022-07-30 16:23:00'),(548,780,'VIR25B',NULL,'EGLL','KJFK','2022-01-09 18:20:00','2022-01-09 18:50:00','2022-07-30 16:23:00','2022-07-30 16:23:00'),(549,770,'VIR601',NULL,'EGLL','FAOR','2022-01-09 18:20:00','2022-01-09 18:50:00','2022-07-30 16:23:00','2022-07-30 16:23:00'),(550,915,'IBE31SC',NULL,'EGLL','LEMD','2022-01-09 18:15:00','2022-01-09 18:45:00','2022-07-30 16:23:00','2022-07-30 16:23:00'),(551,859,'SHT86U',NULL,'EGLL','EGAC','2022-01-09 18:15:00','2022-01-09 18:45:00','2022-07-30 16:23:00','2022-07-30 16:23:00'),(552,718,'EIN17R',NULL,'EGLL','EIDW','2022-01-09 18:15:00','2022-01-09 18:45:00','2022-07-30 16:23:00','2022-07-30 16:23:00'),(553,868,'BAW786F',NULL,'EGLL','ESSA','2022-01-09 18:10:00','2022-01-09 18:40:00','2022-07-30 16:23:00','2022-07-30 16:23:00'),(554,712,'EWG2465',NULL,'EGLL','EDDS','2022-01-09 18:05:00','2022-01-09 18:35:00','2022-07-30 16:23:00','2022-07-30 16:23:00'),(555,925,'BAW5FC',NULL,'EGLL','LIRF','2022-01-09 18:00:00','2022-01-09 18:30:00','2022-07-30 16:23:00','2022-07-30 16:23:00'),(556,902,'BAW11',NULL,'EGLL','WSSS','2022-01-09 18:00:00','2022-01-09 18:30:00','2022-07-30 16:23:00','2022-07-30 16:23:00'),(557,866,'SHT8K',NULL,'EGLL','EGPH','2022-01-09 18:00:00','2022-01-09 18:30:00','2022-07-30 16:23:00','2022-07-30 16:23:00'),(558,710,'TAP1357',NULL,'EGLL','LPPT','2022-01-09 18:00:00','2022-01-09 18:30:00','2022-07-30 16:23:00','2022-07-30 16:23:00'),(559,857,'BCS2359',NULL,'EGLL','EDDK','2022-01-09 17:55:00','2022-01-09 18:25:00','2022-07-30 16:23:00','2022-07-30 16:23:00'),(560,871,'SHT2K',NULL,'EGLL','EGCC','2022-01-09 17:55:00','2022-01-09 18:25:00','2022-07-30 16:23:00','2022-07-30 16:23:00'),(561,782,'MEA204',NULL,'EGLL','OLBA','2022-01-09 17:55:00','2022-01-09 18:25:00','2022-07-30 16:23:00','2022-07-30 16:23:00'),(562,912,'BAW57K',NULL,'EGLL','FAOR','2022-01-09 17:50:00','2022-01-09 18:20:00','2022-07-30 16:23:00','2022-07-30 16:23:00'),(563,722,'ITY247',NULL,'EGLL','LIML','2022-01-09 17:50:00','2022-01-09 18:20:00','2022-07-30 16:23:00','2022-07-30 16:23:00'),(564,921,'BAW61',NULL,'EGLL','VRMM','2022-01-09 17:45:00','2022-01-09 18:15:00','2022-07-30 16:23:00','2022-07-30 16:23:00'),(565,778,'BBC202',NULL,'EGLL','VGSY','2022-01-09 17:45:00','2022-01-09 18:15:00','2022-07-30 16:23:00','2022-07-30 16:23:00'),(566,721,'LOT2ET',NULL,'EGLL','EPWA','2022-01-09 17:45:00','2022-01-09 18:15:00','2022-07-30 16:23:00','2022-07-30 16:23:00'),(567,901,'SHT12Q',NULL,'EGLL','EGNT','2022-01-09 17:40:00','2022-01-09 18:10:00','2022-07-30 16:23:00','2022-07-30 16:23:00'),(568,763,'FIN4CE',NULL,'EGLL','EFHK','2022-01-09 17:40:00','2022-01-09 18:10:00','2022-07-30 16:23:00','2022-07-30 16:23:00'),(569,728,'SVA112',NULL,'EGLL','OEJN','2022-01-09 17:40:00','2022-01-09 18:10:00','2022-07-30 16:23:00','2022-07-30 16:23:00'),(570,914,'BAW259',NULL,'EGLL','OPLA','2022-01-09 17:35:00','2022-01-09 18:05:00','2022-07-30 16:23:00','2022-07-30 16:23:00'),(571,919,'BAW179',NULL,'EGLL','KJFK','2022-01-09 17:30:00','2022-01-09 18:00:00','2022-07-30 16:23:00','2022-07-30 16:23:00'),(572,873,'SHT18E',NULL,'EGLL','EGPD','2022-01-09 17:30:00','2022-01-09 18:00:00','2022-07-30 16:23:00','2022-07-30 16:23:00'),(573,746,'UAL921',NULL,'EGLL','KEWR','2022-01-09 17:30:00','2022-01-09 18:00:00','2022-07-30 16:23:00','2022-07-30 16:23:00'),(574,869,'IBE3161',NULL,'EGLL','LEMD','2022-01-09 17:25:00','2022-01-09 17:55:00','2022-07-30 16:23:00','2022-07-30 16:23:00'),(575,800,'KQA2101',NULL,'EGLL','HKJK','2022-01-09 17:25:00','2022-01-09 17:55:00','2022-07-30 16:23:00','2022-07-30 16:23:00'),(576,767,'BAW488',NULL,'EGLL','LEBL','2022-01-09 17:25:00','2022-01-09 17:55:00','2022-07-30 16:23:00','2022-07-30 16:23:00'),(577,719,'DLH7UM',NULL,'EGLL','EDDM','2022-01-09 17:25:00','2022-01-09 17:55:00','2022-07-30 16:23:00','2022-07-30 16:23:00'),(578,718,'EIN17K',NULL,'EGLL','EIDW','2022-01-09 17:15:00','2022-01-09 17:45:00','2022-07-30 16:23:00','2022-07-30 16:23:00'),(579,742,'THY3KT',NULL,'EGLL','LTFM','2022-01-09 17:10:00','2022-01-09 17:40:00','2022-07-30 16:23:00','2022-07-30 16:23:00'),(580,1539,'AFR56RZ',NULL,'EGLL','LFPG','2022-01-09 17:05:00','2022-01-09 17:35:00','2022-07-30 16:23:00','2022-07-30 16:23:00'),(581,890,'BAW5VY',NULL,'EGLL','CYVR','2022-01-09 17:00:00','2022-01-09 17:30:00','2022-07-30 16:23:00','2022-07-30 16:23:00'),(582,879,'BAW736',NULL,'EGLL','LSGG','2022-01-09 17:00:00','2022-01-09 17:30:00','2022-07-30 16:23:00','2022-07-30 16:23:00'),(583,731,'SVA108',NULL,'EGLL','OERK','2022-01-09 17:00:00','2022-01-09 17:30:00','2022-07-30 16:23:00','2022-07-30 16:23:00'),(584,712,'DLH8NM',NULL,'EGLL','EDDF','2022-01-09 17:00:00','2022-01-09 17:30:00','2022-07-30 16:23:00','2022-07-30 16:23:00'),(585,782,'KQA101',NULL,'EGLL','HKJK','2022-01-09 16:55:00','2022-01-09 17:25:00','2022-07-30 16:23:00','2022-07-30 16:23:00'),(586,709,'SWR349R',NULL,'EGLL','LSGG','2022-01-09 16:55:00','2022-01-09 17:25:00','2022-07-30 16:23:00','2022-07-30 16:23:00'),(587,886,'BAW932',NULL,'EGLL','EDDL','2022-01-09 16:50:00','2022-01-09 17:20:00','2022-07-30 16:23:00','2022-07-30 16:23:00'),(588,850,'CPA008',NULL,'EGLL','LFPG','2022-01-09 16:45:00','2022-01-09 17:15:00','2022-07-30 16:23:00','2022-07-30 16:23:00'),(589,779,'ALK506',NULL,'EGLL','VRMM','2022-01-09 16:45:00','2022-01-09 17:15:00','2022-07-30 16:23:00','2022-07-30 16:23:00'),(590,938,'AAL107',NULL,'EGLL','KJFK','2022-01-09 16:35:00','2022-01-09 17:05:00','2022-07-30 16:23:00','2022-07-30 16:23:00'),(591,889,'BAW99',NULL,'EGLL','CYYZ','2022-01-09 16:35:00','2022-01-09 17:05:00','2022-07-30 16:23:00','2022-07-30 16:23:00'),(592,876,'BAW85Q',NULL,'EGLL','EIDW','2022-01-09 16:35:00','2022-01-09 17:05:00','2022-07-30 16:23:00','2022-07-30 16:23:00'),(593,1538,'KLM16K',NULL,'EGLL','EHAM','2022-01-09 16:35:00','2022-01-09 17:05:00','2022-07-30 16:23:00','2022-07-30 16:23:00'),(594,933,'BAW9250',NULL,'EGLL','EGJJ','2022-01-09 16:30:00','2022-01-09 17:00:00','2022-07-30 16:23:00','2022-07-30 16:23:00'),(595,720,'SZS506',NULL,'EGLL','EKCH','2022-01-09 16:30:00','2022-01-09 17:00:00','2022-07-30 16:23:00','2022-07-30 16:23:00'),(596,722,'ITY207',NULL,'EGLL','LIRF','2022-01-09 16:25:00','2022-01-09 16:55:00','2022-07-30 16:23:00','2022-07-30 16:23:00'),(597,884,'BAW18LX',NULL,'EGLL','ELLX','2022-01-09 16:15:00','2022-01-09 16:45:00','2022-07-30 16:23:00','2022-07-30 16:23:00'),(598,908,'BAW21G',NULL,'EGLL','KBOS','2022-01-09 16:10:00','2022-01-09 16:40:00','2022-07-30 16:23:00','2022-07-30 16:23:00'),(599,895,'BAW6NC',NULL,'EGLL','CYUL','2022-01-09 16:10:00','2022-01-09 16:40:00','2022-07-30 16:23:00','2022-07-30 16:23:00'),(600,719,'AEE3LG',NULL,'EGLL','LGAV','2022-01-09 16:05:00','2022-01-09 16:35:00','2022-07-30 16:23:00','2022-07-30 16:23:00'),(601,915,'BAW293',NULL,'EGLL','KIAD','2022-01-09 16:00:00','2022-01-09 16:30:00','2022-07-30 16:23:00','2022-07-30 16:23:00'),(602,914,'BAW189',NULL,'EGLL','KEWR','2022-01-09 16:00:00','2022-01-09 16:30:00','2022-07-30 16:23:00','2022-07-30 16:23:00'),(603,710,'TAP136V',NULL,'EGLL','LPPT','2022-01-09 16:00:00','2022-01-09 16:30:00','2022-07-30 16:23:00','2022-07-30 16:23:00'),(604,930,'BAW2708',NULL,'EGLL','LEBB','2022-01-09 15:55:00','2022-01-09 16:25:00','2022-07-30 16:23:00','2022-07-30 16:23:00'),(605,866,'BAW660',NULL,'EGLL','LCLK','2022-01-09 15:55:00','2022-01-09 16:25:00','2022-07-30 16:23:00','2022-07-30 16:23:00'),(606,863,'BAW636',NULL,'EGLL','LGAV','2022-01-09 15:50:00','2022-01-09 16:20:00','2022-07-30 16:23:00','2022-07-30 16:23:00'),(607,724,'UAL925',NULL,'EGLL','KIAD','2022-01-09 15:50:00','2022-01-09 16:20:00','2022-07-30 16:23:00','2022-07-30 16:23:00'),(608,718,'EIN169',NULL,'EGLL','EIDW','2022-01-09 15:50:00','2022-01-09 16:20:00','2022-07-30 16:23:00','2022-07-30 16:23:00'),(609,867,'BAW6FM',NULL,'EGLL','LTFM','2022-01-09 15:45:00','2022-01-09 16:15:00','2022-07-30 16:23:00','2022-07-30 16:23:00'),(610,735,'THY70Y',NULL,'EGLL','LTFM','2022-01-09 15:45:00','2022-01-09 16:15:00','2022-07-30 16:23:00','2022-07-30 16:23:00'),(611,896,'BAW275',NULL,'EGLL','KLAS','2022-01-09 15:40:00','2022-01-09 16:10:00','2022-07-30 16:23:00','2022-07-30 16:23:00'),(612,801,'CXA8712',NULL,'EGLL','ZSAM','2022-01-09 15:40:00','2022-01-09 16:10:00','2022-07-30 16:23:00','2022-07-30 16:23:00'),(613,929,'BAW920X',NULL,'EGLL','EDDS','2022-01-09 15:35:00','2022-01-09 16:05:00','2022-07-30 16:23:00','2022-07-30 16:23:00'),(614,865,'BAW27PO',NULL,'EGLL','LPPR','2022-01-09 15:35:00','2022-01-09 16:05:00','2022-07-30 16:23:00','2022-07-30 16:23:00'),(615,779,'RJA112A',NULL,'EGLL','OJAI','2022-01-09 15:35:00','2022-01-09 16:05:00','2022-07-30 16:23:00','2022-07-30 16:23:00'),(616,774,'VIR9M',NULL,'EGLL','KJFK','2022-01-09 15:35:00','2022-01-09 16:05:00','2022-07-30 16:23:00','2022-07-30 16:23:00'),(617,924,'BAW43',NULL,'EGLL','FACT','2022-01-09 15:30:00','2022-01-09 16:00:00','2022-07-30 16:23:00','2022-07-30 16:23:00'),(618,768,'BAW476',NULL,'EGLL','LEBL','2022-01-09 15:30:00','2022-01-09 16:00:00','2022-07-30 16:23:00','2022-07-30 16:23:00'),(619,745,'UAL941',NULL,'EGLL','KEWR','2022-01-09 15:30:00','2022-01-09 16:00:00','2022-07-30 16:23:00','2022-07-30 16:23:00'),(620,732,'MAU53',NULL,'EGLL','FIMP','2022-01-09 15:30:00','2022-01-09 16:00:00','2022-07-30 16:23:00','2022-07-30 16:23:00'),(621,714,'BLA4132',NULL,'EGLL','LFMN','2022-01-09 15:30:00','2022-01-09 16:00:00','2022-07-30 16:23:00','2022-07-30 16:23:00'),(622,883,'BAW2570',NULL,'EGLL','LEPA','2022-01-09 15:25:00','2022-01-09 15:55:00','2022-07-30 16:23:00','2022-07-30 16:23:00'),(623,859,'BAW2774',NULL,'EGLL','EGJJ','2022-01-09 15:25:00','2022-01-09 15:55:00','2022-07-30 16:23:00','2022-07-30 16:23:00'),(624,783,'BAW604P',NULL,'EGLL','LIRP','2022-01-09 15:25:00','2022-01-09 15:55:00','2022-07-30 16:23:00','2022-07-30 16:23:00'),(625,937,'VIR636',NULL,'EGLL','VHHH','2022-01-09 15:20:00','2022-01-09 15:50:00','2022-07-30 16:23:00','2022-07-30 16:23:00'),(626,766,'UAE79Y',NULL,'EGLL','OMDB','2022-01-09 15:20:00','2022-01-09 15:50:00','2022-07-30 16:23:00','2022-07-30 16:23:00'),(627,874,'BAW2578',NULL,'EGLL','LIMF','2022-01-09 15:15:00','2022-01-09 15:45:00','2022-07-30 16:23:00','2022-07-30 16:23:00'),(628,873,'IBE3177',NULL,'EGLL','LEMD','2022-01-09 15:15:00','2022-01-09 15:45:00','2022-07-30 16:23:00','2022-07-30 16:23:00'),(629,862,'SHT6E',NULL,'EGLL','EGPF','2022-01-09 15:10:00','2022-01-09 15:40:00','2022-07-30 16:23:00','2022-07-30 16:23:00'),(630,709,'EWG9465',NULL,'EGLL','EDDL','2022-01-09 15:10:00','2022-01-09 15:40:00','2022-07-30 16:23:00','2022-07-30 16:23:00'),(631,720,'SAS806',NULL,'EGLL','ENGM','2022-01-09 15:05:00','2022-01-09 15:35:00','2022-07-30 16:23:00','2022-07-30 16:23:00'),(632,920,'BAW200M',NULL,'EGLL','LEMG','2022-01-09 15:00:00','2022-01-09 15:30:00','2022-07-30 16:23:00','2022-07-30 16:23:00'),(633,911,'BAW22B',NULL,'EGLL','KBWI','2022-01-09 15:00:00','2022-01-09 15:30:00','2022-07-30 16:23:00','2022-07-30 16:23:00'),(634,712,'DLH4EK',NULL,'EGLL','EDDF','2022-01-09 15:00:00','2022-01-09 15:30:00','2022-07-30 16:23:00','2022-07-30 16:23:00'),(635,918,'BAW400',NULL,'EGLL','HECA','2022-01-09 14:50:00','2022-01-09 15:20:00','2022-07-30 16:23:00','2022-07-30 16:23:00'),(636,875,'BAW316',NULL,'EGLL','LFPG','2022-01-09 14:50:00','2022-01-09 15:20:00','2022-07-30 16:23:00','2022-07-30 16:23:00'),(637,778,'VIR11B',NULL,'EGLL','KBOS','2022-01-09 14:50:00','2022-01-09 15:20:00','2022-07-30 16:23:00','2022-07-30 16:23:00'),(638,917,'BAW269',NULL,'EGLL','KLAX','2022-01-09 14:45:00','2022-01-09 15:15:00','2022-07-30 16:23:00','2022-07-30 16:23:00'),(639,881,'BAW2692',NULL,'EGLL','LPFR','2022-01-09 14:45:00','2022-01-09 15:15:00','2022-07-30 16:23:00','2022-07-30 16:23:00'),(640,876,'BAW850T',NULL,'EGLL','EPWA','2022-01-09 14:45:00','2022-01-09 15:15:00','2022-07-30 16:23:00','2022-07-30 16:23:00'),(641,865,'BAW2890',NULL,'EGLL','LOWI','2022-01-09 14:45:00','2022-01-09 15:15:00','2022-07-30 16:23:00','2022-07-30 16:23:00'),(642,777,'RJA5112',NULL,'EGLL','OJAI','2022-01-09 14:45:00','2022-01-09 15:15:00','2022-07-30 16:23:00','2022-07-30 16:23:00'),(643,922,'QTR08L',NULL,'EGLL','OTHH','2022-01-09 14:40:00','2022-01-09 15:10:00','2022-07-30 16:23:00','2022-07-30 16:23:00'),(644,886,'BAW287',NULL,'EGLL','KSFO','2022-01-09 14:40:00','2022-01-09 15:10:00','2022-07-30 16:23:00','2022-07-30 16:23:00'),(645,879,'BAW792',NULL,'EGLL','ESGG','2022-01-09 14:40:00','2022-01-09 15:10:00','2022-07-30 16:23:00','2022-07-30 16:23:00'),(646,864,'BAW998',NULL,'EGLL','EDDB','2022-01-09 14:40:00','2022-01-09 15:10:00','2022-07-30 16:23:00','2022-07-30 16:23:00'),(647,936,'BAW398R',NULL,'EGLL','EBBR','2022-01-09 14:35:00','2022-01-09 15:05:00','2022-07-30 16:23:00','2022-07-30 16:23:00'),(648,878,'SHT12N',NULL,'EGLL','EGNT','2022-01-09 14:35:00','2022-01-09 15:05:00','2022-07-30 16:23:00','2022-07-30 16:23:00'),(649,1538,'BAW2650',NULL,'EGLL','LATI','2022-01-09 14:35:00','2022-01-09 15:05:00','2022-07-30 16:23:00','2022-07-30 16:23:00'),(650,900,'BAW312',NULL,'EGLL','OJAI','2022-01-09 14:30:00','2022-01-09 15:00:00','2022-07-30 16:23:00','2022-07-30 16:23:00'),(651,871,'BAW966H',NULL,'EGLL','EDDH','2022-01-09 14:30:00','2022-01-09 15:00:00','2022-07-30 16:23:00','2022-07-30 16:23:00'),(652,728,'ACA857',NULL,'EGLL','CYYZ','2022-01-09 14:30:00','2022-01-09 15:00:00','2022-07-30 16:23:00','2022-07-30 16:23:00'),(653,717,'EIN9KN',NULL,'EGLL','EGAC','2022-01-09 14:30:00','2022-01-09 15:00:00','2022-07-30 16:23:00','2022-07-30 16:23:00'),(654,866,'BAW568J',NULL,'EGLL','LIML','2022-01-09 14:25:00','2022-01-09 14:55:00','2022-07-30 16:23:00','2022-07-30 16:23:00'),(655,776,'VIR103M',NULL,'EGLL','KATL','2022-01-09 14:25:00','2022-01-09 14:55:00','2022-07-30 16:23:00','2022-07-30 16:23:00'),(656,890,'BAW297',NULL,'EGLL','KORD','2022-01-09 14:15:00','2022-01-09 14:45:00','2022-07-30 16:23:00','2022-07-30 16:23:00'),(657,869,'BAW462',NULL,'EGLL','LEMD','2022-01-09 14:15:00','2022-01-09 14:45:00','2022-07-30 16:23:00','2022-07-30 16:23:00'),(658,785,'AAL51',NULL,'EGLL','KDFW','2022-01-09 14:15:00','2022-01-09 14:45:00','2022-07-30 16:23:00','2022-07-30 16:23:00'),(659,1539,'AFR53JV',NULL,'EGLL','LFPG','2022-01-09 14:15:00','2022-01-09 14:45:00','2022-07-30 16:23:00','2022-07-30 16:23:00'),(660,892,'BAW7TG',NULL,'EGLL','KATL','2022-01-09 14:10:00','2022-01-09 14:40:00','2022-07-30 16:23:00','2022-07-30 16:23:00'),(661,768,'BAW856Z',NULL,'EGLL','LKPR','2022-01-09 14:10:00','2022-01-09 14:40:00','2022-07-30 16:23:00','2022-07-30 16:23:00'),(662,929,'BAW277',NULL,'EGLL','VOHS','2022-01-09 14:05:00','2022-01-09 14:35:00','2022-07-30 16:23:00','2022-07-30 16:23:00'),(663,808,'CES7010',NULL,'EGLL','ZSPD','2022-01-09 14:05:00','2022-01-09 14:35:00','2022-07-30 16:23:00','2022-07-30 16:23:00'),(664,742,'UAL937',NULL,'EGLL','KORD','2022-01-09 14:05:00','2022-01-09 14:35:00','2022-07-30 16:23:00','2022-07-30 16:23:00'),(665,935,'BAW49',NULL,'EGLL','KSEA','2022-01-09 14:00:00','2022-01-09 14:30:00','2022-07-30 16:23:00','2022-07-30 16:23:00'),(666,868,'BAW884',NULL,'EGLL','LROP','2022-01-09 14:00:00','2022-01-09 14:30:00','2022-07-30 16:23:00','2022-07-30 16:23:00'),(667,786,'DAL4',NULL,'EGLL','KJFK','2022-01-09 14:00:00','2022-01-09 14:30:00','2022-07-30 16:23:00','2022-07-30 16:23:00'),(668,725,'ACA861',NULL,'EGLL','CYVR','2022-01-09 14:00:00','2022-01-09 14:30:00','2022-07-30 16:23:00','2022-07-30 16:23:00'),(669,710,'SWR31H',NULL,'EGLL','LSGG','2022-01-09 13:55:00','2022-01-09 14:25:00','2022-07-30 16:23:00','2022-07-30 16:23:00'),(670,926,'SHT18F',NULL,'EGLL','EGPD','2022-01-09 13:50:00','2022-01-09 14:20:00','2022-07-30 16:23:00','2022-07-30 16:23:00'),(671,874,'BAW818',NULL,'EGLL','EKCH','2022-01-09 13:50:00','2022-01-09 14:20:00','2022-07-30 16:23:00','2022-07-30 16:23:00'),(672,731,'ELY316',NULL,'EGLL','LLBG','2022-01-09 13:50:00','2022-01-09 14:20:00','2022-07-30 16:23:00','2022-07-30 16:23:00'),(673,934,'BAW263',NULL,'EGLL','OERK','2022-01-09 13:45:00','2022-01-09 14:15:00','2022-07-30 16:23:00','2022-07-30 16:23:00'),(674,920,'BAW209',NULL,'EGLL','KMIA','2022-01-09 13:45:00','2022-01-09 14:15:00','2022-07-30 16:23:00','2022-07-30 16:23:00'),(675,913,'BAW9CG',NULL,'EGLL','KPHX','2022-01-09 13:45:00','2022-01-09 14:15:00','2022-07-30 16:23:00','2022-07-30 16:23:00'),(676,718,'EIN715',NULL,'EGLL','EICK','2022-01-09 13:45:00','2022-01-09 14:15:00','2022-07-30 16:23:00','2022-07-30 16:23:00'),(677,717,'EIN38W',NULL,'EGLL','EINN','2022-01-09 13:45:00','2022-01-09 14:15:00','2022-07-30 16:23:00','2022-07-30 16:23:00'),(678,873,'SHT8A',NULL,'EGLL','EGPH','2022-01-09 13:40:00','2022-01-09 14:10:00','2022-07-30 16:23:00','2022-07-30 16:23:00'),(679,781,'BAW866H',NULL,'EGLL','LHBP','2022-01-09 13:40:00','2022-01-09 14:10:00','2022-07-30 16:23:00','2022-07-30 16:23:00'),(680,769,'VIR23J',NULL,'EGLL','KLAX','2022-01-09 13:40:00','2022-01-09 14:10:00','2022-07-30 16:23:00','2022-07-30 16:23:00'),(681,712,'TVS4BD',NULL,'EGLL','LKPR','2022-01-09 13:40:00','2022-01-09 14:10:00','2022-07-30 16:23:00','2022-07-30 16:23:00'),(682,923,'QTR004',NULL,'EGLL','OTHH','2022-01-09 13:35:00','2022-01-09 14:05:00','2022-07-30 16:23:00','2022-07-30 16:23:00'),(683,779,'JAL8044',NULL,'EGLL','RJBB','2022-01-09 13:35:00','2022-01-09 14:05:00','2022-07-30 16:23:00','2022-07-30 16:23:00'),(684,767,'KLM80F',NULL,'EGLL','EHAM','2022-01-09 13:35:00','2022-01-09 14:05:00','2022-07-30 16:23:00','2022-07-30 16:23:00'),(685,721,'DAH2055',NULL,'EGLL','DAAG','2022-01-09 13:35:00','2022-01-09 14:05:00','2022-07-30 16:23:00','2022-07-30 16:23:00'),(686,918,'BAW9604',NULL,'EGLL','TBPB','2022-01-09 13:30:00','2022-01-09 14:00:00','2022-07-30 16:23:00','2022-07-30 16:23:00'),(687,895,'BAW15K',NULL,'EGLL','KJFK','2022-01-09 13:30:00','2022-01-09 14:00:00','2022-07-30 16:23:00','2022-07-30 16:23:00'),(688,745,'MSR778',NULL,'EGLL','HECA','2022-01-09 13:30:00','2022-01-09 14:00:00','2022-07-30 16:23:00','2022-07-30 16:23:00'),(689,723,'SWR30K',NULL,'EGLL','LSZH','2022-01-09 13:30:00','2022-01-09 14:00:00','2022-07-30 16:23:00','2022-07-30 16:23:00'),(690,722,'SEH7LH',NULL,'EGLL','LGAV','2022-01-09 13:30:00','2022-01-09 14:00:00','2022-07-30 16:23:00','2022-07-30 16:23:00'),(691,733,'JBU20',NULL,'EGLL','KJFK','2022-01-09 13:25:00','2022-01-09 13:55:00','2022-07-30 16:23:00','2022-07-30 16:23:00'),(692,720,'SZS532',NULL,'EGLL','ESSA','2022-01-09 13:25:00','2022-01-09 13:55:00','2022-07-30 16:23:00','2022-07-30 16:23:00'),(693,714,'AUA4GM',NULL,'EGLL','LOWW','2022-01-09 13:25:00','2022-01-09 13:55:00','2022-07-30 16:23:00','2022-07-30 16:23:00'),(694,930,'BAW67V',NULL,'EGLL','KPHL','2022-01-09 13:20:00','2022-01-09 13:50:00','2022-07-30 16:23:00','2022-07-30 16:23:00'),(695,871,'BAW410',NULL,'EGLL','LEVC','2022-01-09 13:20:00','2022-01-09 13:50:00','2022-07-30 16:23:00','2022-07-30 16:23:00'),(696,709,'DLH1XU',NULL,'EGLL','EDDM','2022-01-09 13:20:00','2022-01-09 13:50:00','2022-07-30 16:23:00','2022-07-30 16:23:00'),(697,919,'BAW119',NULL,'EGLL','VOBL','2022-01-09 13:15:00','2022-01-09 13:45:00','2022-07-30 16:23:00','2022-07-30 16:23:00'),(698,734,'UAL4',NULL,'EGLL','KIAH','2022-01-09 13:15:00','2022-01-09 13:45:00','2022-07-30 16:23:00','2022-07-30 16:23:00'),(699,885,'BAW2760',NULL,'EGLL','EHAM','2022-01-09 13:10:00','2022-01-09 13:40:00','2022-07-30 16:23:00','2022-07-30 16:23:00'),(700,881,'BAW84DM',NULL,'EGLL','EIDW','2022-01-09 13:10:00','2022-01-09 13:40:00','2022-07-30 16:23:00','2022-07-30 16:23:00'),(701,766,'UAE2',NULL,'EGLL','OMDB','2022-01-09 13:10:00','2022-01-09 13:40:00','2022-07-30 16:23:00','2022-07-30 16:23:00'),(702,710,'TAP1359',NULL,'EGLL','LPPT','2022-01-09 13:10:00','2022-01-09 13:40:00','2022-07-30 16:23:00','2022-07-30 16:23:00'),(703,782,'IRA710',NULL,'EGLL','OIIE','2022-01-09 13:05:00','2022-01-09 13:35:00','2022-07-30 16:23:00','2022-07-30 16:23:00'),(704,739,'UAL900',NULL,'EGLL','KSFO','2022-01-09 13:05:00','2022-01-09 13:35:00','2022-07-30 16:23:00','2022-07-30 16:23:00'),(705,905,'BAW223N',NULL,'EGLL','KBNA','2022-01-09 13:00:00','2022-01-09 13:30:00','2022-07-30 16:23:00','2022-07-30 16:23:00'),(706,809,'CSN8080',NULL,'EGLL','ZGGG','2022-01-09 13:00:00','2022-01-09 13:30:00','2022-07-30 16:23:00','2022-07-30 16:23:00'),(707,738,'AIC178',NULL,'EGLL','VOBL','2022-01-09 13:00:00','2022-01-09 13:30:00','2022-07-30 16:23:00','2022-07-30 16:23:00'),(708,732,'AFL2579',NULL,'EGLL','UUEE','2022-01-09 13:00:00','2022-01-09 13:30:00','2022-07-30 16:23:00','2022-07-30 16:23:00'),(709,896,'BAW81',NULL,'EGLL','DGAA','2022-01-09 12:55:00','2022-01-09 13:25:00','2022-07-30 16:23:00','2022-07-30 16:23:00'),(710,876,'BAW99M',NULL,'EGLL','LOWI','2022-01-09 12:55:00','2022-01-09 13:25:00','2022-07-30 16:23:00','2022-07-30 16:23:00'),(711,883,'BAW27JR',NULL,'EGLL','EGJJ','2022-01-09 12:50:00','2022-01-09 13:20:00','2022-07-30 16:23:00','2022-07-30 16:23:00'),(712,877,'BAW780F',NULL,'EGLL','ESSA','2022-01-09 12:50:00','2022-01-09 13:20:00','2022-07-30 16:23:00','2022-07-30 16:23:00'),(713,715,'ASL42V',NULL,'EGLL','LYBE','2022-01-09 12:50:00','2022-01-09 13:20:00','2022-07-30 16:23:00','2022-07-30 16:23:00'),(714,793,'BAW48G',NULL,'EGLL','LDZA','2022-01-09 12:45:00','2022-01-09 13:15:00','2022-07-30 16:23:00','2022-07-30 16:23:00'),(715,925,'BAW2654',NULL,'EGLL','LOWS','2022-01-09 12:40:00','2022-01-09 13:10:00','2022-07-30 16:23:00','2022-07-30 16:23:00'),(716,888,'BAW44N',NULL,'EGLL','KSAN','2022-01-09 12:40:00','2022-01-09 13:10:00','2022-07-30 16:23:00','2022-07-30 16:23:00'),(717,772,'AAL155',NULL,'EGLL','KSEA','2022-01-09 12:40:00','2022-01-09 13:10:00','2022-07-30 16:23:00','2022-07-30 16:23:00'),(718,873,'BAW594R',NULL,'EGLL','LIPZ','2022-01-09 12:35:00','2022-01-09 13:05:00','2022-07-30 16:23:00','2022-07-30 16:23:00'),(719,860,'BAW560F',NULL,'EGLL','LIRF','2022-01-09 12:35:00','2022-01-09 13:05:00','2022-07-30 16:23:00','2022-07-30 16:23:00'),(720,783,'RBA4',NULL,'EGLL','WBSB','2022-01-09 12:35:00','2022-01-09 13:05:00','2022-07-30 16:23:00','2022-07-30 16:23:00'),(721,747,'CHH440',NULL,'EGLL','ZSPD','2022-01-09 12:35:00','2022-01-09 13:05:00','2022-07-30 16:23:00','2022-07-30 16:23:00'),(722,875,'SHT96HD',NULL,'EGLL','EGAC','2022-01-09 12:30:00','2022-01-09 13:00:00','2022-07-30 16:23:00','2022-07-30 16:23:00'),(723,874,'BAW14R',NULL,'EGLL','LSZH','2022-01-09 12:30:00','2022-01-09 13:00:00','2022-07-30 16:23:00','2022-07-30 16:23:00'),(724,795,'BAW368',NULL,'EGLL','LFML','2022-01-09 12:30:00','2022-01-09 13:00:00','2022-07-30 16:23:00','2022-07-30 16:23:00'),(725,742,'ACA865',NULL,'EGLL','CYUL','2022-01-09 12:30:00','2022-01-09 13:00:00','2022-07-30 16:23:00','2022-07-30 16:23:00'),(726,735,'AIC130',NULL,'EGLL','VABB','2022-01-09 12:30:00','2022-01-09 13:00:00','2022-07-30 16:23:00','2022-07-30 16:23:00'),(727,862,'BAW358',NULL,'EGLL','LFLL','2022-01-09 12:25:00','2022-01-09 12:55:00','2022-07-30 16:23:00','2022-07-30 16:23:00'),(728,764,'VIR250',NULL,'EGLL','ZSPD','2022-01-09 12:20:00','2022-01-09 12:50:00','2022-07-30 16:23:00','2022-07-30 16:23:00'),(729,763,'BAW702E',NULL,'EGLL','LOWW','2022-01-09 12:20:00','2022-01-09 12:50:00','2022-07-30 16:23:00','2022-07-30 16:23:00'),(730,924,'BAW243',NULL,'EGLL','MMMX','2022-01-09 12:15:00','2022-01-09 12:45:00','2022-07-30 16:23:00','2022-07-30 16:23:00'),(731,867,'BAW2702',NULL,'EGLL','GCTS','2022-01-09 12:15:00','2022-01-09 12:45:00','2022-07-30 16:23:00','2022-07-30 16:23:00'),(732,788,'VIR137Y',NULL,'EGLL','KJFK','2022-01-09 12:15:00','2022-01-09 12:45:00','2022-07-30 16:23:00','2022-07-30 16:23:00'),(733,784,'BAW4RE',NULL,'EGLL','LXGB','2022-01-09 12:15:00','2022-01-09 12:45:00','2022-07-30 16:23:00','2022-07-30 16:23:00'),(734,863,'BAW766',NULL,'EGLL','ENGM','2022-01-09 12:10:00','2022-01-09 12:40:00','2022-07-30 16:23:00','2022-07-30 16:23:00'),(735,800,'QTR8839',NULL,'EGLL','LFLL','2022-01-09 12:10:00','2022-01-09 12:40:00','2022-07-30 16:23:00','2022-07-30 16:23:00'),(736,777,'AAL729',NULL,'EGLL','KPHL','2022-01-09 12:05:00','2022-01-09 12:35:00','2022-07-30 16:23:00','2022-07-30 16:23:00'),(737,771,'VIR19Z',NULL,'EGLL','KSFO','2022-01-09 12:05:00','2022-01-09 12:35:00','2022-07-30 16:23:00','2022-07-30 16:23:00'),(738,1553,'CCA580',NULL,'EGLL','ZBAA','2022-01-09 12:05:00','2022-01-09 12:35:00','2022-07-30 16:23:00','2022-07-30 16:23:00'),(739,887,'BAW281',NULL,'EGLL','KLAX','2022-01-09 12:00:00','2022-01-09 12:30:00','2022-07-30 16:23:00','2022-07-30 16:23:00'),(740,875,'SHT18C',NULL,'EGLL','EGPD','2022-01-09 12:00:00','2022-01-09 12:30:00','2022-07-30 16:23:00','2022-07-30 16:23:00'),(741,871,'BAW682Z',NULL,'EGLL','LOWS','2022-01-09 12:00:00','2022-01-09 12:30:00','2022-07-30 16:23:00','2022-07-30 16:23:00'),(742,869,'BAW32T',NULL,'EGLL','LGAV','2022-01-09 12:00:00','2022-01-09 12:30:00','2022-07-30 16:23:00','2022-07-30 16:23:00'),(743,868,'BAW344N',NULL,'EGLL','LFMN','2022-01-09 12:00:00','2022-01-09 12:30:00','2022-07-30 16:23:00','2022-07-30 16:23:00'),(744,922,'BAW107',NULL,'EGLL','OMDB','2022-01-09 11:55:00','2022-01-09 12:25:00','2022-07-30 16:23:00','2022-07-30 16:23:00'),(745,712,'TAP1367',NULL,'EGLL','LPPT','2022-01-09 11:55:00','2022-01-09 12:25:00','2022-07-30 16:23:00','2022-07-30 16:23:00'),(746,786,'ETD20',NULL,'EGLL','OMAA','2022-01-09 11:50:00','2022-01-09 12:20:00','2022-07-30 16:23:00','2022-07-30 16:23:00'),(747,915,'BAW31F',NULL,'EGLL','KDFW','2022-01-09 11:45:00','2022-01-09 12:15:00','2022-07-30 16:23:00','2022-07-30 16:23:00'),(748,731,'ICE451',NULL,'EGLL','BIKF','2022-01-09 11:45:00','2022-01-09 12:15:00','2022-07-30 16:23:00','2022-07-30 16:23:00'),(749,720,'AEE601',NULL,'EGLL','LGAV','2022-01-09 11:45:00','2022-01-09 12:15:00','2022-07-30 16:23:00','2022-07-30 16:23:00'),(750,718,'EIN159',NULL,'EGLL','EIDW','2022-01-09 11:45:00','2022-01-09 12:15:00','2022-07-30 16:23:00','2022-07-30 16:23:00'),(751,860,'BAW2644',NULL,'EGLL','LMML','2022-01-09 11:40:00','2022-01-09 12:10:00','2022-07-30 16:23:00','2022-07-30 16:23:00'),(752,859,'BAW952M',NULL,'EGLL','EDDM','2022-01-09 11:40:00','2022-01-09 12:10:00','2022-07-30 16:23:00','2022-07-30 16:23:00'),(753,787,'MEA202',NULL,'EGLL','OLBA','2022-01-09 11:40:00','2022-01-09 12:10:00','2022-07-30 16:23:00','2022-07-30 16:23:00'),(754,917,'BAW205',NULL,'EGLL','KMCO','2022-01-09 11:35:00','2022-01-09 12:05:00','2022-07-30 16:23:01','2022-07-30 16:23:01'),(755,789,'AAL57',NULL,'EGLL','KMIA','2022-01-09 11:35:00','2022-01-09 12:05:00','2022-07-30 16:23:01','2022-07-30 16:23:01'),(756,772,'VIR302',NULL,'EGLL','VIDP','2022-01-09 11:35:00','2022-01-09 12:05:00','2022-07-30 16:23:01','2022-07-30 16:23:01'),(757,723,'UAL919',NULL,'EGLL','KIAD','2022-01-09 11:35:00','2022-01-09 12:05:00','2022-07-30 16:23:01','2022-07-30 16:23:01'),(758,745,'UAL17',NULL,'EGLL','KEWR','2022-01-09 11:30:00','2022-01-09 12:00:00','2022-07-30 16:23:01','2022-07-30 16:23:01'),(759,732,'ACA851',NULL,'EGLL','CYYC','2022-01-09 11:30:00','2022-01-09 12:00:00','2022-07-30 16:23:01','2022-07-30 16:23:01'),(760,884,'BAW201',NULL,'EGLL','TLPL','2022-01-09 11:25:00','2022-01-09 11:55:00','2022-07-30 16:23:01','2022-07-30 16:23:01'),(761,721,'LOG71Y',NULL,'EGLL','EGNV','2022-01-09 11:25:00','2022-01-09 11:55:00','2022-07-30 16:23:01','2022-07-30 16:23:01'),(762,885,'BAW7W',NULL,'EGLL','KIAD','2022-01-09 11:20:00','2022-01-09 11:50:00','2022-07-30 16:23:01','2022-07-30 16:23:01'),(763,865,'BAW518',NULL,'EGLL','LPPT','2022-01-09 11:20:00','2022-01-09 11:50:00','2022-07-30 16:23:01','2022-07-30 16:23:01'),(764,860,'BAW7GV',NULL,'EGLL','LSGG','2022-01-09 11:20:00','2022-01-09 11:50:00','2022-07-30 16:23:01','2022-07-30 16:23:01'),(765,779,'AAL731',NULL,'EGLL','KCLT','2022-01-09 11:20:00','2022-01-09 11:50:00','2022-07-30 16:23:01','2022-07-30 16:23:01'),(766,738,'THA911',NULL,'EGLL','VTBS','2022-01-09 11:20:00','2022-01-09 11:50:00','2022-07-30 16:23:01','2022-07-30 16:23:01'),(767,857,'BCS6717',NULL,'EGLL','EDDF','2022-01-09 11:15:00','2022-01-09 11:45:00','2022-07-30 16:23:01','2022-07-30 16:23:01'),(768,856,'CJT980',NULL,'EGLL','CYHM','2022-01-09 11:15:00','2022-01-09 11:45:00','2022-07-30 16:23:01','2022-07-30 16:23:01'),(769,913,'BAW9L',NULL,'EGLL','CYYZ','2022-01-09 11:15:00','2022-01-09 11:45:00','2022-07-30 16:23:01','2022-07-30 16:23:01'),(770,782,'KLM1010',NULL,'EGLL','EHAM','2022-01-09 11:15:00','2022-01-09 11:45:00','2022-07-30 16:23:01','2022-07-30 16:23:01'),(771,876,'BAW2784',NULL,'EGLL','LPMA','2022-01-09 11:10:00','2022-01-09 11:40:00','2022-07-30 16:23:01','2022-07-30 16:23:01'),(772,792,'VIR91',NULL,'EGLL','KMCO','2022-01-09 11:10:00','2022-01-09 11:40:00','2022-07-30 16:23:01','2022-07-30 16:23:01'),(773,928,'BAW219V',NULL,'EGLL','KDEN','2022-01-09 11:05:00','2022-01-09 11:35:00','2022-07-30 16:23:01','2022-07-30 16:23:01'),(774,878,'SHT8G',NULL,'EGLL','EGPH','2022-01-09 11:05:00','2022-01-09 11:35:00','2022-07-30 16:23:01','2022-07-30 16:23:01'),(775,866,'BAW2756',NULL,'EGLL','LFLS','2022-01-09 11:05:00','2022-01-09 11:35:00','2022-07-30 16:23:01','2022-07-30 16:23:01'),(776,770,'VIR155M',NULL,'EGLL','KLAS','2022-01-09 11:00:00','2022-01-09 11:30:00','2022-07-30 16:23:01','2022-07-30 16:23:01'),(777,767,'AFR84AD',NULL,'EGLL','LFPG','2022-01-09 11:00:00','2022-01-09 11:30:00','2022-07-30 16:23:01','2022-07-30 16:23:01'),(778,735,'THY8HU',NULL,'EGLL','LTFM','2022-01-09 11:00:00','2022-01-09 11:30:00','2022-07-30 16:23:01','2022-07-30 16:23:01'),(779,709,'DLH1JT',NULL,'EGLL','EDDF','2022-01-09 11:00:00','2022-01-09 11:30:00','2022-07-30 16:23:01','2022-07-30 16:23:01'),(780,1549,'CCA692',NULL,'EGLL','ZUUU','2022-01-09 11:00:00','2022-01-09 11:30:00','2022-07-30 16:23:01','2022-07-30 16:23:01'),(781,905,'BAW151',NULL,'EGLL','TAPA','2022-01-09 10:55:00','2022-01-09 11:25:00','2022-07-30 16:23:01','2022-07-30 16:23:01'),(782,892,'BAW173A',NULL,'EGLL','KJFK','2022-01-09 10:55:00','2022-01-09 11:25:00','2022-07-30 16:23:01','2022-07-30 16:23:01'),(783,877,'IBE31FC',NULL,'EGLL','LEMD','2022-01-09 10:55:00','2022-01-09 11:25:00','2022-07-30 16:23:01','2022-07-30 16:23:01'),(784,722,'AMC101',NULL,'EGLL','LMML','2022-01-09 10:55:00','2022-01-09 11:25:00','2022-07-30 16:23:01','2022-07-30 16:23:01'),(785,921,'BAW13G',NULL,'EGLL','KBOS','2022-01-09 10:50:00','2022-01-09 11:20:00','2022-07-30 16:23:01','2022-07-30 16:23:01'),(786,786,'QFA10',NULL,'EGLL','YPDN','2022-01-09 10:50:00','2022-01-09 11:20:00','2022-07-30 16:23:01','2022-07-30 16:23:01'),(787,908,'BAW143',NULL,'EGLL','VIDP','2022-01-09 10:45:00','2022-01-09 11:15:00','2022-07-30 16:23:01','2022-07-30 16:23:01'),(788,797,'BAW2798',NULL,'EGLL','LEZL','2022-01-09 10:45:00','2022-01-09 11:15:00','2022-07-30 16:23:01','2022-07-30 16:23:01'),(789,774,'VIR354',NULL,'EGLL','VABB','2022-01-09 10:45:00','2022-01-09 11:15:00','2022-07-30 16:23:01','2022-07-30 16:23:01'),(790,765,'VIR131',NULL,'EGLL','TBPB','2022-01-09 10:45:00','2022-01-09 11:15:00','2022-07-30 16:23:01','2022-07-30 16:23:01'),(791,763,'CPA252',NULL,'EGLL','VHHH','2022-01-09 10:45:00','2022-01-09 11:15:00','2022-07-30 16:23:01','2022-07-30 16:23:01'),(792,883,'BAW2752',NULL,'EGLL','LSGG','2022-01-09 10:40:00','2022-01-09 11:10:00','2022-07-30 16:23:01','2022-07-30 16:23:01'),(793,734,'ACA855',NULL,'EGLL','CYYZ','2022-01-09 10:40:00','2022-01-09 11:10:00','2022-07-30 16:23:01','2022-07-30 16:23:01'),(794,710,'DLH5XA',NULL,'EGLL','EDDM','2022-01-09 10:40:00','2022-01-09 11:10:00','2022-07-30 16:23:01','2022-07-30 16:23:01'),(795,890,'BAW295',NULL,'EGLL','KORD','2022-01-09 10:35:00','2022-01-09 11:05:00','2022-07-30 16:23:01','2022-07-30 16:23:01'),(796,715,'BEL2094',NULL,'EGLL','EBBR','2022-01-09 10:35:00','2022-01-09 11:05:00','2022-07-30 16:23:01','2022-07-30 16:23:01'),(797,858,'BCS6769',NULL,'EGLL','EDDP','2022-01-09 10:30:00','2022-01-09 11:00:00','2022-07-30 16:23:01','2022-07-30 16:23:01'),(798,788,'DAL51',NULL,'EGLL','KBOS','2022-01-09 10:30:00','2022-01-09 11:00:00','2022-07-30 16:23:01','2022-07-30 16:23:01'),(799,734,'SIA317',NULL,'EGLL','WSSS','2022-01-09 10:25:00','2022-01-09 10:55:00','2022-07-30 16:23:01','2022-07-30 16:23:01'),(800,866,'SHT2Q',NULL,'EGLL','EGCC','2022-01-09 10:20:00','2022-01-09 10:50:00','2022-07-30 16:23:01','2022-07-30 16:23:01'),(801,1550,'CCA646',NULL,'EGLL','ZUCK','2022-01-09 10:20:00','2022-01-09 10:50:00','2022-07-30 16:23:01','2022-07-30 16:23:01'),(802,899,'BAW185',NULL,'EGLL','KEWR','2022-01-09 10:15:00','2022-01-09 10:45:00','2022-07-30 16:23:01','2022-07-30 16:23:01'),(803,899,'BAW11M',NULL,'EGLL','KSFO','2022-01-09 10:15:00','2022-01-09 10:45:00','2022-07-30 16:23:01','2022-07-30 16:23:01'),(804,758,'DKH1640',NULL,'EGLL','ZSPD','2022-01-09 10:15:00','2022-01-09 10:45:00','2022-07-30 16:23:01','2022-07-30 16:23:01'),(805,725,'KAC104',NULL,'EGLL','OKBK','2022-01-09 10:15:00','2022-01-09 10:45:00','2022-07-30 16:23:01','2022-07-30 16:23:01'),(806,1543,'CCA576',NULL,'EGLL','ZBAA','2022-01-09 10:15:00','2022-01-09 10:45:00','2022-07-30 16:23:01','2022-07-30 16:23:01'),(807,916,'BAW255',NULL,'EGLL','TBPB','2022-01-09 10:10:00','2022-01-09 10:40:00','2022-07-30 16:23:01','2022-07-30 16:23:01'),(808,776,'VIR117F',NULL,'EGLL','KMIA','2022-01-09 10:10:00','2022-01-09 10:40:00','2022-07-30 16:23:01','2022-07-30 16:23:01'),(809,769,'VIR7B',NULL,'EGLL','KLAX','2022-01-09 10:10:00','2022-01-09 10:40:00','2022-07-30 16:23:01','2022-07-30 16:23:01'),(810,787,'AAL87',NULL,'EGLL','KORD','2022-01-09 10:05:00','2022-01-09 10:35:00','2022-07-30 16:23:01','2022-07-30 16:23:01'),(811,719,'SZS526',NULL,'EGLL','ESSA','2022-01-09 10:05:00','2022-01-09 10:35:00','2022-07-30 16:23:01','2022-07-30 16:23:01'),(812,850,'ATG4411',NULL,'EGLL','LUKK','2022-01-09 10:00:00','2022-01-09 10:30:00','2022-07-30 16:23:01','2022-07-30 16:23:01'),(813,923,'IBE3163',NULL,'EGLL','LEMD','2022-01-09 10:00:00','2022-01-09 10:30:00','2022-07-30 16:23:01','2022-07-30 16:23:01'),(814,880,'BAW2744',NULL,'EGLL','LSGG','2022-01-09 10:00:00','2022-01-09 10:30:00','2022-07-30 16:23:01','2022-07-30 16:23:01'),(815,739,'MAS3',NULL,'EGLL','WMKK','2022-01-09 09:55:00','2022-01-09 10:25:00','2022-07-30 16:23:01','2022-07-30 16:23:01'),(816,723,'UAL929',NULL,'EGLL','KORD','2022-01-09 09:55:00','2022-01-09 10:25:00','2022-07-30 16:23:01','2022-07-30 16:23:01'),(817,714,'WIF53M',NULL,'EGLL','ENBR','2022-01-09 09:55:00','2022-01-09 10:25:00','2022-07-30 16:23:01','2022-07-30 16:23:01'),(818,712,'LOT282',NULL,'EGLL','EPWA','2022-01-09 09:55:00','2022-01-09 10:25:00','2022-07-30 16:23:01','2022-07-30 16:23:01'),(819,709,'ITY229',NULL,'EGLL','LIML','2022-01-09 09:55:00','2022-01-09 10:25:00','2022-07-30 16:23:01','2022-07-30 16:23:01'),(820,934,'BAW88L',NULL,'EGLL','LIML','2022-01-09 09:50:00','2022-01-09 10:20:00','2022-07-30 16:23:01','2022-07-30 16:23:01'),(821,912,'BAW65',NULL,'EGLL','HKJK','2022-01-09 09:50:00','2022-01-09 10:20:00','2022-07-30 16:23:01','2022-07-30 16:23:01'),(822,868,'BAW364',NULL,'EGLL','LFLL','2022-01-09 09:50:00','2022-01-09 10:20:00','2022-07-30 16:23:01','2022-07-30 16:23:01'),(823,766,'FIN7KL',NULL,'EGLL','EFHK','2022-01-09 09:50:00','2022-01-09 10:20:00','2022-07-30 16:23:01','2022-07-30 16:23:01'),(824,721,'SAS804',NULL,'EGLL','ENGM','2022-01-09 09:50:00','2022-01-09 10:20:00','2022-07-30 16:23:01','2022-07-30 16:23:01'),(825,785,'AAL135',NULL,'EGLL','KLAX','2022-01-09 09:45:00','2022-01-09 10:15:00','2022-07-30 16:23:01','2022-07-30 16:23:01'),(826,782,'DAL31',NULL,'EGLL','KATL','2022-01-09 09:45:00','2022-01-09 10:15:00','2022-07-30 16:23:01','2022-07-30 16:23:01'),(827,768,'BAW492U',NULL,'EGLL','LXGB','2022-01-09 09:45:00','2022-01-09 10:15:00','2022-07-30 16:23:01','2022-07-30 16:23:01'),(828,778,'DAL2',NULL,'EGLL','KJFK','2022-01-09 09:40:00','2022-01-09 10:10:00','2022-07-30 16:23:01','2022-07-30 16:23:01'),(829,1539,'MEA234',NULL,'EGLL','OLBA','2022-01-09 09:40:00','2022-01-09 10:10:00','2022-07-30 16:23:01','2022-07-30 16:23:01'),(830,863,'BAW886Q',NULL,'EGLL','LROP','2022-01-09 09:35:00','2022-01-09 10:05:00','2022-07-30 16:23:01','2022-07-30 16:23:01'),(831,772,'AAL109',NULL,'EGLL','KBOS','2022-01-09 09:35:00','2022-01-09 10:05:00','2022-07-30 16:23:01','2022-07-30 16:23:01'),(832,867,'SHT6T',NULL,'EGLL','EGPF','2022-01-09 09:30:00','2022-01-09 10:00:00','2022-07-30 16:23:01','2022-07-30 16:23:01'),(833,728,'SVA110',NULL,'EGLL','OERK','2022-01-09 09:30:00','2022-01-09 10:00:00','2022-07-30 16:23:01','2022-07-30 16:23:01'),(834,724,'UAL15',NULL,'EGLL','KEWR','2022-01-09 09:30:00','2022-01-09 10:00:00','2022-07-30 16:23:01','2022-07-30 16:23:01'),(835,717,'EIN931',NULL,'EGLL','EGAC','2022-01-09 09:30:00','2022-01-09 10:00:00','2022-07-30 16:23:01','2022-07-30 16:23:01'),(836,780,'AAL21',NULL,'EGLL','KDFW','2022-01-09 09:25:00','2022-01-09 09:55:00','2022-07-30 16:23:01','2022-07-30 16:23:01'),(837,719,'SZS502',NULL,'EGLL','EKCH','2022-01-09 09:25:00','2022-01-09 09:55:00','2022-07-30 16:23:01','2022-07-30 16:23:01'),(838,718,'EIN71Y',NULL,'EGLL','EICK','2022-01-09 09:25:00','2022-01-09 09:55:00','2022-07-30 16:23:01','2022-07-30 16:23:01'),(839,933,'BAW17A',NULL,'EGLL','KJFK','2022-01-09 09:20:00','2022-01-09 09:50:00','2022-07-30 16:23:01','2022-07-30 16:23:01'),(840,876,'SHT12H',NULL,'EGLL','EGNT','2022-01-09 09:20:00','2022-01-09 09:50:00','2022-07-30 16:23:01','2022-07-30 16:23:01'),(841,783,'QFA2',NULL,'EGLL','YPDN','2022-01-09 09:20:00','2022-01-09 09:50:00','2022-07-30 16:23:01','2022-07-30 16:23:01'),(842,879,'SHT8U',NULL,'EGLL','EGPH','2022-01-09 09:15:00','2022-01-09 09:45:00','2022-07-30 16:23:01','2022-07-30 16:23:01'),(843,877,'BAW728',NULL,'EGLL','LSGG','2022-01-09 09:15:00','2022-01-09 09:45:00','2022-07-30 16:23:01','2022-07-30 16:23:01'),(844,864,'BAW406',NULL,'EGLL','HECA','2022-01-09 09:15:00','2022-01-09 09:45:00','2022-07-30 16:23:01','2022-07-30 16:23:01'),(845,1549,'CCA568',NULL,'EGLL','ZBAA','2022-01-09 09:15:00','2022-01-09 09:45:00','2022-07-30 16:23:01','2022-07-30 16:23:01'),(846,925,'BAW962H',NULL,'EGLL','EDDH','2022-01-09 09:10:00','2022-01-09 09:40:00','2022-07-30 16:23:01','2022-07-30 16:23:01'),(847,886,'BAW207',NULL,'EGLL','KMIA','2022-01-09 09:10:00','2022-01-09 09:40:00','2022-07-30 16:23:01','2022-07-30 16:23:01'),(848,922,'QTR010',NULL,'EGLL','OTHH','2022-01-09 09:05:00','2022-01-09 09:35:00','2022-07-30 16:23:01','2022-07-30 16:23:01'),(849,860,'BAW2574',NULL,'EGLL','LIMF','2022-01-09 09:05:00','2022-01-09 09:35:00','2022-07-30 16:23:01','2022-07-30 16:23:01'),(850,905,'AAL101',NULL,'EGLL','KJFK','2022-01-09 09:00:00','2022-01-09 09:30:00','2022-07-30 16:23:01','2022-07-30 16:23:01'),(851,778,'VIR165',NULL,'EGLL','MKJS','2022-01-09 09:00:00','2022-01-09 09:30:00','2022-07-30 16:23:01','2022-07-30 16:23:01'),(852,733,'GFA002',NULL,'EGLL','OBBI','2022-01-09 09:00:00','2022-01-09 09:30:00','2022-07-30 16:23:01','2022-07-30 16:23:01'),(853,710,'DLH6PP',NULL,'EGLL','EDDF','2022-01-09 09:00:00','2022-01-09 09:30:00','2022-07-30 16:23:01','2022-07-30 16:23:01'),(854,914,'BAW139',NULL,'EGLL','VABB','2022-01-09 08:55:00','2022-01-09 09:25:00','2022-07-30 16:23:01','2022-07-30 16:23:01'),(855,895,'BAW26E',NULL,'EGLL','KIAH','2022-01-09 08:55:00','2022-01-09 09:25:00','2022-07-30 16:23:01','2022-07-30 16:23:01'),(856,865,'SHT8R',NULL,'EGLL','EGPH','2022-01-09 08:55:00','2022-01-09 09:25:00','2022-07-30 16:23:01','2022-07-30 16:23:01'),(857,902,'BAW253M',NULL,'EGLL','MYNN','2022-01-09 08:50:00','2022-01-09 09:20:00','2022-07-30 16:23:01','2022-07-30 16:23:01'),(858,881,'BAW938',NULL,'EGLL','EDDL','2022-01-09 08:50:00','2022-01-09 09:20:00','2022-07-30 16:23:01','2022-07-30 16:23:01'),(859,856,'BCS2215',NULL,'EGLL','EDDP','2022-01-09 08:45:00','2022-01-09 09:15:00','2022-07-30 16:23:01','2022-07-30 16:23:01'),(860,915,'BAW712T',NULL,'EGLL','LSZH','2022-01-09 08:45:00','2022-01-09 09:15:00','2022-07-30 16:23:01','2022-07-30 16:23:01'),(861,862,'BAW676',NULL,'EGLL','LTFM','2022-01-09 08:45:00','2022-01-09 09:15:00','2022-07-30 16:23:01','2022-07-30 16:23:01'),(862,713,'BLA1332',NULL,'EGLL','LROP','2022-01-09 08:45:00','2022-01-09 09:15:00','2022-07-30 16:23:01','2022-07-30 16:23:01'),(863,770,'VIR3N',NULL,'EGLL','KJFK','2022-01-09 08:40:00','2022-01-09 09:10:00','2022-07-30 16:23:01','2022-07-30 16:23:01'),(864,767,'FIN7132',NULL,'EGLL','EFHK','2022-01-09 08:40:00','2022-01-09 09:10:00','2022-07-30 16:23:01','2022-07-30 16:23:01'),(865,766,'UAE7CN',NULL,'EGLL','OMDB','2022-01-09 08:40:00','2022-01-09 09:10:00','2022-07-30 16:23:01','2022-07-30 16:23:01'),(866,765,'VIR197',NULL,'EGLL','TBPB','2022-01-09 08:40:00','2022-01-09 09:10:00','2022-07-30 16:23:01','2022-07-30 16:23:01'),(867,731,'SIA305',NULL,'EGLL','WSSS','2022-01-09 08:40:00','2022-01-09 09:10:00','2022-07-30 16:23:01','2022-07-30 16:23:01'),(868,721,'AUA4ML',NULL,'EGLL','LOWW','2022-01-09 08:35:00','2022-01-09 09:05:00','2022-07-30 16:23:01','2022-07-30 16:23:01'),(869,768,'AFR44XZ',NULL,'EGLL','LFPG','2022-01-09 08:30:00','2022-01-09 09:00:00','2022-07-30 16:23:01','2022-07-30 16:23:01'),(870,878,'SHT1468',NULL,'EGLL','EGPE','2022-01-09 08:25:00','2022-01-09 08:55:00','2022-07-30 16:23:01','2022-07-30 16:23:01'),(871,869,'BAW15PZ',NULL,'EGLL','LIPZ','2022-01-09 08:25:00','2022-01-09 08:55:00','2022-07-30 16:23:01','2022-07-30 16:23:01'),(872,859,'BAW814',NULL,'EGLL','EKCH','2022-01-09 08:25:00','2022-01-09 08:55:00','2022-07-30 16:23:01','2022-07-30 16:23:01'),(873,712,'SWR33U',NULL,'EGLL','LSGG','2022-01-09 08:25:00','2022-01-09 08:55:00','2022-07-30 16:23:01','2022-07-30 16:23:01'),(874,926,'BAW2612',NULL,'EGLL','LIRN','2022-01-09 08:20:00','2022-01-09 08:50:00','2022-07-30 16:23:01','2022-07-30 16:23:01'),(875,866,'BAW554R',NULL,'EGLL','LIRF','2022-01-09 08:20:00','2022-01-09 08:50:00','2022-07-30 16:23:01','2022-07-30 16:23:01'),(876,722,'SWR38W',NULL,'EGLL','LSZH','2022-01-09 08:20:00','2022-01-09 08:50:00','2022-07-30 16:23:01','2022-07-30 16:23:01'),(877,718,'EIN15M',NULL,'EGLL','EIDW','2022-01-09 08:20:00','2022-01-09 08:50:00','2022-07-30 16:23:01','2022-07-30 16:23:01'),(878,887,'BAW165',NULL,'EGLL','LLBG','2022-01-09 08:15:00','2022-01-09 08:45:00','2022-07-30 16:23:01','2022-07-30 16:23:01'),(879,860,'BAW392R',NULL,'EGLL','EBBR','2022-01-09 08:15:00','2022-01-09 08:45:00','2022-07-30 16:23:01','2022-07-30 16:23:01'),(880,735,'AIC148',NULL,'EGLL','VOHS','2022-01-09 08:15:00','2022-01-09 08:45:00','2022-07-30 16:23:01','2022-07-30 16:23:01'),(881,720,'LZB852',NULL,'EGLL','LBSF','2022-01-09 08:15:00','2022-01-09 08:45:00','2022-07-30 16:23:01','2022-07-30 16:23:01'),(882,879,'BAW726P',NULL,'EGLL','LSGG','2022-01-09 08:10:00','2022-01-09 08:40:00','2022-07-30 16:23:01','2022-07-30 16:23:01'),(883,1538,'KLM1002',NULL,'EGLL','EHAM','2022-01-09 08:10:00','2022-01-09 08:40:00','2022-07-30 16:23:01','2022-07-30 16:23:01'),(884,888,'BAW2690',NULL,'EGLL','LOWI','2022-01-09 08:05:00','2022-01-09 08:35:00','2022-07-30 16:23:01','2022-07-30 16:23:01'),(885,798,'BAW540',NULL,'EGLL','LIPE','2022-01-09 08:05:00','2022-01-09 08:35:00','2022-07-30 16:23:01','2022-07-30 16:23:01'),(886,893,'SHT2N',NULL,'EGLL','EGCC','2022-01-09 08:00:00','2022-01-09 08:30:00','2022-07-30 16:23:01','2022-07-30 16:23:01'),(887,876,'BAW992G',NULL,'EGLL','EDDB','2022-01-09 08:00:00','2022-01-09 08:30:00','2022-07-30 16:23:01','2022-07-30 16:23:01'),(888,710,'DLH8HH',NULL,'EGLL','EDDF','2022-01-09 08:00:00','2022-01-09 08:30:00','2022-07-30 16:23:01','2022-07-30 16:23:01'),(889,871,'BAW830D',NULL,'EGLL','EIDW','2022-01-09 07:55:00','2022-01-09 08:25:00','2022-07-30 16:23:01','2022-07-30 16:23:01'),(890,889,'BAW846W',NULL,'EGLL','EPWA','2022-01-09 07:50:00','2022-01-09 08:20:00','2022-07-30 16:23:01','2022-07-30 16:23:01'),(891,873,'BAW880',NULL,'EGLL','UUDD','2022-01-09 07:50:00','2022-01-09 08:20:00','2022-07-30 16:23:01','2022-07-30 16:23:01'),(892,930,'BAW430',NULL,'EGLL','EHAM','2022-01-09 07:45:00','2022-01-09 08:15:00','2022-07-30 16:23:01','2022-07-30 16:23:01'),(893,929,'BAW342N',NULL,'EGLL','LFMN','2022-01-09 07:45:00','2022-01-09 08:15:00','2022-07-30 16:23:01','2022-07-30 16:23:01'),(894,875,'SHT18LA',NULL,'EGLL','EGPD','2022-01-09 07:45:00','2022-01-09 08:15:00','2022-07-30 16:23:01','2022-07-30 16:23:01'),(895,868,'BAW764',NULL,'EGLL','LOWI','2022-01-09 07:45:00','2022-01-09 08:15:00','2022-07-30 16:23:01','2022-07-30 16:23:01'),(896,709,'TAP135F',NULL,'EGLL','LPPT','2022-01-09 07:45:00','2022-01-09 08:15:00','2022-07-30 16:23:01','2022-07-30 16:23:01'),(897,923,'QTR47H',NULL,'EGLL','OTHH','2022-01-09 07:40:00','2022-01-09 08:10:00','2022-07-30 16:23:01','2022-07-30 16:23:01'),(898,900,'BAW894',NULL,'EGLL','BIKF','2022-01-09 07:40:00','2022-01-09 08:10:00','2022-07-30 16:23:01','2022-07-30 16:23:01'),(899,788,'BAW2546',NULL,'EGLL','DAAG','2022-01-09 07:40:00','2022-01-09 08:10:00','2022-07-30 16:23:01','2022-07-30 16:23:01'),(900,780,'ETD12',NULL,'EGLL','OMAA','2022-01-09 07:30:00','2022-01-09 08:00:00','2022-07-30 16:23:01','2022-07-30 16:23:01'),(901,769,'VIR505',NULL,'EGLL','EBBR','2022-01-09 07:30:00','2022-01-09 08:00:00','2022-07-30 16:23:01','2022-07-30 16:23:01'),(902,1539,'BAW12P',NULL,'EGLL','EPKK','2022-01-09 07:30:00','2022-01-09 08:00:00','2022-07-30 16:23:01','2022-07-30 16:23:01'),(903,857,'BCS6741',NULL,'EGLL','EBBR','2022-01-09 07:25:00','2022-01-09 07:55:00','2022-07-30 16:23:01','2022-07-30 16:23:01'),(904,865,'BAW2572',NULL,'EGLL','LIMF','2022-01-09 07:25:00','2022-01-09 07:55:00','2022-07-30 16:23:01','2022-07-30 16:23:01'),(905,924,'BAW790',NULL,'EGLL','ESGG','2022-01-09 07:20:00','2022-01-09 07:50:00','2022-07-30 16:23:01','2022-07-30 16:23:01'),(906,934,'BAW2714',NULL,'EGLL','LEMG','2022-01-09 07:15:00','2022-01-09 07:45:00','2022-07-30 16:23:01','2022-07-30 16:23:01'),(907,867,'SHT2L',NULL,'EGLL','EGCC','2022-01-09 07:15:00','2022-01-09 07:45:00','2022-07-30 16:23:01','2022-07-30 16:23:01'),(908,864,'BAW59T',NULL,'EGLL','LGAV','2022-01-09 07:15:00','2022-01-09 07:45:00','2022-07-30 16:23:01','2022-07-30 16:23:01'),(909,869,'SHT6G',NULL,'EGLL','EGPF','2022-01-09 07:00:00','2022-01-09 07:30:00','2022-07-30 16:23:01','2022-07-30 16:23:01'),(910,861,'BAW27CE',NULL,'EGLL','GCRR','2022-01-09 07:00:00','2022-01-09 07:30:00','2022-07-30 16:23:01','2022-07-30 16:23:01'),(911,767,'FIN8AK',NULL,'EGLL','EFHK','2022-01-09 07:00:00','2022-01-09 07:30:00','2022-07-30 16:23:01','2022-07-30 16:23:01'),(912,721,'DLH2VV',NULL,'EGLL','EDDF','2022-01-09 07:00:00','2022-01-09 07:30:00','2022-07-30 16:23:01','2022-07-30 16:23:01'),(913,884,'SHT12J',NULL,'EGLL','EGNT','2022-01-09 06:55:00','2022-01-09 07:25:00','2022-07-30 16:23:01','2022-07-30 16:23:01'),(914,860,'BAW2DP',NULL,'EGLL','LFBO','2022-01-09 06:55:00','2022-01-09 07:25:00','2022-07-30 16:23:01','2022-07-30 16:23:01'),(915,784,'BAW90BG',NULL,'EGLL','LBSF','2022-01-09 06:55:00','2022-01-09 07:25:00','2022-07-30 16:23:01','2022-07-30 16:23:01'),(916,768,'BAW478S',NULL,'EGLL','LEBL','2022-01-09 06:55:00','2022-01-09 07:25:00','2022-07-30 16:23:01','2022-07-30 16:23:01'),(917,712,'ITY201',NULL,'EGLL','LIRF','2022-01-09 06:55:00','2022-01-09 07:25:00','2022-07-30 16:23:01','2022-07-30 16:23:01'),(918,901,'BAW2770',NULL,'EGLL','EGJJ','2022-01-09 06:50:00','2022-01-09 07:20:00','2022-07-30 16:23:01','2022-07-30 16:23:01'),(919,877,'BAW64LC',NULL,'EGLL','LCLK','2022-01-09 06:50:00','2022-01-09 07:20:00','2022-07-30 16:23:01','2022-07-30 16:23:01'),(920,859,'BAW2788',NULL,'EGLL','LFBD','2022-01-09 06:50:00','2022-01-09 07:20:00','2022-07-30 16:23:01','2022-07-30 16:23:01'),(921,917,'BAW304',NULL,'EGLL','LFPG','2022-01-09 06:45:00','2022-01-09 07:15:00','2022-07-30 16:23:01','2022-07-30 16:23:01'),(922,892,'BAW564Y',NULL,'EGLL','LIML','2022-01-09 06:45:00','2022-01-09 07:15:00','2022-07-30 16:23:01','2022-07-30 16:23:01'),(923,874,'BAW8VK',NULL,'EGLL','ENGM','2022-01-09 06:45:00','2022-01-09 07:15:00','2022-07-30 16:23:01','2022-07-30 16:23:01'),(924,936,'BAW902N',NULL,'EGLL','EDDF','2022-01-09 06:40:00','2022-01-09 07:10:00','2022-07-30 16:23:01','2022-07-30 16:23:01'),(925,777,'BAW854',NULL,'EGLL','LKPR','2022-01-09 06:35:00','2022-01-09 07:05:00','2022-07-30 16:23:01','2022-07-30 16:23:01'),(926,866,'BAW5PT',NULL,'EGLL','LPPT','2022-01-09 06:30:00','2022-01-09 07:00:00','2022-07-30 16:23:01','2022-07-30 16:23:01'),(927,719,'SWR359',NULL,'EGLL','LSGG','2022-01-09 06:30:00','2022-01-09 07:00:00','2022-07-30 16:23:01','2022-07-30 16:23:01'),(928,710,'THY1988',NULL,'EGLL','LTFM','2022-01-09 06:30:00','2022-01-09 07:00:00','2022-07-30 16:23:01','2022-07-30 16:23:01'),(929,921,'BAW724',NULL,'EGLL','LSGG','2022-01-09 06:25:00','2022-01-09 06:55:00','2022-07-30 16:23:01','2022-07-30 16:23:01'),(930,894,'BAW948M',NULL,'EGLL','EDDM','2022-01-09 06:25:00','2022-01-09 06:55:00','2022-07-30 16:23:01','2022-07-30 16:23:01'),(931,713,'SWR345',NULL,'EGLL','LSZH','2022-01-09 06:25:00','2022-01-09 06:55:00','2022-07-30 16:23:01','2022-07-30 16:23:01'),(932,928,'BAW2596',NULL,'EGLL','LIPX','2022-01-09 06:20:00','2022-01-09 06:50:00','2022-07-30 16:23:01','2022-07-30 16:23:01'),(933,868,'BAW2712',NULL,'EGLL','LEMG','2022-01-09 06:20:00','2022-01-09 06:50:00','2022-07-30 16:23:01','2022-07-30 16:23:01'),(934,720,'DLH6VM',NULL,'EGLL','EDDM','2022-01-09 06:20:00','2022-01-09 06:50:00','2022-07-30 16:23:01','2022-07-30 16:23:01'),(935,715,'BEL2104',NULL,'EGLL','EBBR','2022-01-09 06:20:00','2022-01-09 06:50:00','2022-07-30 16:23:01','2022-07-30 16:23:01'),(936,880,'SHT86L',NULL,'EGLL','EGAC','2022-01-09 06:05:00','2022-01-09 06:35:00','2022-07-30 16:23:01','2022-07-30 16:23:01'),(937,863,'BAW572',NULL,'EGLL','LIMC','2022-01-09 06:05:00','2022-01-09 06:35:00','2022-07-30 16:23:01','2022-07-30 16:23:01'),(938,789,'CPA2252',NULL,'EGLL','VHHH','2022-01-09 06:05:00','2022-01-09 06:35:00','2022-07-30 16:23:01','2022-07-30 16:23:01'),(939,865,'BAW2730',NULL,'EGLL','GCTS','2022-01-09 06:00:00','2022-01-09 06:30:00','2022-07-30 16:23:01','2022-07-30 16:23:01'),(940,862,'BAW2652',NULL,'EGLL','LOWS','2022-01-09 06:00:00','2022-01-09 06:30:00','2022-07-30 16:23:01','2022-07-30 16:23:01'),(941,1539,'KLM1000',NULL,'EGLL','EHAM','2022-01-09 06:00:00','2022-01-09 06:30:00','2022-07-30 16:23:01','2022-07-30 16:23:01'),(942,722,'DLH5XU',NULL,'EGLL','EDDF','2022-01-09 06:00:00','2022-01-09 06:30:00','2022-07-30 16:23:01','2022-07-30 16:23:01'),(943,879,'BAW93G',NULL,'EGLL','LOWI','2022-01-09 05:55:00','2022-01-09 06:25:00','2022-07-30 16:23:01','2022-07-30 16:23:01'),(944,1538,'AFR35NA',NULL,'EGLL','LFPG','2022-01-09 05:55:00','2022-01-09 06:25:00','2022-07-30 16:23:01','2022-07-30 16:23:01'),(945,913,'BAW2780',NULL,'EGLL','LPMA','2022-01-09 05:50:00','2022-01-09 06:20:00','2022-07-30 16:23:01','2022-07-30 16:23:01'),(946,878,'BAW456',NULL,'EGLL','LEMD','2022-01-09 05:50:00','2022-01-09 06:20:00','2022-07-30 16:23:01','2022-07-30 16:23:01'),(947,883,'BAW2576',NULL,'EGLL','LIMF','2022-01-09 05:40:00','2022-01-09 06:10:00','2022-07-30 16:23:01','2022-07-30 16:23:01'),(948,733,'TAP1363',NULL,'EGLL','LPPT','2022-01-09 05:30:00','2022-01-09 06:00:00','2022-07-30 16:23:01','2022-07-30 16:23:01'),(949,714,'AUA4MG',NULL,'EGLL','LOWW','2022-01-09 05:30:00','2022-01-09 06:00:00','2022-07-30 16:23:01','2022-07-30 16:23:01');
/*!40000 ALTER TABLE `stand_reservations` ENABLE KEYS */;
UNLOCK TABLES;

--
-- Table structure for table `stand_types`
--

DROP TABLE IF EXISTS `stand_types`;
/*!40101 SET @saved_cs_client     = @@character_set_client */;
/*!40101 SET character_set_client = utf8 */;
CREATE TABLE `stand_types` (
  `id` bigint unsigned NOT NULL AUTO_INCREMENT,
  `key` varchar(255) CHARACTER SET utf8mb4 COLLATE utf8mb4_unicode_ci DEFAULT NULL COMMENT 'The stand type key',
  `created_at` timestamp NULL DEFAULT NULL,
  `updated_at` timestamp NULL DEFAULT NULL,
  PRIMARY KEY (`id`),
  UNIQUE KEY `stand_types_key_unique` (`key`)
) ENGINE=InnoDB AUTO_INCREMENT=4 DEFAULT CHARSET=utf8mb4 COLLATE=utf8mb4_unicode_ci;
/*!40101 SET character_set_client = @saved_cs_client */;

--
-- Dumping data for table `stand_types`
--

LOCK TABLES `stand_types` WRITE;
/*!40000 ALTER TABLE `stand_types` DISABLE KEYS */;
INSERT INTO `stand_types` VALUES (1,'DOMESTIC','2021-05-23 14:32:03',NULL),(2,'INTERNATIONAL','2021-05-23 14:32:03',NULL),(3,'CARGO','2021-05-23 14:32:03',NULL);
/*!40000 ALTER TABLE `stand_types` ENABLE KEYS */;
UNLOCK TABLES;

--
-- Table structure for table `stands`
--

DROP TABLE IF EXISTS `stands`;
/*!40101 SET @saved_cs_client     = @@character_set_client */;
/*!40101 SET character_set_client = utf8 */;
CREATE TABLE `stands` (
  `id` bigint unsigned NOT NULL AUTO_INCREMENT,
  `airfield_id` int unsigned NOT NULL COMMENT 'The airfield that the stand is at',
  `identifier` varchar(255) CHARACTER SET utf8mb4 COLLATE utf8mb4_unicode_ci NOT NULL COMMENT 'The stand identifier',
  `latitude` double(10,8) NOT NULL COMMENT 'The latitude of the stand in decimal degrees',
  `longitude` double(11,8) NOT NULL COMMENT 'The longitude of the stand in decimal degrees',
  `terminal_id` bigint unsigned DEFAULT NULL COMMENT 'The terminal the stand belongs to',
  `type_id` bigint unsigned DEFAULT NULL COMMENT 'The type of stand if relevant - international, domestic, cargo etc',
  `wake_category_id` tinyint unsigned NOT NULL DEFAULT '3' COMMENT 'The maximum wake category that can occupy this stand',
  `assignment_priority` int unsigned NOT NULL DEFAULT '100' COMMENT 'How high a priority the stand gets when looking for assignments, lower value is higher priority',
  `max_aircraft_id` bigint unsigned DEFAULT NULL COMMENT 'The specific maximum aircraft type that can fit on this stand',
  `created_at` timestamp NULL DEFAULT NULL,
  `updated_at` timestamp NULL DEFAULT NULL,
  `closed_at` timestamp NULL DEFAULT NULL COMMENT 'When the stand was closed for use',
  PRIMARY KEY (`id`),
  UNIQUE KEY `stands_airfield_id_identifier_unique` (`airfield_id`,`identifier`),
  KEY `stands_wake_category_id_foreign` (`wake_category_id`),
  KEY `stands_max_aircraft_id_foreign` (`max_aircraft_id`),
  KEY `stands_type_id_foreign` (`type_id`),
  KEY `stands_terminal_id_foreign` (`terminal_id`),
  KEY `stands_assignment_priority_index` (`assignment_priority`),
  KEY `stands_closed_at_index` (`closed_at`),
  CONSTRAINT `stands_airfield_id_foreign` FOREIGN KEY (`airfield_id`) REFERENCES `airfield` (`id`) ON DELETE CASCADE,
  CONSTRAINT `stands_max_aircraft_id_foreign` FOREIGN KEY (`max_aircraft_id`) REFERENCES `aircraft` (`id`),
  CONSTRAINT `stands_terminal_id_foreign` FOREIGN KEY (`terminal_id`) REFERENCES `terminals` (`id`),
  CONSTRAINT `stands_type_id_foreign` FOREIGN KEY (`type_id`) REFERENCES `stand_types` (`id`),
  CONSTRAINT `stands_wake_category_id_foreign` FOREIGN KEY (`wake_category_id`) REFERENCES `wake_categories` (`id`)
) ENGINE=InnoDB AUTO_INCREMENT=1637 DEFAULT CHARSET=utf8mb4 COLLATE=utf8mb4_unicode_ci;
/*!40101 SET character_set_client = @saved_cs_client */;

--
-- Dumping data for table `stands`
--

LOCK TABLES `stands` WRITE;
/*!40000 ALTER TABLE `stands` DISABLE KEYS */;
INSERT INTO `stands` VALUES (1,31,'1F',54.66021806,-6.22183083,NULL,3,5,100,NULL,'2021-05-23 14:31:54','2021-05-23 14:32:33',NULL),(2,31,'2F',54.65999917,-6.22264583,NULL,3,5,100,NULL,'2021-05-23 14:31:54','2021-05-23 14:32:33',NULL),(3,31,'3F',54.65977639,-6.22345361,NULL,3,5,100,NULL,'2021-05-23 14:31:54','2021-05-23 14:32:33',NULL),(4,31,'4F',54.65875500,-6.22258694,NULL,3,5,100,NULL,'2021-05-23 14:31:54','2021-05-23 14:32:33',NULL),(5,31,'5F',54.65883639,-6.22198972,NULL,3,5,100,NULL,'2021-05-23 14:31:54','2021-05-23 14:32:33',NULL),(6,31,'6F',54.65892722,-6.22136556,NULL,3,5,100,NULL,'2021-05-23 14:31:54','2021-05-23 14:32:33',NULL),(7,31,'9',54.66125472,-6.21123333,NULL,1,4,100,NULL,'2021-05-23 14:31:54','2021-05-23 14:32:33',NULL),(8,31,'10',54.66161250,-6.21152389,NULL,1,4,100,NULL,'2021-05-23 14:31:54','2021-05-23 14:32:33',NULL),(9,31,'11',54.66197639,-6.21183639,NULL,1,4,100,NULL,'2021-05-23 14:31:54','2021-05-23 14:32:33',NULL),(10,31,'12',54.66175167,-6.21430028,NULL,1,4,100,NULL,'2021-05-23 14:31:54','2021-05-23 14:32:33',NULL),(11,31,'13',54.66139611,-6.21403694,NULL,1,4,100,NULL,'2021-05-23 14:31:54','2021-05-23 14:32:33',NULL),(12,31,'14',54.66103472,-6.21375139,NULL,1,4,100,NULL,'2021-05-23 14:31:54','2021-05-23 14:32:33',NULL),(13,31,'15',54.66068028,-6.21345583,NULL,1,4,100,NULL,'2021-05-23 14:31:54','2021-05-23 14:32:33',NULL),(14,31,'16',54.66082056,-6.21487194,NULL,1,4,100,NULL,'2021-05-23 14:31:54','2021-05-23 14:32:33',NULL),(15,31,'16A',54.66066639,-6.21522778,NULL,1,4,100,NULL,'2021-05-23 14:31:54','2021-05-23 14:32:33',NULL),(16,31,'17',54.66063639,-6.21559611,NULL,1,4,100,NULL,'2021-05-23 14:31:54','2021-05-23 14:32:33',NULL),(17,31,'18',54.66084444,-6.21664194,NULL,1,4,100,NULL,'2021-05-23 14:31:54','2021-05-23 14:32:33',NULL),(18,31,'21',54.66049583,-6.21780722,NULL,2,4,100,NULL,'2021-05-23 14:31:54','2021-05-23 14:32:33',NULL),(19,31,'22',54.65982778,-6.21783417,NULL,2,4,100,NULL,'2021-05-23 14:31:54','2021-05-23 14:32:33',NULL),(20,31,'24',54.65944778,-6.21805944,NULL,2,4,100,NULL,'2021-05-23 14:31:54','2021-05-23 14:32:33',NULL),(21,31,'25',54.65918111,-6.21860750,NULL,2,4,100,NULL,'2021-05-23 14:31:54','2021-05-23 14:32:33',NULL),(22,31,'25A',54.65929500,-6.21863861,NULL,2,4,100,NULL,'2021-05-23 14:31:54','2021-05-23 14:32:33',NULL),(23,31,'26',54.65957194,-6.21890611,NULL,2,4,100,NULL,'2021-05-23 14:31:54','2021-05-23 14:32:33',NULL),(24,31,'27',54.65983861,-6.21913667,NULL,2,4,100,NULL,'2021-05-23 14:31:54','2021-05-23 14:32:33',NULL),(25,31,'27A',54.65994806,-6.21921417,NULL,2,4,100,NULL,'2021-05-23 14:31:54','2021-05-23 14:32:33',NULL),(26,31,'28',54.66023000,-6.22006667,NULL,2,4,100,NULL,'2021-05-23 14:31:54','2021-05-23 14:32:33',NULL),(27,31,'29',54.66033611,-6.22072194,NULL,2,4,100,NULL,'2021-05-23 14:31:54','2021-05-23 14:32:33',NULL),(28,31,'29A',54.66034278,-6.22138528,NULL,2,4,100,NULL,'2021-05-23 14:31:54','2021-05-23 14:32:33',NULL),(29,32,'1',54.61376111,-5.87278472,NULL,NULL,3,100,NULL,'2021-05-23 14:31:54','2021-05-23 14:32:33',NULL),(30,32,'2',54.61403333,-5.87246139,NULL,NULL,3,100,NULL,'2021-05-23 14:31:54','2021-05-23 14:32:33',NULL),(31,32,'3',54.61427083,-5.87204361,NULL,NULL,3,100,NULL,'2021-05-23 14:31:54','2021-05-23 14:32:33',NULL),(32,32,'4',54.61447000,-5.87177556,NULL,NULL,3,100,NULL,'2021-05-23 14:31:54','2021-05-23 14:32:33',NULL),(33,32,'5',54.61482500,-5.87132778,NULL,NULL,3,100,NULL,'2021-05-23 14:31:54','2021-05-23 14:32:33',NULL),(34,32,'6',54.61525583,-5.87090972,NULL,NULL,3,100,NULL,'2021-05-23 14:31:54','2021-05-23 14:32:33',NULL),(35,32,'6A',54.61537583,-5.87072583,NULL,NULL,3,100,NULL,'2021-05-23 14:31:54','2021-05-23 14:32:33',NULL),(36,32,'7',54.61571444,-5.87031500,NULL,NULL,3,100,NULL,'2021-05-23 14:31:54','2021-05-23 14:32:33',NULL),(37,32,'7A',54.61560611,-5.87047222,NULL,NULL,3,100,NULL,'2021-05-23 14:31:54','2021-05-23 14:32:33',NULL),(38,32,'8',54.61592528,-5.87006500,NULL,NULL,3,100,NULL,'2021-05-23 14:31:54','2021-05-23 14:32:33',NULL),(39,32,'9',54.61621222,-5.86982444,NULL,NULL,3,100,NULL,'2021-05-23 14:31:54','2021-05-23 14:32:33',NULL),(40,32,'10',54.61648139,-5.86952861,NULL,NULL,3,100,NULL,'2021-05-23 14:31:54','2021-05-23 14:32:33',NULL),(41,33,'1',55.03983528,-7.15810306,NULL,NULL,3,100,NULL,'2021-05-23 14:31:54','2021-05-23 14:32:33',NULL),(42,33,'2',55.03990361,-7.15741889,NULL,NULL,3,100,NULL,'2021-05-23 14:31:54','2021-05-23 14:32:33',NULL),(43,33,'3',55.03997222,-7.15679167,NULL,NULL,3,100,NULL,'2021-05-23 14:31:54','2021-05-23 14:32:33',NULL),(44,33,'4',55.04008889,-7.15614056,NULL,NULL,3,100,NULL,'2021-05-23 14:31:54','2021-05-23 14:32:33',NULL),(45,33,'4A',55.04074333,-7.15650639,NULL,NULL,3,100,NULL,'2021-05-23 14:31:54','2021-05-23 14:32:33',NULL),(46,20,'1',52.45055944,-1.73254583,NULL,NULL,3,100,NULL,'2021-05-23 14:31:54','2021-05-23 14:32:33',NULL),(47,20,'2',52.45031778,-1.73312389,NULL,NULL,3,100,NULL,'2021-05-23 14:31:54','2021-05-23 14:32:33',NULL),(48,20,'3',52.45010528,-1.73362972,NULL,NULL,3,100,NULL,'2021-05-23 14:31:54','2021-05-23 14:32:33',NULL),(49,20,'4',52.44990833,-1.73408333,NULL,NULL,3,100,NULL,'2021-05-23 14:31:54','2021-05-23 14:32:33',NULL),(50,20,'5',52.44975306,-1.73448722,NULL,NULL,3,100,NULL,'2021-05-23 14:31:54','2021-05-23 14:32:33',NULL),(51,20,'6',52.44965722,-1.73492833,NULL,NULL,3,100,NULL,'2021-05-23 14:31:54','2021-05-23 14:32:33',NULL),(52,20,'7',52.44948750,-1.73536306,NULL,NULL,3,100,NULL,'2021-05-23 14:31:54','2021-05-23 14:32:33',NULL),(53,20,'8L',52.45069583,-1.73519222,NULL,NULL,3,100,NULL,'2021-05-23 14:31:54','2021-05-23 14:32:33',NULL),(54,20,'8C',52.45047750,-1.73487639,NULL,NULL,3,100,NULL,'2021-05-23 14:31:54','2021-05-23 14:32:33',NULL),(55,20,'8R',52.45021389,-1.73461444,NULL,NULL,3,100,NULL,'2021-05-23 14:31:54','2021-05-23 14:32:33',NULL),(56,20,'20',52.44979111,-1.73186694,NULL,NULL,3,100,NULL,'2021-05-23 14:31:54','2021-05-23 14:32:33',NULL),(57,20,'21',52.44956472,-1.73239278,NULL,NULL,3,100,NULL,'2021-05-23 14:31:54','2021-05-23 14:32:33',NULL),(58,20,'22',52.44933861,-1.73290806,NULL,NULL,3,100,NULL,'2021-05-23 14:31:54','2021-05-23 14:32:33',NULL),(59,20,'23',52.44912556,-1.73343528,NULL,NULL,3,100,NULL,'2021-05-23 14:31:54','2021-05-23 14:32:33',NULL),(60,20,'24',52.44895861,-1.73398806,NULL,NULL,3,100,NULL,'2021-05-23 14:31:54','2021-05-23 14:32:33',NULL),(61,20,'25',52.44870333,-1.73475778,NULL,NULL,3,100,NULL,'2021-05-23 14:31:54','2021-05-23 14:32:33',NULL),(62,20,'10',52.45061889,-1.73659917,NULL,NULL,3,100,NULL,'2021-05-23 14:31:54','2021-05-23 14:32:33',NULL),(63,20,'11',52.45080056,-1.73619778,NULL,NULL,3,100,NULL,'2021-05-23 14:31:54','2021-05-23 14:32:33',NULL),(64,20,'12',52.45096250,-1.73579444,NULL,NULL,3,100,NULL,'2021-05-23 14:31:54','2021-05-23 14:32:33',NULL),(65,20,'13',52.45113167,-1.73537056,NULL,NULL,3,100,NULL,'2021-05-23 14:31:54','2021-05-23 14:32:33',NULL),(66,20,'14',52.45130917,-1.73490444,NULL,NULL,3,100,NULL,'2021-05-23 14:31:54','2021-05-23 14:32:33',NULL),(67,20,'15',52.45151500,-1.73438750,NULL,NULL,3,100,NULL,'2021-05-23 14:31:54','2021-05-23 14:32:33',NULL),(68,20,'16',52.45171417,-1.73388056,NULL,NULL,3,100,NULL,'2021-05-23 14:31:54','2021-05-23 14:32:33',NULL),(69,20,'40',52.45270917,-1.73529472,NULL,NULL,5,100,NULL,'2021-05-23 14:31:54','2021-05-23 14:32:33',NULL),(70,20,'40L',52.45222917,-1.73645278,NULL,NULL,3,100,NULL,'2021-05-23 14:31:54','2021-05-23 14:32:33',NULL),(71,20,'41C',52.45234139,-1.73615111,NULL,NULL,3,100,NULL,'2021-05-23 14:31:54','2021-05-23 14:32:33',NULL),(72,20,'41R',52.45248611,-1.73582250,NULL,NULL,5,100,NULL,'2021-05-23 14:31:54','2021-05-23 14:32:33',NULL),(73,20,'41L',52.45176722,-1.73756833,NULL,NULL,5,100,NULL,'2021-05-23 14:31:54','2021-05-23 14:32:33',NULL),(74,20,'42C',52.45189444,-1.73722500,NULL,NULL,3,100,NULL,'2021-05-23 14:31:54','2021-05-23 14:32:33',NULL),(75,20,'42R',52.45203222,-1.73690639,NULL,NULL,5,100,NULL,'2021-05-23 14:31:54','2021-05-23 14:32:33',NULL),(76,20,'42L',52.45291917,-1.73801750,NULL,NULL,5,100,NULL,'2021-05-23 14:31:54','2021-05-23 14:32:33',NULL),(77,20,'54C',52.45284194,-1.73827528,NULL,NULL,3,100,NULL,'2021-05-23 14:31:54','2021-05-23 14:32:33',NULL),(78,20,'54R',52.45271194,-1.73857056,NULL,NULL,5,100,NULL,'2021-05-23 14:31:54','2021-05-23 14:32:33',NULL),(79,20,'54L',52.45340917,-1.73689972,NULL,NULL,5,100,NULL,'2021-05-23 14:31:54','2021-05-23 14:32:33',NULL),(80,20,'55C',52.45328306,-1.73717944,NULL,NULL,3,100,NULL,'2021-05-23 14:31:54','2021-05-23 14:32:33',NULL),(81,20,'55R',52.45317667,-1.73743667,NULL,NULL,5,100,NULL,'2021-05-23 14:31:54','2021-05-23 14:32:33',NULL),(82,20,'55L',52.45382833,-1.73585556,NULL,NULL,5,100,NULL,'2021-05-23 14:31:54','2021-05-23 14:32:33',NULL),(83,20,'56C',52.45371611,-1.73612583,NULL,NULL,3,100,NULL,'2021-05-23 14:31:54','2021-05-23 14:32:33',NULL),(84,20,'56R',52.45357944,-1.73644361,NULL,NULL,5,100,NULL,'2021-05-23 14:31:54','2021-05-23 14:32:33',NULL),(85,20,'56L',52.45428806,-1.73477389,NULL,NULL,5,100,NULL,'2021-05-23 14:31:54','2021-05-23 14:32:33',NULL),(86,20,'57C',52.45419167,-1.73500111,NULL,NULL,3,100,NULL,'2021-05-23 14:31:54','2021-05-23 14:32:33',NULL),(87,20,'57R',52.45408139,-1.73527306,NULL,NULL,5,100,NULL,'2021-05-23 14:31:54','2021-05-23 14:32:33',NULL),(88,20,'58',52.45456139,-1.73422000,NULL,NULL,5,100,NULL,'2021-05-23 14:31:54','2021-05-23 14:32:33',NULL),(89,20,'59',52.45484111,-1.73349028,NULL,NULL,5,100,NULL,'2021-05-23 14:31:54','2021-05-23 14:32:33',NULL),(90,20,'60',52.45509028,-1.73287167,NULL,NULL,5,100,NULL,'2021-05-23 14:31:54','2021-05-23 14:32:33',NULL),(91,20,'70',52.45379583,-1.73997750,NULL,NULL,5,100,NULL,'2021-05-23 14:31:54','2021-05-23 14:32:33',NULL),(92,20,'71',52.45410444,-1.73921250,NULL,NULL,5,100,NULL,'2021-05-23 14:31:54','2021-05-23 14:32:33',NULL),(93,20,'72',52.45431750,-1.73868556,NULL,NULL,5,100,NULL,'2021-05-23 14:31:54','2021-05-23 14:32:33',NULL),(94,20,'73',52.45454444,-1.73814889,NULL,NULL,5,100,NULL,'2021-05-23 14:31:54','2021-05-23 14:32:33',NULL),(95,20,'74',52.45475806,-1.73761111,NULL,NULL,5,100,NULL,'2021-05-23 14:31:54','2021-05-23 14:32:33',NULL),(96,20,'75',52.45497028,-1.73710528,NULL,NULL,5,100,NULL,'2021-05-23 14:31:54','2021-05-23 14:32:33',NULL),(97,20,'76',52.45522583,-1.73651750,NULL,NULL,5,100,NULL,'2021-05-23 14:31:54','2021-05-23 14:32:33',NULL),(98,20,'77',52.45545167,-1.73607528,NULL,NULL,5,100,NULL,'2021-05-23 14:31:54','2021-05-23 14:32:33',NULL),(99,20,'80',52.45591361,-1.73649139,NULL,NULL,3,100,NULL,'2021-05-23 14:31:54','2021-05-23 14:32:33',NULL),(100,20,'81',52.45624306,-1.73704556,NULL,NULL,4,100,NULL,'2021-05-23 14:31:54','2021-05-23 14:32:33',NULL),(101,20,'82',52.45605500,-1.73782111,NULL,NULL,4,100,NULL,'2021-05-23 14:31:54','2021-05-23 14:32:33',NULL),(102,20,'83',52.45567361,-1.73854750,NULL,NULL,5,100,NULL,'2021-05-23 14:31:54','2021-05-23 14:32:33',NULL),(103,20,'84',52.45519611,-1.73953306,NULL,NULL,5,100,NULL,'2021-05-23 14:31:54','2021-05-23 14:32:33',NULL),(104,20,'85',52.45474556,-1.74052083,NULL,NULL,5,100,NULL,'2021-05-23 14:31:54','2021-05-23 14:32:33',NULL),(105,20,'86',52.45433528,-1.74150167,NULL,NULL,5,100,NULL,'2021-05-23 14:31:54','2021-05-23 14:32:33',NULL),(106,9,'1',53.36086194,-2.27401778,1,NULL,3,100,NULL,'2021-05-23 14:31:54','2021-05-23 14:32:33',NULL),(107,9,'5',53.36026083,-2.27421111,1,NULL,3,100,NULL,'2021-05-23 14:31:54','2021-05-23 14:32:33',NULL),(108,9,'7',53.35985139,-2.27429139,1,NULL,3,100,NULL,'2021-05-23 14:31:54','2021-05-23 14:32:33',NULL),(109,9,'9',53.35941333,-2.27438611,1,NULL,3,100,NULL,'2021-05-23 14:31:54','2021-05-23 14:32:33',NULL),(110,9,'11',53.35898083,-2.27445833,1,NULL,3,100,NULL,'2021-05-23 14:31:54','2021-05-23 14:32:33',NULL),(111,9,'15',53.35846639,-2.27453389,1,NULL,4,100,NULL,'2021-05-23 14:31:54','2021-05-23 14:32:33',NULL),(112,9,'12',53.35770472,-2.27581333,1,NULL,6,100,NULL,'2021-05-23 14:31:54','2021-05-23 14:32:33',NULL),(113,9,'10',53.35875861,-2.27499472,1,NULL,4,100,NULL,'2021-05-23 14:31:54','2021-05-23 14:32:33',NULL),(114,9,'8',53.35927167,-2.27494111,1,NULL,4,100,NULL,'2021-05-23 14:31:54','2021-05-23 14:32:33',NULL),(115,9,'6',53.35971778,-2.27487833,1,NULL,4,100,NULL,'2021-05-23 14:31:54','2021-05-23 14:32:33',NULL),(116,9,'4',53.36025139,-2.27484111,1,NULL,4,100,NULL,'2021-05-23 14:31:54','2021-05-23 14:32:33',NULL),(117,9,'2',53.36067778,-2.27490194,1,NULL,4,100,NULL,'2021-05-23 14:31:54','2021-05-23 14:32:33',NULL),(118,9,'16',53.36098472,-2.27300417,NULL,NULL,3,100,NULL,'2021-05-23 14:31:54','2021-05-23 14:32:33',NULL),(119,9,'17',53.36093056,-2.27249278,NULL,NULL,3,100,NULL,'2021-05-23 14:31:54','2021-05-23 14:32:33',NULL),(120,9,'18',53.36087528,-2.27162694,NULL,NULL,3,100,NULL,'2021-05-23 14:31:54','2021-05-23 14:32:33',NULL),(121,9,'21',53.36125194,-2.27524278,1,NULL,3,100,NULL,'2021-05-23 14:31:54','2021-05-23 14:32:33',NULL),(122,9,'23',53.36176028,-2.27608889,1,NULL,5,100,NULL,'2021-05-23 14:31:54','2021-05-23 14:32:33',NULL),(123,9,'25',53.36180889,-2.27690472,1,NULL,3,100,NULL,'2021-05-23 14:31:54','2021-05-23 14:32:33',NULL),(124,9,'27',53.36191194,-2.27733278,1,NULL,5,100,NULL,'2021-05-23 14:31:54','2021-05-23 14:32:33',NULL),(125,9,'29',53.36211194,-2.27848750,1,NULL,5,100,NULL,'2021-05-23 14:31:54','2021-05-23 14:32:33',NULL),(126,9,'31',53.36237500,-2.27897833,1,NULL,5,100,NULL,'2021-05-23 14:31:54','2021-05-23 14:32:33',NULL),(127,9,'32',53.36259611,-2.27875083,1,NULL,5,100,NULL,'2021-05-23 14:31:54','2021-05-23 14:32:33',NULL),(128,9,'28',53.36264944,-2.27847028,1,NULL,3,100,NULL,'2021-05-23 14:31:54','2021-05-23 14:32:33',NULL),(129,9,'26',53.36230111,-2.27785833,1,NULL,3,100,NULL,'2021-05-23 14:31:54','2021-05-23 14:32:33',NULL),(130,9,'24',53.36223278,-2.27703083,1,NULL,3,100,NULL,'2021-05-23 14:31:54','2021-05-23 14:32:33',NULL),(131,9,'22',53.36210778,-2.27626583,1,NULL,3,100,NULL,'2021-05-23 14:31:54','2021-05-23 14:32:33',NULL),(132,9,'41',53.36050472,-2.27105778,3,NULL,5,100,NULL,'2021-05-23 14:31:54','2021-05-23 14:32:33',NULL),(133,9,'42',53.35997000,-2.27095722,3,NULL,5,100,NULL,'2021-05-23 14:31:54','2021-05-23 14:32:33',NULL),(134,9,'43',53.35943722,-2.27097028,3,NULL,3,100,NULL,'2021-05-23 14:31:54','2021-05-23 14:32:33',NULL),(135,9,'44',53.35912111,-2.27084139,3,NULL,3,100,NULL,'2021-05-23 14:31:54','2021-05-23 14:32:33',NULL),(136,9,'47',53.35907611,-2.27044833,3,NULL,3,100,NULL,'2021-05-23 14:31:54','2021-05-23 14:32:33',NULL),(137,9,'48',53.35929806,-2.27020167,3,NULL,3,100,NULL,'2021-05-23 14:31:54','2021-05-23 14:32:33',NULL),(138,9,'49',53.35982722,-2.27020389,3,NULL,3,100,NULL,'2021-05-23 14:31:54','2021-05-23 14:32:33',NULL),(139,9,'50',53.36020167,-2.26946972,3,NULL,3,100,NULL,'2021-05-23 14:31:54','2021-05-23 14:32:33',NULL),(140,9,'51',53.36046750,-2.26907694,3,NULL,3,100,NULL,'2021-05-23 14:31:54','2021-05-23 14:32:33',NULL),(141,9,'52',53.36071111,-2.26863583,3,NULL,3,100,NULL,'2021-05-23 14:31:54','2021-05-23 14:32:33',NULL),(142,9,'53',53.36099528,-2.26820722,3,NULL,4,100,NULL,'2021-05-23 14:31:54','2021-05-23 14:32:33',NULL),(143,9,'54',53.36130333,-2.26771472,3,NULL,4,100,NULL,'2021-05-23 14:31:54','2021-05-23 14:32:33',NULL),(144,9,'55',53.36166500,-2.26697444,3,NULL,5,100,NULL,'2021-05-23 14:31:54','2021-05-23 14:32:33',NULL),(145,9,'55L',53.36150417,-2.26700389,NULL,NULL,3,100,NULL,'2021-05-23 14:31:54','2021-05-23 14:32:33',NULL),(146,9,'55R',53.36169778,-2.26667306,NULL,NULL,3,100,NULL,'2021-05-23 14:31:54','2021-05-23 14:32:33',NULL),(147,9,'56',53.36160667,-2.26580306,NULL,NULL,3,100,NULL,'2021-05-23 14:31:54','2021-05-23 14:32:33',NULL),(148,9,'57',53.36185583,-2.26530139,NULL,NULL,3,100,NULL,'2021-05-23 14:31:54','2021-05-23 14:32:33',NULL),(149,9,'58',53.36210278,-2.26478806,NULL,NULL,3,100,NULL,'2021-05-23 14:31:54','2021-05-23 14:32:33',NULL),(150,9,'61',53.35890778,-2.27920889,NULL,NULL,6,100,NULL,'2021-05-23 14:31:54','2021-05-23 14:32:33',NULL),(151,9,'62',53.36030306,-2.27905194,NULL,NULL,6,100,NULL,'2021-05-23 14:31:54','2021-05-23 14:32:33',NULL),(152,9,'63',53.36082806,-2.27969222,NULL,NULL,5,100,NULL,'2021-05-23 14:31:54','2021-05-23 14:32:33',NULL),(153,9,'64',53.36146972,-2.28064528,NULL,NULL,5,100,NULL,'2021-05-23 14:31:54','2021-05-23 14:32:33',NULL),(154,9,'74',53.36665667,-2.28977472,NULL,NULL,3,100,NULL,'2021-05-23 14:31:54','2021-05-23 14:32:33',NULL),(155,9,'73',53.36613250,-2.28889917,NULL,NULL,3,100,NULL,'2021-05-23 14:31:54','2021-05-23 14:32:33',NULL),(156,9,'72',53.36568667,-2.28819917,NULL,3,5,100,NULL,'2021-05-23 14:31:54','2021-05-23 14:32:33',NULL),(157,9,'71',53.36506361,-2.28680806,NULL,3,5,100,NULL,'2021-05-23 14:31:54','2021-05-23 14:32:33',NULL),(158,9,'70',53.36454583,-2.28595944,NULL,3,5,100,NULL,'2021-05-23 14:31:54','2021-05-23 14:32:33',NULL),(159,9,'80',53.36342528,-2.28207444,NULL,NULL,5,100,NULL,'2021-05-23 14:31:54','2021-05-23 14:32:33',NULL),(160,9,'81',53.36385722,-2.28300917,NULL,NULL,5,100,NULL,'2021-05-23 14:31:54','2021-05-23 14:32:33',NULL),(161,9,'82',53.36436611,-2.28391056,NULL,NULL,5,100,NULL,'2021-05-23 14:31:54','2021-05-23 14:32:33',NULL),(162,9,'83',53.36489361,-2.28477028,NULL,NULL,5,100,NULL,'2021-05-23 14:31:54','2021-05-23 14:32:33',NULL),(163,9,'84',53.36540361,-2.28565694,NULL,NULL,5,100,NULL,'2021-05-23 14:31:54','2021-05-23 14:32:33',NULL),(164,9,'69',53.36416222,-2.28530417,NULL,3,5,100,NULL,'2021-05-23 14:31:54','2021-05-23 14:32:33',NULL),(165,9,'68',53.36352139,-2.28417528,NULL,3,5,100,NULL,'2021-05-23 14:31:54','2021-05-23 14:32:33',NULL),(166,9,'67',53.36298917,-2.28335806,NULL,3,5,100,NULL,'2021-05-23 14:31:54','2021-05-23 14:32:33',NULL),(167,9,'66',53.36248889,-2.28241639,NULL,3,5,100,NULL,'2021-05-23 14:31:54','2021-05-23 14:32:33',NULL),(168,9,'65',53.36189694,-2.28140778,NULL,NULL,5,100,NULL,'2021-05-23 14:31:54','2021-05-23 14:32:33',NULL),(169,9,'85',53.36637944,-2.28765417,NULL,NULL,3,100,NULL,'2021-05-23 14:31:54','2021-05-23 14:32:33',NULL),(170,9,'86',53.36691889,-2.28856472,NULL,NULL,3,100,NULL,'2021-05-23 14:31:54','2021-05-23 14:32:33',NULL),(172,9,'201',53.36352639,-2.27652028,2,NULL,5,100,NULL,'2021-05-23 14:31:54','2021-05-23 14:32:33',NULL),(173,9,'202',53.36369556,-2.27747806,2,NULL,5,100,NULL,'2021-05-23 14:31:54','2021-05-23 14:32:33',NULL),(174,9,'203',53.36398389,-2.27794806,2,NULL,5,100,NULL,'2021-05-23 14:31:54','2021-05-23 14:32:33',NULL),(175,9,'204',53.36429556,-2.27845278,2,NULL,5,100,NULL,'2021-05-23 14:31:54','2021-05-23 14:32:33',NULL),(176,9,'205',53.36457333,-2.27892250,NULL,NULL,3,100,NULL,'2021-05-23 14:31:54','2021-05-23 14:32:33',NULL),(177,9,'206',53.36478667,-2.27931333,2,NULL,5,100,NULL,'2021-05-23 14:31:54','2021-05-23 14:32:33',NULL),(178,9,'207',53.36526472,-2.27981472,2,NULL,5,100,NULL,'2021-05-23 14:31:54','2021-05-23 14:32:33',NULL),(179,9,'208',53.36548750,-2.28009472,2,NULL,5,100,NULL,'2021-05-23 14:31:54','2021-05-23 14:32:33',NULL),(180,9,'209',53.36583333,-2.28077056,2,NULL,5,100,NULL,'2021-05-23 14:31:54','2021-05-23 14:32:33',NULL),(181,9,'210',53.36602639,-2.28116444,2,NULL,5,100,NULL,'2021-05-23 14:31:54','2021-05-23 14:32:33',NULL),(182,9,'211',53.36639694,-2.28180278,2,NULL,5,100,NULL,'2021-05-23 14:31:54','2021-05-23 14:32:33',NULL),(183,9,'212',53.36664333,-2.28225944,NULL,NULL,3,100,NULL,'2021-05-23 14:31:54','2021-05-23 14:32:33',NULL),(184,9,'213',53.36701361,-2.28276167,NULL,NULL,3,100,NULL,'2021-05-23 14:31:54','2021-05-23 14:32:33',NULL),(185,9,'214',53.36724583,-2.28319806,NULL,NULL,3,100,NULL,'2021-05-23 14:31:54','2021-05-23 14:32:33',NULL),(186,9,'215',53.36761944,-2.28369194,NULL,NULL,3,100,NULL,'2021-05-23 14:31:54','2021-05-23 14:32:33',NULL),(187,9,'216',53.36802528,-2.28443194,NULL,NULL,3,100,NULL,'2021-05-23 14:31:54','2021-05-23 14:32:33',NULL),(188,9,'231',53.36408056,-2.28098889,NULL,NULL,5,100,NULL,'2021-05-23 14:31:54','2021-05-23 14:32:33',NULL),(189,9,'233',53.36454444,-2.28177444,NULL,NULL,3,100,NULL,'2021-05-23 14:31:54','2021-05-23 14:32:33',NULL),(190,9,'243',53.36618833,-2.28439250,NULL,NULL,4,100,NULL,'2021-05-23 14:31:54','2021-05-23 14:32:33',NULL),(191,9,'241',53.36592083,-2.28395583,NULL,NULL,4,100,NULL,'2021-05-23 14:31:54','2021-05-23 14:32:33',NULL),(192,9,'239',53.36555917,-2.28346278,NULL,NULL,4,100,NULL,'2021-05-23 14:31:54','2021-05-23 14:32:33',NULL),(193,9,'237',53.36514639,-2.28284194,NULL,NULL,3,100,NULL,'2021-05-23 14:31:54','2021-05-23 14:32:33',NULL),(194,9,'235',53.36486556,-2.28225278,NULL,NULL,3,100,NULL,'2021-05-23 14:31:54','2021-05-23 14:32:33',NULL),(195,9,'217',53.36829972,-2.28498556,NULL,NULL,3,100,NULL,'2021-05-23 14:31:54','2021-05-23 14:32:33',NULL),(196,9,'218',53.36865639,-2.28558833,NULL,NULL,3,100,NULL,'2021-05-23 14:31:54','2021-05-23 14:32:33',NULL),(197,9,'219',53.36897694,-2.28613028,NULL,NULL,3,100,NULL,'2021-05-23 14:31:54','2021-05-23 14:32:33',NULL),(198,9,'249',53.36792472,-2.28752889,NULL,NULL,3,100,NULL,'2021-05-23 14:31:54','2021-05-23 14:32:33',NULL),(199,9,'247',53.36756556,-2.28693000,NULL,NULL,3,100,NULL,'2021-05-23 14:31:54','2021-05-23 14:32:33',NULL),(200,9,'245',53.36723472,-2.28627500,NULL,NULL,3,100,NULL,'2021-05-23 14:31:54','2021-05-23 14:32:33',NULL),(201,9,'901',53.36782972,-2.29106972,NULL,NULL,3,100,NULL,'2021-05-23 14:31:54','2021-05-23 14:32:33',NULL),(202,9,'903',53.36824528,-2.29031778,NULL,NULL,3,100,NULL,'2021-05-23 14:31:54','2021-05-23 14:32:33',NULL),(203,12,'1',53.47873444,-1.01084194,NULL,NULL,3,100,NULL,'2021-05-23 14:31:54','2021-05-23 14:32:33',NULL),(206,12,'1A',53.47851222,-1.00944417,NULL,NULL,3,100,NULL,'2021-05-23 14:31:54','2021-05-23 14:32:33',NULL),(207,12,'2',53.47948417,-1.01047222,NULL,NULL,3,100,NULL,'2021-05-23 14:31:54','2021-05-23 14:32:33',NULL),(210,12,'3',53.48017861,-1.01006806,NULL,NULL,5,100,NULL,'2021-05-23 14:31:54','2021-05-23 14:32:33',NULL),(211,12,'4',53.48080333,-1.00975611,NULL,NULL,5,100,NULL,'2021-05-23 14:31:54','2021-05-23 14:32:33',NULL),(214,12,'5',53.48153222,-1.00940944,NULL,NULL,3,100,NULL,'2021-05-23 14:31:54','2021-05-23 14:32:33',NULL),(217,12,'12',53.48662750,-1.00431667,NULL,NULL,3,100,NULL,'2021-05-23 14:31:54','2021-05-23 14:32:33',NULL),(218,12,'13',53.48651972,-1.00520333,NULL,NULL,3,100,NULL,'2021-05-23 14:31:54','2021-05-23 14:32:33',NULL),(219,12,'14',53.48628639,-1.00603778,NULL,NULL,3,100,NULL,'2021-05-23 14:31:54','2021-05-23 14:32:33',NULL),(220,12,'16',53.48558194,-1.00794889,NULL,NULL,5,100,NULL,'2021-05-23 14:31:54','2021-05-23 14:32:33',NULL),(223,12,'17',53.48507028,-1.00860528,NULL,NULL,5,100,NULL,'2021-05-23 14:31:54','2021-05-23 14:32:33',NULL),(226,12,'501',53.47338028,-1.00968250,NULL,NULL,5,100,NULL,'2021-05-23 14:31:54','2021-05-23 14:32:33',NULL),(227,12,'502',53.47184889,-1.01016611,NULL,NULL,3,100,NULL,'2021-05-23 14:31:54','2021-05-23 14:32:33',NULL),(228,12,'503',53.46963694,-1.01131639,NULL,NULL,3,100,NULL,'2021-05-23 14:31:54','2021-05-23 14:32:33',NULL),(229,17,'1',51.39849528,-3.33777778,NULL,NULL,3,100,NULL,'2021-05-23 14:31:54','2021-05-23 14:32:33',NULL),(230,17,'2',51.39814722,-3.33783056,NULL,NULL,3,100,NULL,'2021-05-23 14:31:54','2021-05-23 14:32:33',NULL),(231,17,'3',51.39792917,-3.33787028,NULL,NULL,3,100,NULL,'2021-05-23 14:31:54','2021-05-23 14:32:33',NULL),(232,17,'4',51.39722222,-3.33612222,NULL,NULL,3,100,NULL,'2021-05-23 14:31:54','2021-05-23 14:32:33',NULL),(233,17,'5',51.39695833,-3.33539444,NULL,NULL,3,100,NULL,'2021-05-23 14:31:54','2021-05-23 14:32:33',NULL),(234,17,'6',51.39674278,-3.33613722,NULL,NULL,3,100,NULL,'2021-05-23 14:31:54','2021-05-23 14:32:33',NULL),(235,17,'7',51.39777472,-3.33771056,NULL,NULL,3,100,NULL,'2021-05-23 14:31:54','2021-05-23 14:32:33',NULL),(236,17,'7L',51.39765833,-3.33754056,NULL,NULL,3,100,NULL,'2021-05-23 14:31:54','2021-05-23 14:32:33',NULL),(237,17,'8',51.39741389,-3.33807222,NULL,NULL,2,100,NULL,'2021-05-23 14:31:54','2021-05-23 14:32:33',NULL),(238,17,'8R',51.39748361,-3.33773833,NULL,NULL,2,100,NULL,'2021-05-23 14:31:54','2021-05-23 14:32:33',NULL),(239,17,'9',51.39773889,-3.33868333,NULL,NULL,3,100,NULL,'2021-05-23 14:31:54','2021-05-23 14:32:33',NULL),(240,17,'10',51.39805278,-3.33935278,NULL,NULL,4,100,NULL,'2021-05-23 14:31:54','2021-05-23 14:32:33',NULL),(241,17,'11',51.39828889,-3.34053611,NULL,NULL,4,100,NULL,'2021-05-23 14:31:54','2021-05-23 14:32:33',NULL),(242,17,'12',51.39878889,-3.34235833,NULL,NULL,3,100,NULL,'2021-05-23 14:31:54','2021-05-23 14:32:33',NULL),(243,17,'13',51.39934167,-3.34186667,NULL,NULL,3,100,NULL,'2021-05-23 14:31:54','2021-05-23 14:32:33',NULL),(244,17,'14',51.39966389,-3.34160278,NULL,NULL,3,100,NULL,'2021-05-23 14:31:54','2021-05-23 14:32:33',NULL),(245,17,'15',51.39999167,-3.34272222,NULL,NULL,3,100,NULL,'2021-05-23 14:31:54','2021-05-23 14:32:33',NULL),(246,17,'16',51.39963611,-3.34302222,NULL,NULL,3,100,NULL,'2021-05-23 14:31:54','2021-05-23 14:32:33',NULL),(247,17,'17',51.39918889,-3.34337778,NULL,NULL,3,100,NULL,'2021-05-23 14:31:54','2021-05-23 14:32:33',NULL),(248,16,'1',51.38566389,-2.71145278,NULL,NULL,3,100,13,'2021-05-23 14:31:54','2021-05-23 14:32:33',NULL),(249,16,'2',51.38567778,-2.71083333,NULL,NULL,3,100,13,'2021-05-23 14:31:54','2021-05-23 14:32:33',NULL),(250,16,'3',51.38569444,-2.71020000,NULL,NULL,3,100,13,'2021-05-23 14:31:54','2021-05-23 14:32:33',NULL),(251,16,'4',51.38570833,-2.70929444,NULL,NULL,4,100,2,'2021-05-23 14:31:54','2021-05-23 14:32:33',NULL),(252,16,'5',51.38523194,-2.70928889,NULL,NULL,3,100,32,'2021-05-23 14:31:54','2021-05-23 14:32:33',NULL),(253,16,'6',51.38563417,-2.70935056,NULL,NULL,3,100,32,'2021-05-23 14:31:54','2021-05-23 14:32:33',NULL),(254,16,'7',51.38614083,-2.70763722,NULL,NULL,3,100,11,'2021-05-23 14:31:54','2021-05-23 14:32:33',NULL),(255,16,'8',51.38576750,-2.70764417,NULL,NULL,3,100,11,'2021-05-23 14:31:54','2022-07-30 16:23:30',NULL),(256,16,'9',51.38536333,-2.70758083,NULL,NULL,3,100,11,'2021-05-23 14:31:54','2022-07-30 16:23:30',NULL),(257,16,'10',51.38537917,-2.70717639,NULL,NULL,3,100,9,'2021-05-23 14:31:54','2022-07-30 16:23:30',NULL),(258,16,'11',51.38579111,-2.70720222,NULL,NULL,3,100,9,'2021-05-23 14:31:54','2022-07-30 16:23:30',NULL),(259,16,'12',51.38615583,-2.70724056,NULL,NULL,3,100,9,'2021-05-23 14:31:54','2021-05-23 14:32:33',NULL),(260,16,'13',51.38621944,-2.70558889,NULL,NULL,3,100,9,'2021-05-23 14:31:54','2021-05-23 14:32:33',NULL),(261,16,'14',51.38580167,-2.70556694,NULL,NULL,3,100,9,'2021-05-23 14:31:54','2021-05-23 14:32:33',NULL),(262,16,'15',51.38543194,-2.70551972,NULL,NULL,3,100,9,'2021-05-23 14:31:54','2021-05-23 14:32:33',NULL),(263,16,'19',51.38566306,-2.70352639,NULL,NULL,3,100,32,'2021-05-23 14:31:54','2021-05-23 14:32:33',NULL),(264,16,'20',51.38565000,-2.70290750,NULL,NULL,3,100,13,'2021-05-23 14:31:54','2021-05-23 14:32:33',NULL),(265,16,'21',51.38541944,-2.71347778,NULL,NULL,2,100,27,'2021-05-23 14:31:54','2021-05-23 14:32:33',NULL),(266,16,'22',51.38566389,-2.71407500,NULL,NULL,3,100,32,'2021-05-23 14:31:54','2021-05-23 14:32:33',NULL),(267,16,'23',51.38568889,-2.71471111,NULL,NULL,3,100,13,'2021-05-23 14:31:54','2021-05-23 14:32:33',NULL),(268,16,'24',51.38565917,-2.71535000,NULL,NULL,3,100,13,'2021-05-23 14:31:54','2021-05-23 14:32:33',NULL),(269,16,'25',51.38563611,-2.71598611,NULL,NULL,3,100,13,'2021-05-23 14:31:54','2021-05-23 14:32:33',NULL),(270,16,'26',51.38561667,-2.71680556,NULL,NULL,5,100,NULL,'2021-05-23 14:31:54','2021-05-23 14:32:33',NULL),(271,16,'26S',51.38496389,-2.71691389,NULL,NULL,3,100,32,'2021-05-23 14:31:54','2021-05-23 14:32:33',NULL),(272,16,'28',51.38491111,-2.71737500,NULL,NULL,3,100,13,'2021-05-23 14:31:54','2021-05-23 14:32:33',NULL),(273,16,'29',51.38534722,-2.71743889,NULL,NULL,4,100,2,'2021-05-23 14:31:54','2021-05-23 14:32:33',NULL),(274,16,'30',51.38568056,-2.71739167,NULL,NULL,3,100,13,'2021-05-23 14:31:54','2021-05-23 14:32:33',NULL),(275,16,'31',51.38567083,-2.71977278,NULL,NULL,3,100,13,'2021-05-23 14:31:54','2021-05-23 14:32:33',NULL),(276,16,'31R',51.38584889,-2.71951250,NULL,NULL,3,100,NULL,'2021-05-23 14:31:54','2021-05-23 14:32:33',NULL),(277,16,'32R',51.38549167,-2.71972806,NULL,NULL,3,100,NULL,'2021-05-23 14:31:54','2022-07-30 16:23:29','2022-07-30 16:23:29'),(278,16,'32',51.38531944,-2.71972222,NULL,NULL,4,100,2,'2021-05-23 14:31:54','2022-07-30 16:23:29','2022-07-30 16:23:29'),(279,16,'32L',51.38514278,-2.71971000,NULL,NULL,3,100,35,'2021-05-23 14:31:54','2022-07-30 16:23:29','2022-07-30 16:23:29'),(280,16,'33',51.38489056,-2.71967917,NULL,NULL,4,100,2,'2021-05-23 14:31:54','2021-05-23 14:32:33',NULL),(281,16,'33L',51.38471611,-2.71950667,NULL,NULL,3,100,35,'2021-05-23 14:31:54','2021-05-23 14:32:33',NULL),(282,16,'34',51.38480000,-2.72130278,NULL,NULL,3,100,13,'2021-05-23 14:31:54','2021-05-23 14:32:33',NULL),(283,16,'35',51.38520000,-2.72130000,NULL,NULL,3,100,32,'2021-05-23 14:31:54','2021-05-23 14:32:33',NULL),(284,16,'36',51.38555000,-2.72120278,NULL,NULL,2,100,66,'2021-05-23 14:31:54','2021-05-23 14:32:33',NULL),(285,16,'37',51.38505833,-2.72178889,NULL,NULL,3,100,13,'2021-05-23 14:31:54','2021-05-23 14:32:33',NULL),(286,16,'38',51.38502778,-2.72242778,NULL,NULL,3,100,13,'2021-05-23 14:31:54','2021-05-23 14:32:33',NULL),(287,16,'39',51.38501111,-2.72306667,NULL,NULL,3,100,13,'2021-05-23 14:31:54','2021-05-23 14:32:33',NULL),(288,16,'E1',51.38509694,-2.70846028,NULL,NULL,3,100,13,'2021-05-23 14:31:54','2021-05-23 14:32:33',NULL),(289,16,'E2',51.38631917,-2.70631750,NULL,NULL,3,100,13,'2021-05-23 14:31:54','2021-05-23 14:32:33',NULL),(290,16,'E3',51.38517806,-2.70622306,NULL,NULL,3,100,13,'2021-05-23 14:31:54','2021-05-23 14:32:33',NULL),(299,10,'1',53.33688528,-2.85439806,NULL,NULL,4,100,2,'2021-05-23 14:31:54','2021-05-23 14:32:33',NULL),(300,10,'2',53.33684833,-2.85528139,NULL,NULL,3,100,NULL,'2021-05-23 14:31:54','2021-05-23 14:32:33',NULL),(301,10,'3',53.33682556,-2.85592417,NULL,NULL,4,100,2,'2021-05-23 14:31:54','2021-05-23 14:32:33',NULL),(302,10,'4',53.33679722,-2.85655250,NULL,NULL,3,100,32,'2021-05-23 14:31:54','2021-05-23 14:32:33',NULL),(303,10,'5',53.33677444,-2.85719028,NULL,NULL,4,100,2,'2021-05-23 14:31:54','2021-05-23 14:32:33',NULL),(304,10,'6',53.33675167,-2.85783750,NULL,NULL,3,100,32,'2021-05-23 14:31:54','2021-05-23 14:32:33',NULL),(305,10,'7',53.33672611,-2.85847056,NULL,NULL,4,100,2,'2021-05-23 14:31:54','2021-05-23 14:32:33',NULL),(306,10,'8',53.33670333,-2.85909889,NULL,NULL,3,100,32,'2021-05-23 14:31:54','2021-05-23 14:32:33',NULL),(307,10,'9',53.33667222,-2.85991639,NULL,NULL,3,100,32,'2021-05-23 14:31:54','2021-05-23 14:32:33',NULL),(308,10,'10',53.33664944,-2.86058722,NULL,NULL,3,100,32,'2021-05-23 14:31:54','2021-05-23 14:32:33',NULL),(309,10,'11',53.33673833,-2.86163222,NULL,NULL,4,100,2,'2021-05-23 14:31:54','2021-05-23 14:32:33',NULL),(310,10,'12',53.33670194,-2.86244111,NULL,NULL,3,100,NULL,'2021-05-23 14:31:54','2021-05-23 14:32:33',NULL),(311,10,'14',53.33665667,-2.86337083,NULL,NULL,5,100,NULL,'2021-05-23 14:31:54','2021-05-23 14:32:33',NULL),(312,10,'32L',53.33610306,-2.85393333,NULL,NULL,3,100,NULL,'2021-05-23 14:31:54','2021-05-23 14:32:33',NULL),(313,10,'32C',53.33578333,-2.85389944,NULL,NULL,3,100,NULL,'2021-05-23 14:31:54','2021-05-23 14:32:33',NULL),(314,10,'33',53.33544167,-2.85585667,NULL,NULL,3,100,32,'2021-05-23 14:31:54','2021-05-23 14:32:33',NULL),(315,10,'34',53.33541611,-2.85651333,NULL,NULL,3,100,32,'2021-05-23 14:31:54','2021-05-23 14:32:33',NULL),(316,10,'35',53.33538472,-2.85716056,NULL,NULL,3,100,32,'2021-05-23 14:31:54','2021-05-23 14:32:33',NULL),(317,10,'36',53.33535639,-2.85782222,NULL,NULL,3,100,32,'2021-05-23 14:31:54','2021-05-23 14:32:33',NULL),(318,10,'37',53.33532806,-2.85847417,NULL,NULL,3,100,9,'2021-05-23 14:31:54','2021-05-23 14:32:33',NULL),(319,10,'39',53.33523722,-2.86013722,NULL,NULL,3,100,32,'2021-05-23 14:31:54','2021-05-23 14:32:33',NULL),(320,10,'40',53.33531111,-2.86085056,NULL,NULL,3,100,9,'2021-05-23 14:31:54','2021-05-23 14:32:33',NULL),(321,10,'41',53.33515194,-2.86185222,NULL,NULL,3,100,9,'2021-05-23 14:31:54','2021-05-23 14:32:33',NULL),(322,10,'51',53.33691972,-2.85212861,NULL,NULL,4,100,2,'2021-05-23 14:31:54','2021-05-23 14:32:33',NULL),(323,10,'52',53.33644306,-2.85207111,NULL,NULL,5,100,NULL,'2021-05-23 14:31:54','2021-05-23 14:32:33',NULL),(324,10,'53',53.33601833,-2.85201333,NULL,NULL,3,100,32,'2021-05-23 14:31:54','2021-05-23 14:32:33',NULL),(325,10,'54',53.33707694,-2.84943250,NULL,NULL,4,100,2,'2021-05-23 14:31:54','2021-05-23 14:32:33',NULL),(326,10,'55',53.33661500,-2.84938667,NULL,NULL,5,100,NULL,'2021-05-23 14:31:54','2021-05-23 14:32:33',NULL),(327,10,'56',53.33612750,-2.84933278,NULL,NULL,3,100,32,'2021-05-23 14:31:54','2021-05-23 14:32:33',NULL),(330,6,'1R',51.87834722,-0.37772500,NULL,NULL,3,100,NULL,'2021-05-23 14:31:54','2021-05-23 14:32:33',NULL),(331,6,'1',51.87851667,-0.37830833,NULL,NULL,3,100,NULL,'2021-05-23 14:31:54','2021-05-23 14:32:33',NULL),(332,6,'2',51.87868333,-0.37876389,NULL,NULL,3,100,NULL,'2021-05-23 14:31:54','2021-05-23 14:32:33',NULL),(333,6,'3',51.87893056,-0.37900833,NULL,NULL,3,100,NULL,'2021-05-23 14:31:54','2021-05-23 14:32:33',NULL),(334,6,'4',51.87924444,-0.37902500,NULL,NULL,3,100,NULL,'2021-05-23 14:31:54','2021-05-23 14:32:33',NULL),(335,6,'5',51.87951667,-0.37886111,NULL,NULL,3,100,NULL,'2021-05-23 14:31:54','2021-05-23 14:32:33',NULL),(336,6,'6',51.87983889,-0.37851944,NULL,NULL,3,100,NULL,'2021-05-23 14:31:54','2021-05-23 14:32:33',NULL),(337,6,'7',51.88014722,-0.37813333,NULL,NULL,3,100,NULL,'2021-05-23 14:31:54','2021-05-23 14:32:33',NULL),(338,6,'8',51.88047222,-0.37772500,NULL,NULL,3,100,NULL,'2021-05-23 14:31:54','2021-05-23 14:32:33',NULL),(339,6,'9',51.88077222,-0.37732778,NULL,NULL,3,100,NULL,'2021-05-23 14:31:54','2021-05-23 14:32:33',NULL),(340,6,'9L',51.88098611,-0.37698056,NULL,NULL,3,100,NULL,'2021-05-23 14:31:54','2021-05-23 14:32:33',NULL),(342,6,'10',51.88174444,-0.37864722,NULL,NULL,4,100,NULL,'2021-05-23 14:31:54','2021-05-23 14:32:33',NULL),(344,6,'11',51.88138333,-0.37913611,NULL,NULL,4,100,NULL,'2021-05-23 14:31:54','2021-05-23 14:32:33',NULL),(347,6,'12',51.88079444,-0.37988611,NULL,NULL,4,100,NULL,'2021-05-23 14:31:54','2021-05-23 14:32:33',NULL),(349,6,'13',51.88042222,-0.38035278,NULL,NULL,4,100,NULL,'2021-05-23 14:31:54','2021-05-23 14:32:33',NULL),(351,6,'14',51.88005278,-0.38082222,NULL,NULL,4,100,NULL,'2021-05-23 14:31:54','2021-05-23 14:32:33',NULL),(353,6,'15',51.87966111,-0.38124722,NULL,NULL,4,100,NULL,'2021-05-23 14:31:54','2021-05-23 14:32:33',NULL),(355,6,'16',51.87748611,-0.37984167,NULL,NULL,1,100,NULL,'2021-05-23 14:31:54','2021-05-23 14:32:33',NULL),(356,6,'17',51.87714167,-0.37949722,NULL,NULL,1,100,NULL,'2021-05-23 14:31:54','2021-05-23 14:32:33',NULL),(357,6,'18',51.87709444,-0.37863333,NULL,NULL,1,100,NULL,'2021-05-23 14:31:54','2021-05-23 14:32:33',NULL),(358,6,'19',51.87704722,-0.37814167,NULL,NULL,1,100,NULL,'2021-05-23 14:31:54','2021-05-23 14:32:33',NULL),(359,6,'20',51.87658889,-0.37347500,NULL,NULL,1,100,NULL,'2021-05-23 14:31:54','2021-05-23 14:32:33',NULL),(360,6,'21',51.87673611,-0.37281944,NULL,NULL,1,100,NULL,'2021-05-23 14:31:54','2021-05-23 14:32:33',NULL),(363,6,'22',51.87690556,-0.37183333,NULL,NULL,1,100,NULL,'2021-05-23 14:31:54','2021-05-23 14:32:33',NULL),(364,6,'23',51.87707222,-0.37086389,NULL,NULL,1,100,NULL,'2021-05-23 14:31:54','2021-05-23 14:32:33',NULL),(367,6,'30',51.88429722,-0.37397500,NULL,3,5,100,NULL,'2021-05-23 14:31:54','2021-05-23 14:32:33',NULL),(368,6,'31',51.88440278,-0.37268889,NULL,3,5,100,NULL,'2021-05-23 14:31:54','2021-05-23 14:32:33',NULL),(370,6,'41',51.88139444,-0.37446667,NULL,NULL,4,100,NULL,'2021-05-23 14:31:54','2021-05-23 14:32:33',NULL),(373,6,'42',51.88162778,-0.37333056,NULL,NULL,4,100,NULL,'2021-05-23 14:31:54','2021-05-23 14:32:33',NULL),(375,6,'43R',51.88157500,-0.37358889,NULL,NULL,3,100,NULL,'2021-05-23 14:31:54','2021-05-23 14:32:33',NULL),(376,6,'43',51.88074444,-0.37437500,NULL,NULL,4,100,NULL,'2021-05-23 14:31:54','2021-05-23 14:32:33',NULL),(378,6,'44',51.88090556,-0.37358889,NULL,NULL,4,100,NULL,'2021-05-23 14:31:54','2021-05-23 14:32:33',NULL),(381,6,'45',51.88106389,-0.37280278,NULL,NULL,4,100,NULL,'2021-05-23 14:31:54','2021-05-23 14:32:33',NULL),(383,6,'47',51.87965000,-0.37323333,NULL,NULL,3,100,NULL,'2021-05-23 14:31:54','2021-05-23 14:32:33',NULL),(384,6,'48',51.87976944,-0.37265833,NULL,NULL,3,100,NULL,'2021-05-23 14:31:54','2021-05-23 14:32:33',NULL),(385,6,'46',51.87948889,-0.37393333,NULL,NULL,3,100,NULL,'2021-05-23 14:31:54','2021-05-23 14:32:33',NULL),(386,6,'49',51.87986944,-0.37205000,NULL,NULL,3,100,NULL,'2021-05-23 14:31:54','2021-05-23 14:32:33',NULL),(387,6,'54',51.87829333,-0.38090222,NULL,NULL,3,100,NULL,'2021-05-23 14:31:54','2021-05-23 14:32:33',NULL),(388,6,'56',51.87866111,-0.38224444,NULL,NULL,3,100,NULL,'2021-05-23 14:31:54','2021-05-23 14:32:33',NULL),(389,6,'58',51.87978056,-0.38300556,NULL,NULL,3,100,NULL,'2021-05-23 14:31:54','2021-05-23 14:32:33',NULL),(390,6,'60',51.88131944,-0.37602500,NULL,NULL,3,100,NULL,'2021-05-23 14:31:54','2021-05-23 14:32:33',NULL),(391,6,'61',51.88146944,-0.37565000,NULL,NULL,3,100,NULL,'2021-05-23 14:31:54','2021-05-23 14:32:33',NULL),(392,6,'80',51.88252778,-0.37583333,NULL,NULL,3,100,NULL,'2021-05-23 14:31:54','2021-05-23 14:32:33',NULL),(393,6,'81',51.88206667,-0.37783611,NULL,NULL,3,100,NULL,'2021-05-23 14:31:54','2021-05-23 14:32:33',NULL),(394,18,'1',50.94956278,-1.36274028,NULL,NULL,2,100,NULL,'2021-05-23 14:31:54','2021-05-23 14:32:33',NULL),(395,18,'2',50.94954111,-1.36212028,NULL,NULL,4,100,NULL,'2021-05-23 14:31:54','2021-05-23 14:32:33',NULL),(396,18,'3',50.94942694,-1.36160361,NULL,NULL,4,100,NULL,'2021-05-23 14:31:54','2021-05-23 14:32:33',NULL),(397,18,'4',50.94931806,-1.36111167,NULL,NULL,4,100,NULL,'2021-05-23 14:31:54','2021-05-23 14:32:33',NULL),(398,18,'5',50.94921083,-1.36059167,NULL,NULL,4,100,NULL,'2021-05-23 14:31:54','2021-05-23 14:32:33',NULL),(399,18,'6',50.94978861,-1.36003556,NULL,NULL,2,100,NULL,'2021-05-23 14:31:54','2021-05-23 14:32:33',NULL),(400,18,'7',50.95022028,-1.35979028,NULL,NULL,2,100,NULL,'2021-05-23 14:31:54','2021-05-23 14:32:33',NULL),(401,18,'8',50.95054972,-1.35961083,NULL,NULL,4,100,NULL,'2021-05-23 14:31:54','2021-05-23 14:32:33',NULL),(402,18,'9',50.95087722,-1.35944778,NULL,NULL,4,100,NULL,'2021-05-23 14:31:54','2021-05-23 14:32:33',NULL),(403,18,'10',50.95121972,-1.35925583,NULL,NULL,4,100,NULL,'2021-05-23 14:31:54','2021-05-23 14:32:33',NULL),(404,18,'11',50.95154639,-1.35907389,NULL,NULL,4,100,NULL,'2021-05-23 14:31:54','2021-05-23 14:32:33',NULL),(405,18,'12',50.95190278,-1.35887500,NULL,NULL,4,100,NULL,'2021-05-23 14:31:54','2021-05-23 14:32:33',NULL),(406,18,'13',50.95378667,-1.35781750,NULL,NULL,4,100,NULL,'2021-05-23 14:31:54','2021-05-23 14:32:33',NULL),(407,18,'14',50.95409889,-1.35764611,NULL,NULL,4,100,NULL,'2021-05-23 14:31:54','2021-05-23 14:32:33',NULL),(408,36,'24',50.44728278,-5.00615944,NULL,NULL,3,100,NULL,'2021-05-23 14:31:54','2021-05-23 14:32:33',NULL),(409,36,'23',50.44701444,-5.00529694,NULL,NULL,3,100,NULL,'2021-05-23 14:31:54','2021-05-23 14:32:33',NULL),(410,36,'22',50.44671694,-5.00460583,NULL,NULL,3,100,NULL,'2021-05-23 14:31:54','2021-05-23 14:32:33',NULL),(411,36,'21',50.44642528,-5.00373750,NULL,NULL,3,100,NULL,'2021-05-23 14:31:54','2021-05-23 14:32:33',NULL),(412,36,'20',50.44610972,-5.00299611,NULL,NULL,3,100,NULL,'2021-05-23 14:31:54','2021-05-23 14:32:33',NULL),(416,14,'1',49.43260722,-2.59730972,NULL,NULL,3,100,NULL,'2021-05-23 14:31:54','2021-05-23 14:32:33',NULL),(417,14,'2',49.43236194,-2.59677194,NULL,NULL,3,100,NULL,'2021-05-23 14:31:54','2021-05-23 14:32:33',NULL),(418,14,'3',49.43237806,-2.59620750,NULL,NULL,3,100,NULL,'2021-05-23 14:31:54','2021-05-23 14:32:33',NULL),(419,14,'4',49.43252694,-2.59566722,NULL,NULL,3,100,NULL,'2021-05-23 14:31:54','2021-05-23 14:32:33',NULL),(420,14,'5',49.43270000,-2.59511056,NULL,NULL,3,100,NULL,'2021-05-23 14:31:54','2021-05-23 14:32:33',NULL),(421,14,'6',49.43276333,-2.59454389,NULL,NULL,3,100,NULL,'2021-05-23 14:31:54','2021-05-23 14:32:33',NULL),(422,14,'7',49.43278333,-2.59397333,NULL,NULL,3,100,NULL,'2021-05-23 14:31:54','2021-05-23 14:32:33',NULL),(423,14,'8',49.43280722,-2.59340333,NULL,NULL,3,100,NULL,'2021-05-23 14:31:54','2021-05-23 14:32:33',NULL),(424,14,'9',49.43342306,-2.59293000,NULL,NULL,1,100,NULL,'2021-05-23 14:31:54','2021-05-23 14:32:33',NULL),(425,14,'9A',49.43348278,-2.59223722,NULL,NULL,1,100,NULL,'2021-05-23 14:31:54','2021-05-23 14:32:33',NULL),(426,14,'10',49.43349000,-2.59203028,NULL,NULL,1,100,NULL,'2021-05-23 14:31:54','2021-05-23 14:32:33',NULL),(427,14,'10A',49.43357972,-2.59149111,NULL,NULL,1,100,NULL,'2021-05-23 14:31:54','2021-05-23 14:32:33',NULL),(428,14,'11',49.43341639,-2.59109306,NULL,NULL,1,100,NULL,'2021-05-23 14:31:54','2021-05-23 14:32:33',NULL),(429,14,'12',49.43337250,-2.59054194,NULL,NULL,1,100,NULL,'2021-05-23 14:31:54','2021-05-23 14:32:33',NULL),(430,14,'13',49.43337000,-2.59016444,NULL,NULL,1,100,NULL,'2021-05-23 14:31:54','2021-05-23 14:32:33',NULL),(431,14,'14',49.43337111,-2.58979972,NULL,NULL,1,100,NULL,'2021-05-23 14:31:54','2021-05-23 14:32:33',NULL),(432,14,'15',49.43337611,-2.58942917,NULL,NULL,1,100,NULL,'2021-05-23 14:31:54','2021-05-23 14:32:33',NULL),(433,14,'21',49.43293528,-2.59829472,NULL,NULL,3,100,NULL,'2021-05-23 14:31:54','2021-05-23 14:32:33',NULL),(434,14,'22',49.43258222,-2.59825056,NULL,NULL,3,100,NULL,'2021-05-23 14:31:54','2021-05-23 14:32:33',NULL),(435,14,'23',49.43222806,-2.59823167,NULL,NULL,3,100,NULL,'2021-05-23 14:31:54','2021-05-23 14:32:33',NULL),(436,13,'1',49.20548611,-2.19629167,NULL,2,3,100,NULL,'2021-05-23 14:31:54','2021-05-23 14:32:33',NULL),(437,13,'3',49.20541111,-2.19693056,NULL,2,3,100,NULL,'2021-05-23 14:31:54','2021-05-23 14:32:33',NULL),(438,13,'4',49.20537500,-2.19743889,NULL,NULL,3,100,NULL,'2021-05-23 14:31:54','2021-05-23 14:32:33',NULL),(439,13,'5',49.20533889,-2.19792222,NULL,NULL,3,100,NULL,'2021-05-23 14:31:54','2021-05-23 14:32:33',NULL),(440,13,'6',49.20530278,-2.19843611,NULL,NULL,2,100,NULL,'2021-05-23 14:31:54','2021-05-23 14:32:33',NULL),(441,13,'7',49.20497222,-2.19837778,NULL,NULL,2,100,NULL,'2021-05-23 14:31:54','2021-05-23 14:32:33',NULL),(442,13,'8',49.20502222,-2.19786389,NULL,NULL,2,100,NULL,'2021-05-23 14:31:54','2021-05-23 14:32:33',NULL),(443,13,'9',49.20505000,-2.19734167,NULL,NULL,3,100,NULL,'2021-05-23 14:31:54','2021-05-23 14:32:33',NULL),(444,13,'10',49.20506667,-2.19670833,NULL,NULL,3,100,NULL,'2021-05-23 14:31:54','2021-05-23 14:32:33',NULL),(445,13,'11',49.20496944,-2.19612500,NULL,NULL,3,100,NULL,'2021-05-23 14:31:54','2021-05-23 14:32:33',NULL),(446,13,'12',49.20486944,-2.19557500,NULL,NULL,3,100,NULL,'2021-05-23 14:31:54','2021-05-23 14:32:33',NULL),(447,13,'13',49.20477500,-2.19505833,NULL,NULL,3,100,NULL,'2021-05-23 14:31:54','2021-05-23 14:32:33',NULL),(448,13,'15',49.20344167,-2.19448889,NULL,3,3,100,NULL,'2021-05-23 14:31:54','2021-05-23 14:32:33',NULL),(449,13,'16',49.20352500,-2.19495833,NULL,3,3,100,NULL,'2021-05-23 14:31:54','2021-05-23 14:32:33',NULL),(450,13,'17',49.20359722,-2.19543333,NULL,3,3,100,NULL,'2021-05-23 14:31:54','2021-05-23 14:32:33',NULL),(451,13,'18',49.20369722,-2.19589444,NULL,3,3,100,NULL,'2021-05-23 14:31:54','2021-05-23 14:32:33',NULL),(452,13,'19',49.20378333,-2.19636389,NULL,NULL,3,100,NULL,'2021-05-23 14:31:54','2021-05-23 14:32:33',NULL),(453,13,'20',49.20393333,-2.19699750,NULL,NULL,3,100,NULL,'2021-05-23 14:31:54','2021-05-23 14:32:33',NULL),(454,13,'21',49.20389944,-2.19765944,NULL,NULL,3,100,NULL,'2021-05-23 14:31:54','2021-05-23 14:32:33',NULL),(455,13,'22',49.20386250,-2.19830417,NULL,NULL,3,100,NULL,'2021-05-23 14:31:54','2021-05-23 14:32:33',NULL),(456,13,'23',49.20381750,-2.19907889,NULL,NULL,3,100,NULL,'2021-05-23 14:31:54','2021-05-23 14:32:33',NULL),(461,1,'1',51.15504167,-0.16410167,NULL,NULL,3,100,33,'2021-05-23 14:31:54','2021-05-23 14:32:33',NULL),(462,1,'2',51.15463444,-0.16396139,NULL,NULL,3,100,32,'2021-05-23 14:31:54','2021-05-23 14:32:33',NULL),(463,1,'3',51.15419972,-0.16381278,NULL,NULL,3,100,11,'2021-05-23 14:31:54','2021-05-23 14:32:33',NULL),(464,1,'4',51.15395222,-0.16285056,NULL,NULL,3,100,11,'2021-05-23 14:31:54','2021-05-23 14:32:33',NULL),(465,1,'5',51.15403028,-0.16222083,NULL,NULL,3,100,11,'2021-05-23 14:31:54','2021-05-23 14:32:33',NULL),(466,1,'10',51.15555139,-0.16546278,NULL,NULL,3,100,13,'2021-05-23 14:31:54','2021-05-23 14:32:33',NULL),(467,1,'11',51.15546583,-0.16606444,NULL,NULL,3,100,11,'2021-05-23 14:31:54','2021-05-23 14:32:33',NULL),(468,1,'12',51.15539361,-0.16662389,NULL,NULL,3,100,32,'2021-05-23 14:31:54','2021-05-23 14:32:33',NULL),(469,1,'13',51.15614778,-0.16563611,NULL,NULL,5,100,NULL,'2021-05-23 14:31:54','2021-05-23 14:32:33',NULL),(470,1,'13L',51.15636944,-0.16539972,NULL,NULL,3,100,9,'2021-05-23 14:31:54','2021-05-23 14:32:33',NULL),(471,1,'13R',51.15628278,-0.16599417,NULL,NULL,3,100,NULL,'2021-05-23 14:31:54','2021-05-23 14:32:33',NULL),(472,1,'14',51.15532444,-0.16726111,NULL,NULL,3,100,13,'2021-05-23 14:31:54','2021-05-23 14:32:33',NULL),(473,1,'15',51.15600083,-0.16657056,NULL,NULL,5,100,NULL,'2021-05-23 14:31:54','2021-05-23 14:32:33',NULL),(474,1,'16',51.15524278,-0.16786528,NULL,NULL,3,100,11,'2021-05-23 14:31:54','2021-05-23 14:32:33',NULL),(475,1,'17',51.15583167,-0.16774639,NULL,NULL,5,100,NULL,'2021-05-23 14:31:54','2021-05-23 14:32:33',NULL),(476,1,'18',51.15513361,-0.16848083,NULL,NULL,3,100,11,'2021-05-23 14:31:54','2021-05-23 14:32:33',NULL),(477,1,'19',51.15569444,-0.16897833,NULL,NULL,5,100,NULL,'2021-05-23 14:31:54','2021-05-23 14:32:33',NULL),(478,1,'20',51.15505917,-0.16907194,NULL,NULL,3,100,11,'2021-05-23 14:31:54','2021-05-23 14:32:33',NULL),(479,1,'21',51.15553972,-0.16994083,NULL,NULL,5,100,NULL,'2021-05-23 14:31:54','2021-05-23 14:32:33',NULL),(480,1,'22',51.15496222,-0.16969278,NULL,NULL,3,100,13,'2021-05-23 14:31:54','2021-05-23 14:32:33',NULL),(481,1,'23',51.15541111,-0.17092694,NULL,NULL,5,100,NULL,'2021-05-23 14:31:54','2021-05-23 14:32:33',NULL),(482,1,'24',51.15487611,-0.17030278,NULL,NULL,3,100,11,'2021-05-23 14:31:54','2021-05-23 14:32:33',NULL),(483,1,'25',51.15526944,-0.17170806,NULL,NULL,5,100,NULL,'2021-05-23 14:31:54','2021-05-23 14:32:33',NULL),(484,1,'27',51.15481139,-0.17153861,NULL,NULL,5,100,NULL,'2021-05-23 14:31:54','2021-05-23 14:32:33',NULL),(485,1,'28',51.15479583,-0.17090500,NULL,NULL,3,100,13,'2021-05-23 14:31:54','2021-05-23 14:32:33',NULL),(486,1,'31',51.15780694,-0.16756583,NULL,NULL,5,100,NULL,'2021-05-23 14:31:54','2021-05-23 14:32:33',NULL),(487,1,'31R',51.15769944,-0.16721472,NULL,NULL,3,100,11,'2021-05-23 14:31:54','2021-05-23 14:32:33',NULL),(488,1,'31L',51.15760389,-0.16778556,NULL,NULL,3,100,13,'2021-05-23 14:31:54','2021-05-23 14:32:33',NULL),(489,1,'32',51.15769333,-0.16841056,NULL,NULL,5,100,NULL,'2021-05-23 14:31:54','2021-05-23 14:32:33',NULL),(490,1,'32R',51.15743694,-0.16828000,NULL,NULL,3,100,11,'2021-05-23 14:31:54','2021-05-23 14:32:33',NULL),(491,1,'32L',51.15748472,-0.16866056,NULL,NULL,3,100,13,'2021-05-23 14:31:54','2021-05-23 14:32:33',NULL),(492,1,'33',51.15782861,-0.16904278,NULL,NULL,5,100,NULL,'2021-05-23 14:31:54','2021-05-23 14:32:33',NULL),(493,1,'33R',51.15755639,-0.16923111,NULL,NULL,3,100,11,'2021-05-23 14:31:54','2021-05-23 14:32:33',NULL),(494,1,'33L',51.15774694,-0.16957361,NULL,NULL,3,100,13,'2021-05-23 14:31:54','2021-05-23 14:32:33',NULL),(495,1,'34',51.15826028,-0.16931611,NULL,NULL,5,100,NULL,'2021-05-23 14:31:54','2021-05-23 14:32:33',NULL),(496,1,'34R',51.15805694,-0.16972556,NULL,NULL,3,100,11,'2021-05-23 14:31:54','2021-05-23 14:32:33',NULL),(497,1,'34L',51.15839083,-0.16983972,NULL,NULL,3,100,13,'2021-05-23 14:31:54','2021-05-23 14:32:33',NULL),(498,1,'35',51.15867972,-0.16903500,NULL,NULL,5,100,NULL,'2021-05-23 14:31:54','2021-05-23 14:32:33',NULL),(499,1,'35R',51.15872444,-0.16957361,NULL,NULL,3,100,11,'2021-05-23 14:31:54','2021-05-23 14:32:33',NULL),(500,1,'35L',51.15898694,-0.16926917,NULL,NULL,3,100,13,'2021-05-23 14:31:54','2021-05-23 14:32:33',NULL),(501,1,'36',51.15881556,-0.16846056,NULL,NULL,5,100,NULL,'2021-05-23 14:31:54','2021-05-23 14:32:33',NULL),(502,1,'36R',51.15913000,-0.16873667,NULL,NULL,3,100,9,'2021-05-23 14:31:54','2021-05-23 14:32:33',NULL),(503,1,'36L',51.15913000,-0.16831806,NULL,NULL,3,100,13,'2021-05-23 14:31:54','2021-05-23 14:32:33',NULL),(504,1,'37',51.15873361,-0.16779944,NULL,NULL,5,25,NULL,'2021-05-23 14:31:54','2021-05-23 14:32:33',NULL),(505,1,'38',51.15841194,-0.16738528,NULL,NULL,5,25,NULL,'2021-05-23 14:31:54','2021-05-23 14:32:33',NULL),(506,1,'41',51.15729472,-0.17186167,NULL,NULL,5,100,NULL,'2021-05-23 14:31:54','2021-05-23 14:32:33',NULL),(507,1,'41E',51.15721833,-0.17148639,NULL,NULL,4,100,2,'2021-05-23 14:31:54','2021-05-23 14:32:33',NULL),(508,1,'41W',51.15712944,-0.17211139,NULL,NULL,4,100,2,'2021-05-23 14:31:54','2021-05-23 14:32:33',NULL),(509,1,'42',51.15717778,-0.17280667,NULL,NULL,3,100,13,'2021-05-23 14:31:54','2021-05-23 14:32:33',NULL),(510,1,'43',51.15705056,-0.17373389,NULL,NULL,5,100,NULL,'2021-05-23 14:31:54','2021-05-23 14:32:33',NULL),(511,1,'43E',51.15695028,-0.17338278,NULL,NULL,4,100,2,'2021-05-23 14:31:54','2021-05-23 14:32:33',NULL),(512,1,'43W',51.15686722,-0.17402972,NULL,NULL,4,100,2,'2021-05-23 14:31:54','2021-05-23 14:32:33',NULL),(513,1,'46',51.16037639,-0.16965583,NULL,NULL,4,100,3,'2021-05-23 14:31:54','2021-05-23 14:32:33',NULL),(514,1,'47',51.16031750,-0.17074028,NULL,NULL,4,100,3,'2021-05-23 14:31:54','2021-05-23 14:32:33',NULL),(515,1,'47L',51.15997722,-0.17068694,NULL,NULL,3,100,NULL,'2021-05-23 14:31:54','2021-05-23 14:32:33',NULL),(516,1,'47R',51.16018722,-0.17016667,NULL,NULL,3,100,NULL,'2021-05-23 14:31:54','2021-05-23 14:32:33',NULL),(517,1,'48',51.15967028,-0.17152056,NULL,NULL,4,100,3,'2021-05-23 14:31:54','2021-05-23 14:32:33',NULL),(518,1,'48R',51.15971167,-0.17119444,NULL,NULL,3,100,11,'2021-05-23 14:31:54','2021-05-23 14:32:33',NULL),(519,1,'48L',51.15940944,-0.17162583,NULL,NULL,3,100,11,'2021-05-23 14:31:54','2021-05-23 14:32:33',NULL),(520,1,'49',51.15910250,-0.17248472,NULL,NULL,4,100,3,'2021-05-23 14:31:54','2021-05-23 14:32:33',NULL),(521,1,'49R',51.15895611,-0.17203472,NULL,NULL,3,100,11,'2021-05-23 14:31:54','2021-05-23 14:32:33',NULL),(522,1,'49L',51.15882889,-0.17259722,NULL,NULL,3,100,11,'2021-05-23 14:31:54','2021-05-23 14:32:33',NULL),(523,1,'50',51.15899472,-0.17330083,NULL,NULL,4,100,3,'2021-05-23 14:31:54','2021-05-23 14:32:33',NULL),(524,1,'51',51.15887917,-0.17417444,NULL,NULL,5,100,NULL,'2021-05-23 14:31:54','2021-05-23 14:32:33',NULL),(525,1,'51R',51.15866444,-0.17386694,NULL,NULL,3,100,11,'2021-05-23 14:31:54','2021-05-23 14:32:33',NULL),(526,1,'51L',51.15859194,-0.17439083,NULL,NULL,3,100,9,'2021-05-23 14:31:54','2021-05-23 14:32:33',NULL),(527,1,'52',51.15873944,-0.17525694,NULL,NULL,5,100,NULL,'2021-05-23 14:31:54','2021-05-23 14:32:33',NULL),(528,1,'52L',51.15846111,-0.17540583,NULL,NULL,3,100,NULL,'2021-05-23 14:31:54','2021-05-23 14:32:33',NULL),(529,1,'52R',51.15852000,-0.17495861,NULL,NULL,3,100,NULL,'2021-05-23 14:31:54','2021-05-23 14:32:33',NULL),(530,1,'53',51.15859417,-0.17633194,NULL,NULL,5,100,NULL,'2021-05-23 14:31:54','2021-05-23 14:32:33',NULL),(531,1,'54',51.15843667,-0.17752250,NULL,NULL,5,100,NULL,'2021-05-23 14:31:54','2021-05-23 14:32:33',NULL),(532,1,'54L',51.15815083,-0.17772861,NULL,NULL,3,100,11,'2021-05-23 14:31:54','2021-05-23 14:32:33',NULL),(533,1,'54R',51.15822194,-0.17716611,NULL,NULL,3,100,11,'2021-05-23 14:31:54','2021-05-23 14:32:33',NULL),(534,1,'64',51.16263444,-0.18378139,NULL,NULL,5,100,NULL,'2021-05-23 14:31:54','2021-05-23 14:32:33',NULL),(535,1,'64L',51.16242667,-0.18358583,NULL,NULL,3,100,11,'2021-05-23 14:31:54','2021-05-23 14:32:33',NULL),(536,1,'64R',51.16284694,-0.18367694,NULL,NULL,3,100,11,'2021-05-23 14:31:54','2021-05-23 14:32:33',NULL),(537,1,'65',51.16194778,-0.18358611,NULL,NULL,5,100,NULL,'2021-05-23 14:31:54','2021-05-23 14:32:33',NULL),(538,1,'66',51.16127417,-0.18332472,NULL,NULL,5,100,NULL,'2021-05-23 14:31:54','2021-05-23 14:32:33',NULL),(539,1,'66L',51.16108583,-0.18309083,NULL,NULL,3,100,11,'2021-05-23 14:31:54','2021-05-23 14:32:33',NULL),(540,1,'66R',51.16147056,-0.18324306,NULL,NULL,3,100,11,'2021-05-23 14:31:54','2021-05-23 14:32:33',NULL),(541,1,'67',51.16088889,-0.18276667,NULL,NULL,3,100,NULL,'2021-05-23 14:31:54','2021-05-23 14:32:33',NULL),(542,1,'68',51.16071667,-0.18305278,NULL,NULL,3,100,9,'2021-05-23 14:31:54','2021-05-23 14:32:33',NULL),(543,1,'101',51.15647222,-0.17692222,NULL,NULL,3,100,11,'2021-05-23 14:31:54','2021-05-23 14:32:33',NULL),(544,1,'102',51.15656944,-0.17621667,NULL,NULL,5,100,NULL,'2021-05-23 14:31:54','2021-05-23 14:32:33',NULL),(545,1,'103',51.15613139,-0.17566389,NULL,NULL,3,100,NULL,'2021-05-23 14:31:54','2021-05-23 14:32:33',NULL),(546,1,'104',51.15605444,-0.17628444,NULL,NULL,3,100,11,'2021-05-23 14:31:54','2021-05-23 14:32:33',NULL),(547,1,'105',51.15597361,-0.17688972,NULL,NULL,3,100,11,'2021-05-23 14:31:54','2021-05-23 14:32:33',NULL),(548,1,'106',51.15587500,-0.17760167,NULL,NULL,3,100,11,'2021-05-23 14:31:54','2021-05-23 14:32:33',NULL),(549,1,'107',51.15576917,-0.17822917,NULL,NULL,3,100,11,'2021-05-23 14:31:54','2021-05-23 14:32:33',NULL),(550,1,'109',51.15567472,-0.17882417,NULL,NULL,3,100,11,'2021-05-23 14:31:54','2022-01-03 13:49:15','2022-01-03 13:49:15'),(551,1,'110',51.15536139,-0.17996944,NULL,NULL,6,100,NULL,'2021-05-23 14:31:54','2022-01-03 13:49:15','2022-01-03 13:49:15'),(552,1,'110L',51.15562194,-0.18007639,NULL,NULL,3,100,13,'2021-05-23 14:31:54','2022-01-03 13:49:15','2022-01-03 13:49:15'),(553,1,'110R',51.15525000,-0.18037861,NULL,NULL,3,100,11,'2021-05-23 14:31:54','2022-01-03 13:49:15','2022-01-03 13:49:15'),(554,1,'111',51.15601389,-0.17944444,NULL,NULL,5,100,NULL,'2021-05-23 14:31:54','2022-01-03 13:49:15','2022-01-03 13:49:15'),(555,1,'112',51.15621889,-0.17846417,NULL,NULL,3,100,11,'2021-05-23 14:31:54','2021-05-23 14:32:33',NULL),(556,1,'113',51.15634806,-0.17787083,NULL,NULL,3,100,11,'2021-05-23 14:31:54','2021-05-23 14:32:33',NULL),(557,1,'130',51.15456028,-0.17525500,NULL,NULL,5,50,NULL,'2021-05-23 14:31:54','2021-05-23 14:32:33',NULL),(558,1,'131',51.15443667,-0.17608222,NULL,NULL,5,50,NULL,'2021-05-23 14:31:54','2021-05-23 14:32:33',NULL),(559,1,'132',51.15432167,-0.17696028,NULL,NULL,5,50,NULL,'2021-05-23 14:31:54','2021-05-23 14:32:33',NULL),(560,1,'133',51.15419889,-0.17777056,NULL,NULL,5,50,NULL,'2021-05-23 14:31:54','2021-05-23 14:32:33',NULL),(561,1,'134',51.15408472,-0.17863194,NULL,NULL,5,50,NULL,'2021-05-23 14:31:54','2021-05-23 14:32:33',NULL),(562,1,'135',51.15397278,-0.17942667,NULL,NULL,5,50,NULL,'2021-05-23 14:31:54','2021-05-23 14:32:33',NULL),(563,1,'136',51.15388472,-0.18013944,NULL,NULL,4,50,2,'2021-05-23 14:31:54','2021-05-23 14:32:33',NULL),(564,1,'140',51.15383222,-0.17503917,NULL,NULL,5,50,3,'2021-05-23 14:31:54','2021-05-23 14:32:33',NULL),(565,1,'141',51.15371583,-0.17596750,NULL,NULL,5,50,3,'2021-05-23 14:31:54','2021-05-23 14:32:33',NULL),(566,1,'141L',51.15361556,-0.17618306,NULL,NULL,3,50,9,'2021-05-23 14:31:54','2021-05-23 14:32:33',NULL),(567,1,'141R',51.15363139,-0.17570028,NULL,NULL,3,50,11,'2021-05-23 14:31:54','2021-05-23 14:32:33',NULL),(568,1,'142',51.15357472,-0.17699417,NULL,NULL,5,50,3,'2021-05-23 14:31:54','2021-05-23 14:32:33',NULL),(569,1,'142R',51.15350472,-0.17666139,NULL,NULL,3,50,11,'2021-05-23 14:31:54','2021-05-23 14:32:33',NULL),(570,1,'143',51.15343444,-0.17800417,NULL,NULL,5,50,3,'2021-05-23 14:31:54','2021-05-23 14:32:33',NULL),(571,1,'143L',51.15333944,-0.17830389,NULL,NULL,3,50,9,'2021-05-23 14:31:54','2021-05-23 14:32:33',NULL),(572,1,'143R',51.15336778,-0.17772556,NULL,NULL,3,50,11,'2021-05-23 14:31:54','2021-05-23 14:32:33',NULL),(573,1,'144',51.15330250,-0.17906500,NULL,NULL,5,50,3,'2021-05-23 14:31:54','2021-05-23 14:32:33',NULL),(574,1,'144L',51.15322056,-0.17929917,NULL,NULL,3,50,9,'2021-05-23 14:31:54','2021-05-23 14:32:33',NULL),(575,1,'145',51.15316278,-0.18005833,NULL,NULL,5,50,3,'2021-05-23 14:31:54','2021-05-23 14:32:33',NULL),(576,1,'145L',51.15309417,-0.18026667,NULL,NULL,3,100,NULL,'2021-05-23 14:31:54','2021-05-23 14:32:33',NULL),(577,1,'145R',51.15311389,-0.17976250,NULL,NULL,3,100,NULL,'2021-05-23 14:31:54','2021-05-23 14:32:33',NULL),(578,1,'150',51.15539694,-0.18464917,NULL,3,5,101,NULL,'2021-05-23 14:31:54','2022-01-03 13:49:12',NULL),(579,1,'150L',51.15559861,-0.18445778,NULL,3,3,101,11,'2021-05-23 14:31:54','2022-01-03 13:49:12',NULL),(580,1,'150R',51.15552472,-0.18503056,NULL,3,3,101,11,'2021-05-23 14:31:54','2022-01-03 13:49:12',NULL),(581,1,'151',51.15526528,-0.18571028,NULL,3,5,101,NULL,'2021-05-23 14:31:54','2022-01-03 13:49:12',NULL),(582,1,'152',51.15509000,-0.18681750,NULL,3,5,101,NULL,'2021-05-23 14:31:54','2022-01-03 13:49:12',NULL),(583,1,'152L',51.15532333,-0.18655750,NULL,3,3,101,11,'2021-05-23 14:31:54','2022-01-03 13:49:12',NULL),(584,1,'152R',51.15524056,-0.18719361,NULL,3,3,101,11,'2021-05-23 14:31:54','2022-01-03 13:49:12',NULL),(585,1,'153',51.15693611,-0.18385556,NULL,3,3,99,13,'2021-05-23 14:31:54','2022-01-03 13:49:12',NULL),(586,1,'154',51.15686389,-0.18458333,NULL,3,3,99,32,'2021-05-23 14:31:54','2022-01-03 13:49:12',NULL),(587,1,'158',51.15640278,-0.18812778,NULL,3,3,99,13,'2021-05-23 14:31:54','2022-01-03 13:49:12',NULL),(588,1,'159',51.15624444,-0.18891667,NULL,3,3,99,11,'2021-05-23 14:31:54','2022-01-03 13:49:12',NULL),(589,1,'160',51.15474528,-0.18465806,NULL,NULL,5,100,NULL,'2021-05-23 14:31:54','2021-05-23 14:32:33',NULL),(590,1,'160L',51.15454000,-0.18445306,NULL,NULL,3,100,29,'2021-05-23 14:31:54','2021-05-23 14:32:33',NULL),(591,1,'160R',51.15498444,-0.18462139,NULL,NULL,3,100,11,'2021-05-23 14:31:54','2021-05-23 14:32:33',NULL),(592,1,'161',51.15381861,-0.18387694,NULL,NULL,3,100,13,'2021-05-23 14:31:54','2021-05-23 14:32:33',NULL),(593,1,'170',51.15198972,-0.18865306,NULL,NULL,5,100,NULL,'2021-05-23 14:31:54','2021-05-23 14:32:33',NULL),(594,1,'171',51.15243306,-0.18559167,NULL,NULL,5,100,NULL,'2021-05-23 14:31:54','2021-05-23 14:32:33',NULL),(595,1,'171L',51.15255194,-0.18592833,NULL,NULL,3,100,11,'2021-05-23 14:31:54','2021-05-23 14:32:33',NULL),(596,1,'171R',51.15223833,-0.18576722,NULL,NULL,3,100,9,'2021-05-23 14:31:54','2021-05-23 14:32:33',NULL),(597,1,'172',51.15266111,-0.18898111,NULL,NULL,5,100,NULL,'2021-05-23 14:31:54','2021-05-23 14:32:33',NULL),(598,1,'172L',51.15291972,-0.18872500,NULL,NULL,3,100,11,'2021-05-23 14:31:54','2021-05-23 14:32:33',NULL),(599,1,'173',51.15309694,-0.18583528,NULL,NULL,5,100,NULL,'2021-05-23 14:31:54','2021-05-23 14:32:33',NULL),(600,1,'174',51.15332583,-0.18919111,NULL,NULL,5,100,NULL,'2021-05-23 14:31:54','2021-05-23 14:32:33',NULL),(601,1,'175',51.15376194,-0.18604528,NULL,NULL,5,100,NULL,'2021-05-23 14:31:54','2021-05-23 14:32:33',NULL),(602,1,'175L',51.15385194,-0.18632444,NULL,NULL,3,100,11,'2021-05-23 14:31:54','2021-05-23 14:32:33',NULL),(603,1,'175R',51.15358694,-0.18623083,NULL,NULL,3,100,9,'2021-05-23 14:31:54','2021-05-23 14:32:33',NULL),(604,1,'176',51.15400250,-0.18936889,NULL,NULL,5,100,NULL,'2021-05-23 14:31:54','2021-05-23 14:32:33',NULL),(605,1,'176L',51.15390306,-0.18908278,NULL,NULL,3,100,11,'2021-05-23 14:31:54','2021-05-23 14:32:33',NULL),(606,1,'177R',51.15420806,-0.18913500,NULL,NULL,3,100,NULL,'2021-05-23 14:31:54','2021-05-23 14:32:33',NULL),(607,1,'177',51.15442694,-0.18625556,NULL,NULL,5,100,NULL,'2021-05-23 14:31:54','2021-05-23 14:32:33',NULL),(608,1,'178',51.15478917,-0.18940556,NULL,NULL,3,100,13,'2021-05-23 14:31:54','2021-05-23 14:32:33',NULL),(609,1,'180',51.15534472,-0.18943833,NULL,NULL,3,100,11,'2021-05-23 14:31:54','2021-05-23 14:32:33',NULL),(610,1,'230',51.15131806,-0.19432556,NULL,3,6,100,NULL,'2021-05-23 14:31:54','2022-01-03 13:49:12',NULL),(611,1,'230R',51.15111111,-0.19423389,NULL,3,3,100,11,'2021-05-23 14:31:54','2022-01-03 13:49:12',NULL),(612,1,'230L',51.15145556,-0.19457556,NULL,3,3,100,13,'2021-05-23 14:31:54','2022-01-03 13:49:12',NULL),(613,1,'231',51.15211750,-0.19459806,NULL,3,6,100,NULL,'2021-05-23 14:31:54','2022-01-03 13:49:12',NULL),(614,1,'231R',51.15188778,-0.19451750,NULL,3,3,100,11,'2021-05-23 14:31:54','2022-01-03 13:49:12',NULL),(615,1,'231L',51.15227889,-0.19487417,NULL,3,3,100,13,'2021-05-23 14:31:54','2022-01-03 13:49:12',NULL),(616,1,'232',51.15288556,-0.19486750,NULL,3,6,100,NULL,'2021-05-23 14:31:54','2022-01-03 13:49:12',NULL),(617,1,'232R',51.15267972,-0.19474917,NULL,3,3,100,11,'2021-05-23 14:31:54','2022-01-03 13:49:12',NULL),(618,1,'232L',51.15306917,-0.19514861,NULL,3,3,100,13,'2021-05-23 14:31:54','2022-01-03 13:49:12',NULL),(619,1,'233',51.15367444,-0.19513917,NULL,3,6,100,NULL,'2021-05-23 14:31:54','2022-01-03 13:49:12',NULL),(620,1,'233R',51.15343611,-0.19500306,NULL,3,3,100,11,'2021-05-23 14:31:54','2022-01-03 13:49:12',NULL),(621,1,'233L',51.15385944,-0.19543361,NULL,3,3,100,13,'2021-05-23 14:31:54','2022-01-03 13:49:12',NULL),(622,1,'234',51.15443222,-0.19539111,NULL,3,6,100,NULL,'2021-05-23 14:31:54','2022-01-03 13:49:12',NULL),(623,1,'234R',51.15422250,-0.19527917,NULL,3,3,100,11,'2021-05-23 14:31:54','2022-01-03 13:49:12',NULL),(624,1,'234L',51.15465583,-0.19573000,NULL,3,3,100,13,'2021-05-23 14:31:54','2022-01-03 13:49:12',NULL),(625,1,'235',51.15521083,-0.19566167,NULL,3,6,100,NULL,'2021-05-23 14:31:54','2022-01-03 13:49:12',NULL),(626,1,'235R',51.15499333,-0.19553667,NULL,3,3,100,11,'2021-05-23 14:31:54','2022-01-03 13:49:12',NULL),(627,1,'235L',51.15541306,-0.19599056,NULL,3,3,100,13,'2021-05-23 14:31:54','2022-01-03 13:49:12',NULL),(628,1,'551',51.15765556,-0.17819722,NULL,NULL,3,100,11,'2021-05-23 14:31:54','2021-05-23 14:32:33',NULL),(629,1,'552',51.15758611,-0.17878611,NULL,NULL,3,100,11,'2021-05-23 14:31:54','2021-05-23 14:32:33',NULL),(630,1,'553',51.15744722,-0.17948611,NULL,NULL,3,100,11,'2021-05-23 14:31:54','2021-05-23 14:32:33',NULL),(631,1,'554',51.15808333,-0.17972778,NULL,NULL,3,100,11,'2021-05-23 14:31:54','2021-05-23 14:32:33',NULL),(632,1,'555',51.15862583,-0.17906722,NULL,NULL,3,100,11,'2021-05-23 14:31:54','2021-05-23 14:32:33',NULL),(633,1,'557',51.15902667,-0.17952833,NULL,NULL,3,100,11,'2021-05-23 14:31:54','2021-05-23 14:32:33',NULL),(634,1,'558',51.15936083,-0.17903083,NULL,NULL,3,100,11,'2021-05-23 14:31:54','2021-05-23 14:32:33',NULL),(635,1,'559',51.15940361,-0.17977972,NULL,NULL,3,100,11,'2021-05-23 14:31:54','2021-05-23 14:32:33',NULL),(636,1,'560',51.15977306,-0.17962500,NULL,NULL,3,100,11,'2021-05-23 14:31:54','2021-05-23 14:32:33',NULL),(637,1,'561',51.15998500,-0.17928361,NULL,NULL,5,100,NULL,'2021-05-23 14:31:54','2021-05-23 14:32:33',NULL),(638,1,'562',51.16025056,-0.17979139,NULL,NULL,3,100,11,'2021-05-23 14:31:54','2021-05-23 14:32:33',NULL),(639,1,'563',51.16058778,-0.17951528,NULL,NULL,5,100,NULL,'2021-05-23 14:31:54','2021-05-23 14:32:33',NULL),(640,1,'564',51.16071833,-0.17999806,NULL,NULL,3,100,11,'2021-05-23 14:31:54','2021-05-23 14:32:33',NULL),(641,1,'565',51.16109361,-0.18011444,NULL,NULL,3,25,11,'2021-05-23 14:31:54','2021-05-23 14:32:33',NULL),(642,1,'566',51.16128861,-0.17979278,NULL,NULL,5,25,NULL,'2021-05-23 14:31:54','2021-05-23 14:32:33',NULL),(643,1,'567',51.16157444,-0.18026361,NULL,NULL,3,25,11,'2021-05-23 14:31:54','2021-05-23 14:32:33',NULL),(644,1,'568',51.16191972,-0.18004750,NULL,NULL,5,25,NULL,'2021-05-23 14:31:54','2021-05-23 14:32:33',NULL),(645,1,'569',51.16198778,-0.18054222,NULL,NULL,3,25,11,'2021-05-23 14:31:54','2021-05-23 14:32:33',NULL),(646,1,'570',51.16236056,-0.18058972,NULL,NULL,3,25,11,'2021-05-23 14:31:54','2021-05-23 14:32:33',NULL),(647,1,'571',51.16254639,-0.18028778,NULL,NULL,5,25,NULL,'2021-05-23 14:31:54','2021-05-23 14:32:33',NULL),(648,1,'572',51.16282306,-0.18086111,NULL,NULL,3,25,11,'2021-05-23 14:31:54','2021-05-23 14:32:33',NULL),(649,1,'573',51.16315528,-0.18057361,NULL,NULL,5,25,NULL,'2021-05-23 14:31:54','2021-05-23 14:32:33',NULL),(650,1,'574',51.16327472,-0.18103611,NULL,NULL,3,25,NULL,'2021-05-23 14:31:54','2021-05-23 14:32:33',NULL),(651,3,'24',51.50416111,0.05253139,NULL,NULL,3,100,8,'2021-05-23 14:31:54','2021-05-23 14:32:33',NULL),(652,3,'23',51.50417083,0.05195917,NULL,NULL,3,100,8,'2021-05-23 14:31:54','2021-05-23 14:32:33',NULL),(653,3,'22',51.50419139,0.05127194,NULL,NULL,3,100,8,'2021-05-23 14:31:54','2021-05-23 14:32:33',NULL),(654,3,'21',51.50421139,0.05070111,NULL,NULL,3,100,8,'2021-05-23 14:31:54','2021-05-23 14:32:33',NULL),(655,3,'1',51.50436694,0.04997417,NULL,NULL,3,100,67,'2021-05-23 14:31:54','2021-05-23 14:32:33',NULL),(656,3,'2',51.50438583,0.04944861,NULL,NULL,3,100,67,'2021-05-23 14:31:54','2021-05-23 14:32:33',NULL),(657,3,'3',51.50440389,0.04890306,NULL,NULL,3,100,67,'2021-05-23 14:31:54','2021-05-23 14:32:33',NULL),(658,3,'4',51.50442750,0.04831333,NULL,NULL,3,100,67,'2021-05-23 14:31:54','2021-05-23 14:32:33',NULL),(659,3,'5',51.50444278,0.04776528,NULL,NULL,3,100,67,'2021-05-23 14:31:54','2021-05-23 14:32:33',NULL),(660,3,'6',51.50445944,0.04719556,NULL,NULL,3,100,67,'2021-05-23 14:31:54','2021-05-23 14:32:33',NULL),(661,3,'7',51.50447583,0.04663222,NULL,NULL,3,100,34,'2021-05-23 14:31:54','2021-05-23 14:32:33',NULL),(662,3,'8',51.50448972,0.04606806,NULL,NULL,3,100,34,'2021-05-23 14:31:54','2021-05-23 14:32:33',NULL),(663,3,'9',51.50451139,0.04551667,NULL,NULL,3,100,34,'2021-05-23 14:31:54','2021-05-23 14:32:33',NULL),(664,3,'10',51.50454167,0.04493389,NULL,NULL,3,25,34,'2021-05-23 14:31:54','2021-05-23 14:32:33',NULL),(665,3,'11',51.50462056,0.04444194,NULL,NULL,1,100,NULL,'2021-05-23 14:31:54','2021-05-23 14:32:33',NULL),(666,3,'12',51.50463833,0.04361556,NULL,NULL,3,25,67,'2021-05-23 14:31:54','2021-05-23 14:32:33',NULL),(667,3,'13',51.50467639,0.04304333,NULL,NULL,3,25,67,'2021-05-23 14:31:54','2021-05-23 14:32:33',NULL),(668,3,'14',51.50468833,0.04249972,NULL,NULL,3,25,67,'2021-05-23 14:31:54','2021-05-23 14:32:33',NULL),(669,3,'15',51.50502778,0.04043056,NULL,NULL,3,100,NULL,'2021-05-23 14:31:54','2021-05-23 14:32:33',NULL),(709,2,'216',51.47025222,-0.44703222,8,NULL,3,100,NULL,'2021-05-23 14:31:55','2021-05-23 14:32:33',NULL),(710,2,'217',51.46987528,-0.44698806,8,NULL,3,100,NULL,'2021-05-23 14:31:55','2021-05-23 14:32:33',NULL),(711,2,'218',51.46934750,-0.44696194,8,NULL,5,100,NULL,'2021-05-23 14:31:55','2021-05-23 14:32:33',NULL),(712,2,'218L',51.46909528,-0.44700139,8,NULL,3,100,NULL,'2021-05-23 14:31:55','2021-05-23 14:32:33',NULL),(713,2,'218R',51.46952639,-0.44732083,8,NULL,3,100,NULL,'2021-05-23 14:31:55','2021-05-23 14:32:33',NULL),(714,2,'219',51.46845778,-0.44694389,8,NULL,3,100,NULL,'2021-05-23 14:31:55','2021-05-23 14:32:33',NULL),(715,2,'220',51.46809556,-0.44695778,8,NULL,3,100,NULL,'2021-05-23 14:31:55','2021-05-23 14:32:33',NULL),(716,2,'221',51.46829250,-0.44875306,8,NULL,6,100,NULL,'2021-05-23 14:31:55','2021-05-23 14:32:33',NULL),(717,2,'221L',51.46829694,-0.44926444,8,NULL,3,100,NULL,'2021-05-23 14:31:55','2021-05-23 14:32:33',NULL),(718,2,'221R',51.46852556,-0.44845083,8,NULL,3,100,NULL,'2021-05-23 14:31:55','2021-05-23 14:32:33',NULL),(719,2,'223',51.46826333,-0.44977111,8,NULL,3,100,NULL,'2021-05-23 14:31:55','2021-05-23 14:32:33',NULL),(720,2,'224',51.46823972,-0.45044611,8,NULL,3,100,NULL,'2021-05-23 14:31:55','2021-05-23 14:32:33',NULL),(721,2,'225',51.46823444,-0.45115389,8,NULL,3,100,NULL,'2021-05-23 14:31:55','2021-05-23 14:32:33',NULL),(722,2,'226',51.46822417,-0.45181972,8,NULL,3,100,NULL,'2021-05-23 14:31:55','2021-05-23 14:32:33',NULL),(723,2,'231',51.47415250,-0.44396361,9,NULL,5,100,NULL,'2021-05-23 14:31:55','2021-05-23 14:32:33',NULL),(724,2,'232',51.47342028,-0.44397167,9,NULL,5,100,NULL,'2021-05-23 14:31:55','2021-05-23 14:32:33',NULL),(725,2,'233',51.47268778,-0.44398917,9,NULL,5,100,NULL,'2021-05-23 14:31:55','2021-05-23 14:32:33',NULL),(726,2,'233L',51.47288278,-0.44407083,9,NULL,3,100,NULL,'2021-05-23 14:31:55','2021-05-23 14:32:33',NULL),(727,2,'233R',51.47247111,-0.44376806,9,NULL,3,100,NULL,'2021-05-23 14:31:55','2021-05-23 14:32:33',NULL),(728,2,'237',51.47008722,-0.44417889,9,NULL,5,100,NULL,'2021-05-23 14:31:55','2022-07-30 16:23:31',NULL),(729,2,'237L',51.47028111,-0.44420056,9,NULL,3,100,NULL,'2021-05-23 14:31:55','2022-07-30 16:23:31',NULL),(730,2,'237R',51.46988056,-0.44397944,9,NULL,3,100,NULL,'2021-05-23 14:31:55','2022-07-30 16:23:31',NULL),(731,2,'238',51.46929417,-0.44415139,9,NULL,6,100,NULL,'2021-05-23 14:31:55','2021-05-23 14:32:33',NULL),(732,2,'239',51.46854389,-0.44415139,9,NULL,5,100,NULL,'2021-05-23 14:31:55','2021-05-23 14:32:33',NULL),(733,2,'241',51.46850944,-0.44188167,9,NULL,5,100,NULL,'2021-05-23 14:31:55','2021-05-23 14:32:33',NULL),(734,2,'242',51.46933583,-0.44188833,9,NULL,6,100,NULL,'2021-05-23 14:31:55','2021-05-23 14:32:33',NULL),(735,2,'243',51.47006194,-0.44189833,9,NULL,6,100,NULL,'2021-05-23 14:31:55','2021-05-23 14:32:33',NULL),(736,2,'243R',51.47026556,-0.44223500,9,NULL,3,100,NULL,'2021-05-23 14:31:55','2021-05-23 14:32:33',NULL),(737,2,'244L',51.46983444,-0.44194028,9,NULL,3,100,NULL,'2021-05-23 14:31:55','2021-05-23 14:32:33',NULL),(738,2,'244',51.47087750,-0.44190583,9,NULL,5,100,NULL,'2021-05-23 14:31:55','2021-05-23 14:32:33',NULL),(739,2,'246',51.47179694,-0.44190028,9,NULL,5,100,NULL,'2021-05-23 14:31:55','2021-05-23 14:32:33',NULL),(740,2,'246R',51.47198250,-0.44224167,9,NULL,3,100,NULL,'2021-05-23 14:31:55','2021-05-23 14:32:33',NULL),(741,2,'246L',51.47152833,-0.44201389,9,NULL,3,100,NULL,'2021-05-23 14:31:55','2021-05-23 14:32:33',NULL),(742,2,'247',51.47266778,-0.44188806,9,NULL,6,100,NULL,'2021-05-23 14:31:55','2021-05-23 14:32:33',NULL),(743,2,'247R',51.47283694,-0.44218611,9,NULL,3,100,NULL,'2021-05-23 14:31:55','2021-05-23 14:32:33',NULL),(744,2,'247L',51.47237500,-0.44198944,9,NULL,3,100,NULL,'2021-05-23 14:31:55','2021-05-23 14:32:33',NULL),(745,2,'248',51.47342639,-0.44193806,9,NULL,5,100,NULL,'2021-05-23 14:31:55','2021-05-23 14:32:33',NULL),(746,2,'249',51.47416528,-0.44192333,9,NULL,5,100,NULL,'2021-05-23 14:31:55','2021-05-23 14:32:33',NULL),(747,2,'251',51.46875361,-0.43917750,NULL,NULL,5,100,NULL,'2021-05-23 14:31:55','2021-05-23 14:32:33',NULL),(748,2,'252',51.46935972,-0.43916167,NULL,NULL,5,100,NULL,'2021-05-23 14:31:55','2021-05-23 14:32:33',NULL),(749,2,'253',51.47007778,-0.43916306,NULL,NULL,5,100,NULL,'2021-05-23 14:31:55','2021-05-23 14:32:33',NULL),(750,2,'253L',51.47028111,-0.43918861,NULL,NULL,3,100,NULL,'2021-05-23 14:31:55','2021-05-23 14:32:33',NULL),(751,2,'253R',51.46991139,-0.43899194,NULL,NULL,3,100,NULL,'2021-05-23 14:31:55','2021-05-23 14:32:33',NULL),(752,2,'254',51.47086028,-0.43918083,NULL,NULL,5,100,NULL,'2021-05-23 14:31:55','2021-05-23 14:32:33',NULL),(753,2,'254L',51.47109722,-0.43916417,NULL,NULL,3,100,NULL,'2021-05-23 14:31:55','2021-05-23 14:32:33',NULL),(754,2,'254R',51.47066972,-0.43899778,NULL,NULL,3,100,NULL,'2021-05-23 14:31:55','2021-05-23 14:32:33',NULL),(755,2,'255',51.47173611,-0.43915472,NULL,NULL,5,100,NULL,'2021-05-23 14:31:55','2021-05-23 14:32:33',NULL),(756,2,'255L',51.47195944,-0.43918861,NULL,NULL,3,100,NULL,'2021-05-23 14:31:55','2021-05-23 14:32:33',NULL),(757,2,'255R',51.47154361,-0.43901667,NULL,NULL,3,100,NULL,'2021-05-23 14:31:55','2021-05-23 14:32:33',NULL),(758,2,'256',51.47259028,-0.43917889,NULL,NULL,5,100,NULL,'2021-05-23 14:31:55','2021-05-23 14:32:33',NULL),(759,2,'257',51.47327556,-0.43918806,NULL,NULL,5,100,NULL,'2021-05-23 14:31:55','2021-05-23 14:32:33',NULL),(760,2,'258',51.47409222,-0.43916722,NULL,NULL,5,100,NULL,'2021-05-23 14:31:55','2021-05-23 14:32:33',NULL),(761,2,'258L',51.47433056,-0.43906583,NULL,NULL,3,100,NULL,'2021-05-23 14:31:55','2021-05-23 14:32:33',NULL),(762,2,'258R',51.47388417,-0.43904111,NULL,NULL,3,100,NULL,'2021-05-23 14:31:55','2021-05-23 14:32:33',NULL),(763,2,'301',51.46827111,-0.45439444,10,NULL,6,100,NULL,'2021-05-23 14:31:55','2021-05-23 14:32:33',NULL),(764,2,'303',51.46827111,-0.45570000,10,NULL,5,100,NULL,'2021-05-23 14:31:55','2021-05-23 14:32:33',NULL),(765,2,'305',51.46827111,-0.45700861,10,NULL,6,100,NULL,'2021-05-23 14:31:55','2021-05-23 14:32:33',NULL),(766,2,'307',51.46827111,-0.45829167,10,NULL,6,100,NULL,'2021-05-23 14:31:55','2021-05-23 14:32:33',NULL),(767,2,'309',51.46891056,-0.45952500,10,NULL,3,100,NULL,'2021-05-23 14:31:55','2021-05-23 14:32:33',NULL),(768,2,'311',51.46924972,-0.45989861,10,NULL,3,100,NULL,'2021-05-23 14:31:55','2021-05-23 14:32:33',NULL),(769,2,'313',51.46844917,-0.46140389,10,NULL,5,100,NULL,'2021-05-23 14:31:55','2021-05-23 14:32:33',NULL),(770,2,'316',51.46834528,-0.46359861,10,NULL,5,100,NULL,'2021-05-23 14:31:55','2021-05-23 14:32:33',NULL),(771,2,'317',51.46885806,-0.46421222,10,NULL,5,100,NULL,'2021-05-23 14:31:55','2021-05-23 14:32:33',NULL),(772,2,'318',51.46986778,-0.46290389,10,NULL,5,100,NULL,'2021-05-23 14:31:55','2021-05-23 14:32:33',NULL),(773,2,'319',51.46943528,-0.46487722,10,NULL,5,100,NULL,'2021-05-23 14:31:55','2021-05-23 14:32:33',NULL),(774,2,'320',51.47046639,-0.46356722,10,NULL,5,100,NULL,'2021-05-23 14:31:55','2021-05-23 14:32:33',NULL),(775,2,'321',51.47001222,-0.46554222,10,NULL,5,100,NULL,'2021-05-23 14:31:55','2021-05-23 14:32:33',NULL),(776,2,'322',51.47104861,-0.46415111,10,NULL,5,100,NULL,'2021-05-23 14:31:55','2021-05-23 14:32:33',NULL),(777,2,'323',51.47052861,-0.46091917,10,NULL,5,100,NULL,'2021-05-23 14:31:55','2021-05-23 14:32:33',NULL),(778,2,'325',51.47106611,-0.46150111,10,NULL,5,100,NULL,'2021-05-23 14:31:55','2021-05-23 14:32:33',NULL),(779,2,'326',51.47305778,-0.46124556,10,NULL,5,100,NULL,'2021-05-23 14:31:55','2021-05-23 14:32:33',NULL),(780,2,'327',51.47153889,-0.46210278,10,NULL,5,100,NULL,'2021-05-23 14:31:55','2021-05-23 14:32:33',NULL),(781,2,'328',51.47347472,-0.46185944,10,NULL,5,100,NULL,'2021-05-23 14:31:55','2021-05-23 14:32:33',NULL),(782,2,'329',51.47209222,-0.46268611,10,NULL,5,100,NULL,'2021-05-23 14:31:55','2021-05-23 14:32:33',NULL),(783,2,'330',51.47398750,-0.46247306,10,NULL,5,100,NULL,'2021-05-23 14:31:55','2021-05-23 14:32:33',NULL),(784,2,'331',51.47260250,-0.46313833,10,NULL,5,100,NULL,'2021-05-23 14:31:55','2021-05-23 14:32:33',NULL),(785,2,'332',51.47438333,-0.46266667,10,NULL,5,100,NULL,'2021-05-23 14:31:55','2021-05-23 14:32:33',NULL),(786,2,'334',51.47438333,-0.46398333,10,NULL,5,100,NULL,'2021-05-23 14:31:55','2021-05-23 14:32:33',NULL),(787,2,'335',51.47302056,-0.46420972,10,NULL,5,100,NULL,'2021-05-23 14:31:55','2021-05-23 14:32:33',NULL),(788,2,'336',51.47438333,-0.46510556,10,NULL,5,100,NULL,'2021-05-23 14:31:55','2021-05-23 14:32:33',NULL),(789,2,'340',51.47402500,-0.46622194,10,NULL,6,100,NULL,'2021-05-23 14:31:55','2021-05-23 14:32:33',NULL),(790,2,'340L',51.47446528,-0.46631139,10,NULL,3,100,NULL,'2021-05-23 14:31:55','2021-05-23 14:32:33',NULL),(791,2,'340R',51.47363472,-0.46607306,10,NULL,3,100,NULL,'2021-05-23 14:31:55','2021-05-23 14:32:33',NULL),(792,2,'342',51.47305778,-0.46625833,10,NULL,6,100,NULL,'2021-05-23 14:31:55','2021-05-23 14:32:33',NULL),(793,2,'351',51.47351667,-0.45974722,10,NULL,3,100,NULL,'2021-05-23 14:31:55','2021-05-23 14:32:33',NULL),(794,2,'353',51.47399444,-0.45971667,10,NULL,5,100,NULL,'2021-05-23 14:31:55','2021-05-23 14:32:33',NULL),(795,2,'355',51.47428056,-0.46061667,10,NULL,5,100,NULL,'2021-05-23 14:31:55','2021-05-23 14:32:33',NULL),(796,2,'357',51.47438333,-0.45870250,10,NULL,5,100,NULL,'2021-05-23 14:31:55','2021-05-23 14:32:33',NULL),(797,2,'357L',51.47461306,-0.45837556,10,NULL,4,100,NULL,'2021-05-23 14:31:55','2021-05-23 14:32:33',NULL),(798,2,'357R',51.47456444,-0.45916889,10,NULL,4,100,NULL,'2021-05-23 14:31:55','2021-05-23 14:32:33',NULL),(799,2,'363',51.47055722,-0.46605389,10,NULL,5,100,NULL,'2021-05-23 14:31:55','2021-05-23 14:32:33',NULL),(800,2,'364',51.47161389,-0.46476139,10,NULL,5,100,NULL,'2021-05-23 14:31:55','2021-05-23 14:32:33',NULL),(801,2,'365',51.47123250,-0.46611000,10,NULL,5,100,NULL,'2021-05-23 14:31:55','2021-05-23 14:32:33',NULL),(802,2,'401',51.45807583,-0.44857167,11,NULL,5,100,NULL,'2021-05-23 14:31:55','2021-05-23 14:32:33',NULL),(803,2,'402',51.45773833,-0.44946917,11,NULL,5,100,NULL,'2021-05-23 14:31:55','2021-05-23 14:32:33',NULL),(804,2,'403',51.45747556,-0.45027583,11,NULL,5,100,NULL,'2021-05-23 14:31:55','2021-05-23 14:32:33',NULL),(805,2,'405',51.45866806,-0.45117972,11,NULL,6,100,NULL,'2021-05-23 14:31:55','2021-05-23 14:32:33',NULL),(806,2,'406',51.45922500,-0.45041556,11,NULL,6,100,NULL,'2021-05-23 14:31:55','2021-05-23 14:32:33',NULL),(807,2,'407',51.45972806,-0.44974444,11,NULL,5,100,NULL,'2021-05-23 14:31:55','2021-05-23 14:32:33',NULL),(808,2,'408',51.46025528,-0.44896139,11,NULL,5,100,NULL,'2021-05-23 14:31:55','2021-05-23 14:32:33',NULL),(809,2,'409',51.46081944,-0.44823222,11,NULL,5,100,NULL,'2021-05-23 14:31:55','2021-05-23 14:32:33',NULL),(810,2,'410',51.46130389,-0.44744222,11,NULL,6,100,NULL,'2021-05-23 14:31:55','2021-05-23 14:32:33',NULL),(811,2,'410L',51.46139806,-0.44706750,11,NULL,3,100,NULL,'2021-05-23 14:31:55','2021-05-23 14:32:33',NULL),(812,2,'410R',51.46111167,-0.44765139,11,NULL,3,100,NULL,'2021-05-23 14:31:55','2021-05-23 14:32:33',NULL),(813,2,'411',51.46182778,-0.44669472,11,NULL,6,100,NULL,'2021-05-23 14:31:55','2021-05-23 14:32:33',NULL),(814,2,'412',51.46235000,-0.44599917,11,NULL,5,100,NULL,'2021-05-23 14:31:55','2021-05-23 14:32:33',NULL),(815,2,'414',51.46251611,-0.44359222,11,NULL,3,100,NULL,'2021-05-23 14:31:55','2021-05-23 14:32:33',NULL),(816,2,'415',51.46194722,-0.44349167,11,NULL,3,100,NULL,'2021-05-23 14:31:55','2021-05-23 14:32:33',NULL),(817,2,'416',51.46196389,-0.44413083,11,NULL,3,100,NULL,'2021-05-23 14:31:55','2021-05-23 14:32:33',NULL),(818,2,'417',51.46160556,-0.44372778,11,NULL,3,100,NULL,'2021-05-23 14:31:55','2021-05-23 14:32:33',NULL),(819,2,'419',51.46131917,-0.44444889,11,NULL,3,100,NULL,'2021-05-23 14:31:55','2021-05-23 14:32:33',NULL),(820,2,'420',51.46101167,-0.44460389,11,NULL,3,100,NULL,'2021-05-23 14:31:55','2021-05-23 14:32:33',NULL),(821,2,'421',51.46054361,-0.44492667,11,NULL,3,100,NULL,'2021-05-23 14:31:55','2021-05-23 14:32:33',NULL),(822,2,'422',51.46004194,-0.44294194,11,NULL,5,100,NULL,'2021-05-23 14:31:55','2021-05-23 14:32:33',NULL),(823,2,'423',51.46066111,-0.44250250,11,NULL,5,100,NULL,'2021-05-23 14:31:55','2021-05-23 14:32:33',NULL),(824,2,'424',51.46127028,-0.44211417,11,NULL,5,100,NULL,'2021-05-23 14:31:55','2021-05-23 14:32:33',NULL),(825,2,'425',51.46185556,-0.44171056,11,NULL,5,100,NULL,'2021-05-23 14:31:55','2021-05-23 14:32:33',NULL),(826,2,'429',51.46237139,-0.44096250,11,NULL,5,100,NULL,'2021-05-23 14:31:55','2021-05-23 14:32:33',NULL),(827,2,'430',51.46131417,-0.44016500,NULL,NULL,5,100,NULL,'2021-05-23 14:31:55','2021-05-23 14:32:33',NULL),(828,2,'431',51.46132972,-0.43902083,NULL,NULL,5,100,NULL,'2021-05-23 14:31:55','2021-05-23 14:32:33',NULL),(829,2,'432',51.46131833,-0.43795194,NULL,NULL,5,100,NULL,'2021-05-23 14:31:55','2021-05-23 14:32:33',NULL),(830,2,'440',51.46069972,-0.45170278,NULL,NULL,5,100,NULL,'2021-05-23 14:31:55','2021-05-23 14:32:33',NULL),(831,2,'441',51.46117389,-0.45098000,NULL,NULL,5,100,NULL,'2021-05-23 14:31:55','2021-05-23 14:32:33',NULL),(832,2,'449',51.45826222,-0.45461000,NULL,NULL,3,100,NULL,'2021-05-23 14:31:55','2021-05-23 14:32:33',NULL),(833,2,'450',51.45857917,-0.45458944,NULL,NULL,5,100,NULL,'2021-05-23 14:31:55','2022-01-03 13:49:12',NULL),(834,2,'451',51.45894611,-0.45458972,NULL,NULL,3,101,NULL,'2021-05-23 14:31:55','2022-01-03 13:49:12',NULL),(835,2,'452',51.45926306,-0.45456917,NULL,NULL,5,99,NULL,'2021-05-23 14:31:55','2022-01-03 13:49:12',NULL),(836,2,'453',51.45978389,-0.45455056,NULL,NULL,5,98,NULL,'2021-05-23 14:31:55','2022-01-03 13:49:12',NULL),(837,2,'454',51.46063583,-0.45469167,NULL,NULL,5,97,NULL,'2021-05-23 14:31:55','2022-01-03 13:49:12',NULL),(838,2,'455',51.46118472,-0.45532639,NULL,NULL,5,96,NULL,'2021-05-23 14:31:55','2022-01-03 13:49:12',NULL),(839,2,'456',51.46173667,-0.45588000,NULL,NULL,5,95,NULL,'2021-05-23 14:31:55','2022-01-03 13:49:12',NULL),(840,2,'457',51.46244333,-0.45637167,NULL,NULL,5,94,NULL,'2021-05-23 14:31:55','2022-01-03 13:49:12',NULL),(841,2,'457L',51.46229167,-0.45612194,NULL,NULL,3,94,NULL,'2021-05-23 14:31:55','2022-01-03 13:49:12',NULL),(842,2,'457R',51.46272694,-0.45657944,NULL,NULL,3,94,NULL,'2021-05-23 14:31:55','2022-01-03 13:49:12',NULL),(843,2,'461',51.45772667,-0.45246333,NULL,NULL,3,100,NULL,'2021-05-23 14:31:55','2021-05-23 14:32:33',NULL),(844,2,'601',51.46251722,-0.45856167,NULL,3,5,100,NULL,'2021-05-23 14:31:55','2021-05-23 14:32:33',NULL),(845,2,'602',51.46251722,-0.45960944,NULL,3,5,100,NULL,'2021-05-23 14:31:55','2021-05-23 14:32:33',NULL),(846,2,'603',51.46251722,-0.46068417,NULL,3,5,100,NULL,'2021-05-23 14:31:55','2021-05-23 14:32:33',NULL),(847,2,'604',51.46251722,-0.46173222,NULL,3,5,100,NULL,'2021-05-23 14:31:55','2021-05-23 14:32:33',NULL),(848,2,'605',51.46251722,-0.46283361,NULL,3,5,100,NULL,'2021-05-23 14:31:55','2021-05-23 14:32:33',NULL),(849,2,'606',51.46251722,-0.46388167,NULL,3,5,100,NULL,'2021-05-23 14:31:55','2021-05-23 14:32:33',NULL),(850,2,'607',51.46241611,-0.46503694,NULL,3,5,100,NULL,'2021-05-23 14:31:55','2021-05-23 14:32:33',NULL),(851,2,'608',51.46243306,-0.46608472,NULL,3,5,100,NULL,'2021-05-23 14:31:55','2021-05-23 14:32:33',NULL),(852,2,'609',51.46243306,-0.46715944,NULL,3,5,100,NULL,'2021-05-23 14:31:55','2021-05-23 14:32:33',NULL),(853,2,'611',51.46151083,-0.47169278,NULL,3,3,100,NULL,'2021-05-23 14:31:55','2021-05-23 14:32:33',NULL),(854,2,'612',51.46101750,-0.47167417,NULL,3,3,100,NULL,'2021-05-23 14:31:55','2021-05-23 14:32:33',NULL),(855,2,'613',51.46037833,-0.47171889,NULL,3,3,100,NULL,'2021-05-23 14:31:55','2021-05-23 14:32:33',NULL),(856,2,'614',51.46024611,-0.47365000,NULL,3,5,100,NULL,'2021-05-23 14:31:55','2021-05-23 14:32:33',NULL),(857,2,'615',51.46116250,-0.47373972,NULL,3,5,100,NULL,'2021-05-23 14:31:55','2021-05-23 14:32:33',NULL),(858,2,'616',51.46199194,-0.47365000,NULL,3,5,100,NULL,'2021-05-23 14:31:55','2021-05-23 14:32:33',NULL),(859,2,'501',51.47436111,-0.48953611,12,NULL,3,100,NULL,'2021-05-23 14:31:55','2021-05-23 14:32:33',NULL),(860,2,'502',51.47403333,-0.48891667,12,NULL,3,100,NULL,'2021-05-23 14:31:55','2021-05-23 14:32:33',NULL),(861,2,'503',51.47405056,-0.48821361,12,NULL,3,100,NULL,'2021-05-23 14:31:55','2021-05-23 14:32:33',NULL),(862,2,'505',51.47403333,-0.48758056,12,NULL,3,100,NULL,'2021-05-23 14:31:55','2021-05-23 14:32:33',NULL),(863,2,'506',51.47398889,-0.48601389,12,NULL,3,100,NULL,'2021-05-23 14:31:55','2021-05-23 14:32:33',NULL),(864,2,'507',51.47360278,-0.48601389,12,NULL,3,100,NULL,'2021-05-23 14:31:55','2021-05-23 14:32:33',NULL),(865,2,'508',51.47315556,-0.48601389,12,NULL,3,100,NULL,'2021-05-23 14:31:55','2021-05-23 14:32:33',NULL),(866,2,'509',51.47270833,-0.48601389,12,NULL,3,100,NULL,'2021-05-23 14:31:55','2021-05-23 14:32:33',NULL),(867,2,'511',51.47231944,-0.48601389,12,NULL,3,100,NULL,'2021-05-23 14:31:55','2021-05-23 14:32:33',NULL),(868,2,'512',51.47187222,-0.48601389,12,NULL,3,100,NULL,'2021-05-23 14:31:55','2021-05-23 14:32:33',NULL),(869,2,'513',51.47133611,-0.48601389,12,NULL,3,100,NULL,'2021-05-23 14:31:55','2021-05-23 14:32:33',NULL),(870,2,'514',51.47126667,-0.48601389,12,NULL,3,100,NULL,'2021-05-23 14:31:55','2021-05-23 14:32:33',NULL),(871,2,'515',51.47114444,-0.48601389,12,NULL,3,100,NULL,'2021-05-23 14:31:55','2021-05-23 14:32:33',NULL),(872,2,'516',51.47060000,-0.48601389,12,NULL,3,100,NULL,'2021-05-23 14:31:55','2021-05-23 14:32:33',NULL),(873,2,'517',51.47048056,-0.48601389,12,NULL,3,100,NULL,'2021-05-23 14:31:55','2021-05-23 14:32:33',NULL),(874,2,'518',51.46993056,-0.48601389,12,NULL,3,100,NULL,'2021-05-23 14:31:55','2021-05-23 14:32:33',NULL),(875,2,'519',51.46929528,-0.48581861,12,NULL,3,100,NULL,'2021-05-23 14:31:55','2021-05-23 14:32:33',NULL),(876,2,'520',51.46928056,-0.48648056,12,NULL,3,100,NULL,'2021-05-23 14:31:55','2021-05-23 14:32:33',NULL),(877,2,'521',51.46929667,-0.48723472,12,NULL,3,100,NULL,'2021-05-23 14:31:55','2021-05-23 14:32:33',NULL),(878,2,'522',51.46928056,-0.48787778,12,NULL,3,100,NULL,'2021-05-23 14:31:55','2021-05-23 14:32:33',NULL),(879,2,'523',51.46927833,-0.48863278,12,NULL,3,100,NULL,'2021-05-23 14:31:55','2021-05-23 14:32:33',NULL),(880,2,'524',51.46830556,-0.48871944,12,NULL,3,125,NULL,'2021-05-23 14:31:55','2021-05-23 14:32:33',NULL),(881,2,'525',51.46829194,-0.48817444,12,NULL,3,125,NULL,'2021-05-23 14:31:55','2021-05-23 14:32:33',NULL),(882,2,'526',51.46831111,-0.48681667,12,NULL,3,125,NULL,'2021-05-23 14:31:55','2021-05-23 14:32:33',NULL),(883,2,'527',51.46832194,-0.48623639,12,NULL,3,125,NULL,'2021-05-23 14:31:55','2021-05-23 14:32:33',NULL),(884,2,'531',51.47380278,-0.48215000,13,NULL,5,100,NULL,'2021-05-23 14:31:55','2021-05-23 14:32:33',NULL),(885,2,'532',51.47313889,-0.48214444,13,NULL,5,100,NULL,'2021-05-23 14:31:55','2021-05-23 14:32:33',NULL),(886,2,'533',51.47247222,-0.48213889,13,NULL,5,100,NULL,'2021-05-23 14:31:55','2021-05-23 14:32:33',NULL),(887,2,'534',51.47180833,-0.48213333,13,NULL,5,100,NULL,'2021-05-23 14:31:55','2021-05-23 14:32:33',NULL),(888,2,'535',51.47114167,-0.48212778,13,NULL,5,100,NULL,'2021-05-23 14:31:55','2021-05-23 14:32:33',NULL),(889,2,'536',51.47047778,-0.48211944,13,NULL,5,100,NULL,'2021-05-23 14:31:55','2021-05-23 14:32:33',NULL),(890,2,'537',51.46981111,-0.48211389,13,NULL,5,100,NULL,'2021-05-23 14:31:55','2021-05-23 14:32:33',NULL),(891,2,'538',51.46914722,-0.48210833,13,NULL,5,100,NULL,'2021-05-23 14:31:55','2021-05-23 14:32:33',NULL),(892,2,'539',51.46848333,-0.48210278,13,NULL,5,100,NULL,'2021-05-23 14:31:55','2021-05-23 14:32:33',NULL),(893,2,'541',51.46846667,-0.48012778,13,NULL,5,100,NULL,'2021-05-23 14:31:55','2021-05-23 14:32:33',NULL),(894,2,'542',51.46913333,-0.48013333,13,NULL,5,100,NULL,'2021-05-23 14:31:55','2021-05-23 14:32:33',NULL),(895,2,'543',51.46979722,-0.48013333,13,NULL,5,100,NULL,'2021-05-23 14:31:55','2021-05-23 14:32:33',NULL),(896,2,'544',51.47049444,-0.48013333,13,NULL,5,100,NULL,'2021-05-23 14:31:55','2021-05-23 14:32:33',NULL),(897,2,'544L',51.47027028,-0.48014500,13,NULL,3,100,NULL,'2021-05-23 14:31:55','2021-05-23 14:32:33',NULL),(898,2,'544R',51.47074000,-0.48012583,13,NULL,3,100,NULL,'2021-05-23 14:31:55','2021-05-23 14:32:33',NULL),(899,2,'545',51.47132889,-0.48013528,13,NULL,5,100,NULL,'2021-05-23 14:31:55','2021-05-23 14:32:33',NULL),(900,2,'545L',51.47106083,-0.48010694,13,NULL,3,100,NULL,'2021-05-23 14:31:55','2021-05-23 14:32:33',NULL),(901,2,'545R',51.47157639,-0.48012583,13,NULL,3,100,NULL,'2021-05-23 14:31:55','2021-05-23 14:32:33',NULL),(902,2,'546',51.47209861,-0.48015028,13,NULL,5,100,NULL,'2021-05-23 14:31:55','2021-05-23 14:32:33',NULL),(903,2,'546L',51.47189722,-0.48008778,13,NULL,3,100,NULL,'2021-05-23 14:31:55','2021-05-23 14:32:33',NULL),(904,2,'546R',51.47235556,-0.48014500,13,NULL,3,100,NULL,'2021-05-23 14:31:55','2021-05-23 14:32:33',NULL),(905,2,'547',51.47296944,-0.48015028,13,NULL,5,100,NULL,'2021-05-23 14:31:55','2021-05-23 14:32:33',NULL),(906,2,'547L',51.47273361,-0.48008778,13,NULL,3,100,NULL,'2021-05-23 14:31:55','2021-05-23 14:32:33',NULL),(907,2,'547R',51.47326056,-0.48012583,13,NULL,3,100,NULL,'2021-05-23 14:31:55','2021-05-23 14:32:33',NULL),(908,2,'548',51.47379417,-0.48016556,13,NULL,5,100,NULL,'2021-05-23 14:31:55','2021-05-23 14:32:33',NULL),(909,2,'548L',51.47353556,-0.48014500,13,NULL,3,100,NULL,'2021-05-23 14:31:55','2021-05-23 14:32:33',NULL),(910,2,'548R',51.47408528,-0.48018306,13,NULL,3,100,NULL,'2021-05-23 14:31:55','2021-05-23 14:32:33',NULL),(911,2,'551',51.46850000,-0.47709444,14,NULL,5,100,NULL,'2021-05-23 14:31:55','2021-05-23 14:32:33',NULL),(912,2,'552',51.46916667,-0.47710000,14,NULL,5,100,NULL,'2021-05-23 14:31:55','2021-05-23 14:32:33',NULL),(913,2,'553',51.46983056,-0.47710556,14,NULL,5,100,NULL,'2021-05-23 14:31:55','2021-05-23 14:32:33',NULL),(914,2,'554',51.47049444,-0.47711111,14,NULL,5,100,NULL,'2021-05-23 14:31:55','2021-05-23 14:32:33',NULL),(915,2,'555',51.47122778,-0.47711944,14,NULL,6,100,NULL,'2021-05-23 14:31:55','2021-05-23 14:32:33',NULL),(916,2,'556',51.47219722,-0.47712778,14,NULL,6,100,NULL,'2021-05-23 14:31:55','2021-05-23 14:32:33',NULL),(917,2,'557',51.47305556,-0.47709722,14,NULL,6,100,NULL,'2021-05-23 14:31:55','2021-05-23 14:32:33',NULL),(918,2,'558',51.47366667,-0.47711944,14,NULL,5,100,NULL,'2021-05-23 14:31:55','2021-05-23 14:32:33',NULL),(919,2,'561',51.47400000,-0.47493889,14,NULL,5,100,NULL,'2021-05-23 14:31:55','2021-05-23 14:32:33',NULL),(920,2,'562',51.47313333,-0.47493889,14,NULL,6,100,NULL,'2021-05-23 14:31:55','2021-05-23 14:32:33',NULL),(921,2,'563',51.47221167,-0.47496861,14,NULL,6,100,NULL,'2021-05-23 14:31:55','2021-05-23 14:32:33',NULL),(922,2,'564',51.47129028,-0.47496861,14,NULL,6,100,NULL,'2021-05-23 14:31:55','2021-05-23 14:32:33',NULL),(923,2,'565',51.47036889,-0.47496861,14,NULL,6,100,NULL,'2021-05-23 14:31:55','2021-05-23 14:32:33',NULL),(924,2,'566',51.46973611,-0.47493889,14,NULL,5,100,NULL,'2021-05-23 14:31:55','2021-05-23 14:32:33',NULL),(925,2,'567',51.46915000,-0.47493889,14,NULL,5,100,NULL,'2021-05-23 14:31:55','2021-05-23 14:32:33',NULL),(926,2,'568',51.46848611,-0.47493889,14,NULL,5,100,NULL,'2021-05-23 14:31:55','2021-05-23 14:32:33',NULL),(927,2,'572',51.47283500,-0.47222861,NULL,NULL,5,100,NULL,'2021-05-23 14:31:55','2021-05-23 14:32:33',NULL),(928,2,'573',51.47210556,-0.47220000,NULL,NULL,5,100,NULL,'2021-05-23 14:31:55','2021-05-23 14:32:33',NULL),(929,2,'575',51.47041028,-0.47229222,NULL,NULL,5,100,NULL,'2021-05-23 14:31:55','2021-05-23 14:32:33',NULL),(930,2,'576',51.46938056,-0.47220000,NULL,NULL,5,100,NULL,'2021-05-23 14:31:55','2021-05-23 14:32:33',NULL),(931,2,'581',51.46822056,-0.47202056,NULL,NULL,3,100,NULL,'2021-05-23 14:31:55','2021-05-23 14:32:33',NULL),(932,2,'582',51.46820583,-0.47107833,NULL,NULL,5,100,NULL,'2021-05-23 14:31:55','2021-05-23 14:32:33',NULL),(933,2,'583',51.46820083,-0.46985722,NULL,NULL,5,100,NULL,'2021-05-23 14:31:55','2021-05-23 14:32:33',NULL),(934,2,'590',51.46912222,-0.46993944,NULL,NULL,5,100,NULL,'2021-05-23 14:31:55','2021-05-23 14:32:33',NULL),(935,2,'591',51.46988833,-0.46990611,NULL,NULL,5,100,NULL,'2021-05-23 14:31:55','2021-05-23 14:32:33',NULL),(936,2,'592',51.47049306,-0.46993472,NULL,NULL,5,100,NULL,'2021-05-23 14:31:55','2021-05-23 14:32:33',NULL),(937,2,'594',51.47209944,-0.47002694,NULL,NULL,5,100,NULL,'2021-05-23 14:31:55','2021-05-23 14:32:33',NULL),(938,2,'595',51.47289556,-0.47004722,NULL,NULL,5,100,NULL,'2021-05-23 14:31:55','2021-05-23 14:32:33',NULL),(939,2,'596',51.47370861,-0.47004333,NULL,NULL,5,100,NULL,'2021-05-23 14:31:55','2021-05-23 14:32:33',NULL),(940,8,'1',51.57162750,0.70289306,NULL,NULL,3,100,NULL,'2021-05-23 14:31:55','2021-05-23 14:32:33',NULL),(941,8,'2',51.57119528,0.70287167,NULL,NULL,3,100,NULL,'2021-05-23 14:31:55','2021-05-23 14:32:33',NULL),(942,8,'3',51.57081889,0.70284528,NULL,NULL,3,100,NULL,'2021-05-23 14:31:55','2021-05-23 14:32:33',NULL),(943,8,'4',51.57044083,0.70275944,NULL,NULL,3,100,NULL,'2021-05-23 14:31:55','2021-05-23 14:32:33',NULL),(944,8,'5',51.57008333,0.70273139,NULL,NULL,3,100,NULL,'2021-05-23 14:31:55','2021-05-23 14:32:33',NULL),(945,8,'6',51.56968611,0.70264694,NULL,NULL,3,100,NULL,'2021-05-23 14:31:55','2021-05-23 14:32:33',NULL),(946,8,'7',51.56929028,0.70259250,NULL,NULL,3,100,NULL,'2021-05-23 14:31:55','2021-05-23 14:32:33',NULL),(947,8,'8',51.56890667,0.70235722,NULL,NULL,3,100,NULL,'2021-05-23 14:31:55','2021-05-23 14:32:33',NULL),(948,8,'9',51.56858556,0.70175722,NULL,NULL,3,100,NULL,'2021-05-23 14:31:55','2021-05-23 14:32:33',NULL),(949,8,'10',51.56834222,0.70124000,NULL,NULL,3,100,NULL,'2021-05-23 14:31:55','2021-05-23 14:32:33',NULL),(950,8,'11',51.56807639,0.70061611,NULL,NULL,3,100,NULL,'2021-05-23 14:31:55','2021-05-23 14:32:33',NULL),(951,8,'12',51.56812944,0.70001583,NULL,NULL,3,100,NULL,'2021-05-23 14:31:55','2021-05-23 14:32:33',NULL),(952,8,'13',51.56819306,0.69943889,NULL,NULL,3,100,NULL,'2021-05-23 14:31:55','2021-05-23 14:32:33',NULL),(953,8,'14',51.56825694,0.69878528,NULL,NULL,3,100,NULL,'2021-05-23 14:31:55','2021-05-23 14:32:33',NULL),(954,8,'15',51.56832083,0.69807417,NULL,NULL,3,100,NULL,'2021-05-23 14:31:55','2021-05-23 14:32:33',NULL),(955,8,'16',51.56938111,0.70020944,NULL,NULL,3,100,NULL,'2021-05-23 14:31:55','2021-05-23 14:32:33',NULL),(956,8,'17',51.56943917,0.69961139,NULL,NULL,3,100,NULL,'2021-05-23 14:31:55','2021-05-23 14:32:33',NULL),(957,8,'18',51.56950833,0.69900861,NULL,NULL,3,100,NULL,'2021-05-23 14:31:55','2021-05-23 14:32:33',NULL),(958,8,'19',51.56955806,0.69842444,NULL,NULL,3,100,NULL,'2021-05-23 14:31:55','2021-05-23 14:32:33',NULL),(959,8,'20',51.56963556,0.69772528,NULL,NULL,3,100,NULL,'2021-05-23 14:31:55','2021-05-23 14:32:33',NULL),(960,8,'21',51.56969639,0.69703528,NULL,NULL,3,100,NULL,'2021-05-23 14:31:55','2021-05-23 14:32:33',NULL),(961,8,'101',51.57240750,0.68950111,NULL,NULL,3,100,NULL,'2021-05-23 14:31:55','2021-05-23 14:32:33',NULL),(962,8,'102',51.57210361,0.68906778,NULL,NULL,3,100,NULL,'2021-05-23 14:31:55','2021-05-23 14:32:33',NULL),(963,38,'1S',50.95614139,0.93471250,NULL,NULL,3,100,NULL,'2021-05-23 14:31:55','2021-05-23 14:32:33',NULL),(964,38,'1N',50.95650833,0.93524500,NULL,NULL,3,100,NULL,'2021-05-23 14:31:55','2021-05-23 14:32:33',NULL),(965,38,'2S',50.95645389,0.93430806,NULL,NULL,3,100,NULL,'2021-05-23 14:31:55','2021-05-23 14:32:33',NULL),(966,38,'2N',50.95678472,0.93480778,NULL,NULL,3,100,NULL,'2021-05-23 14:31:55','2021-05-23 14:32:33',NULL),(967,38,'3S',50.95675333,0.93390167,NULL,NULL,3,100,NULL,'2021-05-23 14:31:55','2021-05-23 14:32:33',NULL),(968,38,'3N',50.95707111,0.93437750,NULL,NULL,3,100,NULL,'2021-05-23 14:31:55','2021-05-23 14:32:33',NULL),(969,38,'4',50.95735722,0.93396167,NULL,NULL,3,100,NULL,'2021-05-23 14:31:55','2021-05-23 14:32:33',NULL),(970,38,'5',50.95763056,0.93355722,NULL,NULL,3,100,NULL,'2021-05-23 14:31:55','2021-05-23 14:32:33',NULL),(971,38,'6',50.95792083,0.93314944,NULL,NULL,3,100,NULL,'2021-05-23 14:31:55','2021-05-23 14:32:33',NULL),(972,41,'1',53.58239167,-0.34848889,NULL,NULL,3,100,NULL,'2021-05-23 14:31:55','2021-05-23 14:32:33',NULL),(973,41,'2',53.58272500,-0.34893611,NULL,NULL,3,100,NULL,'2021-05-23 14:31:55','2021-05-23 14:32:33',NULL),(974,41,'3',53.58306667,-0.34952222,NULL,NULL,3,100,NULL,'2021-05-23 14:31:55','2021-05-23 14:32:33',NULL),(975,41,'4',53.58296111,-0.35021389,NULL,NULL,3,100,NULL,'2021-05-23 14:31:55','2021-05-23 14:32:33',NULL),(976,41,'5',53.58117222,-0.34986667,NULL,NULL,3,100,NULL,'2021-05-23 14:31:55','2021-05-23 14:32:33',NULL),(977,41,'6',53.58145833,-0.35053611,NULL,NULL,3,100,NULL,'2021-05-23 14:31:55','2021-05-23 14:32:33',NULL),(978,41,'7',53.58138333,-0.34980278,NULL,NULL,3,100,NULL,'2021-05-23 14:31:55','2021-05-23 14:32:33',NULL),(979,41,'8',53.58130278,-0.35025000,NULL,NULL,3,100,NULL,'2021-05-23 14:31:55','2021-05-23 14:32:33',NULL),(980,41,'H1N',53.58229167,-0.34883056,NULL,NULL,3,100,NULL,'2021-05-23 14:31:55','2021-05-23 14:32:33',NULL),(981,41,'H1S',53.58239444,-0.34844722,NULL,NULL,3,100,NULL,'2021-05-23 14:31:55','2021-05-23 14:32:33',NULL),(982,41,'H6',53.58141389,-0.35055556,NULL,NULL,3,100,NULL,'2021-05-23 14:31:55','2021-05-23 14:32:33',NULL),(983,41,'H7',53.58163056,-0.35040278,NULL,NULL,3,100,NULL,'2021-05-23 14:31:55','2021-05-23 14:32:33',NULL),(984,41,'H8',53.58185278,-0.35025000,NULL,NULL,3,100,NULL,'2021-05-23 14:31:55','2021-05-23 14:32:33',NULL),(985,41,'H9',53.58321667,-0.34770833,NULL,NULL,3,100,NULL,'2021-05-23 14:31:55','2021-05-23 14:32:33',NULL),(986,41,'H10',53.58343889,-0.34755000,NULL,NULL,3,100,NULL,'2021-05-23 14:31:55','2021-05-23 14:32:33',NULL),(987,41,'H11',53.58365833,-0.34739167,NULL,NULL,3,100,NULL,'2021-05-23 14:31:55','2021-05-23 14:32:33',NULL),(988,41,'H12',53.58391111,-0.34727500,NULL,NULL,3,100,NULL,'2021-05-23 14:31:55','2021-05-23 14:32:33',NULL),(989,11,'1',53.86982278,-1.66216306,NULL,NULL,2,100,NULL,'2021-05-23 14:31:55','2021-05-23 14:32:33',NULL),(990,11,'1L',53.86985556,-1.66232778,NULL,NULL,2,100,NULL,'2021-05-23 14:31:55','2021-05-23 14:32:33',NULL),(991,11,'1R',53.86969167,-1.66208056,NULL,NULL,2,100,NULL,'2021-05-23 14:31:55','2021-05-23 14:32:33',NULL),(992,11,'3',53.86914444,-1.66111111,NULL,NULL,2,100,NULL,'2021-05-23 14:31:55','2021-05-23 14:32:33',NULL),(993,11,'5',53.86866667,-1.66028889,NULL,NULL,3,100,27,'2021-05-23 14:31:55','2021-05-23 14:32:33',NULL),(994,11,'6',53.86867778,-1.65976944,NULL,NULL,3,100,27,'2021-05-23 14:31:55','2021-05-23 14:32:33',NULL),(995,11,'7',53.86871111,-1.65907222,NULL,NULL,3,100,32,'2021-05-23 14:31:55','2021-05-23 14:32:33',NULL),(996,11,'8',53.86890833,-1.65837778,NULL,NULL,4,100,NULL,'2021-05-23 14:31:55','2021-05-23 14:32:33',NULL),(997,11,'9',53.86890833,-1.65760833,NULL,NULL,4,100,NULL,'2021-05-23 14:31:55','2021-05-23 14:32:33',NULL),(998,11,'10',53.86889722,-1.65690278,NULL,NULL,4,100,NULL,'2021-05-23 14:31:55','2021-05-23 14:32:33',NULL),(999,11,'11',53.86888889,-1.65619722,NULL,NULL,4,100,NULL,'2021-05-23 14:31:55','2021-05-23 14:32:33',NULL),(1000,11,'12',53.86886111,-1.65549167,NULL,NULL,4,100,NULL,'2021-05-23 14:31:55','2021-05-23 14:32:33',NULL),(1001,11,'13',53.86885556,-1.65482500,NULL,NULL,4,100,NULL,'2021-05-23 14:31:55','2021-05-23 14:32:33',NULL),(1002,11,'14',53.86893889,-1.65411667,NULL,NULL,4,100,NULL,'2021-05-23 14:31:55','2021-05-23 14:32:33',NULL),(1003,11,'14A',53.86893333,-1.65399444,NULL,NULL,5,100,NULL,'2021-05-23 14:31:55','2021-05-23 14:32:33',NULL),(1004,11,'15L',53.86890556,-1.65340278,NULL,NULL,3,100,NULL,'2021-05-23 14:31:55','2021-05-23 14:32:33',NULL),(1005,11,'15R',53.86894444,-1.65337778,NULL,NULL,4,100,NULL,'2021-05-23 14:31:55','2021-05-23 14:32:33',NULL),(1006,11,'16L',53.86871944,-1.65279167,NULL,NULL,3,100,NULL,'2021-05-23 14:31:55','2021-05-23 14:32:33',NULL),(1007,11,'16R',53.86893611,-1.65260278,NULL,NULL,4,100,NULL,'2021-05-23 14:31:55','2021-05-23 14:32:33',NULL),(1008,11,'17',53.86885556,-1.65219722,NULL,NULL,3,100,NULL,'2021-05-23 14:31:55','2021-05-23 14:32:33',NULL),(1009,11,'18L',53.86890833,-1.65181111,NULL,NULL,4,100,NULL,'2021-05-23 14:31:55','2021-05-23 14:32:33',NULL),(1010,11,'18R',53.86886111,-1.65161111,NULL,NULL,3,100,NULL,'2021-05-23 14:31:55','2021-05-23 14:32:33',NULL),(1011,11,'19',53.86753056,-1.65064722,NULL,NULL,4,100,NULL,'2021-05-23 14:31:55','2021-05-23 14:32:33',NULL),(1012,11,'20A',53.86713333,-1.65041667,NULL,NULL,4,100,NULL,'2021-05-23 14:31:55','2021-05-23 14:32:33',NULL),(1013,11,'20B',53.86697778,-1.65104167,NULL,NULL,3,100,NULL,'2021-05-23 14:31:55','2021-05-23 14:32:33',NULL),(1014,11,'21A',53.86668611,-1.65158056,NULL,NULL,4,100,NULL,'2021-05-23 14:31:55','2021-05-23 14:32:33',NULL),(1015,11,'21B',53.86642500,-1.65159722,NULL,NULL,4,100,NULL,'2021-05-23 14:31:55','2021-05-23 14:32:33',NULL),(1016,11,'21C',53.86635278,-1.65254444,NULL,NULL,5,100,NULL,'2021-05-23 14:31:55','2021-05-23 14:32:33',NULL),(1017,26,'1',54.08503556,-4.63419139,NULL,NULL,1,100,NULL,'2021-05-23 14:31:55','2021-05-23 14:32:33',NULL),(1018,26,'2',54.08524944,-4.63462500,NULL,NULL,1,100,NULL,'2021-05-23 14:31:55','2021-05-23 14:32:33',NULL),(1019,26,'3',54.08555833,-4.63503333,NULL,NULL,2,100,NULL,'2021-05-23 14:31:55','2021-05-23 14:32:33',NULL),(1020,26,'5',54.08617083,-4.63359694,NULL,NULL,2,100,NULL,'2021-05-23 14:31:55','2021-05-23 14:32:33',NULL),(1021,26,'6',54.08596389,-4.63306861,NULL,NULL,3,100,NULL,'2021-05-23 14:31:55','2021-05-23 14:32:33',NULL),(1022,26,'7',54.08570722,-4.63258639,NULL,NULL,2,100,NULL,'2021-05-23 14:31:55','2021-05-23 14:32:33',NULL),(1023,26,'8',54.08592139,-4.63230222,NULL,NULL,2,100,NULL,'2021-05-23 14:31:55','2021-05-23 14:32:33',NULL),(1024,26,'9',54.08619222,-4.63278583,NULL,NULL,3,100,NULL,'2021-05-23 14:31:55','2021-05-23 14:32:33',NULL),(1025,26,'10',54.08649500,-4.63321556,NULL,NULL,2,100,NULL,'2021-05-23 14:31:55','2021-05-23 14:32:33',NULL),(1026,26,'11',54.08673528,-4.63363750,NULL,NULL,2,100,NULL,'2021-05-23 14:31:55','2021-05-23 14:32:33',NULL),(1027,26,'12',54.08751111,-4.63228333,NULL,NULL,2,100,NULL,'2021-05-23 14:31:55','2021-05-23 14:32:33',NULL),(1028,26,'13',54.08725250,-4.63183917,NULL,NULL,2,100,NULL,'2021-05-23 14:31:55','2021-05-23 14:32:33',NULL),(1029,26,'14',54.08701389,-4.63140000,NULL,NULL,2,100,NULL,'2021-05-23 14:31:55','2021-05-23 14:32:33',NULL),(1030,28,'1',55.03578333,-1.70973333,NULL,NULL,3,100,27,'2021-05-23 14:31:55','2021-05-23 14:32:33',NULL),(1031,28,'2',55.03613889,-1.70968333,NULL,NULL,3,100,27,'2021-05-23 14:31:55','2021-05-23 14:32:33',NULL),(1032,28,'3',55.03686944,-1.70843056,NULL,NULL,3,100,13,'2021-05-23 14:31:55','2021-05-23 14:32:33',NULL),(1033,28,'4',55.03684444,-1.70781389,NULL,NULL,4,100,2,'2021-05-23 14:31:55','2021-05-23 14:32:33',NULL),(1034,28,'5',55.03681667,-1.70719722,NULL,NULL,3,100,32,'2021-05-23 14:31:55','2021-05-23 14:32:33',NULL),(1035,28,'6',55.03679444,-1.70659444,NULL,NULL,3,100,32,'2021-05-23 14:31:55','2021-05-23 14:32:33',NULL),(1036,28,'7',55.03684444,-1.70624167,NULL,NULL,4,100,2,'2021-05-23 14:31:55','2021-05-23 14:32:33',NULL),(1037,28,'8',55.03699167,-1.70617500,NULL,NULL,4,100,2,'2021-05-23 14:31:55','2021-05-23 14:32:33',NULL),(1038,28,'9',55.03709167,-1.70641389,NULL,NULL,5,100,NULL,'2021-05-23 14:31:55','2021-05-23 14:32:33',NULL),(1039,28,'10',55.03709444,-1.70674167,NULL,NULL,4,100,2,'2021-05-23 14:31:55','2021-05-23 14:32:33',NULL),(1040,28,'11',55.03713333,-1.70763611,NULL,NULL,4,100,2,'2021-05-23 14:31:55','2021-05-23 14:32:33',NULL),(1041,28,'12',55.03731944,-1.70840000,NULL,NULL,3,100,32,'2021-05-23 14:31:55','2021-05-23 14:32:33',NULL),(1042,28,'13',55.03896389,-1.70718889,NULL,NULL,3,100,9,'2021-05-23 14:31:55','2021-05-23 14:32:33',NULL),(1043,28,'14',55.03893889,-1.70658056,NULL,NULL,3,100,32,'2021-05-23 14:31:55','2021-05-23 14:32:33',NULL),(1044,28,'15',55.03886944,-1.70592500,NULL,NULL,4,100,2,'2021-05-23 14:31:55','2021-05-23 14:32:33',NULL),(1045,28,'16',55.03896389,-1.70574444,NULL,NULL,5,100,NULL,'2021-05-23 14:31:55','2021-05-23 14:32:33',NULL),(1046,28,'17',55.03915278,-1.70571944,NULL,NULL,4,100,2,'2021-05-23 14:31:55','2021-05-23 14:32:33',NULL),(1047,28,'18',55.03960556,-1.70570833,NULL,NULL,4,100,2,'2021-05-23 14:31:55','2021-05-23 14:32:33',NULL),(1048,28,'19',55.04054167,-1.70437222,NULL,NULL,4,100,2,'2021-05-23 14:31:55','2021-05-23 14:32:33',NULL),(1049,28,'20',55.04080000,-1.70436111,NULL,NULL,4,100,2,'2021-05-23 14:31:55','2021-05-23 14:32:33',NULL),(1050,28,'21',55.04083889,-1.70183333,NULL,NULL,4,100,2,'2021-05-23 14:31:55','2021-05-23 14:32:33',NULL),(1051,28,'22',55.04031389,-1.70182222,NULL,NULL,4,100,2,'2021-05-23 14:31:55','2021-05-23 14:32:33',NULL),(1052,28,'23',55.03988611,-1.70187500,NULL,3,4,100,2,'2021-05-23 14:31:55','2021-05-23 14:32:33',NULL),(1053,28,'24',55.03941944,-1.70195556,NULL,3,4,100,2,'2021-05-23 14:31:55','2021-05-23 14:32:33',NULL),(1054,28,'25',55.03881667,-1.70191667,NULL,3,5,100,NULL,'2021-05-23 14:31:55','2021-05-23 14:32:33',NULL),(1055,28,'25L',55.03900278,-1.70166944,NULL,NULL,3,100,32,'2021-05-23 14:31:55','2021-05-23 14:32:33',NULL),(1056,28,'25R',55.03865833,-1.70171111,NULL,NULL,3,100,32,'2021-05-23 14:31:55','2021-05-23 14:32:33',NULL),(1057,28,'30',55.03712750,-1.70617972,NULL,NULL,5,100,NULL,'2021-05-23 14:31:55','2021-05-23 14:32:33',NULL),(1058,28,'31',55.03555500,-1.70928556,NULL,NULL,3,100,27,'2021-05-23 14:31:55','2021-05-23 14:32:33',NULL),(1059,28,'32L',55.03844472,-1.70884333,NULL,NULL,1,100,NULL,'2021-05-23 14:31:55','2021-05-23 14:32:33',NULL),(1060,28,'32',55.03867111,-1.70877083,NULL,NULL,1,100,NULL,'2021-05-23 14:31:55','2021-05-23 14:32:33',NULL),(1061,28,'32R',55.03864389,-1.70805917,NULL,NULL,1,100,NULL,'2021-05-23 14:31:55','2021-05-23 14:32:33',NULL),(1062,28,'H1',55.03389611,-1.69895722,NULL,NULL,3,100,NULL,'2021-05-23 14:31:55','2021-05-23 14:32:33',NULL),(1063,28,'H2',55.03418556,-1.69795750,NULL,NULL,3,100,NULL,'2021-05-23 14:31:55','2021-05-23 14:32:33',NULL),(1064,28,'50',55.03389139,-1.69770278,NULL,NULL,3,100,NULL,'2021-05-23 14:31:55','2021-05-23 14:32:33',NULL),(1065,28,'51',55.03365833,-1.69771667,NULL,NULL,3,100,NULL,'2021-05-23 14:31:55','2021-05-23 14:32:33',NULL),(1066,28,'52',55.03338889,-1.69755278,NULL,NULL,3,100,NULL,'2021-05-23 14:31:55','2021-05-23 14:32:33',NULL),(1067,28,'53',55.03342778,-1.69910833,NULL,NULL,3,100,NULL,'2021-05-23 14:31:55','2021-05-23 14:32:33',NULL),(1068,28,'54',55.03372778,-1.69894806,NULL,NULL,3,100,NULL,'2021-05-23 14:31:55','2021-05-23 14:32:33',NULL),(1069,28,'60',55.03409167,-1.69211944,NULL,NULL,3,100,NULL,'2021-05-23 14:31:55','2021-05-23 14:32:33',NULL),(1070,28,'61',55.03444444,-1.69240278,NULL,NULL,3,100,NULL,'2021-05-23 14:31:55','2021-05-23 14:32:33',NULL),(1071,28,'62',55.03481389,-1.69270000,NULL,NULL,3,100,NULL,'2021-05-23 14:31:55','2021-05-23 14:32:33',NULL),(1072,21,'4',52.82804417,-1.32684000,4,NULL,3,100,NULL,'2021-05-23 14:31:55','2021-05-23 14:32:33',NULL),(1073,21,'5',52.82859611,-1.32694278,4,NULL,3,100,NULL,'2021-05-23 14:31:55','2021-05-23 14:32:33',NULL),(1074,21,'6',52.82859139,-1.32768194,4,NULL,3,100,NULL,'2021-05-23 14:31:55','2021-05-23 14:32:33',NULL),(1075,21,'7',52.82810556,-1.32763139,4,NULL,3,100,NULL,'2021-05-23 14:31:55','2021-05-23 14:32:33',NULL),(1076,21,'8',52.82712028,-1.32800083,4,NULL,3,100,NULL,'2021-05-23 14:31:55','2021-05-23 14:32:33',NULL),(1077,21,'9',52.82707083,-1.32866694,4,NULL,3,100,NULL,'2021-05-23 14:31:55','2021-05-23 14:32:33',NULL),(1078,21,'10',52.82704611,-1.32927111,4,NULL,3,100,NULL,'2021-05-23 14:31:55','2021-05-23 14:32:33',NULL),(1079,21,'11',52.82703389,-1.32991611,4,NULL,3,100,NULL,'2021-05-23 14:31:55','2021-05-23 14:32:33',NULL),(1080,21,'12L',52.82723778,-1.33030694,4,NULL,3,100,NULL,'2021-05-23 14:31:55','2021-05-23 14:32:33',NULL),(1081,21,'12R',52.82721306,-1.33080861,4,NULL,3,100,NULL,'2021-05-23 14:31:55','2021-05-23 14:32:33',NULL),(1082,21,'14L',52.82706056,-1.33107083,4,NULL,4,100,NULL,'2021-05-23 14:31:55','2021-05-23 14:32:33',NULL),(1083,21,'14R',52.82705417,-1.33154167,4,NULL,4,100,NULL,'2021-05-23 14:31:55','2021-05-23 14:32:33',NULL),(1084,21,'15',52.82687472,-1.33202083,4,NULL,3,100,NULL,'2021-05-23 14:31:55','2021-05-23 14:32:33',NULL),(1085,21,'16',52.82686861,-1.33274667,4,NULL,3,100,NULL,'2021-05-23 14:31:55','2021-05-23 14:32:33',NULL),(1086,21,'17',52.82686250,-1.33345056,4,NULL,3,100,NULL,'2021-05-23 14:31:55','2021-05-23 14:32:33',NULL),(1087,21,'20',52.82876389,-1.32914167,4,NULL,3,100,NULL,'2021-05-23 14:31:55','2022-07-30 16:23:32',NULL),(1088,21,'21',52.82838611,-1.32940000,4,NULL,3,100,NULL,'2021-05-23 14:31:55','2022-07-30 16:23:32',NULL),(1089,21,'22',52.82874722,-1.33006111,4,NULL,3,100,NULL,'2021-05-23 14:31:55','2022-07-30 16:23:32',NULL),(1090,21,'23',52.82836111,-1.33068333,4,NULL,3,100,NULL,'2021-05-23 14:31:55','2022-07-30 16:23:32',NULL),(1091,21,'24',52.82844722,-1.33040278,4,NULL,3,100,NULL,'2021-05-23 14:31:55','2022-07-30 16:23:32',NULL),(1093,21,'30',52.82868583,-1.33280306,4,NULL,3,100,NULL,'2021-05-23 14:31:55','2021-05-23 14:32:33',NULL),(1094,21,'31',52.82846222,-1.33237111,4,NULL,2,100,NULL,'2021-05-23 14:31:55','2021-05-23 14:32:33',NULL),(1095,21,'32',52.82833806,-1.33306806,4,NULL,2,100,NULL,'2021-05-23 14:31:55','2021-05-23 14:32:33',NULL),(1096,21,'33',52.82830667,-1.33372333,4,NULL,3,100,NULL,'2021-05-23 14:31:55','2021-05-23 14:32:33',NULL),(1097,21,'40',52.82855556,-1.33457333,5,NULL,3,100,NULL,'2021-05-23 14:31:55','2021-05-23 14:32:33',NULL),(1098,21,'41',52.82811306,-1.33450389,5,NULL,3,100,NULL,'2021-05-23 14:31:55','2021-05-23 14:32:33',NULL),(1099,21,'42',52.82791000,-1.33444528,5,NULL,5,100,NULL,'2021-05-23 14:31:55','2021-05-23 14:32:33',NULL),(1100,21,'43',52.82770222,-1.33452806,5,NULL,3,100,NULL,'2021-05-23 14:31:55','2021-05-23 14:32:33',NULL),(1101,21,'44',52.82733250,-1.33455167,5,NULL,3,100,NULL,'2021-05-23 14:31:55','2021-05-23 14:32:33',NULL),(1102,21,'45',52.82694833,-1.33450056,5,NULL,3,100,NULL,'2021-05-23 14:31:55','2021-05-23 14:32:33',NULL),(1103,21,'70',52.82854056,-1.32322889,7,3,3,2,NULL,'2021-05-23 14:31:55','2022-07-30 16:23:15',NULL),(1104,21,'70L',52.82829444,-1.32314278,7,3,3,2,NULL,'2021-05-23 14:31:55','2022-07-30 16:23:15',NULL),(1105,21,'70R',52.82876056,-1.32320944,7,3,3,2,NULL,'2021-05-23 14:31:55','2022-07-30 16:23:15',NULL),(1106,21,'71',52.82818333,-1.32273528,7,3,4,2,NULL,'2021-05-23 14:31:55','2022-07-30 16:23:15',NULL),(1107,21,'72',52.82807667,-1.32241972,7,3,4,2,NULL,'2021-05-23 14:31:55','2022-07-30 16:23:15',NULL),(1108,21,'73',52.82802583,-1.32212667,7,3,4,2,NULL,'2021-05-23 14:31:55','2022-07-30 16:23:15',NULL),(1109,21,'73L',52.82779889,-1.32187500,NULL,3,3,2,NULL,'2021-05-23 14:31:55','2022-07-30 16:23:15',NULL),(1110,21,'74',52.82788667,-1.32147667,7,3,4,2,NULL,'2021-05-23 14:31:55','2022-07-30 16:23:15',NULL),(1111,21,'74L',52.82788667,-1.32110083,NULL,3,3,2,NULL,'2021-05-23 14:31:55','2022-07-30 16:23:15',NULL),(1112,21,'75R',52.82817861,-1.32078722,7,3,3,2,NULL,'2021-05-23 14:31:55','2022-07-30 16:23:15',NULL),(1113,21,'75',52.82781694,-1.32051028,7,3,5,2,NULL,'2021-05-23 14:31:55','2022-07-30 16:23:15',NULL),(1114,21,'76R',52.82807639,-1.32009556,7,3,3,2,NULL,'2021-05-23 14:31:55','2022-07-30 16:23:15',NULL),(1115,21,'76',52.82785361,-1.31971139,7,3,5,2,NULL,'2021-05-23 14:31:55','2022-07-30 16:23:15',NULL),(1116,21,'76L',52.82811361,-1.31948750,7,3,3,2,NULL,'2021-05-23 14:31:55','2022-07-30 16:23:15',NULL),(1117,21,'77',52.82801333,-1.31900500,7,3,5,2,NULL,'2021-05-23 14:31:55','2022-07-30 16:23:15',NULL),(1118,21,'77R',52.82823917,-1.31917917,7,3,3,2,NULL,'2021-05-23 14:31:55','2022-07-30 16:23:15',NULL),(1119,21,'77L',52.82784889,-1.31882722,7,3,5,2,NULL,'2021-05-23 14:31:55','2022-07-30 16:23:15',NULL),(1120,21,'78',52.82790444,-1.31800972,7,3,5,2,NULL,'2021-05-23 14:31:55','2022-07-30 16:23:15',NULL),(1121,21,'78L',52.82828500,-1.31778417,7,3,3,2,NULL,'2021-05-23 14:31:55','2022-07-30 16:23:15',NULL),(1122,21,'78R',52.82809500,-1.31843278,7,3,3,2,NULL,'2021-05-23 14:31:55','2022-07-30 16:23:15',NULL),(1123,21,'78X',52.82809028,-1.31787694,7,3,4,2,NULL,'2021-05-23 14:31:55','2022-07-30 16:23:15',NULL),(1124,21,'79',52.82809028,-1.31736417,7,3,2,2,NULL,'2021-05-23 14:31:55','2022-07-30 16:23:15',NULL),(1125,21,'80',52.82798333,-1.31688611,7,3,2,2,NULL,'2021-05-23 14:31:55','2022-07-30 16:23:32',NULL),(1126,21,'98',52.82734056,-1.34583083,6,3,6,100,NULL,'2021-05-23 14:31:55','2021-05-23 14:32:33',NULL),(1127,21,'99',52.82745194,-1.34662028,6,3,5,100,NULL,'2021-05-23 14:31:55','2021-05-23 14:32:33',NULL),(1128,21,'100',52.82739889,-1.34705750,6,3,5,100,NULL,'2021-05-23 14:31:55','2021-05-23 14:32:33',NULL),(1129,21,'101',52.82735278,-1.34787833,6,3,5,100,NULL,'2021-05-23 14:31:55','2021-05-23 14:32:33',NULL),(1130,21,'102',52.82739194,-1.34881861,6,3,5,100,NULL,'2021-05-23 14:31:55','2021-05-23 14:32:33',NULL),(1131,21,'103',52.82735278,-1.34970444,6,3,4,100,NULL,'2021-05-23 14:31:55','2021-05-23 14:32:33',NULL),(1132,21,'104',52.82729306,-1.35052444,6,3,5,100,NULL,'2021-05-23 14:31:55','2021-05-23 14:32:33',NULL),(1133,21,'105',52.82729944,-1.35126806,6,3,5,100,NULL,'2021-05-23 14:31:55','2021-05-23 14:32:33',NULL),(1134,21,'106',52.82729917,-1.35178056,6,3,5,100,NULL,'2021-05-23 14:31:55','2021-05-23 14:32:33',NULL),(1135,21,'107',52.82708167,-1.35228611,6,3,5,100,NULL,'2021-05-23 14:31:55','2021-05-23 14:32:33',NULL),(1136,21,'108',52.82725972,-1.35279833,6,3,5,100,NULL,'2021-05-23 14:31:55','2021-05-23 14:32:33',NULL),(1137,21,'109',52.82710139,-1.35353250,6,3,5,100,NULL,'2021-05-23 14:31:55','2021-05-23 14:32:33',NULL),(1138,21,'110',52.82727917,-1.35423889,6,3,5,100,NULL,'2021-05-23 14:31:55','2021-05-23 14:32:33',NULL),(1139,21,'111',52.82708167,-1.35451861,6,3,5,100,NULL,'2021-05-23 14:31:55','2021-05-23 14:32:33',NULL),(1140,21,'112',52.82725250,-1.35502944,6,3,5,100,NULL,'2021-05-23 14:31:55','2021-05-23 14:32:33',NULL),(1141,21,'114',52.82723333,-1.35573139,NULL,NULL,3,100,NULL,'2021-05-23 14:31:55','2021-05-23 14:32:33',NULL),(1142,21,'120',52.82767139,-1.34556917,6,3,6,100,NULL,'2021-05-23 14:31:55','2021-05-23 14:32:33',NULL),(1143,21,'121',52.82714917,-1.34556944,6,3,6,100,NULL,'2021-05-23 14:31:55','2021-05-23 14:32:33',NULL),(1144,21,'122',52.82690389,-1.34573694,6,3,3,100,NULL,'2021-05-23 14:31:55','2021-05-23 14:32:33',NULL),(1145,21,'123',52.82670639,-1.34576333,6,3,3,100,NULL,'2021-05-23 14:31:55','2021-05-23 14:32:33',NULL),(1146,21,'124',52.82638111,-1.34571944,6,3,3,100,NULL,'2021-05-23 14:31:55','2021-05-23 14:32:33',NULL),(1147,21,'125',52.82582333,-1.34577694,6,3,3,100,NULL,'2021-05-23 14:31:55','2021-05-23 14:32:33',NULL),(1149,21,'200',52.82777778,-1.34419306,NULL,3,4,100,NULL,'2021-05-23 14:31:55','2021-05-23 14:32:33',NULL),(1150,21,'201',52.82696750,-1.34432639,NULL,3,3,100,NULL,'2021-05-23 14:31:55','2021-05-23 14:32:33',NULL),(1151,21,'202',52.82632639,-1.34428556,NULL,3,3,100,NULL,'2021-05-23 14:31:55','2021-05-23 14:32:33',NULL),(1152,21,'202R',52.82607944,-1.34425222,NULL,3,3,100,NULL,'2021-05-23 14:31:55','2021-05-23 14:32:33',NULL),(1153,21,'202L',52.82648083,-1.34429333,NULL,3,3,100,NULL,'2021-05-23 14:31:55','2021-05-23 14:32:33',NULL),(1154,21,'203',52.82583167,-1.34425417,NULL,3,3,100,NULL,'2021-05-23 14:31:55','2021-05-23 14:32:33',NULL),(1155,21,'203R',52.82568833,-1.34423000,NULL,3,3,100,NULL,'2021-05-23 14:31:55','2021-05-23 14:32:33',NULL),(1156,30,'1',57.19905639,-2.20141750,NULL,2,3,100,33,'2021-05-23 14:31:55','2022-01-03 13:49:21',NULL),(1158,30,'2',57.19944083,-2.20184972,NULL,2,3,100,32,'2021-05-23 14:31:55','2022-01-03 13:49:21',NULL),(1159,30,'3',57.19981417,-2.20212139,NULL,2,3,100,32,'2021-05-23 14:31:55','2022-01-03 13:49:21',NULL),(1160,30,'4',57.20017611,-2.20240194,NULL,2,3,100,32,'2021-05-23 14:31:55','2022-01-03 13:49:21',NULL),(1161,30,'5',57.20056056,-2.20267333,NULL,2,3,100,32,'2021-05-23 14:31:55','2022-01-03 13:49:21',NULL),(1162,30,'6',57.20089222,-2.20295389,NULL,2,3,100,32,'2021-05-23 14:31:55','2022-01-03 13:49:21',NULL),(1163,30,'7',57.20123528,-2.20330361,NULL,1,3,100,33,'2021-05-23 14:31:55','2022-01-03 13:49:21',NULL),(1164,30,'8',57.20154472,-2.20351972,NULL,1,2,100,66,'2021-05-23 14:31:55','2022-01-03 13:49:21',NULL),(1165,30,'9',57.20183222,-2.20374972,NULL,3,3,100,NULL,'2021-05-23 14:31:55','2022-01-03 13:49:21',NULL),(1166,30,'10',57.20244833,-2.20377361,NULL,1,3,100,66,'2021-05-23 14:31:55','2022-01-03 13:49:21',NULL),(1167,30,'10L',57.20257222,-2.20368694,NULL,1,2,100,NULL,'2021-05-23 14:31:55','2022-01-03 13:49:21',NULL),(1168,30,'10R',57.20242556,-2.20400889,NULL,1,2,100,NULL,'2021-05-23 14:31:55','2022-01-03 13:49:21',NULL),(1169,30,'10A',57.20228556,-2.20391889,NULL,3,4,100,NULL,'2021-05-23 14:31:55','2022-01-03 13:49:21',NULL),(1170,30,'11',57.20211167,-2.20418694,NULL,1,2,100,66,'2021-05-23 14:31:55','2022-01-03 13:49:21',NULL),(1171,30,'12',57.20190972,-2.20460556,NULL,1,2,100,66,'2021-05-23 14:31:55','2022-01-03 13:49:21',NULL),(1172,30,'13',57.20169694,-2.20510222,NULL,1,2,100,66,'2021-05-23 14:31:55','2022-01-03 13:49:21',NULL),(1173,30,'14',57.20149778,-2.20547944,NULL,1,2,100,66,'2021-05-23 14:31:55','2022-01-03 13:49:21',NULL),(1174,30,'15',57.20128222,-2.20588889,NULL,1,2,100,73,'2021-05-23 14:31:55','2022-01-03 13:49:21',NULL),(1175,30,'16',57.20101667,-2.20640417,NULL,NULL,2,100,NULL,'2021-05-23 14:31:55','2021-05-23 14:32:33',NULL),(1177,30,'21',57.20075139,-2.20763694,NULL,NULL,1,100,NULL,'2021-05-23 14:31:55','2021-05-23 14:32:33',NULL),(1178,30,'22',57.20045278,-2.20821222,NULL,NULL,1,100,NULL,'2021-05-23 14:31:55','2021-05-23 14:32:33',NULL),(1179,23,'1',55.86539167,-4.43025833,NULL,NULL,1,100,NULL,'2021-05-23 14:31:55','2021-05-23 14:32:33',NULL),(1180,23,'1A',55.86570278,-4.43004167,NULL,NULL,1,100,NULL,'2021-05-23 14:31:55','2021-05-23 14:32:33',NULL),(1181,23,'2',55.86596944,-4.43009167,NULL,NULL,1,100,NULL,'2021-05-23 14:31:55','2021-05-23 14:32:33',NULL),(1182,23,'3',55.86628889,-4.43017778,NULL,NULL,3,100,NULL,'2021-05-23 14:31:55','2021-05-23 14:32:33',NULL),(1183,23,'4',55.86666667,-4.43037778,NULL,NULL,3,100,NULL,'2021-05-23 14:31:55','2021-05-23 14:32:33',NULL),(1184,23,'5',55.86703611,-4.43065278,NULL,NULL,3,100,NULL,'2021-05-23 14:31:55','2021-05-23 14:32:33',NULL),(1185,23,'6',55.86740278,-4.43085833,NULL,NULL,3,100,NULL,'2021-05-23 14:31:55','2021-05-23 14:32:33',NULL),(1186,23,'6A',55.86725000,-4.43112778,NULL,NULL,5,100,NULL,'2021-05-23 14:31:55','2021-05-23 14:32:33',NULL),(1187,23,'7',55.86738611,-4.43114722,NULL,NULL,3,100,NULL,'2021-05-23 14:31:55','2021-05-23 14:32:33',NULL),(1188,23,'8',55.86731111,-4.43145000,NULL,NULL,3,100,NULL,'2021-05-23 14:31:55','2021-05-23 14:32:33',NULL),(1189,23,'9',55.86702500,-4.43131111,NULL,NULL,3,100,NULL,'2021-05-23 14:31:55','2021-05-23 14:32:33',NULL),(1190,23,'10',55.86661472,-4.43115639,NULL,NULL,3,100,NULL,'2021-05-23 14:31:55','2021-05-23 14:32:33',NULL),(1191,23,'11',55.86626667,-4.43090556,NULL,NULL,3,100,NULL,'2021-05-23 14:31:55','2021-05-23 14:32:33',NULL),(1192,23,'12',55.86593056,-4.43079167,NULL,NULL,3,100,NULL,'2021-05-23 14:31:55','2021-05-23 14:32:33',NULL),(1193,23,'14',55.86539444,-4.43217500,NULL,1,3,100,NULL,'2021-05-23 14:31:55','2021-05-23 14:32:33',NULL),(1194,23,'15',55.86572778,-4.43234722,NULL,1,3,100,NULL,'2021-05-23 14:31:55','2021-05-23 14:32:33',NULL),(1195,23,'16',55.86609722,-4.43253889,NULL,1,3,100,NULL,'2021-05-23 14:31:55','2021-05-23 14:32:33',NULL),(1196,23,'17',55.86642778,-4.43271111,NULL,1,3,100,NULL,'2021-05-23 14:31:55','2021-05-23 14:32:33',NULL),(1197,23,'18',55.86688889,-4.43294722,NULL,1,3,100,NULL,'2021-05-23 14:31:55','2021-05-23 14:32:33',NULL),(1198,23,'19',55.86734722,-4.43318333,NULL,1,3,100,NULL,'2021-05-23 14:31:55','2021-05-23 14:32:33',NULL),(1199,23,'20',55.86732500,-4.43444444,NULL,1,3,100,NULL,'2021-05-23 14:31:55','2021-05-23 14:32:33',NULL),(1200,23,'21',55.86715556,-4.43525278,NULL,1,3,100,NULL,'2021-05-23 14:31:55','2021-05-23 14:32:33',NULL),(1201,23,'22',55.86656944,-4.43500556,NULL,1,4,100,NULL,'2021-05-23 14:31:55','2021-05-23 14:32:33',NULL),(1202,23,'23',55.86608333,-4.43475278,NULL,1,4,100,NULL,'2021-05-23 14:31:55','2021-05-23 14:32:33',NULL),(1203,23,'24',55.86570000,-4.43455556,NULL,1,4,100,NULL,'2021-05-23 14:31:55','2021-05-23 14:32:33',NULL),(1204,23,'25',55.86532500,-4.43436111,NULL,1,4,100,NULL,'2021-05-23 14:31:55','2021-05-23 14:32:33',NULL),(1205,23,'26',55.86496083,-4.43421556,NULL,1,4,100,NULL,'2021-05-23 14:31:55','2021-05-23 14:32:33',NULL),(1206,23,'27',55.86480556,-4.43573889,NULL,2,4,100,NULL,'2021-05-23 14:31:55','2021-05-23 14:32:33',NULL),(1207,23,'28',55.86526944,-4.43598056,NULL,2,5,100,NULL,'2021-05-23 14:31:55','2021-05-23 14:32:33',NULL),(1208,23,'29',55.86582778,-4.43626944,NULL,2,5,100,NULL,'2021-05-23 14:31:55','2021-05-23 14:32:33',NULL),(1209,23,'30',55.86645000,-4.43658889,NULL,2,6,100,NULL,'2021-05-23 14:31:55','2021-05-23 14:32:33',NULL),(1210,23,'31',55.86618889,-4.43837222,NULL,2,1,100,NULL,'2021-05-23 14:31:55','2021-05-23 14:32:33',NULL),(1211,23,'32',55.86572500,-4.43843056,NULL,2,5,100,NULL,'2021-05-23 14:31:55','2021-05-23 14:32:33',NULL),(1212,23,'33',55.86523333,-4.43786111,NULL,2,5,100,NULL,'2021-05-23 14:31:55','2021-05-23 14:32:33',NULL),(1213,23,'34',55.86470833,-4.43730833,NULL,2,3,100,NULL,'2021-05-23 14:31:55','2021-05-23 14:32:33',NULL),(1214,23,'35',55.86465000,-4.43730833,NULL,2,5,100,NULL,'2021-05-23 14:31:55','2021-05-23 14:32:33',NULL),(1215,23,'36',55.86428333,-4.43720833,NULL,2,3,100,NULL,'2021-05-23 14:31:55','2021-05-23 14:32:33',NULL),(1216,23,'37',55.86349861,-4.44032583,NULL,NULL,5,100,NULL,'2021-05-23 14:31:55','2021-05-23 14:32:33',NULL),(1217,23,'37R',55.86372278,-4.44020139,NULL,NULL,3,100,NULL,'2021-05-23 14:31:55','2021-05-23 14:32:33',NULL),(1218,23,'37L',55.86340250,-4.44002389,NULL,NULL,3,100,NULL,'2021-05-23 14:31:55','2021-05-23 14:32:33',NULL),(1219,23,'38',55.86414972,-4.44053889,NULL,NULL,4,100,NULL,'2021-05-23 14:31:55','2021-05-23 14:32:33',NULL),(1220,23,'39',55.86435250,-4.44091194,NULL,NULL,5,100,NULL,'2021-05-23 14:31:55','2021-05-23 14:32:33',NULL),(1221,23,'40',55.86455528,-4.44098306,NULL,NULL,4,100,NULL,'2021-05-23 14:31:55','2021-05-23 14:32:33',NULL),(1222,23,'61',55.86505278,-4.42816389,NULL,3,3,100,NULL,'2021-05-23 14:31:55','2021-05-23 14:32:33',NULL),(1223,23,'62',55.86541111,-4.42805833,NULL,3,2,100,NULL,'2021-05-23 14:31:55','2021-05-23 14:32:33',NULL),(1224,23,'63',55.86582556,-4.42810528,NULL,3,2,100,NULL,'2021-05-23 14:31:55','2021-05-23 14:32:33',NULL),(1225,23,'64',55.86621944,-4.42789722,NULL,3,5,100,NULL,'2021-05-23 14:31:55','2021-05-23 14:32:33',NULL),(1226,23,'65',55.86661389,-4.42808889,NULL,3,5,100,NULL,'2021-05-23 14:31:55','2021-05-23 14:32:33',NULL),(1227,23,'81',55.86938889,-4.43176944,NULL,NULL,3,100,NULL,'2021-05-23 14:31:55','2021-05-23 14:32:33',NULL),(1228,23,'82',55.86896667,-4.43154722,NULL,NULL,3,100,NULL,'2021-05-23 14:31:55','2021-05-23 14:32:33',NULL),(1229,23,'H',55.87112167,-4.42574389,NULL,NULL,3,100,NULL,'2021-05-23 14:31:55','2021-05-23 14:32:33',NULL),(1230,22,'1A',55.94623333,-3.36631722,NULL,NULL,3,100,NULL,'2021-05-23 14:31:55','2021-05-23 14:32:33',NULL),(1231,22,'1B',55.94581639,-3.36628917,NULL,NULL,3,100,NULL,'2021-05-23 14:31:55','2021-05-23 14:32:33',NULL),(1232,22,'1',55.94667611,-3.36622500,NULL,NULL,4,100,NULL,'2021-05-23 14:31:55','2021-05-23 14:32:33',NULL),(1233,22,'2',55.94712306,-3.36616583,NULL,NULL,4,100,NULL,'2021-05-23 14:31:55','2021-05-23 14:32:33',NULL),(1234,22,'3',55.94755583,-3.36631222,NULL,NULL,4,100,NULL,'2021-05-23 14:31:55','2021-05-23 14:32:33',NULL),(1235,22,'4',55.94800083,-3.36619472,NULL,NULL,4,100,NULL,'2021-05-23 14:31:55','2021-05-23 14:32:33',NULL),(1236,22,'5',55.94844639,-3.36636306,NULL,NULL,4,100,NULL,'2021-05-23 14:31:55','2021-05-23 14:32:33',NULL),(1237,22,'6',55.94863667,-3.36596556,NULL,NULL,3,100,NULL,'2021-05-23 14:31:55','2021-05-23 14:32:33',NULL),(1238,22,'7',55.94884361,-3.36537028,NULL,NULL,3,100,NULL,'2021-05-23 14:31:55','2021-05-23 14:32:33',NULL),(1239,22,'8',55.94904000,-3.36477889,NULL,NULL,3,100,NULL,'2021-05-23 14:31:55','2021-05-23 14:32:33',NULL),(1240,22,'9',55.94924722,-3.36419472,NULL,NULL,4,100,NULL,'2021-05-23 14:31:55','2021-05-23 14:32:33',NULL),(1241,22,'10',55.94948306,-3.36350250,NULL,NULL,4,100,NULL,'2021-05-23 14:31:55','2021-05-23 14:32:33',NULL),(1242,22,'11',55.94969472,-3.36280972,NULL,NULL,4,100,NULL,'2021-05-23 14:31:55','2021-05-23 14:32:33',NULL),(1243,22,'12',55.94970000,-3.36207778,NULL,NULL,5,100,NULL,'2021-05-23 14:31:55','2021-05-23 14:32:33',NULL),(1244,22,'14',55.94989722,-3.36215000,NULL,NULL,4,100,NULL,'2021-05-23 14:31:55','2021-05-23 14:32:33',NULL),(1245,22,'15A',55.95011111,-3.36040000,NULL,NULL,3,100,NULL,'2021-05-23 14:31:55','2021-05-23 14:32:33',NULL),(1246,22,'15',55.95004444,-3.36107778,NULL,NULL,5,100,NULL,'2021-05-23 14:31:55','2021-05-23 14:32:33',NULL),(1247,22,'15B',55.95027500,-3.36111667,NULL,NULL,4,100,NULL,'2021-05-23 14:31:55','2021-05-23 14:32:33',NULL),(1248,22,'16A',55.94935556,-3.36007222,NULL,NULL,3,100,NULL,'2021-05-23 14:31:55','2021-05-23 14:32:33',NULL),(1249,22,'16',55.94947778,-3.36060833,NULL,NULL,5,100,NULL,'2021-05-23 14:31:55','2021-05-23 14:32:33',NULL),(1250,22,'16B',55.94963889,-3.36058056,NULL,NULL,4,100,NULL,'2021-05-23 14:31:55','2021-05-23 14:32:33',NULL),(1251,22,'17',55.94890000,-3.36030278,NULL,NULL,4,100,NULL,'2021-05-23 14:31:55','2021-05-23 14:32:33',NULL),(1252,22,'18',55.94868333,-3.36002778,NULL,NULL,5,100,NULL,'2021-05-23 14:31:55','2021-05-23 14:32:33',NULL),(1253,22,'19',55.94847222,-3.35952222,NULL,NULL,4,100,NULL,'2021-05-23 14:31:55','2021-05-23 14:32:33',NULL),(1254,22,'20',55.94840833,-3.35878333,NULL,NULL,3,100,NULL,'2021-05-23 14:31:55','2021-05-23 14:32:33',NULL),(1255,22,'21',55.94856667,-3.35877972,NULL,NULL,3,100,NULL,'2021-05-23 14:31:55','2021-05-23 14:32:33',NULL),(1256,22,'22',55.94861083,-3.35795583,NULL,NULL,3,100,NULL,'2021-05-23 14:31:55','2021-05-23 14:32:33',NULL),(1257,22,'23',55.94822694,-3.35775639,NULL,NULL,3,100,NULL,'2021-05-23 14:31:55','2021-05-23 14:32:33',NULL),(1258,22,'25',55.94806500,-3.35687639,NULL,NULL,3,100,NULL,'2021-05-23 14:31:55','2021-05-23 14:32:33',NULL),(1259,22,'26',55.94799778,-3.35608944,NULL,NULL,3,100,NULL,'2021-05-23 14:31:55','2021-05-23 14:32:33',NULL),(1260,22,'27',55.94778611,-3.35555861,NULL,NULL,3,100,NULL,'2021-05-23 14:31:55','2021-05-23 14:32:33',NULL),(1261,22,'28',55.94758194,-3.35493611,NULL,NULL,3,100,NULL,'2021-05-23 14:31:55','2021-05-23 14:32:33',NULL),(1262,22,'29',55.94738694,-3.35430639,NULL,NULL,3,100,NULL,'2021-05-23 14:31:55','2021-05-23 14:32:33',NULL),(1263,22,'30',55.94719417,-3.35367611,NULL,NULL,3,100,NULL,'2021-05-23 14:31:55','2021-05-23 14:32:33',NULL),(1264,22,'31',55.94711889,-3.35290861,NULL,NULL,3,100,NULL,'2021-05-23 14:31:55','2021-05-23 14:32:33',NULL),(1265,22,'32',55.94693611,-3.35240000,NULL,NULL,3,100,NULL,'2021-05-23 14:31:55','2021-05-23 14:32:33',NULL),(1266,22,'33',55.94634583,-3.35227444,NULL,NULL,3,100,NULL,'2021-05-23 14:31:55','2021-05-23 14:32:33',NULL),(1267,22,'34',55.94606500,-3.35255472,NULL,NULL,3,100,NULL,'2021-05-23 14:31:55','2021-05-23 14:32:33',NULL),(1268,22,'100',55.94616750,-3.36834806,NULL,NULL,3,100,NULL,'2021-05-23 14:31:55','2021-05-23 14:32:33',NULL),(1269,22,'102',55.94663528,-3.36836778,NULL,NULL,4,100,NULL,'2021-05-23 14:31:55','2021-05-23 14:32:33',NULL),(1270,22,'103',55.94702500,-3.36878611,NULL,NULL,5,100,NULL,'2021-05-23 14:31:55','2021-05-23 14:32:33',NULL),(1271,22,'104',55.94741944,-3.36895556,NULL,NULL,5,100,NULL,'2021-05-23 14:31:55','2021-05-23 14:32:33',NULL),(1272,22,'105',55.94781111,-3.36911111,NULL,NULL,4,100,NULL,'2021-05-23 14:31:55','2021-05-23 14:32:33',NULL),(1273,22,'106',55.94837778,-3.36925556,NULL,NULL,4,100,NULL,'2021-05-23 14:31:55','2021-05-23 14:32:33',NULL),(1274,22,'200',55.95243472,-3.35710861,NULL,3,3,100,NULL,'2021-05-23 14:31:55','2021-05-23 14:32:33',NULL),(1275,22,'201',55.95227111,-3.35659500,NULL,3,3,100,NULL,'2021-05-23 14:31:55','2021-05-23 14:32:33',NULL),(1276,22,'202',55.95210806,-3.35606028,NULL,3,3,100,NULL,'2021-05-23 14:31:55','2021-05-23 14:32:33',NULL),(1277,22,'203',55.95203861,-3.35539306,NULL,3,4,100,NULL,'2021-05-23 14:31:55','2021-05-23 14:32:33',NULL),(1278,22,'204',55.95185028,-3.35484028,NULL,3,4,100,NULL,'2021-05-23 14:31:55','2021-05-23 14:32:33',NULL),(1279,22,'205',55.95166250,-3.35424278,NULL,3,3,100,NULL,'2021-05-23 14:31:55','2021-05-23 14:32:33',NULL),(1280,22,'206',55.95143889,-3.35374417,NULL,3,3,100,NULL,'2021-05-23 14:31:55','2021-05-23 14:32:33',NULL),(1281,22,'207',55.95127083,-3.35321417,NULL,3,2,100,NULL,'2021-05-23 14:31:55','2021-05-23 14:32:33',NULL),(1282,22,'208',55.95105194,-3.35263639,NULL,3,3,100,NULL,'2021-05-23 14:31:55','2021-05-23 14:32:33',NULL),(1283,22,'210',55.95019500,-3.34849278,NULL,3,4,100,NULL,'2021-05-23 14:31:55','2021-05-23 14:32:33',NULL),(1284,22,'211',55.94993833,-3.34765028,NULL,3,4,100,NULL,'2021-05-23 14:31:55','2021-05-23 14:32:33',NULL),(1285,22,'212',55.94967028,-3.34678722,NULL,3,4,100,NULL,'2021-05-23 14:31:55','2021-05-23 14:32:33',NULL),(1286,22,'308',55.94547833,-3.35119972,NULL,NULL,4,100,NULL,'2021-05-23 14:31:55','2021-05-23 14:32:33',NULL),(1287,22,'309',55.94588889,-3.35040000,NULL,NULL,4,100,NULL,'2021-05-23 14:31:55','2021-05-23 14:32:33',NULL),(1288,22,'310',55.94610000,-3.34978333,NULL,NULL,4,100,NULL,'2021-05-23 14:31:55','2021-05-23 14:32:33',NULL),(1289,22,'310R',55.94606389,-3.34991389,NULL,NULL,3,100,NULL,'2021-05-23 14:31:55','2021-05-23 14:32:33',NULL),(1290,22,'311L',55.94640000,-3.34892778,NULL,NULL,3,100,NULL,'2021-05-23 14:31:55','2021-05-23 14:32:33',NULL),(1291,22,'311',55.94630833,-3.34916389,NULL,NULL,4,100,NULL,'2021-05-23 14:31:55','2021-05-23 14:32:33',NULL),(1292,22,'311R',55.94623056,-3.34942222,NULL,NULL,3,100,NULL,'2021-05-23 14:31:55','2021-05-23 14:32:33',NULL),(1293,22,'312L',55.94656667,-3.34843333,NULL,NULL,3,100,NULL,'2021-05-23 14:31:55','2021-05-23 14:32:33',NULL),(1294,22,'312',55.94651667,-3.34855000,NULL,NULL,3,100,NULL,'2021-05-23 14:31:55','2021-05-23 14:32:33',NULL),(1295,22,'313',55.94672500,-3.34793333,NULL,NULL,3,100,NULL,'2021-05-23 14:31:55','2021-05-23 14:32:33',NULL),(1296,22,'314',55.94693333,-3.34731667,NULL,NULL,3,100,NULL,'2021-05-23 14:31:55','2021-05-23 14:32:33',NULL),(1297,22,'315',55.94714444,-3.34670000,NULL,NULL,3,100,NULL,'2021-05-23 14:31:55','2021-05-23 14:32:33',NULL),(1298,22,'316',55.94735278,-3.34608333,NULL,NULL,3,100,NULL,'2021-05-23 14:31:55','2021-05-23 14:32:33',NULL),(1299,22,'317',55.94750361,-3.34558333,NULL,NULL,3,100,NULL,'2021-05-23 14:31:55','2021-05-23 14:32:33',NULL),(1300,22,'317A',55.94771194,-3.34494611,NULL,NULL,3,100,NULL,'2021-05-23 14:31:55','2021-05-23 14:32:33',NULL),(1302,24,'1A',55.50980556,-4.61130556,NULL,NULL,4,100,NULL,'2021-05-23 14:31:55','2021-05-23 14:32:33',NULL),(1303,24,'1',55.51008889,-4.61089167,NULL,NULL,3,100,NULL,'2021-05-23 14:31:55','2021-05-23 14:32:33',NULL),(1304,24,'2',55.51029722,-4.61019722,NULL,NULL,4,100,NULL,'2021-05-23 14:31:55','2021-05-23 14:32:33',NULL),(1305,24,'3',55.51066667,-4.60994444,NULL,NULL,3,100,NULL,'2021-05-23 14:31:55','2021-05-23 14:32:33',NULL),(1306,24,'4',55.51093333,-4.60926944,NULL,NULL,5,100,NULL,'2021-05-23 14:31:55','2021-05-23 14:32:33',NULL),(1307,24,'5',55.51146667,-4.60905833,NULL,NULL,3,100,NULL,'2021-05-23 14:31:55','2021-05-23 14:32:33',NULL),(1308,24,'6',55.51192500,-4.61116944,NULL,NULL,5,100,NULL,'2021-05-23 14:31:55','2021-05-23 14:32:33',NULL),(1309,24,'7',55.51052778,-4.60721389,NULL,NULL,3,100,NULL,'2021-05-23 14:31:55','2021-05-23 14:32:33',NULL),(1310,24,'8',55.50936944,-4.60758611,NULL,NULL,5,100,NULL,'2021-05-23 14:31:55','2021-05-23 14:32:33',NULL),(1311,24,'9',55.50951111,-4.60907222,NULL,NULL,2,100,NULL,'2021-05-23 14:31:55','2021-05-23 14:32:33',NULL),(1312,24,'10',55.50997778,-4.60912500,NULL,NULL,2,100,NULL,'2021-05-23 14:31:55','2021-05-23 14:32:33',NULL),(1313,24,'11',55.51062222,-4.60862222,NULL,NULL,2,100,NULL,'2021-05-23 14:31:55','2021-05-23 14:32:33',NULL),(1314,49,'1',56.45379500,-3.01659889,NULL,NULL,2,100,NULL,'2021-05-23 14:31:55','2021-05-23 14:32:33',NULL),(1315,49,'2',56.45379500,-3.01618306,NULL,NULL,2,100,NULL,'2021-05-23 14:31:55','2021-05-23 14:32:33',NULL),(1323,27,'1',52.67020833,1.27731389,NULL,NULL,3,100,NULL,'2021-05-23 14:31:55','2021-05-23 14:32:33',NULL),(1324,27,'2',52.66999500,1.27783583,NULL,NULL,3,100,NULL,'2021-05-23 14:31:55','2021-05-23 14:32:33',NULL),(1325,27,'3',52.66976944,1.27833333,NULL,NULL,3,100,NULL,'2021-05-23 14:31:55','2021-05-23 14:32:33',NULL),(1326,27,'4',52.66960278,1.27895278,NULL,NULL,3,100,NULL,'2021-05-23 14:31:55','2021-05-23 14:32:33',NULL),(1327,27,'5',52.66951111,1.27959722,NULL,NULL,5,100,NULL,'2021-05-23 14:31:55','2021-05-23 14:32:33',NULL),(1328,27,'6',52.66950000,1.28028333,NULL,NULL,5,100,NULL,'2021-05-23 14:31:55','2021-05-23 14:32:33',NULL),(1329,27,'7',52.67111111,1.27916667,NULL,NULL,3,100,NULL,'2021-05-23 14:31:55','2021-05-23 14:32:33',NULL),(1330,27,'9',52.67171944,1.28457778,NULL,NULL,3,100,NULL,'2021-05-23 14:31:55','2021-05-23 14:32:33',NULL),(1331,5,'1',51.88663694,0.25331194,NULL,3,5,101,NULL,'2021-05-23 14:31:55','2021-05-23 14:32:33',NULL),(1332,5,'2',51.88705750,0.25253278,NULL,3,5,100,NULL,'2021-05-23 14:31:55','2021-05-23 14:32:33',NULL),(1333,5,'3',51.88740333,0.25193083,NULL,3,4,100,NULL,'2021-05-23 14:31:55','2021-05-23 14:32:33',NULL),(1334,5,'4',51.88754972,0.25167389,NULL,3,5,100,NULL,'2021-05-23 14:31:55','2021-05-23 14:32:33',NULL),(1335,5,'5',51.88779167,0.25125333,NULL,3,4,100,NULL,'2021-05-23 14:31:55','2021-05-23 14:32:33',NULL),(1336,5,'6',51.88793000,0.25100556,NULL,3,6,100,NULL,'2021-05-23 14:31:55','2022-07-30 16:23:16',NULL),(1337,5,'7',51.88799917,0.25088611,NULL,3,5,100,NULL,'2021-05-23 14:31:55','2021-05-23 14:32:33',NULL),(1338,5,'8',51.88807917,0.25075750,NULL,3,4,100,NULL,'2021-05-23 14:31:55','2021-05-23 14:32:33',NULL),(1339,5,'9',51.88851278,0.24998722,NULL,3,6,101,NULL,'2021-05-23 14:31:55','2021-05-23 14:32:33',NULL),(1340,5,'10',51.88737778,0.25476389,NULL,NULL,3,100,NULL,'2021-05-23 14:31:55','2021-05-23 14:32:33',NULL),(1341,5,'11',51.88781389,0.25400556,NULL,NULL,5,5,NULL,'2021-05-23 14:31:55','2022-07-30 16:23:16',NULL),(1342,5,'12',51.88827778,0.25319722,NULL,NULL,5,5,NULL,'2021-05-23 14:31:55','2022-07-30 16:23:16',NULL),(1343,5,'13',51.88878611,0.25231389,NULL,NULL,5,5,NULL,'2021-05-23 14:31:55','2022-07-30 16:23:16',NULL),(1344,5,'14',51.88914444,0.25168611,NULL,NULL,3,100,NULL,'2021-05-23 14:31:55','2021-05-23 14:32:33',NULL),(1345,5,'15',51.88955000,0.25098333,NULL,NULL,4,5,NULL,'2021-05-23 14:31:55','2022-01-03 13:49:14',NULL),(1346,5,'20',51.88924167,0.25623611,NULL,NULL,3,100,NULL,'2021-05-23 14:31:55','2021-05-23 14:32:33',NULL),(1347,5,'21',51.88956944,0.25566389,NULL,NULL,3,100,NULL,'2021-05-23 14:31:55','2021-05-23 14:32:33',NULL),(1348,5,'22',51.88994444,0.25501667,NULL,NULL,4,5,NULL,'2021-05-23 14:31:55','2022-01-03 13:49:14',NULL),(1349,5,'23',51.89036389,0.25428611,NULL,NULL,5,5,NULL,'2021-05-23 14:31:55','2022-01-03 13:49:14',NULL),(1350,5,'24',51.89083056,0.25347778,NULL,NULL,5,5,NULL,'2021-05-23 14:31:55','2022-01-03 13:49:14',NULL),(1351,5,'25L',51.89082306,0.25219861,NULL,NULL,3,100,NULL,'2021-05-23 14:31:55','2021-05-23 14:32:33',NULL),(1352,5,'25R',51.89043417,0.25161389,NULL,NULL,3,100,NULL,'2021-05-23 14:31:55','2021-05-23 14:32:33',NULL),(1353,5,'30',51.88983056,0.25715000,NULL,NULL,3,100,NULL,'2021-05-23 14:31:55','2021-05-23 14:32:33',NULL),(1354,5,'31',51.89008611,0.25670278,NULL,NULL,3,100,NULL,'2021-05-23 14:31:55','2021-05-23 14:32:33',NULL),(1355,5,'32',51.89049722,0.25599167,NULL,NULL,5,5,NULL,'2021-05-23 14:31:55','2022-01-03 13:49:14',NULL),(1356,5,'33',51.89133944,0.25565611,NULL,NULL,5,5,NULL,'2021-05-23 14:31:55','2022-01-03 13:49:14',NULL),(1357,5,'33R',51.89085306,0.25533333,NULL,NULL,3,100,NULL,'2021-05-23 14:31:55','2021-05-23 14:32:33',NULL),(1358,5,'33L',51.89126417,0.25515917,NULL,NULL,3,100,NULL,'2021-05-23 14:31:55','2021-05-23 14:32:33',NULL),(1359,5,'34',51.89176722,0.25487917,NULL,NULL,5,5,NULL,'2021-05-23 14:31:55','2022-01-03 13:49:14',NULL),(1360,5,'34R',51.89133139,0.25447500,NULL,NULL,3,100,NULL,'2021-05-23 14:31:55','2021-05-23 14:32:33',NULL),(1361,5,'34L',51.89170528,0.25417639,NULL,NULL,3,100,NULL,'2021-05-23 14:31:55','2021-05-23 14:32:33',NULL),(1362,5,'40',51.89112222,0.25914167,NULL,NULL,3,100,NULL,'2021-05-23 14:31:55','2021-05-23 14:32:33',NULL),(1363,5,'41',51.89141111,0.25863889,NULL,NULL,3,100,NULL,'2021-05-23 14:31:55','2021-05-23 14:32:33',NULL),(1364,5,'42',51.89180556,0.25795278,NULL,NULL,5,101,NULL,'2021-05-23 14:31:55','2021-05-23 14:32:33',NULL),(1365,5,'43',51.89226944,0.25714444,NULL,NULL,5,5,NULL,'2021-05-23 14:31:55','2022-01-03 13:49:14',NULL),(1366,5,'44',51.89273333,0.25633611,NULL,NULL,5,5,NULL,'2021-05-23 14:31:55','2022-01-03 13:49:14',NULL),(1367,5,'45L',51.89269111,0.25498917,NULL,NULL,3,100,NULL,'2021-05-23 14:31:55','2021-05-23 14:32:33',NULL),(1368,5,'45R',51.89225083,0.25431417,NULL,NULL,3,100,NULL,'2021-05-23 14:31:55','2021-05-23 14:32:33',NULL),(1369,5,'50',51.89180000,0.25989722,NULL,NULL,5,5,NULL,'2021-05-23 14:31:55','2022-01-03 13:49:14',NULL),(1370,5,'51',51.89230278,0.25901944,NULL,NULL,5,5,NULL,'2021-05-23 14:31:55','2022-01-03 13:49:14',NULL),(1371,5,'52',51.89280833,0.25814167,NULL,NULL,5,5,NULL,'2021-05-23 14:31:55','2022-01-03 13:49:14',NULL),(1372,5,'53',51.89331389,0.25726389,NULL,NULL,3,5,NULL,'2021-05-23 14:31:55','2022-01-03 13:49:14',NULL),(1373,5,'61',51.89304722,0.26187500,NULL,NULL,5,5,NULL,'2021-05-23 14:31:55','2022-01-03 13:49:14',NULL),(1374,5,'62',51.89356667,0.26096944,NULL,NULL,5,5,NULL,'2021-05-23 14:31:55','2022-01-03 13:49:14',NULL),(1375,5,'63',51.89408333,0.26007500,NULL,NULL,3,5,NULL,'2021-05-23 14:31:55','2022-01-03 13:49:14',NULL),(1376,5,'64',51.89459167,0.25918889,NULL,NULL,3,101,NULL,'2021-05-23 14:31:55','2021-05-23 14:32:33',NULL),(1377,5,'65R',51.89413139,0.25729444,NULL,NULL,3,100,NULL,'2021-05-23 14:31:55','2021-05-23 14:32:33',NULL),(1378,5,'65L',51.89455250,0.25793444,NULL,NULL,3,100,NULL,'2021-05-23 14:31:55','2021-05-23 14:32:33',NULL),(1379,5,'70',51.89341389,0.26248056,NULL,NULL,5,100,NULL,'2021-05-23 14:31:55','2021-05-23 14:32:33',NULL),(1380,5,'71',51.89393333,0.26157778,NULL,NULL,5,100,NULL,'2021-05-23 14:31:55','2021-05-23 14:32:33',NULL),(1381,5,'72',51.89444722,0.26068056,NULL,NULL,5,100,NULL,'2021-05-23 14:31:55','2021-05-23 14:32:33',NULL),(1382,5,'73',51.89495556,0.25980000,NULL,NULL,3,100,NULL,'2021-05-23 14:31:55','2021-05-23 14:32:33',NULL),(1383,5,'74',51.89539722,0.25903056,NULL,NULL,3,100,NULL,'2021-05-23 14:31:55','2021-05-23 14:32:33',NULL),(1384,5,'81L',51.89485139,0.26536111,NULL,1,3,100,NULL,'2021-05-23 14:31:55','2021-05-23 14:32:33',NULL),(1385,5,'81R',51.89512556,0.26486306,NULL,1,3,100,NULL,'2021-05-23 14:31:55','2021-05-23 14:32:33',NULL),(1386,5,'82L',51.89541194,0.26438333,NULL,1,3,100,NULL,'2021-05-23 14:31:55','2021-05-23 14:32:33',NULL),(1387,5,'82R',51.89563667,0.26397500,NULL,1,3,100,NULL,'2021-05-23 14:31:55','2021-05-23 14:32:33',NULL),(1388,5,'83L',51.89597222,0.26338889,NULL,1,3,100,NULL,'2021-05-23 14:31:55','2021-05-23 14:32:33',NULL),(1389,5,'83R',51.89624167,0.26292222,NULL,1,3,100,NULL,'2021-05-23 14:31:55','2021-05-23 14:32:33',NULL),(1390,5,'84L',51.89651667,0.26244167,NULL,1,3,100,NULL,'2021-05-23 14:31:55','2021-05-23 14:32:33',NULL),(1391,5,'84R',51.89678611,0.26197778,NULL,1,3,100,NULL,'2021-05-23 14:31:55','2021-05-23 14:32:33',NULL),(1392,5,'85L',51.89652778,0.26077500,NULL,1,3,100,NULL,'2021-05-23 14:31:55','2021-05-23 14:32:33',NULL),(1393,5,'85R',51.89606667,0.26008056,NULL,1,3,100,NULL,'2021-05-23 14:31:55','2021-05-23 14:32:33',NULL),(1394,5,'90L',51.89572167,0.26590028,NULL,NULL,3,100,NULL,'2021-05-23 14:31:55','2021-05-23 14:32:33',NULL),(1395,5,'90R',51.89546944,0.26635833,NULL,NULL,3,100,NULL,'2021-05-23 14:31:55','2021-05-23 14:32:33',NULL),(1396,5,'91L',51.89622500,0.26492667,NULL,NULL,3,100,NULL,'2021-05-23 14:31:55','2021-05-23 14:32:33',NULL),(1397,5,'91R',51.89600111,0.26537333,NULL,NULL,3,100,NULL,'2021-05-23 14:31:55','2021-05-23 14:32:33',NULL),(1398,5,'92L',51.89680778,0.26389917,NULL,NULL,3,100,NULL,'2021-05-23 14:31:55','2021-05-23 14:32:33',NULL),(1399,5,'92R',51.89652583,0.26439111,NULL,NULL,3,100,NULL,'2021-05-23 14:31:55','2021-05-23 14:32:33',NULL),(1400,5,'93L',51.89736722,0.26290556,NULL,NULL,3,100,NULL,'2021-05-23 14:31:55','2021-05-23 14:32:33',NULL),(1401,5,'93R',51.89708694,0.26340306,NULL,NULL,3,100,NULL,'2021-05-23 14:31:55','2021-05-23 14:32:33',NULL),(1402,5,'204',51.88404722,0.24492222,NULL,3,6,100,NULL,'2021-05-23 14:31:55','2021-05-23 14:32:33',NULL),(1403,5,'205',51.88456389,0.24401667,NULL,3,6,100,NULL,'2021-05-23 14:31:55','2021-05-23 14:32:33',NULL),(1404,5,'213',51.88472500,0.24596389,NULL,3,6,100,NULL,'2021-05-23 14:31:55','2021-05-23 14:32:33',NULL),(1405,5,'214',51.88524722,0.24505556,NULL,3,5,100,NULL,'2021-05-23 14:31:55','2022-07-30 16:23:16',NULL),(1424,25,'2',50.73167778,-3.41679167,NULL,NULL,2,100,19,'2021-05-23 14:31:55','2021-05-23 14:32:33',NULL),(1425,25,'2A',50.73176111,-3.41674444,NULL,NULL,3,100,27,'2021-05-23 14:31:55','2021-05-23 14:32:33',NULL),(1426,25,'3',50.73148056,-3.41720000,NULL,NULL,3,100,28,'2021-05-23 14:31:55','2021-05-23 14:32:33',NULL),(1427,25,'4',50.73122222,-3.41761667,NULL,NULL,3,100,32,'2021-05-23 14:31:55','2021-05-23 14:32:33',NULL),(1428,25,'5',50.73093056,-3.41806944,NULL,NULL,4,100,2,'2021-05-23 14:31:55','2021-05-23 14:32:33',NULL),(1429,25,'6',50.73065000,-3.41854444,NULL,NULL,4,100,2,'2021-05-23 14:31:55','2021-05-23 14:32:33',NULL),(1430,25,'7',50.73064167,-3.41865556,NULL,NULL,5,100,NULL,'2021-05-23 14:31:55','2021-05-23 14:32:33',NULL),(1431,25,'8',50.73046944,-3.41915278,NULL,NULL,3,100,NULL,'2021-05-23 14:31:55','2021-05-23 14:32:33',NULL),(1432,25,'9',50.73039444,-3.41989444,NULL,NULL,3,100,27,'2021-05-23 14:31:55','2021-05-23 14:32:33',NULL),(1433,25,'10',50.73025833,-3.42041389,NULL,NULL,3,100,27,'2021-05-23 14:31:55','2021-05-23 14:32:33',NULL),(1434,25,'10L',50.73031111,-3.42012778,NULL,NULL,3,100,NULL,'2021-05-23 14:31:55','2021-05-23 14:32:33',NULL),(1435,25,'11',50.73039722,-3.41979444,NULL,NULL,5,100,NULL,'2021-05-23 14:31:55','2021-05-23 14:32:33',NULL),(1436,7,'1',51.83188333,-1.31655000,NULL,NULL,1,100,NULL,'2021-05-23 14:31:55','2021-05-23 14:32:33',NULL),(1437,7,'2',51.83180833,-1.31692222,NULL,NULL,1,100,NULL,'2021-05-23 14:31:55','2021-05-23 14:32:33',NULL),(1438,7,'3',51.83199444,-1.31663611,NULL,NULL,1,100,NULL,'2021-05-23 14:31:55','2021-05-23 14:32:33',NULL),(1439,7,'4',51.83192222,-1.31701111,NULL,NULL,1,100,NULL,'2021-05-23 14:31:55','2021-05-23 14:32:33',NULL),(1440,7,'5',51.83210556,-1.31672500,NULL,NULL,1,100,NULL,'2021-05-23 14:31:55','2021-05-23 14:32:33',NULL),(1441,7,'6',51.83203611,-1.31710278,NULL,NULL,1,100,NULL,'2021-05-23 14:31:55','2021-05-23 14:32:33',NULL),(1442,7,'7',51.83221667,-1.31681389,NULL,NULL,1,100,NULL,'2021-05-23 14:31:55','2021-05-23 14:32:33',NULL),(1443,7,'8',51.83214722,-1.31719167,NULL,NULL,1,100,NULL,'2021-05-23 14:31:55','2021-05-23 14:32:33',NULL),(1444,7,'9',51.83232778,-1.31690278,NULL,NULL,1,100,NULL,'2021-05-23 14:31:55','2021-05-23 14:32:33',NULL),(1445,7,'10',51.83226111,-1.31728056,NULL,NULL,1,100,NULL,'2021-05-23 14:31:55','2021-05-23 14:32:33',NULL),(1446,7,'11',51.83245000,-1.31698889,NULL,NULL,1,100,NULL,'2021-05-23 14:31:55','2021-05-23 14:32:33',NULL),(1447,7,'12',51.83239167,-1.31737778,NULL,NULL,1,100,NULL,'2021-05-23 14:31:55','2021-05-23 14:32:33',NULL),(1448,7,'13',51.83257778,-1.31704167,NULL,NULL,1,100,NULL,'2021-05-23 14:31:55','2021-05-23 14:32:33',NULL),(1449,7,'14',51.83253611,-1.31742500,NULL,NULL,1,100,NULL,'2021-05-23 14:31:55','2021-05-23 14:32:33',NULL),(1450,7,'15',51.83270833,-1.31707500,NULL,NULL,1,100,NULL,'2021-05-23 14:31:55','2021-05-23 14:32:33',NULL),(1451,7,'16',51.83267500,-1.31745833,NULL,NULL,1,100,NULL,'2021-05-23 14:31:55','2021-05-23 14:32:33',NULL),(1452,7,'17',51.83283611,-1.31708889,NULL,NULL,1,100,NULL,'2021-05-23 14:31:55','2021-05-23 14:32:33',NULL),(1453,7,'18',51.83281111,-1.31747778,NULL,NULL,3,100,NULL,'2021-05-23 14:31:55','2021-05-23 14:32:33',NULL),(1454,7,'19',51.83296389,-1.31709167,NULL,NULL,1,100,NULL,'2021-05-23 14:31:55','2021-05-23 14:32:33',NULL),(1455,7,'20',51.83294444,-1.31748333,NULL,NULL,1,100,NULL,'2021-05-23 14:31:55','2021-05-23 14:32:33',NULL),(1456,7,'21',51.83422778,-1.31617778,NULL,NULL,3,100,NULL,'2021-05-23 14:31:55','2021-05-23 14:32:33',NULL),(1457,40,'1',53.77649722,-3.04303611,NULL,NULL,2,100,NULL,'2021-05-23 14:31:55','2021-05-23 14:32:33',NULL),(1458,40,'2',53.77760278,-3.04260000,NULL,NULL,3,100,NULL,'2021-05-23 14:31:55','2021-05-23 14:32:33',NULL),(1459,40,'3',53.77771944,-3.04195278,NULL,NULL,3,100,NULL,'2021-05-23 14:31:55','2021-05-23 14:32:33',NULL),(1460,40,'4',53.77783611,-3.04131667,NULL,NULL,3,100,NULL,'2021-05-23 14:31:55','2021-05-23 14:32:33',NULL),(1461,43,'1L',54.51053972,-1.43537389,NULL,NULL,3,100,29,'2021-05-23 14:31:55','2021-05-23 14:32:33',NULL),(1462,43,'1',54.51059694,-1.43517861,NULL,NULL,5,100,NULL,'2021-05-23 14:31:55','2021-05-23 14:32:33',NULL),(1463,43,'1R',54.51066167,-1.43499750,NULL,NULL,4,100,2,'2021-05-23 14:31:55','2021-05-23 14:32:33',NULL),(1464,43,'2',54.51087417,-1.43442889,NULL,NULL,4,100,2,'2021-05-23 14:31:55','2021-05-23 14:32:33',NULL),(1465,43,'3',54.51113750,-1.43359778,NULL,NULL,3,100,29,'2021-05-23 14:31:55','2021-05-23 14:32:33',NULL),(1466,43,'4',54.51136306,-1.43289694,NULL,NULL,4,100,2,'2021-05-23 14:31:55','2021-05-23 14:32:33',NULL),(1467,43,'5',54.51160361,-1.43223750,NULL,NULL,3,100,29,'2021-05-23 14:31:55','2021-05-23 14:32:33',NULL),(1468,43,'5R',54.51186472,-1.43147278,NULL,NULL,3,100,50,'2021-05-23 14:31:55','2021-05-23 14:32:33',NULL),(1469,43,'6',54.51140028,-1.42968222,NULL,NULL,1,100,NULL,'2021-05-23 14:31:55','2021-05-23 14:32:33',NULL),(1470,43,'7',54.51164278,-1.42896944,NULL,NULL,1,100,NULL,'2021-05-23 14:31:55','2021-05-23 14:32:33',NULL),(1471,43,'8',54.51190944,-1.42828556,NULL,NULL,1,100,NULL,'2021-05-23 14:31:55','2021-05-23 14:32:33',NULL),(1472,43,'9',54.51213361,-1.42762472,NULL,NULL,1,100,NULL,'2021-05-23 14:31:55','2021-05-23 14:32:33',NULL),(1473,43,'11',54.51492194,-1.42470889,NULL,NULL,1,100,NULL,'2021-05-23 14:31:55','2021-05-23 14:32:33',NULL),(1474,43,'12',54.51561417,-1.42453694,NULL,NULL,1,100,NULL,'2021-05-23 14:31:55','2021-05-23 14:32:33',NULL),(1475,43,'13',54.51625472,-1.42447167,NULL,NULL,1,100,NULL,'2021-05-23 14:31:55','2021-05-23 14:32:33',NULL),(1476,45,'3',59.87669917,-1.28891028,NULL,NULL,2,100,NULL,'2021-05-23 14:31:55','2021-05-23 14:32:33',NULL),(1477,45,'4',59.87689778,-1.28835139,NULL,NULL,2,100,NULL,'2021-05-23 14:31:55','2021-05-23 14:32:33',NULL),(1478,45,'5',59.87708528,-1.28776111,NULL,NULL,2,100,NULL,'2021-05-23 14:31:55','2021-05-23 14:32:33',NULL),(1479,45,'6',59.87725250,-1.28716806,NULL,NULL,2,100,NULL,'2021-05-23 14:31:55','2021-05-23 14:32:33',NULL),(1480,45,'7',59.87747750,-1.28658972,NULL,NULL,2,100,NULL,'2021-05-23 14:31:55','2021-05-23 14:32:33',NULL),(1481,45,'8',59.87766111,-1.28603000,NULL,NULL,2,100,NULL,'2021-05-23 14:31:55','2021-05-23 14:32:33',NULL),(1482,45,'9',59.87790083,-1.28546778,NULL,NULL,2,100,NULL,'2021-05-23 14:31:55','2021-05-23 14:32:33',NULL),(1483,45,'10',59.87807722,-1.28487472,NULL,NULL,2,100,NULL,'2021-05-23 14:31:55','2021-05-23 14:32:33',NULL),(1484,45,'11',59.87833139,-1.28435278,NULL,NULL,2,100,NULL,'2021-05-23 14:31:55','2021-05-23 14:32:33',NULL),(1485,45,'20',59.87714556,-1.29027389,NULL,NULL,2,100,NULL,'2021-05-23 14:31:55','2021-05-23 14:32:33',NULL),(1486,45,'21',59.87741250,-1.29074250,NULL,NULL,2,100,NULL,'2021-05-23 14:31:55','2021-05-23 14:32:33',NULL),(1487,45,'22',59.87775222,-1.29121111,NULL,NULL,2,100,NULL,'2021-05-23 14:31:55','2021-05-23 14:32:33',NULL),(1488,45,'23',59.87807139,-1.29163583,NULL,NULL,2,100,NULL,'2021-05-23 14:31:55','2021-05-23 14:32:33',NULL),(1489,45,'24',59.87837639,-1.29208806,NULL,NULL,2,100,NULL,'2021-05-23 14:31:55','2021-05-23 14:32:33',NULL),(1490,45,'25',59.87868861,-1.29257000,NULL,NULL,2,100,NULL,'2021-05-23 14:31:55','2021-05-23 14:32:33',NULL),(1491,45,'26',59.87897972,-1.29300944,NULL,NULL,2,100,NULL,'2021-05-23 14:31:55','2021-05-23 14:32:33',NULL),(1492,45,'27',59.87932083,-1.29342111,NULL,NULL,2,100,NULL,'2021-05-23 14:31:55','2021-05-23 14:32:33',NULL),(1493,45,'28',59.87966111,-1.29303750,NULL,NULL,2,100,NULL,'2021-05-23 14:31:55','2021-05-23 14:32:33',NULL),(1494,45,'29',59.87994472,-1.29254222,NULL,NULL,2,100,NULL,'2021-05-23 14:31:55','2021-05-23 14:32:33',NULL),(1495,19,'1',50.77916667,-1.83361111,NULL,NULL,3,100,NULL,'2021-05-23 14:31:55','2021-05-23 14:32:33',NULL),(1496,19,'1R',50.77888889,-1.83333333,NULL,NULL,4,100,NULL,'2021-05-23 14:31:55','2021-05-23 14:32:33',NULL),(1497,19,'2',50.77861111,-1.83361111,NULL,NULL,3,100,NULL,'2021-05-23 14:31:55','2021-05-23 14:32:33',NULL),(1498,19,'3',50.77833333,-1.83361111,NULL,NULL,3,100,NULL,'2021-05-23 14:31:55','2021-05-23 14:32:33',NULL),(1499,19,'3R',50.77805556,-1.83333333,NULL,NULL,4,100,NULL,'2021-05-23 14:31:55','2021-05-23 14:32:33',NULL),(1500,19,'4',50.77805556,-1.83333333,NULL,NULL,3,100,NULL,'2021-05-23 14:31:55','2021-05-23 14:32:33',NULL),(1501,19,'5',50.77750000,-1.83333333,NULL,NULL,3,100,NULL,'2021-05-23 14:31:55','2021-05-23 14:32:33',NULL),(1502,19,'6',50.77722222,-1.83333333,NULL,NULL,3,100,NULL,'2021-05-23 14:31:55','2021-05-23 14:32:33',NULL),(1503,19,'7',50.77805556,-1.83555556,NULL,NULL,3,100,NULL,'2021-05-23 14:31:55','2021-05-23 14:32:33',NULL),(1504,19,'8',50.77750000,-1.83555556,NULL,NULL,3,100,NULL,'2021-05-23 14:31:55','2021-05-23 14:32:33',NULL),(1505,19,'9',50.77722222,-1.83555556,NULL,NULL,3,100,NULL,'2021-05-23 14:31:55','2021-05-23 14:32:33',NULL),(1506,19,'10',50.77694444,-1.83555556,NULL,NULL,3,100,NULL,'2021-05-23 14:31:55','2021-05-23 14:32:33',NULL),(1507,19,'11',50.77638889,-1.83555556,NULL,NULL,3,100,NULL,'2021-05-23 14:31:55','2021-05-23 14:32:33',NULL),(1508,20,'57L',52.45422778,-1.73472222,NULL,NULL,5,100,NULL,'2021-05-23 14:31:56','2021-05-23 14:32:33',NULL),(1509,20,'501',52.45032500,-1.74838056,NULL,3,5,100,NULL,'2021-05-23 14:31:56','2021-05-23 14:32:33',NULL),(1510,20,'502A',52.45085833,-1.74975833,NULL,3,5,100,NULL,'2021-05-23 14:31:56','2021-05-23 14:32:33',NULL),(1511,20,'502B',52.45122778,-1.74941389,NULL,3,5,100,NULL,'2021-05-23 14:31:56','2021-05-23 14:32:33',NULL),(1512,20,'502C',52.45071389,-1.74937500,NULL,3,5,100,NULL,'2021-05-23 14:31:56','2021-05-23 14:32:33',NULL),(1513,20,'502D',52.45081389,-1.74927778,NULL,3,5,100,NULL,'2021-05-23 14:31:56','2021-05-23 14:32:33',NULL),(1514,20,'503',52.45105000,-1.75063889,NULL,3,5,100,NULL,'2021-05-23 14:31:56','2021-05-23 14:32:33',NULL),(1515,20,'504C',52.45025000,-1.75174722,NULL,3,5,100,NULL,'2021-05-23 14:31:56','2021-05-23 14:32:33',NULL),(1516,20,'504L',52.45031944,-1.75151667,NULL,3,5,100,NULL,'2021-05-23 14:31:56','2021-05-23 14:32:33',NULL),(1517,20,'504R',52.45079722,-1.75230278,NULL,3,5,100,NULL,'2021-05-23 14:31:56','2021-05-23 14:32:33',NULL),(1518,12,'701',53.48361944,-1.00813611,NULL,NULL,2,100,NULL,'2021-05-23 14:31:56','2021-05-23 14:32:33',NULL),(1519,12,'702',53.48355000,-1.00835833,NULL,NULL,2,100,NULL,'2021-05-23 14:31:56','2021-05-23 14:32:33',NULL),(1520,12,'703',53.48347778,-1.00859722,NULL,NULL,2,100,NULL,'2021-05-23 14:31:56','2021-05-23 14:32:33',NULL),(1521,16,'3R',51.38565000,-2.71015556,NULL,NULL,4,100,2,'2021-05-23 14:31:56','2022-07-30 16:23:29','2022-07-30 16:23:29'),(1522,10,'12A',53.33647222,-2.86277222,NULL,NULL,5,100,NULL,'2021-05-23 14:31:56','2022-07-30 16:23:33','2022-07-30 16:23:33'),(1523,10,'14A',53.33650278,-2.86335000,NULL,NULL,5,100,NULL,'2021-05-23 14:31:56','2021-05-23 14:32:33',NULL),(1524,10,'32R',53.33574444,-2.85398056,NULL,NULL,3,100,NULL,'2021-05-23 14:31:56','2021-05-23 14:32:33',NULL),(1525,1,'144R',51.15282778,-0.17861944,NULL,NULL,3,50,11,'2021-05-23 14:31:56','2021-05-23 14:32:33',NULL),(1526,1,'172R',51.15291944,-0.18810000,NULL,NULL,3,100,9,'2021-05-23 14:31:56','2021-05-23 14:32:33',NULL),(1527,1,'176R',51.15425000,-0.18856389,NULL,NULL,3,100,9,'2021-05-23 14:31:56','2021-05-23 14:32:33',NULL),(1528,22,'2A',55.94701111,-3.36576389,NULL,NULL,5,100,NULL,'2021-05-23 14:31:56','2021-05-23 14:32:33',NULL),(1529,22,'3A',55.94754444,-3.36595278,NULL,NULL,4,100,NULL,'2021-05-23 14:31:56','2021-05-23 14:32:33',NULL),(1530,22,'4A',55.94787778,-3.36586944,NULL,NULL,5,100,NULL,'2021-05-23 14:31:56','2021-05-23 14:32:33',NULL),(1531,22,'9A',55.94912778,-3.36430833,NULL,NULL,3,100,NULL,'2021-05-23 14:31:56','2022-01-03 13:49:21','2022-01-03 13:49:21'),(1532,22,'10A',55.94921111,-3.36344444,NULL,NULL,5,100,NULL,'2021-05-23 14:31:56','2022-01-03 13:49:21','2022-01-03 13:49:21'),(1533,22,'24',55.94803333,-3.35755556,NULL,NULL,3,100,NULL,'2021-05-23 14:31:56','2021-05-23 14:32:33',NULL),(1534,22,'99',55.94594444,-3.36847222,NULL,NULL,2,100,NULL,'2021-05-23 14:31:56','2021-05-23 14:32:33',NULL),(1535,22,'101',55.94620000,-3.36847778,NULL,NULL,2,100,NULL,'2021-05-23 14:31:56','2021-05-23 14:32:33',NULL),(1536,22,'209',55.95121389,-3.35243333,NULL,3,3,100,NULL,'2021-05-23 14:31:56','2022-01-03 13:49:21','2022-01-03 13:49:21'),(1537,2,'243L',51.46996667,-0.44201944,9,NULL,3,100,NULL,'2021-05-23 14:31:56','2021-05-23 14:32:33',NULL),(1538,2,'303L',51.46838333,-0.45605000,10,NULL,3,100,NULL,'2021-05-23 14:31:56','2021-05-23 14:32:33',NULL),(1539,2,'303R',51.46865278,-0.45545833,10,NULL,3,100,NULL,'2021-05-23 14:31:56','2021-05-23 14:32:33',NULL),(1540,2,'305L',51.46838056,-0.45733333,10,NULL,3,100,NULL,'2021-05-23 14:31:56','2021-05-23 14:32:33',NULL),(1541,2,'305R',51.46865000,-0.45673889,10,NULL,3,100,NULL,'2021-05-23 14:31:56','2021-05-23 14:32:33',NULL),(1542,16,'7N',51.38617833,-2.70836889,NULL,NULL,3,100,11,'2021-05-23 14:32:01','2022-07-30 16:23:30','2022-07-30 16:23:29'),(1543,2,'209',51.47388333,-0.44973056,9,NULL,5,100,NULL,'2021-05-23 14:32:36',NULL,NULL),(1544,2,'209L',51.47418889,-0.44941667,9,NULL,3,100,NULL,'2021-05-23 14:32:36',NULL,NULL),(1545,2,'209R',51.47391389,-0.45004722,9,NULL,3,100,NULL,'2021-05-23 14:32:36',NULL,NULL),(1546,2,'210',51.47388611,-0.44845000,9,NULL,5,100,NULL,'2021-05-23 14:32:36',NULL,NULL),(1547,2,'210L',51.47419444,-0.44813611,9,NULL,3,100,NULL,'2021-05-23 14:32:36',NULL,NULL),(1548,2,'210R',51.47391667,-0.44876667,9,NULL,3,100,NULL,'2021-05-23 14:32:36',NULL,NULL),(1549,2,'211',51.47426111,-0.44751944,9,NULL,5,100,NULL,'2021-05-23 14:32:36',NULL,NULL),(1550,2,'212',51.47343889,-0.44754722,9,NULL,5,100,NULL,'2021-05-23 14:32:36',NULL,NULL),(1551,2,'212L',51.47324444,-0.44705000,9,NULL,3,100,NULL,'2021-05-23 14:32:36',NULL,NULL),(1552,2,'212R',51.47363611,-0.44749722,9,NULL,3,100,NULL,'2021-05-23 14:32:36',NULL,NULL),(1553,2,'213',51.47263889,-0.44753889,9,NULL,5,100,NULL,'2021-05-23 14:32:36',NULL,NULL),(1554,2,'213L',51.47244167,-0.44704444,9,NULL,3,100,NULL,'2021-05-23 14:32:36',NULL,NULL),(1555,2,'213R',51.47283611,-0.44748889,9,NULL,3,100,NULL,'2021-05-23 14:32:36',NULL,NULL),(1556,5,'1L',51.88618889,0.25305278,NULL,3,3,100,NULL,NULL,NULL,NULL),(1557,5,'1R',51.88638889,0.25256944,NULL,3,3,100,NULL,NULL,NULL,NULL),(1558,5,'9L',51.88816389,0.24985000,NULL,3,3,100,NULL,NULL,NULL,NULL),(1559,5,'9R',51.88835278,0.24926389,NULL,3,3,100,NULL,NULL,NULL,NULL),(1560,5,'11L',51.88828056,0.25454444,NULL,NULL,3,100,NULL,NULL,NULL,NULL),(1561,5,'11R',51.88803056,0.25498611,NULL,NULL,3,100,NULL,NULL,NULL,NULL),(1562,5,'12L',51.88869444,0.25353056,NULL,NULL,3,100,NULL,NULL,NULL,NULL),(1563,5,'12R',51.88853611,0.25410833,NULL,NULL,3,100,NULL,NULL,NULL,NULL),(1564,5,'13L',51.88920000,0.25265000,NULL,NULL,3,100,NULL,NULL,NULL,NULL),(1565,5,'13R',51.88906389,0.25326111,NULL,NULL,3,100,NULL,NULL,NULL,NULL),(1566,5,'15L',51.89005000,0.25141944,NULL,NULL,3,100,NULL,NULL,NULL,NULL),(1567,5,'15R',51.88978889,0.25187222,NULL,NULL,3,100,NULL,NULL,NULL,NULL),(1568,5,'22L',51.88939167,0.25489722,NULL,NULL,3,100,NULL,NULL,NULL,NULL),(1569,5,'22R',51.88964722,0.25446389,NULL,NULL,3,100,NULL,NULL,NULL,NULL),(1570,5,'23L',51.88997500,0.25408333,NULL,NULL,3,100,NULL,NULL,NULL,NULL),(1571,5,'23R',51.89015556,0.25353889,NULL,NULL,3,100,NULL,NULL,NULL,NULL),(1572,5,'24L',51.89044722,0.25315278,NULL,NULL,3,100,NULL,NULL,NULL,NULL),(1573,5,'24R',51.89065556,0.25282222,NULL,NULL,3,100,NULL,NULL,NULL,NULL),(1574,5,'32R',51.89069444,0.25679444,NULL,NULL,3,100,NULL,NULL,NULL,NULL),(1575,5,'32L',51.89091389,0.25631111,NULL,NULL,3,100,NULL,NULL,NULL,NULL),(1576,5,'42L',51.89137500,0.25777222,NULL,NULL,3,100,NULL,NULL,NULL,NULL),(1577,5,'42R',51.89153056,0.25723611,NULL,NULL,3,100,NULL,NULL,NULL,NULL),(1578,5,'43L',51.89183056,0.25688056,NULL,NULL,3,100,NULL,NULL,NULL,NULL),(1579,5,'43R',51.89203056,0.25636389,NULL,NULL,3,100,NULL,NULL,NULL,NULL),(1580,5,'44L',51.89231667,0.25597222,NULL,NULL,3,100,NULL,NULL,NULL,NULL),(1581,5,'44R',51.89248889,0.25566111,NULL,NULL,3,100,NULL,NULL,NULL,NULL),(1582,5,'50L',51.89222778,0.26018611,NULL,NULL,3,100,NULL,NULL,NULL,NULL),(1583,5,'50R',51.89199722,0.26066389,NULL,NULL,3,100,NULL,NULL,NULL,NULL),(1584,5,'51L',51.89273056,0.25931111,NULL,NULL,3,100,NULL,NULL,NULL,NULL),(1585,5,'51R',51.89248056,0.25975000,NULL,NULL,3,100,NULL,NULL,NULL,NULL),(1586,5,'52L',51.89324444,0.25841667,NULL,NULL,3,100,NULL,NULL,NULL,NULL),(1587,5,'52R',51.89302500,0.25890556,NULL,NULL,3,100,NULL,NULL,NULL,NULL),(1588,5,'53L',51.89375833,0.25751944,NULL,NULL,3,100,NULL,NULL,NULL,NULL),(1589,5,'53R',51.89353333,0.25801111,NULL,NULL,3,100,NULL,NULL,NULL,NULL),(1590,5,'61L',51.89260278,0.26161667,NULL,NULL,3,100,NULL,NULL,NULL,NULL),(1591,5,'61R',51.89278333,0.26106389,NULL,NULL,3,100,NULL,NULL,NULL,NULL),(1592,5,'62L',51.89312222,0.26071111,NULL,NULL,3,100,NULL,NULL,NULL,NULL),(1593,5,'62R',51.89330278,0.26016111,NULL,NULL,3,100,NULL,NULL,NULL,NULL),(1594,5,'63L',51.89363611,0.25981667,NULL,NULL,3,100,NULL,NULL,NULL,NULL),(1595,5,'63R',51.89381389,0.25926111,NULL,NULL,3,100,NULL,NULL,NULL,NULL),(1596,5,'64L',51.89405556,0.25878056,NULL,NULL,3,100,NULL,NULL,NULL,NULL),(1597,5,'64R',51.89439167,0.25850278,NULL,NULL,3,100,NULL,NULL,NULL,NULL),(1598,21,'RVL1',52.82673301,-1.34035005,15,NULL,2,200,NULL,'2022-01-03 13:49:14',NULL,NULL),(1599,21,'RVL2',52.82706281,1.33845547,15,NULL,2,200,NULL,'2022-01-03 13:49:14',NULL,NULL),(1600,21,'RVL3',52.82742804,-1.34035005,15,NULL,2,200,NULL,'2022-01-03 13:49:14',NULL,NULL),(1601,21,'MAINT1',52.82675690,-1.33925783,16,NULL,2,200,NULL,'2022-01-03 13:49:14',NULL,NULL),(1602,21,'MAINT2',52.82568995,-1.33813595,16,NULL,2,200,NULL,'2022-01-03 13:49:14',NULL,NULL),(1603,21,'MAINT3',52.82585485,-1.33802543,16,NULL,2,200,NULL,'2022-01-03 13:49:14',NULL,NULL),(1604,30,'1A',57.19923889,-2.20171667,NULL,2,4,100,386,'2022-01-03 13:49:21','2022-01-03 13:49:21',NULL),(1605,30,'7A',57.20123056,-2.20343333,NULL,1,4,100,386,'2022-01-03 13:49:21','2022-01-03 13:49:21',NULL),(1606,21,'81',52.82796667,-1.31668056,7,3,3,2,NULL,'2022-07-30 16:23:32','2022-07-30 16:23:32',NULL),(1607,21,'82',52.82794444,-1.31630278,7,3,3,2,NULL,'2022-07-30 16:23:32','2022-07-30 16:23:32',NULL),(1608,21,'83',52.82801389,-1.31533889,7,3,5,2,NULL,'2022-07-30 16:23:32','2022-07-30 16:23:32',NULL),(1609,21,'84',52.82856111,-1.31521944,7,3,3,2,NULL,'2022-07-30 16:23:32','2022-07-30 16:23:32',NULL),(1610,21,'85',52.82879167,-1.31530556,7,3,4,2,NULL,'2022-07-30 16:23:32','2022-07-30 16:23:32',NULL),(1611,21,'86',52.82891389,-1.31524444,7,3,3,2,NULL,'2022-07-30 16:23:32','2022-07-30 16:23:32',NULL),(1612,9,'104',53.36910556,-2.28553889,2,NULL,5,1,NULL,'2022-07-30 16:23:33','2022-07-30 16:23:33',NULL),(1613,9,'106',53.36870000,-2.28638056,2,NULL,5,1,NULL,'2022-07-30 16:23:33','2022-07-30 16:23:33',NULL),(1614,9,'108',53.36829722,-2.28647500,2,NULL,5,3,NULL,'2022-07-30 16:23:33','2022-07-30 16:23:33',NULL),(1615,9,'110',53.36825000,-2.28718056,2,NULL,5,1,NULL,'2022-07-30 16:23:33','2022-07-30 16:23:33',NULL),(1616,9,'112',53.36778333,-2.28795556,2,NULL,5,1,NULL,'2022-07-30 16:23:33','2022-07-30 16:23:33',NULL),(1617,9,'113',53.36752500,-2.28891389,2,NULL,5,2,NULL,'2022-07-30 16:23:33','2022-07-30 16:23:33',NULL),(1618,9,'114',53.36745833,-2.28818333,2,NULL,5,3,NULL,'2022-07-30 16:23:33','2022-07-30 16:23:33',NULL),(1619,9,'116',53.36732222,-2.28873611,2,NULL,5,2,NULL,'2022-07-30 16:23:33','2022-07-30 16:23:33',NULL),(1620,9,'101',53.36962778,-2.28629444,2,NULL,3,1,NULL,'2022-07-30 16:23:33','2022-07-30 16:23:33',NULL),(1621,9,'103',53.36934722,-2.28675833,2,NULL,3,1,NULL,'2022-07-30 16:23:33','2022-07-30 16:23:33',NULL),(1622,9,'105',53.36906667,-2.28722500,2,NULL,3,1,NULL,'2022-07-30 16:23:33','2022-07-30 16:23:33',NULL),(1623,9,'107',53.36878611,-2.28768889,2,NULL,3,1,NULL,'2022-07-30 16:23:33','2022-07-30 16:23:33',NULL),(1624,9,'109',53.36850278,-2.28815556,2,NULL,3,1,NULL,'2022-07-30 16:23:33','2022-07-30 16:23:33',NULL),(1625,9,'111',53.36822222,-2.28861944,2,NULL,3,1,NULL,'2022-07-30 16:23:33','2022-07-30 16:23:33',NULL),(1626,9,'905',53.37026944,-2.28921944,NULL,NULL,3,100,NULL,'2022-07-30 16:23:33','2022-07-30 16:23:33',NULL),(1627,9,'907',53.36998889,-2.28968611,NULL,NULL,3,100,NULL,'2022-07-30 16:23:33','2022-07-30 16:23:33',NULL),(1628,9,'909',53.36970833,-2.29015000,NULL,NULL,3,100,NULL,'2022-07-30 16:23:33','2022-07-30 16:23:33',NULL),(1629,9,'911',53.36942500,-2.29061667,NULL,NULL,3,100,NULL,'2022-07-30 16:23:33','2022-07-30 16:23:33',NULL),(1630,9,'913',53.36914444,-2.29108056,NULL,NULL,3,100,NULL,'2022-07-30 16:23:33','2022-07-30 16:23:33',NULL),(1631,9,'915',53.36881389,-2.29156944,NULL,NULL,3,100,NULL,'2022-07-30 16:23:33','2022-07-30 16:23:33',NULL),(1632,9,'917',53.36840278,-2.29184722,NULL,NULL,3,100,NULL,'2022-07-30 16:23:33','2022-07-30 16:23:33',NULL),(1633,9,'919',53.36803056,-2.29206944,NULL,NULL,3,100,NULL,'2022-07-30 16:23:33','2022-07-30 16:23:33',NULL),(1634,9,'925',53.36607778,-2.29056944,NULL,NULL,3,100,NULL,'2022-07-30 16:23:33','2022-07-30 16:23:33',NULL),(1635,9,'927',53.36579722,-2.29010000,NULL,NULL,3,100,NULL,'2022-07-30 16:23:33','2022-07-30 16:23:33',NULL),(1636,9,'929',53.36551944,-2.28963056,NULL,NULL,3,100,NULL,'2022-07-30 16:23:33','2022-07-30 16:23:33',NULL);
/*!40000 ALTER TABLE `stands` ENABLE KEYS */;
UNLOCK TABLES;

--
-- Table structure for table `terminals`
--

DROP TABLE IF EXISTS `terminals`;
/*!40101 SET @saved_cs_client     = @@character_set_client */;
/*!40101 SET character_set_client = utf8 */;
CREATE TABLE `terminals` (
  `id` bigint unsigned NOT NULL AUTO_INCREMENT,
  `airfield_id` int unsigned NOT NULL COMMENT 'The airfield the terminal is at',
  `key` varchar(255) CHARACTER SET utf8mb4 COLLATE utf8mb4_unicode_ci NOT NULL COMMENT 'The key for the terminal',
  `description` varchar(255) CHARACTER SET utf8mb4 COLLATE utf8mb4_unicode_ci NOT NULL COMMENT 'The description for the terminal',
  `created_at` timestamp NULL DEFAULT NULL,
  `updated_at` timestamp NULL DEFAULT NULL,
  PRIMARY KEY (`id`),
  UNIQUE KEY `terminals_key_unique` (`key`),
  KEY `terminals_airfield_id_foreign` (`airfield_id`),
  CONSTRAINT `terminals_airfield_id_foreign` FOREIGN KEY (`airfield_id`) REFERENCES `airfield` (`id`) ON DELETE CASCADE
) ENGINE=InnoDB AUTO_INCREMENT=17 DEFAULT CHARSET=utf8mb4 COLLATE=utf8mb4_unicode_ci;
/*!40101 SET character_set_client = @saved_cs_client */;

--
-- Dumping data for table `terminals`
--

LOCK TABLES `terminals` WRITE;
/*!40000 ALTER TABLE `terminals` DISABLE KEYS */;
INSERT INTO `terminals` VALUES (1,9,'EGCC_T1','EGCC Terminal 1','2021-05-23 14:32:04','2021-05-23 14:32:04'),(2,9,'EGCC_T2','EGCC Terminal 2','2021-05-23 14:32:04','2021-05-23 14:32:04'),(3,9,'EGCC_T3','EGCC Terminal 3','2021-05-23 14:32:04','2021-05-23 14:32:04'),(4,21,'EGNX_C','EGNX Central Apron','2021-05-23 14:32:04','2021-05-23 14:32:04'),(5,21,'EGNX_CW','EGNX Central West Apron','2021-05-23 14:32:04','2021-05-23 14:32:04'),(6,21,'EGNX_W','EGNX West Apron','2021-05-23 14:32:04','2021-05-23 14:32:04'),(7,21,'EGNX_E','EGNX East Apron','2021-05-23 14:32:04','2021-05-23 14:32:04'),(8,2,'EGLL_T2A','Heathrow Terminal 2A','2021-05-23 14:32:30',NULL),(9,2,'EGLL_T2B','Heathrow Terminal 2B','2021-05-23 14:32:30',NULL),(10,2,'EGLL_T3','Heathrow Terminal 3','2021-05-23 14:32:30',NULL),(11,2,'EGLL_T4','Heathrow Terminal 4','2021-05-23 14:32:30',NULL),(12,2,'EGLL_T5A','Heathrow Terminal 5A','2021-05-23 14:32:30',NULL),(13,2,'EGLL_T5B','Heathrow Terminal 5B','2021-05-23 14:32:30',NULL),(14,2,'EGLL_T5C','Heathrow Terminal 5C','2021-05-23 14:32:30',NULL),(15,21,'EGNX_RVL','EGNX_RVL','2022-01-03 13:49:14',NULL),(16,21,'EGNX_MAINT','EGNX_MAINT','2022-01-03 13:49:14',NULL);
/*!40000 ALTER TABLE `terminals` ENABLE KEYS */;
UNLOCK TABLES;

--
-- Table structure for table `tma`
--

DROP TABLE IF EXISTS `tma`;
/*!40101 SET @saved_cs_client     = @@character_set_client */;
/*!40101 SET character_set_client = utf8 */;
CREATE TABLE `tma` (
  `id` int unsigned NOT NULL AUTO_INCREMENT,
  `name` varchar(255) CHARACTER SET utf8mb4 COLLATE utf8mb4_unicode_ci NOT NULL COMMENT 'The TMA name',
  `description` varchar(255) CHARACTER SET utf8mb4 COLLATE utf8mb4_unicode_ci NOT NULL COMMENT 'Description of the TMA',
  `transition_altitude` mediumint unsigned NOT NULL,
  `standard_high` tinyint(1) NOT NULL COMMENT 'Is standard pressure (1013) considered high pressure',
  `msl_airfield_id` int unsigned NOT NULL COMMENT 'Which airfield QNH to base MSL from',
  `created_at` timestamp NULL DEFAULT NULL,
  `updated_at` timestamp NULL DEFAULT NULL,
  PRIMARY KEY (`id`),
  UNIQUE KEY `tma_name_unique` (`name`),
  KEY `tma_msl_airfield_id_foreign` (`msl_airfield_id`),
  CONSTRAINT `tma_msl_airfield_id_foreign` FOREIGN KEY (`msl_airfield_id`) REFERENCES `airfield` (`id`)
) ENGINE=InnoDB AUTO_INCREMENT=5 DEFAULT CHARSET=utf8mb4 COLLATE=utf8mb4_unicode_ci;
/*!40101 SET character_set_client = @saved_cs_client */;

--
-- Dumping data for table `tma`
--

LOCK TABLES `tma` WRITE;
/*!40000 ALTER TABLE `tma` DISABLE KEYS */;
INSERT INTO `tma` VALUES (1,'LTMA','London TMA',6000,1,2,NULL,NULL),(2,'MTMA','Manchester TMA',5000,1,9,NULL,NULL),(3,'STMA','Scottish TMA',6000,0,23,NULL,NULL),(4,'ATMA','Antrim TMA',6000,0,31,'2021-05-23 14:32:27',NULL);
/*!40000 ALTER TABLE `tma` ENABLE KEYS */;
UNLOCK TABLES;

--
-- Table structure for table `top_downs`
--

DROP TABLE IF EXISTS `top_downs`;
/*!40101 SET @saved_cs_client     = @@character_set_client */;
/*!40101 SET character_set_client = utf8 */;
CREATE TABLE `top_downs` (
  `id` bigint unsigned NOT NULL AUTO_INCREMENT,
  `airfield_id` int unsigned NOT NULL,
  `controller_position_id` bigint unsigned NOT NULL,
  `order` tinyint unsigned NOT NULL COMMENT 'The place in the top down order of this controller',
  `created_at` timestamp NULL DEFAULT NULL,
  `updated_at` timestamp NULL DEFAULT NULL,
  PRIMARY KEY (`id`),
  UNIQUE KEY `top_downs_airfield_id_controller_position_id_unique` (`airfield_id`,`controller_position_id`),
  UNIQUE KEY `top_downs_airfield_id_order_unique` (`airfield_id`,`order`),
  KEY `top_downs_airfield_id_index` (`airfield_id`),
  KEY `top_downs_controller_position_id_index` (`controller_position_id`),
  CONSTRAINT `top_downs_airfield_id_foreign` FOREIGN KEY (`airfield_id`) REFERENCES `airfield` (`id`) ON DELETE CASCADE,
  CONSTRAINT `top_downs_controller_position_id_foreign` FOREIGN KEY (`controller_position_id`) REFERENCES `controller_positions` (`id`) ON DELETE CASCADE
) ENGINE=InnoDB AUTO_INCREMENT=570 DEFAULT CHARSET=utf8mb4 COLLATE=utf8mb4_unicode_ci;
/*!40101 SET character_set_client = @saved_cs_client */;

--
-- Dumping data for table `top_downs`
--

LOCK TABLES `top_downs` WRITE;
/*!40000 ALTER TABLE `top_downs` DISABLE KEYS */;
INSERT INTO `top_downs` VALUES (1,31,2,1,'2021-05-23 14:31:46',NULL),(2,31,4,2,'2021-05-23 14:31:46',NULL),(3,31,1,3,'2021-05-23 14:31:46',NULL),(4,31,3,4,'2021-05-23 14:31:46',NULL),(5,31,252,5,'2021-05-23 14:31:46',NULL),(6,31,248,6,'2021-05-23 14:31:46',NULL),(7,31,251,7,'2021-05-23 14:31:46',NULL),(8,31,250,8,'2021-05-23 14:31:46',NULL),(9,31,243,9,'2021-05-23 14:31:46',NULL),(10,32,7,1,'2021-05-23 14:31:46',NULL),(11,32,5,2,'2021-05-23 14:31:46',NULL),(12,32,3,3,'2021-05-23 14:31:46',NULL),(13,32,252,4,'2021-05-23 14:31:46',NULL),(14,32,248,5,'2021-05-23 14:31:46',NULL),(15,32,251,6,'2021-05-23 14:31:46',NULL),(16,32,250,7,'2021-05-23 14:31:46',NULL),(17,32,243,8,'2021-05-23 14:31:46',NULL),(18,33,10,1,'2021-05-23 14:31:46',NULL),(19,33,9,2,'2021-05-23 14:31:46',NULL),(20,33,248,3,'2021-05-23 14:31:46',NULL),(21,33,251,4,'2021-05-23 14:31:46',NULL),(22,33,250,5,'2021-05-23 14:31:46',NULL),(23,33,243,6,'2021-05-23 14:31:46',NULL),(24,20,12,1,'2021-05-23 14:31:46',NULL),(25,20,14,2,'2021-05-23 14:31:46',NULL),(26,20,15,3,'2021-05-23 14:31:46',NULL),(27,20,11,4,'2021-05-23 14:31:46',NULL),(28,20,219,9,'2021-05-23 14:31:46',NULL),(29,20,223,10,'2021-05-23 14:31:46',NULL),(30,20,218,11,'2021-05-23 14:31:46',NULL),(31,34,16,1,'2021-05-23 14:31:46',NULL),(32,34,11,2,'2021-05-23 14:31:46',NULL),(33,34,219,3,'2021-05-23 14:31:46',NULL),(34,34,223,4,'2021-05-23 14:31:46',NULL),(35,34,218,5,'2021-05-23 14:31:46',NULL),(36,35,18,1,'2021-05-23 14:31:46',NULL),(37,35,17,2,'2021-05-23 14:31:46',NULL),(38,35,225,6,'2021-05-23 14:31:46',NULL),(39,35,218,7,'2021-05-23 14:31:46',NULL),(40,9,19,1,'2021-05-23 14:31:46',NULL),(41,9,21,2,'2021-05-23 14:31:46',NULL),(42,9,23,3,'2021-05-23 14:31:46',NULL),(43,9,25,4,'2021-05-23 14:31:46',NULL),(44,9,20,5,'2021-05-23 14:31:46',NULL),(45,9,24,6,'2021-05-23 14:31:46',NULL),(46,9,22,7,'2021-05-23 14:31:46',NULL),(49,9,242,10,'2021-05-23 14:31:46',NULL),(50,9,222,12,'2021-05-23 14:31:46',NULL),(51,9,218,13,'2021-05-23 14:31:46',NULL),(52,12,27,1,'2021-05-23 14:31:46',NULL),(53,12,26,2,'2021-05-23 14:31:46',NULL),(54,12,241,4,'2021-05-23 14:31:46',NULL),(55,12,242,5,'2021-05-23 14:31:46',NULL),(56,12,222,7,'2021-05-23 14:31:46',NULL),(57,12,218,8,'2021-05-23 14:31:46',NULL),(58,17,30,1,'2021-05-23 14:31:46',NULL),(59,17,29,2,'2021-05-23 14:31:46',NULL),(60,17,225,6,'2021-05-23 14:31:46',NULL),(61,17,218,7,'2021-05-23 14:31:46',NULL),(62,16,32,1,'2021-05-23 14:31:46',NULL),(63,16,33,2,'2021-05-23 14:31:46',NULL),(64,16,35,3,'2021-05-23 14:31:46',NULL),(65,16,31,4,'2021-05-23 14:31:46',NULL),(67,16,225,8,'2021-05-23 14:31:46',NULL),(68,16,218,9,'2021-05-23 14:31:46',NULL),(69,10,38,1,'2021-05-23 14:31:46',NULL),(70,10,39,2,'2021-05-23 14:31:46',NULL),(71,10,36,3,'2021-05-23 14:31:46',NULL),(72,10,239,6,'2021-05-23 14:31:46',NULL),(73,10,242,7,'2021-05-23 14:31:46',NULL),(74,10,222,9,'2021-05-23 14:31:46',NULL),(75,10,218,10,'2021-05-23 14:31:46',NULL),(76,6,41,1,'2021-05-23 14:31:46',NULL),(77,6,43,2,'2021-05-23 14:31:46',NULL),(78,6,44,3,'2021-05-23 14:31:46',NULL),(79,6,40,4,'2021-05-23 14:31:46',NULL),(80,6,179,5,'2021-05-23 14:31:46',NULL),(81,6,234,6,'2021-05-23 14:31:46',NULL),(82,6,235,7,'2021-05-23 14:31:46',NULL),(83,6,227,8,'2021-05-23 14:31:46',NULL),(84,6,219,13,'2021-05-23 14:31:46',NULL),(85,6,223,14,'2021-05-23 14:31:46',NULL),(86,6,218,15,'2021-05-23 14:31:46',NULL),(87,19,48,1,'2021-05-23 14:31:46',NULL),(88,19,49,2,'2021-05-23 14:31:46',NULL),(89,19,46,3,'2021-05-23 14:31:46',NULL),(90,19,53,4,'2021-05-23 14:31:46',NULL),(91,19,224,5,'2021-05-23 14:31:46',NULL),(92,19,223,6,'2021-05-23 14:31:46',NULL),(93,19,218,7,'2021-05-23 14:31:46',NULL),(95,18,52,1,'2021-05-23 14:31:46',NULL),(96,18,50,2,'2021-05-23 14:31:46',NULL),(97,18,53,3,'2021-05-23 14:31:46',NULL),(98,18,224,4,'2021-05-23 14:31:46',NULL),(99,18,223,5,'2021-05-23 14:31:46',NULL),(100,18,218,6,'2021-05-23 14:31:46',NULL),(101,36,55,1,'2021-05-23 14:31:46',NULL),(102,36,56,2,'2021-05-23 14:31:46',NULL),(103,36,54,3,'2021-05-23 14:31:46',NULL),(104,36,225,6,'2021-05-23 14:31:46',NULL),(105,36,218,7,'2021-05-23 14:31:46',NULL),(106,15,57,1,'2021-05-23 14:31:46',NULL),(107,15,58,2,'2021-05-23 14:31:46',NULL),(108,15,63,3,'2021-05-23 14:31:46',NULL),(109,15,225,6,'2021-05-23 14:31:46',NULL),(110,15,218,7,'2021-05-23 14:31:46',NULL),(111,14,60,1,'2021-05-23 14:31:46',NULL),(112,14,61,2,'2021-05-23 14:31:46',NULL),(113,14,59,3,'2021-05-23 14:31:46',NULL),(114,14,63,4,'2021-05-23 14:31:46',NULL),(115,14,225,7,'2021-05-23 14:31:46',NULL),(116,14,218,8,'2021-05-23 14:31:46',NULL),(117,13,64,1,'2021-05-23 14:31:46',NULL),(118,13,67,2,'2021-05-23 14:31:46',NULL),(119,13,62,3,'2021-05-23 14:31:46',NULL),(120,13,63,4,'2021-05-23 14:31:46',NULL),(121,13,225,7,'2021-05-23 14:31:46',NULL),(122,13,218,8,'2021-05-23 14:31:46',NULL),(123,37,69,1,'2021-05-23 14:31:46',NULL),(124,37,68,2,'2021-05-23 14:31:46',NULL),(125,37,237,3,'2021-05-23 14:31:46',NULL),(126,37,238,4,'2021-05-23 14:31:46',NULL),(127,37,227,5,'2021-05-23 14:31:46',NULL),(128,37,224,6,'2021-05-23 14:31:46',NULL),(129,37,223,7,'2021-05-23 14:31:46',NULL),(130,37,218,8,'2021-05-23 14:31:46',NULL),(131,4,71,1,'2021-05-23 14:31:46',NULL),(132,4,70,2,'2021-05-23 14:31:46',NULL),(133,4,80,3,'2021-05-23 14:31:46',NULL),(134,4,236,4,'2021-05-23 14:31:46',NULL),(135,4,238,5,'2021-05-23 14:31:46',NULL),(136,4,227,6,'2021-05-23 14:31:46',NULL),(137,4,220,7,'2021-05-23 14:31:46',NULL),(138,4,224,8,'2021-05-23 14:31:46',NULL),(139,4,223,9,'2021-05-23 14:31:46',NULL),(140,4,218,10,'2021-05-23 14:31:46',NULL),(141,1,74,1,'2021-05-23 14:31:46',NULL),(142,1,76,2,'2021-05-23 14:31:46',NULL),(143,1,77,3,'2021-05-23 14:31:46',NULL),(144,1,75,4,'2021-05-23 14:31:46',NULL),(145,1,73,5,'2021-05-23 14:31:46',NULL),(146,1,237,6,'2021-05-23 14:31:46',NULL),(147,1,238,7,'2021-05-23 14:31:46',NULL),(148,1,227,8,'2021-05-23 14:31:46',NULL),(149,1,224,9,'2021-05-23 14:31:46',NULL),(150,1,223,10,'2021-05-23 14:31:46',NULL),(151,1,218,11,'2021-05-23 14:31:46',NULL),(152,3,81,1,'2021-05-23 14:31:46',NULL),(153,3,82,2,'2021-05-23 14:31:46',NULL),(154,3,79,3,'2021-05-23 14:31:46',NULL),(155,3,80,4,'2021-05-23 14:31:46',NULL),(156,3,236,5,'2021-05-23 14:31:46',NULL),(157,3,238,6,'2021-05-23 14:31:46',NULL),(158,3,227,7,'2021-05-23 14:31:46',NULL),(159,3,220,8,'2021-05-23 14:31:46',NULL),(160,3,224,9,'2021-05-23 14:31:46',NULL),(161,3,223,10,'2021-05-23 14:31:46',NULL),(162,3,218,11,'2021-05-23 14:31:46',NULL),(163,53,85,2,'2021-05-23 14:31:46',NULL),(164,53,84,3,'2021-05-23 14:31:46',NULL),(165,53,237,4,'2021-05-23 14:31:46',NULL),(166,53,238,5,'2021-05-23 14:31:46',NULL),(167,53,227,6,'2021-05-23 14:31:46',NULL),(168,53,224,7,'2021-05-23 14:31:46',NULL),(169,53,223,8,'2021-05-23 14:31:46',NULL),(170,53,218,9,'2021-05-23 14:31:46',NULL),(171,2,89,1,'2021-05-23 14:31:46',NULL),(172,2,87,2,'2021-05-23 14:31:46',NULL),(173,2,86,3,'2021-05-23 14:31:46',NULL),(174,2,92,4,'2021-05-23 14:31:46',NULL),(175,2,95,5,'2021-05-23 14:31:46',NULL),(176,2,91,6,'2021-05-23 14:31:46',NULL),(177,2,94,7,'2021-05-23 14:31:46',NULL),(178,2,90,8,'2021-05-23 14:31:46',NULL),(179,2,236,9,'2021-05-23 14:31:46',NULL),(180,2,238,10,'2021-05-23 14:31:46',NULL),(181,2,227,11,'2021-05-23 14:31:46',NULL),(182,2,220,12,'2021-05-23 14:31:46',NULL),(183,2,224,13,'2021-05-23 14:31:46',NULL),(184,2,223,14,'2021-05-23 14:31:46',NULL),(185,2,218,15,'2021-05-23 14:31:46',NULL),(186,8,99,1,'2021-05-23 14:31:46',NULL),(187,8,97,2,'2021-05-23 14:31:46',NULL),(188,8,80,3,'2021-05-23 14:31:46',NULL),(189,8,236,4,'2021-05-23 14:31:46',NULL),(190,8,238,5,'2021-05-23 14:31:46',NULL),(191,8,227,6,'2021-05-23 14:31:46',NULL),(192,8,220,7,'2021-05-23 14:31:46',NULL),(193,8,224,8,'2021-05-23 14:31:46',NULL),(194,8,223,9,'2021-05-23 14:31:46',NULL),(195,8,218,10,'2021-05-23 14:31:46',NULL),(196,38,101,1,'2021-05-23 14:31:46',NULL),(197,38,100,2,'2021-05-23 14:31:46',NULL),(198,38,236,3,'2021-05-23 14:31:46',NULL),(199,38,238,4,'2021-05-23 14:31:46',NULL),(200,38,227,5,'2021-05-23 14:31:46',NULL),(201,38,220,6,'2021-05-23 14:31:46',NULL),(202,38,224,7,'2021-05-23 14:31:46',NULL),(203,38,223,8,'2021-05-23 14:31:46',NULL),(204,38,218,9,'2021-05-23 14:31:46',NULL),(205,39,103,1,'2021-05-23 14:31:46',NULL),(207,39,254,2,'2021-05-23 14:31:46',NULL),(208,39,253,3,'2021-05-23 14:31:46',NULL),(209,39,245,4,'2021-05-23 14:31:46',NULL),(210,39,250,5,'2021-05-23 14:31:46',NULL),(211,39,243,6,'2021-05-23 14:31:46',NULL),(212,40,105,1,'2021-05-23 14:31:46',NULL),(213,40,104,2,'2021-05-23 14:31:46',NULL),(214,40,239,5,'2021-05-23 14:31:46',NULL),(215,40,242,6,'2021-05-23 14:31:46',NULL),(216,40,222,8,'2021-05-23 14:31:46',NULL),(217,41,107,1,'2021-05-23 14:31:46',NULL),(218,41,106,2,'2021-05-23 14:31:46',NULL),(219,41,241,4,'2021-05-23 14:31:46',NULL),(220,41,242,5,'2021-05-23 14:31:46',NULL),(221,41,222,7,'2021-05-23 14:31:46',NULL),(222,41,218,8,'2021-05-23 14:31:46',NULL),(223,11,109,1,'2021-05-23 14:31:46',NULL),(224,11,111,2,'2021-05-23 14:31:46',NULL),(225,11,108,3,'2021-05-23 14:31:46',NULL),(226,11,241,5,'2021-05-23 14:31:46',NULL),(227,11,242,6,'2021-05-23 14:31:46',NULL),(228,11,222,8,'2021-05-23 14:31:46',NULL),(229,11,218,9,'2021-05-23 14:31:46',NULL),(230,26,117,1,'2021-05-23 14:31:46',NULL),(231,26,115,2,'2021-05-23 14:31:46',NULL),(232,26,239,5,'2021-05-23 14:31:46',NULL),(233,26,242,6,'2021-05-23 14:31:46',NULL),(234,26,222,8,'2021-05-23 14:31:46',NULL),(235,26,218,9,'2021-05-23 14:31:46',NULL),(236,28,119,1,'2021-05-23 14:31:46',NULL),(237,28,121,2,'2021-05-23 14:31:46',NULL),(238,28,120,3,'2021-05-23 14:31:46',NULL),(239,28,241,5,'2021-05-23 14:31:46',NULL),(240,28,242,6,'2021-05-23 14:31:46',NULL),(241,28,222,8,'2021-05-23 14:31:46',NULL),(242,28,218,9,'2021-05-23 14:31:46',NULL),(243,42,114,1,'2021-05-23 14:31:46',NULL),(244,42,113,2,'2021-05-23 14:31:46',NULL),(245,42,112,3,'2021-05-23 14:31:46',NULL),(246,42,36,4,'2021-05-23 14:31:46',NULL),(247,42,239,7,'2021-05-23 14:31:46',NULL),(248,42,242,8,'2021-05-23 14:31:46',NULL),(249,42,222,10,'2021-05-23 14:31:46',NULL),(250,42,218,11,'2021-05-23 14:31:46',NULL),(251,43,124,1,'2021-05-23 14:31:46',NULL),(252,43,122,2,'2021-05-23 14:31:46',NULL),(253,43,120,3,'2021-05-23 14:31:46',NULL),(254,43,241,5,'2021-05-23 14:31:46',NULL),(255,43,242,6,'2021-05-23 14:31:46',NULL),(256,43,222,8,'2021-05-23 14:31:46',NULL),(257,43,218,9,'2021-05-23 14:31:46',NULL),(258,21,127,1,'2021-05-23 14:31:46',NULL),(259,21,128,2,'2021-05-23 14:31:46',NULL),(260,21,125,3,'2021-05-23 14:31:46',NULL),(261,21,219,9,'2021-05-23 14:31:46',NULL),(262,21,223,10,'2021-05-23 14:31:46',NULL),(263,21,218,11,'2021-05-23 14:31:46',NULL),(264,44,134,1,'2021-05-23 14:31:46',NULL),(265,44,132,2,'2021-05-23 14:31:46',NULL),(266,44,247,3,'2021-05-23 14:31:46',NULL),(267,44,246,4,'2021-05-23 14:31:46',NULL),(268,44,243,5,'2021-05-23 14:31:46',NULL),(269,45,136,1,'2021-05-23 14:31:46',NULL),(270,45,135,2,'2021-05-23 14:31:46',NULL),(271,45,247,3,'2021-05-23 14:31:46',NULL),(272,45,246,4,'2021-05-23 14:31:46',NULL),(273,45,243,5,'2021-05-23 14:31:46',NULL),(274,46,138,1,'2021-05-23 14:31:46',NULL),(275,46,137,2,'2021-05-23 14:31:46',NULL),(276,46,247,3,'2021-05-23 14:31:46',NULL),(277,46,246,4,'2021-05-23 14:31:46',NULL),(278,46,243,5,'2021-05-23 14:31:46',NULL),(279,30,141,1,'2021-05-23 14:31:46',NULL),(280,30,142,2,'2021-05-23 14:31:46',NULL),(281,30,139,3,'2021-05-23 14:31:46',NULL),(282,30,140,4,'2021-05-23 14:31:46',NULL),(283,30,249,5,'2021-05-23 14:31:46',NULL),(284,30,246,6,'2021-05-23 14:31:46',NULL),(285,30,243,7,'2021-05-23 14:31:46',NULL),(286,47,145,1,'2021-05-23 14:31:46',NULL),(287,47,144,2,'2021-05-23 14:31:46',NULL),(288,47,143,3,'2021-05-23 14:31:46',NULL),(289,47,247,4,'2021-05-23 14:31:46',NULL),(290,47,246,5,'2021-05-23 14:31:46',NULL),(291,47,243,6,'2021-05-23 14:31:46',NULL),(292,23,148,1,'2021-05-23 14:31:46',NULL),(293,23,149,2,'2021-05-23 14:31:46',NULL),(294,23,147,3,'2021-05-23 14:31:46',NULL),(295,23,146,4,'2021-05-23 14:31:46',NULL),(296,23,255,5,'2021-05-23 14:31:46',NULL),(297,23,253,6,'2021-05-23 14:31:46',NULL),(298,23,245,7,'2021-05-23 14:31:46',NULL),(299,23,250,8,'2021-05-23 14:31:46',NULL),(300,23,249,9,'2021-05-23 14:31:46',NULL),(301,23,243,10,'2021-05-23 14:31:46',NULL),(302,22,152,2,'2021-05-23 14:31:46',NULL),(303,22,153,3,'2021-05-23 14:31:46',NULL),(304,22,150,4,'2021-05-23 14:31:46',NULL),(305,22,254,5,'2021-05-23 14:31:46',NULL),(306,22,253,6,'2021-05-23 14:31:46',NULL),(307,22,245,7,'2021-05-23 14:31:46',NULL),(308,22,250,8,'2021-05-23 14:31:46',NULL),(309,22,249,9,'2021-05-23 14:31:46',NULL),(310,22,243,10,'2021-05-23 14:31:46',NULL),(311,24,156,1,'2021-05-23 14:31:46',NULL),(312,24,157,2,'2021-05-23 14:31:46',NULL),(313,24,155,3,'2021-05-23 14:31:46',NULL),(314,24,154,4,'2021-05-23 14:31:46',NULL),(315,24,255,5,'2021-05-23 14:31:46',NULL),(316,24,253,6,'2021-05-23 14:31:46',NULL),(317,24,245,7,'2021-05-23 14:31:46',NULL),(318,24,250,8,'2021-05-23 14:31:46',NULL),(319,24,249,9,'2021-05-23 14:31:46',NULL),(320,24,243,10,'2021-05-23 14:31:46',NULL),(321,48,162,1,'2021-05-23 14:31:46',NULL),(322,48,161,2,'2021-05-23 14:31:46',NULL),(323,48,247,3,'2021-05-23 14:31:46',NULL),(324,48,246,4,'2021-05-23 14:31:46',NULL),(325,48,243,5,'2021-05-23 14:31:46',NULL),(326,49,164,1,'2021-05-23 14:31:46',NULL),(327,49,163,2,'2021-05-23 14:31:46',NULL),(328,49,249,3,'2021-05-23 14:31:46',NULL),(329,49,246,4,'2021-05-23 14:31:46',NULL),(330,49,243,5,'2021-05-23 14:31:46',NULL),(331,50,166,1,'2021-05-23 14:31:46',NULL),(332,50,165,2,'2021-05-23 14:31:46',NULL),(333,50,247,3,'2021-05-23 14:31:46',NULL),(334,50,246,4,'2021-05-23 14:31:46',NULL),(335,50,243,5,'2021-05-23 14:31:46',NULL),(336,51,174,1,'2021-05-23 14:31:46',NULL),(337,51,173,2,'2021-05-23 14:31:46',NULL),(338,51,172,3,'2021-05-23 14:31:46',NULL),(339,51,179,5,'2021-05-23 14:31:46',NULL),(341,51,235,7,'2021-05-23 14:31:46',NULL),(342,51,227,8,'2021-05-23 14:31:46',NULL),(343,51,219,11,'2021-05-23 14:31:46',NULL),(344,51,223,12,'2021-05-23 14:31:46',NULL),(345,51,218,13,'2021-05-23 14:31:46',NULL),(346,27,177,1,'2021-05-23 14:31:46',NULL),(347,27,175,2,'2021-05-23 14:31:46',NULL),(348,27,222,4,'2021-05-23 14:31:46',NULL),(349,27,218,5,'2021-05-23 14:31:46',NULL),(350,5,180,1,'2021-05-23 14:31:46',NULL),(351,5,181,2,'2021-05-23 14:31:46',NULL),(352,5,182,3,'2021-05-23 14:31:46',NULL),(353,5,178,4,'2021-05-23 14:31:46',NULL),(354,5,179,6,'2021-05-23 14:31:46',NULL),(356,5,235,8,'2021-05-23 14:31:46',NULL),(357,5,227,9,'2021-05-23 14:31:46',NULL),(358,5,219,12,'2021-05-23 14:31:46',NULL),(359,5,223,13,'2021-05-23 14:31:46',NULL),(360,5,218,14,'2021-05-23 14:31:46',NULL),(361,52,186,1,'2021-05-23 14:31:46',NULL),(362,52,185,2,'2021-05-23 14:31:46',NULL),(363,52,219,8,'2021-05-23 14:31:46',NULL),(364,52,223,9,'2021-05-23 14:31:46',NULL),(365,52,218,10,'2021-05-23 14:31:46',NULL),(366,25,189,1,'2021-05-23 14:31:46',NULL),(367,25,187,2,'2021-05-23 14:31:46',NULL),(368,25,225,5,'2021-05-23 14:31:46',NULL),(369,25,218,6,'2021-05-23 14:31:46',NULL),(370,7,191,1,'2021-05-23 14:31:46',NULL),(371,7,192,2,'2021-05-23 14:31:46',NULL),(372,7,190,3,'2021-05-23 14:31:46',NULL),(373,7,219,8,'2021-05-23 14:31:46',NULL),(374,7,223,9,'2021-05-23 14:31:46',NULL),(375,7,218,10,'2021-05-23 14:31:46',NULL),(376,29,203,1,'2021-05-23 14:31:46',NULL),(377,29,204,2,'2021-05-23 14:31:46',NULL),(378,29,206,3,'2021-05-23 14:31:46',NULL),(379,29,91,4,'2021-05-23 14:31:46',NULL),(380,29,94,5,'2021-05-23 14:31:46',NULL),(381,29,90,6,'2021-05-23 14:31:46',NULL),(382,29,234,7,'2021-05-23 14:31:46',NULL),(383,29,235,8,'2021-05-23 14:31:46',NULL),(384,29,227,9,'2021-05-23 14:31:46',NULL),(385,29,219,10,'2021-05-23 14:31:46',NULL),(386,29,223,11,'2021-05-23 14:31:46',NULL),(387,29,218,12,'2021-05-23 14:31:46',NULL),(388,53,256,1,NULL,NULL),(389,21,259,7,NULL,NULL),(390,52,259,6,NULL,NULL),(392,6,259,11,NULL,NULL),(394,20,260,7,NULL,NULL),(395,7,260,6,NULL,NULL),(396,21,261,6,NULL,NULL),(397,52,261,5,NULL,NULL),(399,6,261,10,NULL,NULL),(401,21,262,5,NULL,NULL),(402,52,262,4,NULL,NULL),(403,20,262,6,NULL,NULL),(404,7,262,5,NULL,NULL),(405,20,263,5,NULL,NULL),(406,7,263,4,NULL,NULL),(407,21,264,4,NULL,NULL),(408,52,264,3,NULL,NULL),(409,22,267,1,NULL,NULL),(410,9,241,9,NULL,NULL),(411,78,272,1,'2021-05-23 14:31:51',NULL),(412,78,225,4,'2021-05-23 14:31:51',NULL),(413,78,218,5,'2021-05-23 14:31:51',NULL),(414,74,273,1,'2021-05-23 14:31:51',NULL),(415,74,274,2,'2021-05-23 14:31:51',NULL),(416,74,225,5,'2021-05-23 14:31:51',NULL),(417,74,218,6,'2021-05-23 14:31:51',NULL),(418,54,277,1,'2021-05-23 14:31:51',NULL),(419,54,251,2,'2021-05-23 14:31:51',NULL),(420,54,250,3,'2021-05-23 14:31:51',NULL),(421,54,243,4,'2021-05-23 14:31:51',NULL),(422,55,278,1,'2021-05-23 14:31:51',NULL),(423,55,251,2,'2021-05-23 14:31:51',NULL),(424,55,250,3,'2021-05-23 14:31:51',NULL),(425,55,243,4,'2021-05-23 14:31:51',NULL),(426,56,279,1,'2021-05-23 14:31:51',NULL),(427,56,251,2,'2021-05-23 14:31:51',NULL),(428,56,250,3,'2021-05-23 14:31:51',NULL),(429,56,243,4,'2021-05-23 14:31:51',NULL),(430,57,159,1,'2021-05-23 14:31:51',NULL),(431,57,160,2,'2021-05-23 14:31:51',NULL),(432,57,158,3,'2021-05-23 14:31:51',NULL),(433,57,251,4,'2021-05-23 14:31:51',NULL),(434,57,250,5,'2021-05-23 14:31:51',NULL),(435,57,243,6,'2021-05-23 14:31:51',NULL),(436,81,193,1,'2021-05-23 14:31:51',NULL),(437,81,80,2,'2021-05-23 14:31:51',NULL),(438,81,236,3,'2021-05-23 14:31:51',NULL),(439,81,238,4,'2021-05-23 14:31:51',NULL),(440,81,227,5,'2021-05-23 14:31:51',NULL),(441,81,220,6,'2021-05-23 14:31:51',NULL),(442,81,224,7,'2021-05-23 14:31:51',NULL),(443,81,223,8,'2021-05-23 14:31:51',NULL),(444,81,218,9,'2021-05-23 14:31:51',NULL),(445,60,131,1,'2021-05-23 14:31:51',NULL),(446,60,129,2,'2021-05-23 14:31:51',NULL),(447,60,130,3,'2021-05-23 14:31:51',NULL),(448,60,200,5,'2021-05-23 14:31:51',NULL),(449,68,208,1,'2021-05-23 14:31:51',NULL),(450,68,210,2,'2021-05-23 14:31:51',NULL),(451,68,209,3,'2021-05-23 14:31:51',NULL),(452,68,207,4,'2021-05-23 14:31:51',NULL),(453,68,200,6,'2021-05-23 14:31:51',NULL),(454,71,211,1,'2021-05-23 14:31:51',NULL),(455,71,214,2,'2021-05-23 14:31:51',NULL),(456,71,212,3,'2021-05-23 14:31:51',NULL),(457,71,213,4,'2021-05-23 14:31:51',NULL),(458,71,200,6,'2021-05-23 14:31:51',NULL),(459,76,280,1,'2021-05-23 14:31:51',NULL),(460,77,281,1,'2021-05-23 14:31:51',NULL),(461,79,282,1,'2021-05-23 14:31:51',NULL),(462,84,217,1,'2021-05-23 14:31:51',NULL),(463,84,215,2,'2021-05-23 14:31:51',NULL),(464,84,216,3,'2021-05-23 14:31:51',NULL),(465,84,200,5,'2021-05-23 14:31:51',NULL),(466,89,283,1,'2021-05-23 14:31:51',NULL),(467,90,195,1,'2021-05-23 14:31:51',NULL),(468,90,198,2,'2021-05-23 14:31:51',NULL),(469,90,276,3,'2021-05-23 14:31:51',NULL),(470,90,197,4,'2021-05-23 14:31:51',NULL),(471,90,200,6,'2021-05-23 14:31:51',NULL),(472,94,284,1,'2021-05-23 14:31:52',NULL),(473,94,29,2,'2021-05-23 14:31:52',NULL),(474,94,225,6,'2021-05-23 14:31:52',NULL),(475,94,218,7,'2021-05-23 14:31:52',NULL),(476,95,285,1,'2021-05-23 14:31:56',NULL),(477,95,286,2,'2021-05-23 14:31:56',NULL),(478,95,287,3,'2021-05-23 14:31:56',NULL),(479,95,200,4,'2021-05-23 14:31:56',NULL),(480,26,288,3,NULL,NULL),(481,40,288,3,NULL,NULL),(482,9,289,8,NULL,NULL),(483,26,292,4,NULL,NULL),(484,40,292,4,NULL,NULL),(485,6,262,9,NULL,NULL),(488,10,292,5,NULL,NULL),(489,10,240,4,NULL,NULL),(490,42,292,6,NULL,NULL),(491,42,240,5,NULL,NULL),(492,60,294,4,NULL,NULL),(493,68,293,5,NULL,NULL),(494,71,293,5,NULL,NULL),(495,84,293,4,NULL,NULL),(496,90,294,5,NULL,NULL),(498,6,297,12,NULL,NULL),(500,20,297,8,NULL,NULL),(501,21,297,8,NULL,NULL),(502,7,297,7,NULL,NULL),(503,52,297,7,NULL,NULL),(504,16,298,7,NULL,NULL),(505,17,298,5,NULL,NULL),(506,94,298,5,NULL,NULL),(507,35,298,5,NULL,NULL),(508,16,299,6,NULL,NULL),(509,17,299,4,NULL,NULL),(510,94,299,4,NULL,NULL),(511,35,299,4,NULL,NULL),(512,16,300,5,NULL,NULL),(513,17,300,3,NULL,NULL),(514,94,300,3,NULL,NULL),(515,35,300,3,NULL,NULL),(516,36,302,5,NULL,NULL),(517,78,302,3,NULL,NULL),(518,74,302,4,NULL,NULL),(519,25,302,4,NULL,NULL),(520,15,302,5,NULL,NULL),(521,14,302,6,NULL,NULL),(522,13,302,6,NULL,NULL),(523,36,303,4,NULL,NULL),(524,78,303,2,NULL,NULL),(525,74,303,3,NULL,NULL),(526,25,304,3,NULL,NULL),(527,15,304,4,NULL,NULL),(528,14,304,5,NULL,NULL),(529,13,304,5,NULL,NULL),(530,28,305,4,NULL,NULL),(531,43,305,4,NULL,NULL),(532,11,305,4,NULL,NULL),(533,41,305,3,NULL,NULL),(534,12,305,3,NULL,NULL),(535,10,307,8,NULL,NULL),(536,40,307,7,NULL,NULL),(537,42,307,9,NULL,NULL),(538,26,307,7,NULL,NULL),(539,9,307,11,NULL,NULL),(540,11,307,7,NULL,NULL),(541,41,307,6,NULL,NULL),(542,12,307,6,NULL,NULL),(543,28,307,7,NULL,NULL),(544,43,307,7,NULL,NULL),(545,27,308,3,NULL,NULL),(546,105,309,1,'2022-01-03 13:49:19',NULL),(547,106,83,1,'2022-01-03 13:49:19',NULL),(548,109,310,1,'2022-01-03 13:49:19',NULL),(549,113,311,1,'2022-01-03 13:49:19',NULL),(550,117,312,1,'2022-01-03 13:49:20',NULL),(551,119,313,1,'2022-01-03 13:49:20',NULL),(552,125,8,1,'2022-01-03 13:49:20',NULL),(553,127,314,1,'2022-01-03 13:49:20',NULL),(554,135,78,1,'2022-01-03 13:49:20',NULL),(555,145,315,1,'2022-01-03 13:49:20',NULL),(556,145,316,3,'2022-01-03 13:49:20',NULL),(557,145,317,5,'2022-01-03 13:49:20',NULL),(558,146,318,1,'2022-01-03 13:49:20',NULL),(559,151,319,1,'2022-01-03 13:49:20',NULL),(560,152,320,1,'2022-01-03 13:49:20',NULL),(561,152,321,3,'2022-01-03 13:49:20',NULL),(562,5,325,5,NULL,NULL),(563,51,325,4,NULL,NULL),(564,5,221,11,NULL,NULL),(565,5,228,10,NULL,NULL),(566,5,233,7,NULL,NULL),(567,51,221,10,NULL,NULL),(568,51,228,9,NULL,NULL),(569,51,233,6,NULL,NULL);
/*!40000 ALTER TABLE `top_downs` ENABLE KEYS */;
UNLOCK TABLES;

--
-- Table structure for table `unit_conspicuity_squawk_codes`
--

DROP TABLE IF EXISTS `unit_conspicuity_squawk_codes`;
/*!40101 SET @saved_cs_client     = @@character_set_client */;
/*!40101 SET character_set_client = utf8 */;
CREATE TABLE `unit_conspicuity_squawk_codes` (
  `id` bigint unsigned NOT NULL AUTO_INCREMENT,
  `unit` varchar(255) CHARACTER SET utf8mb4 COLLATE utf8mb4_unicode_ci NOT NULL COMMENT 'The unit to which the code applies',
  `code` varchar(4) CHARACTER SET utf8mb4 COLLATE utf8mb4_unicode_ci NOT NULL COMMENT 'The squawk code',
  `created_at` timestamp NULL DEFAULT NULL,
  `updated_at` timestamp NULL DEFAULT NULL,
  PRIMARY KEY (`id`),
  UNIQUE KEY `unit_conspicuity_squawk_codes_unit_code` (`unit`,`code`),
  KEY `unit_conspicuity_squawk_codes_unit_index` (`unit`)
) ENGINE=InnoDB AUTO_INCREMENT=61 DEFAULT CHARSET=utf8mb4 COLLATE=utf8mb4_unicode_ci;
/*!40101 SET character_set_client = @saved_cs_client */;

--
-- Dumping data for table `unit_conspicuity_squawk_codes`
--

LOCK TABLES `unit_conspicuity_squawk_codes` WRITE;
/*!40000 ALTER TABLE `unit_conspicuity_squawk_codes` DISABLE KEYS */;
INSERT INTO `unit_conspicuity_squawk_codes` VALUES (1,'EGXE','0401','2021-05-23 14:31:52',NULL),(2,'EGBE','0420','2021-05-23 14:31:52',NULL),(3,'EGXZ','0407','2021-05-23 14:31:52',NULL),(4,'EGNR','0430','2021-05-23 14:31:52',NULL),(5,'EGNH','0450','2021-05-23 14:31:52',NULL),(6,'EGNH','0451','2021-05-23 14:31:52',NULL),(7,'EGLF','0467','2021-05-23 14:31:52',NULL),(8,'EGHQ','1747','2021-05-23 14:31:52',NULL),(9,'EGXC','1777','2021-05-23 14:31:52',NULL),(10,'EGYD','2645','2021-05-23 14:31:52',NULL),(11,'EGDM','2650','2021-05-23 14:31:52',NULL),(12,'EGNM','2654','2021-05-23 14:31:52',NULL),(13,'EGHO','2660','2021-05-23 14:31:52',NULL),(14,'EGVP','2676','2021-05-23 14:31:52',NULL),(15,'EGUB','3624','2021-05-23 14:31:52',NULL),(16,'EGTB','3637','2021-05-23 14:31:52',NULL),(17,'EGVO','3646','2021-05-23 14:31:52',NULL),(18,'EGNO','3650','2021-05-23 14:31:52',NULL),(19,'SOLENT','3666','2021-05-23 14:31:52',NULL),(20,'EGYM','3667','2021-05-23 14:31:52',NULL),(21,'EGVN','3737','2021-05-23 14:31:52',NULL),(22,'EGSH','3707','2021-05-23 14:31:52',NULL),(23,'EGXT','3750','2021-05-23 14:31:52',NULL),(24,'EGKA','3762','2021-05-23 14:31:52',NULL),(25,'EGKA','3763','2021-05-23 14:31:52',NULL),(26,'EGKR','3767','2021-05-23 14:31:52',NULL),(27,'EGNT','3767','2021-05-23 14:31:52',NULL),(28,'EGDY','4357','2021-05-23 14:31:52',NULL),(29,'EGUW','4501','2021-05-23 14:31:52',NULL),(30,'EGXU','4506','2021-05-23 14:31:52',NULL),(31,'EGPK','4520','2021-05-23 14:31:52',NULL),(32,'EGTK','4520','2021-05-23 14:31:52',NULL),(33,'EGXU','4540','2021-05-23 14:31:52',NULL),(34,'EGNX','4571','2021-05-23 14:31:52',NULL),(35,'EGMC','4575','2021-05-23 14:31:52',NULL),(36,'EGUO','4576','2021-05-23 14:31:52',NULL),(37,'EGNC','4677','2021-05-23 14:31:52',NULL),(38,'EGGW','4677','2021-05-23 14:31:52',NULL),(39,'EGGP','5050','2021-05-23 14:31:52',NULL),(40,'EGGD','5070','2021-05-23 14:31:52',NULL),(41,'EGGD','5071','2021-05-23 14:31:52',NULL),(42,'EGXY','5070','2021-05-23 14:31:52',NULL),(43,'EGXY','5071','2021-05-23 14:31:52',NULL),(44,'EGCN','6160','2021-05-23 14:31:52',NULL),(45,'EGSC','6176','2021-05-23 14:31:52',NULL),(46,'EGSC','6177','2021-05-23 14:31:52',NULL),(47,'EGPE','6177','2021-05-23 14:31:52',NULL),(48,'EGDR','7030','2021-05-23 14:31:52',NULL),(49,'EGKB','7047','2021-05-23 14:31:52',NULL),(50,'EGLC','7057','2021-05-23 14:31:52',NULL),(51,'EGMD','7066','2021-05-23 14:31:52',NULL),(52,'EGNV','7067','2021-05-23 14:31:52',NULL),(53,'EGMD','7067','2021-05-23 14:31:52',NULL),(54,'EGLW','7077','2021-05-23 14:31:52',NULL),(55,'EGCB','7365','2021-05-23 14:31:52',NULL),(56,'EGPN','7376','2021-05-23 14:31:52',NULL),(57,'EGHH','7377','2021-05-23 14:31:52',NULL),(58,'EGQL','7402','2021-05-23 14:31:52',NULL),(59,'EGTC','7417','2021-05-23 14:31:52',NULL),(60,'EGOS','7420','2021-05-23 14:31:52',NULL);
/*!40000 ALTER TABLE `unit_conspicuity_squawk_codes` ENABLE KEYS */;
UNLOCK TABLES;

--
-- Table structure for table `unit_conspicuity_squawk_rules`
--

DROP TABLE IF EXISTS `unit_conspicuity_squawk_rules`;
/*!40101 SET @saved_cs_client     = @@character_set_client */;
/*!40101 SET character_set_client = utf8 */;
CREATE TABLE `unit_conspicuity_squawk_rules` (
  `id` bigint unsigned NOT NULL AUTO_INCREMENT,
  `unit_conspicuity_squawk_code_id` bigint unsigned NOT NULL COMMENT 'The squawk code that is referenced',
  `rule` json NOT NULL COMMENT 'Data about the rule',
  `created_at` timestamp NULL DEFAULT NULL,
  `updated_at` timestamp NULL DEFAULT NULL,
  PRIMARY KEY (`id`),
  KEY `unit_conspicuity_squawk_code_id` (`unit_conspicuity_squawk_code_id`),
  CONSTRAINT `unit_conspicuity_squawk_code_id` FOREIGN KEY (`unit_conspicuity_squawk_code_id`) REFERENCES `unit_conspicuity_squawk_codes` (`id`) ON DELETE CASCADE
) ENGINE=InnoDB AUTO_INCREMENT=21 DEFAULT CHARSET=utf8mb4 COLLATE=utf8mb4_unicode_ci;
/*!40101 SET character_set_client = @saved_cs_client */;

--
-- Dumping data for table `unit_conspicuity_squawk_rules`
--

LOCK TABLES `unit_conspicuity_squawk_rules` WRITE;
/*!40000 ALTER TABLE `unit_conspicuity_squawk_rules` DISABLE KEYS */;
INSERT INTO `unit_conspicuity_squawk_rules` VALUES (1,5,'{\"rule\": \"BASIC\", \"type\": \"SERVICE\"}','2021-05-23 14:31:52',NULL),(2,6,'{\"rule\": \"PROCEDURAL\", \"type\": \"SERVICE\"}','2021-05-23 14:31:52',NULL),(3,19,'{\"rule\": \"APP\", \"type\": \"UNIT_TYPE\"}','2021-05-23 14:31:52',NULL),(4,21,'{\"rule\": \"APP\", \"type\": \"UNIT_TYPE\"}','2021-05-23 14:31:52',NULL),(5,24,'{\"rule\": \"IFR\", \"type\": \"FLIGHT_RULES\"}','2021-05-23 14:31:52',NULL),(6,25,'{\"rule\": \"VFR\", \"type\": \"FLIGHT_RULES\"}','2021-05-23 14:31:52',NULL),(7,27,'{\"rule\": \"APP\", \"type\": \"UNIT_TYPE\"}','2021-05-23 14:31:52',NULL),(8,40,'{\"rule\": \"VFR\", \"type\": \"FLIGHT_RULES\"}','2021-05-23 14:31:52',NULL),(9,41,'{\"rule\": \"VFR\", \"type\": \"FLIGHT_RULES\"}','2021-05-23 14:31:52',NULL),(10,42,'{\"rule\": \"VFR\", \"type\": \"FLIGHT_RULES\"}','2021-05-23 14:31:52',NULL),(11,43,'{\"rule\": \"VFR\", \"type\": \"FLIGHT_RULES\"}','2021-05-23 14:31:52',NULL),(12,45,'{\"rule\": \"VFR\", \"type\": \"FLIGHT_RULES\"}','2021-05-23 14:31:52',NULL),(13,46,'{\"rule\": \"IFR\", \"type\": \"FLIGHT_RULES\"}','2021-05-23 14:31:52',NULL),(14,51,'{\"rule\": \"VFR\", \"type\": \"FLIGHT_RULES\"}','2021-05-23 14:31:52',NULL),(15,51,'{\"rule\": \"APP\", \"type\": \"UNIT_TYPE\"}','2021-05-23 14:31:52',NULL),(16,53,'{\"rule\": \"IFR\", \"type\": \"FLIGHT_RULES\"}','2021-05-23 14:31:52',NULL),(17,53,'{\"rule\": \"APP\", \"type\": \"UNIT_TYPE\"}','2021-05-23 14:31:52',NULL),(18,56,'{\"rule\": \"VFR\", \"type\": \"FLIGHT_RULES\"}','2021-05-23 14:31:52',NULL),(19,57,'{\"rule\": \"APP\", \"type\": \"UNIT_TYPE\"}','2021-05-23 14:31:52',NULL),(20,59,'{\"rule\": \"IFR\", \"type\": \"FLIGHT_RULES\"}','2021-05-23 14:31:52',NULL);
/*!40000 ALTER TABLE `unit_conspicuity_squawk_rules` ENABLE KEYS */;
UNLOCK TABLES;

--
-- Table structure for table `unit_discrete_squawk_range_guests`
--

DROP TABLE IF EXISTS `unit_discrete_squawk_range_guests`;
/*!40101 SET @saved_cs_client     = @@character_set_client */;
/*!40101 SET character_set_client = utf8 */;
CREATE TABLE `unit_discrete_squawk_range_guests` (
  `id` bigint unsigned NOT NULL AUTO_INCREMENT,
  `primary_unit` varchar(255) CHARACTER SET utf8mb4 COLLATE utf8mb4_unicode_ci NOT NULL COMMENT 'The unit that owns the squawk range',
  `guest_unit` varchar(255) CHARACTER SET utf8mb4 COLLATE utf8mb4_unicode_ci NOT NULL COMMENT 'The unit that is a squawk range guest of the other',
  `created_at` timestamp NULL DEFAULT NULL,
  `updated_at` timestamp NULL DEFAULT NULL,
  PRIMARY KEY (`id`)
) ENGINE=InnoDB AUTO_INCREMENT=6 DEFAULT CHARSET=utf8mb4 COLLATE=utf8mb4_unicode_ci;
/*!40101 SET character_set_client = @saved_cs_client */;

--
-- Dumping data for table `unit_discrete_squawk_range_guests`
--

LOCK TABLES `unit_discrete_squawk_range_guests` WRITE;
/*!40000 ALTER TABLE `unit_discrete_squawk_range_guests` DISABLE KEYS */;
INSERT INTO `unit_discrete_squawk_range_guests` VALUES (1,'ESSEX','EGSS','2021-05-23 14:31:53',NULL),(2,'ESSEX','EGGW','2021-05-23 14:31:53',NULL),(3,'THAMES','EGLL','2021-05-23 14:31:53',NULL),(4,'SCO','STC','2021-05-23 14:31:53',NULL),(5,'LON','LTC','2021-05-23 14:31:53',NULL);
/*!40000 ALTER TABLE `unit_discrete_squawk_range_guests` ENABLE KEYS */;
UNLOCK TABLES;

--
-- Table structure for table `unit_discrete_squawk_range_rules`
--

DROP TABLE IF EXISTS `unit_discrete_squawk_range_rules`;
/*!40101 SET @saved_cs_client     = @@character_set_client */;
/*!40101 SET character_set_client = utf8 */;
CREATE TABLE `unit_discrete_squawk_range_rules` (
  `id` bigint unsigned NOT NULL AUTO_INCREMENT,
  `unit_discrete_squawk_range_id` bigint unsigned NOT NULL COMMENT 'The squawk code that is referenced',
  `rule` json NOT NULL COMMENT 'Data about the rule',
  `created_at` timestamp NULL DEFAULT NULL,
  `updated_at` timestamp NULL DEFAULT NULL,
  PRIMARY KEY (`id`),
  KEY `unit_discrete_squawk_range_id` (`unit_discrete_squawk_range_id`),
  CONSTRAINT `unit_discrete_squawk_range_id` FOREIGN KEY (`unit_discrete_squawk_range_id`) REFERENCES `unit_discrete_squawk_ranges` (`id`) ON DELETE CASCADE
) ENGINE=InnoDB AUTO_INCREMENT=57 DEFAULT CHARSET=utf8mb4 COLLATE=utf8mb4_unicode_ci;
/*!40101 SET character_set_client = @saved_cs_client */;

--
-- Dumping data for table `unit_discrete_squawk_range_rules`
--

LOCK TABLES `unit_discrete_squawk_range_rules` WRITE;
/*!40000 ALTER TABLE `unit_discrete_squawk_range_rules` DISABLE KEYS */;
INSERT INTO `unit_discrete_squawk_range_rules` VALUES (1,1,'{\"rule\": \"APP\", \"type\": \"UNIT_TYPE\"}','2021-05-23 14:31:52',NULL),(2,2,'{\"rule\": \"APP\", \"type\": \"UNIT_TYPE\"}','2021-05-23 14:31:52',NULL),(3,3,'{\"rule\": \"APP\", \"type\": \"UNIT_TYPE\"}','2021-05-23 14:31:52',NULL),(4,6,'{\"rule\": \"IFR\", \"type\": \"FLIGHT_RULES\"}','2021-05-23 14:31:52',NULL),(5,7,'{\"rule\": \"APP\", \"type\": \"UNIT_TYPE\"}','2021-05-23 14:31:52',NULL),(6,8,'{\"rule\": \"APP\", \"type\": \"UNIT_TYPE\"}','2021-05-23 14:31:52',NULL),(7,9,'{\"rule\": \"APP\", \"type\": \"UNIT_TYPE\"}','2021-05-23 14:31:52',NULL),(8,10,'{\"rule\": \"VFR\", \"type\": \"FLIGHT_RULES\"}','2021-05-23 14:31:52',NULL),(9,11,'{\"rule\": \"APP\", \"type\": \"UNIT_TYPE\"}','2021-05-23 14:31:53',NULL),(10,13,'{\"rule\": \"IFR\", \"type\": \"FLIGHT_RULES\"}','2021-05-23 14:31:53',NULL),(11,14,'{\"rule\": \"APP\", \"type\": \"UNIT_TYPE\"}','2021-05-23 14:31:53',NULL),(12,17,'{\"rule\": \"APP\", \"type\": \"UNIT_TYPE\"}','2021-05-23 14:31:53',NULL),(13,34,'{\"rule\": \"APP\", \"type\": \"UNIT_TYPE\"}','2021-05-23 14:31:53',NULL),(14,35,'{\"rule\": \"APP\", \"type\": \"UNIT_TYPE\"}','2021-05-23 14:31:53',NULL),(15,43,'{\"rule\": \"APP\", \"type\": \"UNIT_TYPE\"}','2021-05-23 14:31:53',NULL),(16,45,'{\"rule\": \"APP\", \"type\": \"UNIT_TYPE\"}','2021-05-23 14:31:53',NULL),(17,46,'{\"rule\": \"APP\", \"type\": \"UNIT_TYPE\"}','2021-05-23 14:31:53',NULL),(18,47,'{\"rule\": \"APP\", \"type\": \"UNIT_TYPE\"}','2021-05-23 14:31:53',NULL),(19,48,'{\"rule\": \"APP\", \"type\": \"UNIT_TYPE\"}','2021-05-23 14:31:53',NULL),(20,50,'{\"rule\": \"APP\", \"type\": \"UNIT_TYPE\"}','2021-05-23 14:31:53',NULL),(21,54,'{\"rule\": \"APP\", \"type\": \"UNIT_TYPE\"}','2021-05-23 14:31:53',NULL),(22,55,'{\"rule\": \"APP\", \"type\": \"UNIT_TYPE\"}','2021-05-23 14:31:53',NULL),(23,61,'{\"rule\": \"APP\", \"type\": \"UNIT_TYPE\"}','2021-05-23 14:31:53',NULL),(24,63,'{\"rule\": \"TWR\", \"type\": \"UNIT_TYPE\"}','2021-05-23 14:31:53',NULL),(25,64,'{\"rule\": \"APP\", \"type\": \"UNIT_TYPE\"}','2021-05-23 14:31:53',NULL),(26,65,'{\"rule\": \"APP\", \"type\": \"UNIT_TYPE\"}','2021-05-23 14:31:53',NULL),(27,66,'{\"rule\": \"APP\", \"type\": \"UNIT_TYPE\"}','2021-05-23 14:31:53',NULL),(28,73,'{\"rule\": \"APP\", \"type\": \"UNIT_TYPE\"}','2021-05-23 14:31:53',NULL),(29,74,'{\"rule\": \"APP\", \"type\": \"UNIT_TYPE\"}','2021-05-23 14:31:53',NULL),(30,75,'{\"rule\": \"APP\", \"type\": \"UNIT_TYPE\"}','2021-05-23 14:31:53',NULL),(31,82,'{\"rule\": \"APP\", \"type\": \"UNIT_TYPE\"}','2021-05-23 14:31:53',NULL),(32,83,'{\"rule\": \"APP\", \"type\": \"UNIT_TYPE\"}','2021-05-23 14:31:53',NULL),(33,84,'{\"rule\": \"APP\", \"type\": \"UNIT_TYPE\"}','2021-05-23 14:31:53',NULL),(34,85,'{\"rule\": \"APP\", \"type\": \"UNIT_TYPE\"}','2021-05-23 14:31:53',NULL),(35,88,'{\"rule\": \"APP\", \"type\": \"UNIT_TYPE\"}','2021-05-23 14:31:53',NULL),(36,89,'{\"rule\": \"APP\", \"type\": \"UNIT_TYPE\"}','2021-05-23 14:31:53',NULL),(37,91,'{\"rule\": \"APP\", \"type\": \"UNIT_TYPE\"}','2021-05-23 14:31:53',NULL),(38,94,'{\"rule\": \"APP\", \"type\": \"UNIT_TYPE\"}','2021-05-23 14:31:53',NULL),(39,95,'{\"rule\": \"APP\", \"type\": \"UNIT_TYPE\"}','2021-05-23 14:31:53',NULL),(40,96,'{\"rule\": \"APP\", \"type\": \"UNIT_TYPE\"}','2021-05-23 14:31:53',NULL),(41,97,'{\"rule\": \"APP\", \"type\": \"UNIT_TYPE\"}','2021-05-23 14:31:53',NULL),(42,99,'{\"rule\": \"APP\", \"type\": \"UNIT_TYPE\"}','2021-05-23 14:31:53',NULL),(43,100,'{\"rule\": \"APP\", \"type\": \"UNIT_TYPE\"}','2021-05-23 14:31:53',NULL),(44,101,'{\"rule\": \"APP\", \"type\": \"UNIT_TYPE\"}','2021-05-23 14:31:53',NULL),(45,104,'{\"rule\": \"APP\", \"type\": \"UNIT_TYPE\"}','2021-05-23 14:31:53',NULL),(46,105,'{\"rule\": \"APP\", \"type\": \"UNIT_TYPE\"}','2021-05-23 14:31:53',NULL),(47,106,'{\"rule\": \"APP\", \"type\": \"UNIT_TYPE\"}','2021-05-23 14:31:53',NULL),(48,107,'{\"rule\": \"APP\", \"type\": \"UNIT_TYPE\"}','2021-05-23 14:31:53',NULL),(49,108,'{\"rule\": \"APP\", \"type\": \"UNIT_TYPE\"}','2021-05-23 14:31:53',NULL),(50,109,'{\"rule\": \"APP\", \"type\": \"UNIT_TYPE\"}','2021-05-23 14:31:53',NULL),(51,110,'{\"rule\": \"APP\", \"type\": \"UNIT_TYPE\"}','2021-05-23 14:31:53',NULL),(52,111,'{\"rule\": \"APP\", \"type\": \"UNIT_TYPE\"}','2021-05-23 14:31:53',NULL),(53,112,'{\"rule\": \"APP\", \"type\": \"UNIT_TYPE\"}','2021-05-23 14:31:53',NULL),(54,113,'{\"rule\": \"APP\", \"type\": \"UNIT_TYPE\"}','2021-05-23 14:31:53',NULL),(55,114,'{\"rule\": \"APP\", \"type\": \"UNIT_TYPE\"}','2021-05-23 14:31:53',NULL),(56,115,'{\"rule\": \"APP\", \"type\": \"UNIT_TYPE\"}','2021-05-23 14:31:53',NULL);
/*!40000 ALTER TABLE `unit_discrete_squawk_range_rules` ENABLE KEYS */;
UNLOCK TABLES;

--
-- Table structure for table `unit_discrete_squawk_ranges`
--

DROP TABLE IF EXISTS `unit_discrete_squawk_ranges`;
/*!40101 SET @saved_cs_client     = @@character_set_client */;
/*!40101 SET character_set_client = utf8 */;
CREATE TABLE `unit_discrete_squawk_ranges` (
  `id` bigint unsigned NOT NULL AUTO_INCREMENT,
  `unit` varchar(255) CHARACTER SET utf8mb4 COLLATE utf8mb4_unicode_ci NOT NULL COMMENT 'The unit to which the code applies',
  `first` varchar(4) CHARACTER SET utf8mb4 COLLATE utf8mb4_unicode_ci NOT NULL COMMENT 'The first squawk in the range',
  `last` varchar(4) CHARACTER SET utf8mb4 COLLATE utf8mb4_unicode_ci NOT NULL COMMENT 'The last squawk in the range',
  `created_at` timestamp NULL DEFAULT NULL,
  `updated_at` timestamp NULL DEFAULT NULL,
  PRIMARY KEY (`id`),
  KEY `unit_discrete_squawk_ranges_unit_index` (`unit`)
) ENGINE=InnoDB AUTO_INCREMENT=122 DEFAULT CHARSET=utf8mb4 COLLATE=utf8mb4_unicode_ci;
/*!40101 SET character_set_client = @saved_cs_client */;

--
-- Dumping data for table `unit_discrete_squawk_ranges`
--

LOCK TABLES `unit_discrete_squawk_ranges` WRITE;
/*!40000 ALTER TABLE `unit_discrete_squawk_ranges` DISABLE KEYS */;
INSERT INTO `unit_discrete_squawk_ranges` VALUES (1,'EGBB','0401','0417','2021-05-23 14:31:52',NULL),(2,'EGTE','0401','0450','2021-05-23 14:31:52',NULL),(3,'EGTE','0401','0450','2021-05-23 14:31:52',NULL),(4,'EGUL','0401','0467','2021-05-23 14:31:52',NULL),(5,'EGXE','0402','0437','2021-05-23 14:31:52','2022-01-03 13:49:17'),(6,'EGLF','0421','0427','2021-05-23 14:31:52',NULL),(7,'EGPH','0430','0437','2021-05-23 14:31:52',NULL),(8,'EGNR','0431','0446','2021-05-23 14:31:52',NULL),(9,'EGPH','0441','0443','2021-05-23 14:31:52',NULL),(10,'EGLF','0460','0466','2021-05-23 14:31:52',NULL),(11,'EGHQ','1730','1744','2021-05-23 14:31:53',NULL),(12,'EGXC','1730','1776','2021-05-23 14:31:53',NULL),(13,'EGLF','1750','1757','2021-05-23 14:31:53',NULL),(14,'EGHQ','1750','1757','2021-05-23 14:31:53',NULL),(15,'EGPM','1750','1757','2021-05-23 14:31:53',NULL),(16,'EGDY','1760','1757','2021-05-23 14:31:53',NULL),(17,'EGPF','2601','2617','2021-05-23 14:31:53',NULL),(18,'EGYD','2601','2637','2021-05-23 14:31:53',NULL),(19,'EGDM','2601','2645','2021-05-23 14:31:53',NULL),(20,'EGPB','2621','2630','2021-05-23 14:31:53',NULL),(21,'EGPB','2621','2630','2021-05-23 14:31:53',NULL),(22,'EGPD','2631','2637','2021-05-23 14:31:53',NULL),(23,'EGPB','2640','2657','2021-05-23 14:31:53',NULL),(24,'EGYD','2643','2644','2021-05-23 14:31:53',NULL),(25,'EGYD','2646','2647','2021-05-23 14:31:53',NULL),(26,'EGNM','2655','2676','2021-05-23 14:31:53',NULL),(27,'EGPD','2660','2677','2021-05-23 14:31:53',NULL),(28,'EGVP','2661','2675','2021-05-23 14:31:53',NULL),(29,'EGVV','3310','3367','2021-05-23 14:31:53',NULL),(30,'SCO','3601','3632','2021-05-23 14:31:53',NULL),(31,'EGUB','3601','3623','2021-05-23 14:31:53',NULL),(32,'EGXW','3601','3634','2021-05-23 14:31:53',NULL),(33,'EGUB','3601','3623','2021-05-23 14:31:53',NULL),(34,'EGJJ','3601','3647','2021-05-23 14:31:53',NULL),(35,'EGFF','3601','3657','2021-05-23 14:31:53',NULL),(36,'EGUB','3625','3627','2021-05-23 14:31:53',NULL),(37,'EGVO','3640','3645','2021-05-23 14:31:53',NULL),(38,'EGYM','3640','3666','2021-05-23 14:31:53',NULL),(39,'EGPD','3640','3677','2021-05-23 14:31:53',NULL),(40,'EGNO','3641','3647','2021-05-23 14:31:53',NULL),(41,'EGVO','3647','3653','2021-05-23 14:31:53',NULL),(42,'EGNO','3651','3657','2021-05-23 14:31:53',NULL),(43,'SOLENT','3660','3665','2021-05-23 14:31:53',NULL),(44,'EGNO','3661','3677','2021-05-23 14:31:53',NULL),(45,'EGHI','3667','3677','2021-05-23 14:31:53',NULL),(46,'SOLENT','3667','3677','2021-05-23 14:31:53',NULL),(47,'EGSH','3701','3706','2021-05-23 14:31:53',NULL),(48,'EGSH','3701','3710','2021-05-23 14:31:53',NULL),(49,'EGVN','3701','3736','2021-05-23 14:31:53',NULL),(50,'EGJB','3701','3747','2021-05-23 14:31:53',NULL),(51,'EGVN','3701','3736','2021-05-23 14:31:53',NULL),(52,'EGQS','3701','3767','2021-05-23 14:31:53',NULL),(53,'EGOV','3720','3727','2021-05-23 14:31:53',NULL),(54,'EGXT','3720','3727','2021-05-23 14:31:53',NULL),(55,'EGNT','3720','3766','2021-05-23 14:31:53',NULL),(56,'EGOV','3730','3736','2021-05-23 14:31:53',NULL),(57,'EGXT','3730','3747','2021-05-23 14:31:53',NULL),(58,'EGVN','3740','3745','2021-05-23 14:31:53',NULL),(59,'EGOV','3740','3747','2021-05-23 14:31:53',NULL),(60,'EGOV','3750','3751','2021-05-23 14:31:53',NULL),(61,'EGKK','3750','3761','2021-05-23 14:31:53',NULL),(62,'EGXT','3760','3765','2021-05-23 14:31:53',NULL),(63,'EGKK','3764','3766','2021-05-23 14:31:53',NULL),(64,'EGAC','4250','4257','2021-05-23 14:31:53',NULL),(65,'EGPD','4250','4267','2021-05-23 14:31:53',NULL),(66,'EGNJ','4250','4277','2021-05-23 14:31:53',NULL),(67,'LON','4307','4317','2021-05-23 14:31:53',NULL),(68,'EGYD','4320','4327','2021-05-23 14:31:53',NULL),(69,'SCO','4330','4337','2021-05-23 14:31:53',NULL),(70,'EGWU','4360','4367','2021-05-23 14:31:53',NULL),(71,'EGYD','4370','4377','2021-05-23 14:31:53',NULL),(72,'EGXU','4501','4505','2021-05-23 14:31:53',NULL),(73,'EGTK','4501','4516','2021-05-23 14:31:53',NULL),(74,'EGPK','4501','4517','2021-05-23 14:31:53',NULL),(75,'EGUW','4502','4547','2021-05-23 14:31:53',NULL),(76,'EGXU','4507','4527','2021-05-23 14:31:53',NULL),(77,'EGXU','4531','4537','2021-05-23 14:31:53',NULL),(78,'EGFA','4531','4537','2021-05-23 14:31:53',NULL),(79,'EGFA','4540','4542','2021-05-23 14:31:53',NULL),(80,'EGXU','4541','4547','2021-05-23 14:31:53',NULL),(81,'EGNS','4550','4567','2021-05-23 14:31:53',NULL),(82,'EGNX','4550','4570','2021-05-23 14:31:53',NULL),(83,'ESSEX','4670','4676','2021-05-23 14:31:53',NULL),(84,'EGGW','4670','4676','2021-05-23 14:31:53',NULL),(85,'EGSS','4670','4676','2021-05-23 14:31:53',NULL),(86,'LON','5001','5012','2021-05-23 14:31:53',NULL),(87,'EGLF','5020','5036','2021-05-23 14:31:53',NULL),(88,'EGGD','5050','5057','2021-05-23 14:31:53',NULL),(89,'EGMC','5050','5057','2021-05-23 14:31:53',NULL),(90,'EGGP','5050','5057','2021-05-23 14:31:53',NULL),(91,'EGGD','5072','5076','2021-05-23 14:31:53',NULL),(92,'EGVV','6040','6077','2021-05-23 14:31:53',NULL),(93,'EGVV','6101','6157','2021-05-23 14:31:53',NULL),(94,'EGSC','6160','6175','2021-05-23 14:31:53',NULL),(95,'EGPE','6160','6176','2021-05-23 14:31:53',NULL),(96,'EGCN','6161','6167','2021-05-23 14:31:53',NULL),(97,'EGCN','6171','6177','2021-05-23 14:31:53',NULL),(98,'EGVV','6401','6457','2021-05-23 14:31:53',NULL),(99,'EGAA','7030','7044','2021-05-23 14:31:53',NULL),(100,'THAMES','7030','7046','2021-05-23 14:31:53',NULL),(101,'EGLL','7030','7046','2021-05-23 14:31:53',NULL),(102,'EGNV','7030','7066','2021-05-23 14:31:53',NULL),(103,'EGDR','7031','7077','2021-05-23 14:31:53',NULL),(104,'EGAA','7046','7047','2021-05-23 14:31:53',NULL),(105,'THAMES','7050','7056','2021-05-23 14:31:53',NULL),(106,'EGLL','7050','7056','2021-05-23 14:31:53',NULL),(107,'THAMES','7070','7076','2021-05-23 14:31:53',NULL),(108,'EGLL','7070','7076','2021-05-23 14:31:53',NULL),(109,'EGCC','7350','7364','2021-05-23 14:31:53',NULL),(110,'EGHH','7350','7376','2021-05-23 14:31:53',NULL),(111,'EGSH','7351','7377','2021-05-23 14:31:53',NULL),(112,'EGCC','7367','7373','2021-05-23 14:31:53',NULL),(113,'ESSEX','7402','7414','2021-05-23 14:31:53',NULL),(114,'EGGW','7402','7414','2021-05-23 14:31:53',NULL),(115,'EGSS','7402','7414','2021-05-23 14:31:53',NULL),(116,'EGOS','7402','7417','2021-05-23 14:31:53',NULL),(117,'EGQL','7403','7417','2021-05-23 14:31:53',NULL),(118,'EGOS','7421','7425','2021-05-23 14:31:53',NULL),(119,'EGOS','7430','7437','2021-05-23 14:31:53',NULL),(120,'EGDR','7356','7356','2022-01-03 13:49:17',NULL),(121,'EGDR','7360','7367','2022-01-03 13:49:17',NULL);
/*!40000 ALTER TABLE `unit_discrete_squawk_ranges` ENABLE KEYS */;
UNLOCK TABLES;

--
-- Table structure for table `user`
--

DROP TABLE IF EXISTS `user`;
/*!40101 SET @saved_cs_client     = @@character_set_client */;
/*!40101 SET character_set_client = utf8 */;
CREATE TABLE `user` (
  `id` int unsigned NOT NULL,
  `status` tinyint unsigned NOT NULL DEFAULT '1',
  `first_name` varchar(255) COLLATE utf8mb4_unicode_ci NOT NULL DEFAULT 'VATSIM' COMMENT 'Users first name',
  `last_name` varchar(255) COLLATE utf8mb4_unicode_ci NOT NULL DEFAULT 'User' COMMENT 'Users last name',
  `last_login` timestamp NULL DEFAULT NULL,
  `last_login_ip` varchar(45) CHARACTER SET utf8mb4 COLLATE utf8mb4_unicode_ci DEFAULT NULL,
  `created_at` timestamp NULL DEFAULT NULL,
  `updated_at` timestamp NULL DEFAULT NULL,
  PRIMARY KEY (`id`) USING BTREE,
  KEY `user_status_foreign` (`status`) USING BTREE,
  CONSTRAINT `user_status_foreign` FOREIGN KEY (`status`) REFERENCES `user_status` (`id`)
) ENGINE=InnoDB DEFAULT CHARSET=utf8mb4 COLLATE=utf8mb4_unicode_ci;
/*!40101 SET character_set_client = @saved_cs_client */;

--
-- Dumping data for table `user`
--

LOCK TABLES `user` WRITE;
/*!40000 ALTER TABLE `user` DISABLE KEYS */;
/*!40000 ALTER TABLE `user` ENABLE KEYS */;
UNLOCK TABLES;

--
-- Table structure for table `user_status`
--

DROP TABLE IF EXISTS `user_status`;
/*!40101 SET @saved_cs_client     = @@character_set_client */;
/*!40101 SET character_set_client = utf8 */;
CREATE TABLE `user_status` (
  `id` tinyint unsigned NOT NULL,
  `status` varchar(255) CHARACTER SET utf8mb4 COLLATE utf8mb4_unicode_ci NOT NULL,
  PRIMARY KEY (`id`) USING BTREE
) ENGINE=InnoDB DEFAULT CHARSET=utf8mb4 COLLATE=utf8mb4_unicode_ci;
/*!40101 SET character_set_client = @saved_cs_client */;

--
-- Dumping data for table `user_status`
--

LOCK TABLES `user_status` WRITE;
/*!40000 ALTER TABLE `user_status` DISABLE KEYS */;
INSERT INTO `user_status` VALUES (1,'Active'),(2,'Banned'),(3,'Disabled');
/*!40000 ALTER TABLE `user_status` ENABLE KEYS */;
UNLOCK TABLES;

--
-- Table structure for table `version`
--

DROP TABLE IF EXISTS `version`;
/*!40101 SET @saved_cs_client     = @@character_set_client */;
/*!40101 SET character_set_client = utf8 */;
CREATE TABLE `version` (
  `id` int unsigned NOT NULL AUTO_INCREMENT,
  `version` varchar(255) CHARACTER SET utf8mb4 COLLATE utf8mb4_unicode_ci NOT NULL,
  `plugin_release_channel_id` bigint unsigned NOT NULL,
  `created_at` timestamp NULL DEFAULT NULL,
  `updated_at` timestamp NULL DEFAULT NULL,
  `deleted_at` timestamp NULL DEFAULT NULL,
  PRIMARY KEY (`id`),
  UNIQUE KEY `version_version_unique` (`version`),
  KEY `version_deleted_at_index` (`deleted_at`),
  KEY `version_plugin_release_channel_id_foreign` (`plugin_release_channel_id`),
  CONSTRAINT `version_plugin_release_channel_id_foreign` FOREIGN KEY (`plugin_release_channel_id`) REFERENCES `plugin_release_channels` (`id`)
) ENGINE=InnoDB DEFAULT CHARSET=utf8mb4 COLLATE=utf8mb4_unicode_ci;
/*!40101 SET character_set_client = @saved_cs_client */;

--
-- Dumping data for table `version`
--

LOCK TABLES `version` WRITE;
/*!40000 ALTER TABLE `version` DISABLE KEYS */;
/*!40000 ALTER TABLE `version` ENABLE KEYS */;
UNLOCK TABLES;

--
-- Table structure for table `visual_reference_points`
--

DROP TABLE IF EXISTS `visual_reference_points`;
/*!40101 SET @saved_cs_client     = @@character_set_client */;
/*!40101 SET character_set_client = utf8 */;
CREATE TABLE `visual_reference_points` (
  `id` bigint unsigned NOT NULL AUTO_INCREMENT,
  `name` varchar(255) COLLATE utf8mb4_unicode_ci NOT NULL COMMENT 'The name of the VRP',
  `short_name` varchar(255) COLLATE utf8mb4_unicode_ci NOT NULL COMMENT 'The short name of the VRP',
  `latitude` double(10,8) NOT NULL COMMENT 'The latitude of the VRP in decimal degrees',
  `longitude` double(11,8) NOT NULL COMMENT 'The longitude of the VRP in decimal degrees',
  `created_at` timestamp NULL DEFAULT NULL,
  `updated_at` timestamp NULL DEFAULT NULL,
  PRIMARY KEY (`id`)
) ENGINE=InnoDB AUTO_INCREMENT=399 DEFAULT CHARSET=utf8mb4 COLLATE=utf8mb4_unicode_ci;
/*!40101 SET character_set_client = @saved_cs_client */;

--
-- Dumping data for table `visual_reference_points`
--

LOCK TABLES `visual_reference_points` WRITE;
/*!40000 ALTER TABLE `visual_reference_points` DISABLE KEYS */;
INSERT INTO `visual_reference_points` VALUES (1,'A1(M) Junction 4','A1 J4',51.77916667,-0.22444444,'2022-07-30 16:23:19','2022-07-30 16:23:19'),(2,'A1/A57 Clumber Interchange','Clumb',53.29638889,-1.03222222,'2022-07-30 16:23:19','2022-07-30 16:23:19'),(3,'A1/M18 Wadworth Interchange','Wadworth',53.47916667,-1.14833333,'2022-07-30 16:23:19','2022-07-30 16:23:19'),(4,'Aintree Racecourse','Aintree',53.47666667,-2.94305556,'2022-07-30 16:23:19','2022-07-30 16:23:19'),(5,'Alderbury','Alder',51.04861111,-1.73055556,'2022-07-30 16:23:19','2022-07-30 16:23:19'),(6,'Alderley Edge Hill','Alderley',53.29527778,-2.21222222,'2022-07-30 16:23:19','2022-07-30 16:23:19'),(7,'Alderney Lighthouse','ALDERNEY',49.72911944,-2.16423333,'2022-07-30 16:23:19','2022-07-30 16:23:19'),(8,'Alexandria','Alexa',55.98888889,-4.57638889,'2022-07-30 16:23:19','2022-07-30 16:23:19'),(9,'Ally Pally','ALLY',51.59438611,-0.12969444,'2022-07-30 16:23:19','2022-07-30 16:23:19'),(10,'Alston','Alston',54.80944444,-2.44388889,'2022-07-30 16:23:19','2022-07-30 16:23:19'),(11,'Alton','Alton',51.15194444,-0.96611111,'2022-07-30 16:23:19','2022-07-30 16:23:19'),(12,'Annan','Annan',54.98972222,-3.25583333,'2022-07-30 16:23:19','2022-07-30 16:23:19'),(13,'Ardmore Point','Ard',55.97138889,-4.69916667,'2022-07-30 16:23:19','2022-07-30 16:23:19'),(14,'Arsenal','Ars',51.55498333,-0.10848889,'2022-07-30 16:23:19','2022-07-30 16:23:19'),(15,'Arthurs Seat','Arth',55.94388889,-3.16166667,'2022-07-30 16:23:19','2022-07-30 16:23:19'),(16,'Ascot','Ascot',51.42071389,-0.65918611,'2022-07-30 16:23:19','2022-07-30 16:23:19'),(17,'Attlebridge','Attle',52.69333333,1.10861111,'2022-07-30 16:23:19','2022-07-30 16:23:19'),(18,'Audley End Railway Station','Audley',52.00416667,0.20694444,'2022-07-30 16:23:19','2022-07-30 16:23:19'),(19,'Axminster','Axmin',50.78166667,-2.99833333,'2022-07-30 16:23:19','2022-07-30 16:23:19'),(20,'Aylsham','Ayls',52.78444444,1.25527778,'2022-07-30 16:23:19','2022-07-30 16:23:19'),(21,'Bagshot','Bags',51.34916667,-0.69916667,'2022-07-30 16:23:19','2022-07-30 16:23:19'),(22,'Baillieston','Bail',55.85277778,-4.08944444,'2022-07-30 16:23:19','2022-07-30 16:23:19'),(23,'Ballymena','Bally',54.86333333,-6.27333333,'2022-07-30 16:23:19','2022-07-30 16:23:19'),(24,'Bampton','Bampt',51.72500000,-1.54666667,'2022-07-30 16:23:19','2022-07-30 16:23:19'),(25,'Banbury Reservoir','Banb',51.60444444,-0.03500000,'2022-07-30 16:23:20','2022-07-30 16:23:20'),(26,'Banchory','Banch',57.05000000,-2.50166667,'2022-07-30 16:23:20','2022-07-30 16:23:20'),(27,'Barrhead','Barr',55.80000000,-4.39166667,'2022-07-30 16:23:20','2022-07-30 16:23:20'),(28,'Barrow Tanks Reservoirs','Barrow',51.40640000,-2.66273889,'2022-07-30 16:23:20','2022-07-30 16:23:20'),(29,'Bath Racecourse','Bath',51.41706667,-2.40403056,'2022-07-30 16:23:20','2022-07-30 16:23:20'),(30,'Bathgate','Bath',55.90277778,-3.64027778,'2022-07-30 16:23:20','2022-07-30 16:23:20'),(31,'Beaulieu Disused Ad','Beau',50.80416667,-1.50388889,'2022-07-30 16:23:20','2022-07-30 16:23:20'),(32,'Beckton Roundabout','Beck',51.52527778,0.07333333,'2022-07-30 16:23:20','2022-07-30 16:23:20'),(33,'Beeston Castle','Bees',53.12833333,-2.69194444,'2022-07-30 16:23:20','2022-07-30 16:23:20'),(34,'Belair Park','Belair',51.44328611,-0.08953889,'2022-07-30 16:23:20','2022-07-30 16:23:20'),(35,'Berners Lake','Bern',51.76372222,0.30299722,'2022-07-30 16:23:20','2022-07-30 16:23:20'),(36,'Billericay','Bill',51.63333333,0.41666667,'2022-07-30 16:23:20','2022-07-30 16:23:20'),(37,'Billingshurst','Bill',51.01500000,-0.45000000,'2022-07-30 16:23:20','2022-07-30 16:23:20'),(38,'Bishop Wood','Bish',53.80923889,-1.15865833,'2022-07-30 16:23:20','2022-07-30 16:23:20'),(39,'Bishops Waltham','Bish',50.95472222,-1.20972222,'2022-07-30 16:23:20','2022-07-30 16:23:20'),(40,'Bishopton','Bish',55.90222222,-4.50166667,'2022-07-30 16:23:20','2022-07-30 16:23:20'),(41,'Bitteswell Industrial Estate','Bittes',52.45777778,-1.24638889,'2022-07-30 16:23:20','2022-07-30 16:23:20'),(42,'Blagdon Lake','Blag',51.33722222,-2.71305556,'2022-07-30 16:23:20','2022-07-30 16:23:20'),(43,'Blaydon','Blay',54.96833333,-1.69361111,'2022-07-30 16:23:20','2022-07-30 16:23:20'),(44,'Blyth Windfarm','Blyth',55.12333333,-1.49361111,'2022-07-30 16:23:20','2022-07-30 16:23:20'),(45,'Bodam','Bodam',59.91833333,-1.26833333,'2022-07-30 16:23:20','2022-07-30 16:23:20'),(46,'Bolam Lake','Bolam',55.13138889,-1.87444444,'2022-07-30 16:23:20','2022-07-30 16:23:20'),(47,'Borras Quarry','Borras',53.06821389,-2.95158611,'2022-07-30 16:23:20','2022-07-30 16:23:20'),(48,'Bottesford Disused','Bottes',52.96472222,-0.78166667,'2022-07-30 16:23:20','2022-07-30 16:23:20'),(49,'Brae','Brae',60.39694444,-1.35388889,'2022-07-30 16:23:20','2022-07-30 16:23:20'),(50,'Braintree','Brain',51.87833333,0.55388889,'2022-07-30 16:23:20','2022-07-30 16:23:20'),(51,'Brent Reservoir','Brent',51.56696389,-0.25609167,'2022-07-30 16:23:20','2022-07-30 16:23:20'),(52,'Brigg','Brigg',53.55333333,-0.48666667,'2022-07-30 16:23:20','2022-07-30 16:23:20'),(53,'Brighton Marina','Bri Mar',50.81083333,-0.10083333,'2022-07-30 16:23:20','2022-07-30 16:23:20'),(54,'Broughty Castle','Broughty',56.46250000,-2.86972222,'2022-07-30 16:23:20','2022-07-30 16:23:20'),(55,'Brundall','Brund',52.61777778,1.43333333,'2022-07-30 16:23:20','2022-07-30 16:23:20'),(56,'Buckland','Buck',51.24000000,-0.24583333,'2022-07-30 16:23:20','2022-07-30 16:23:20'),(57,'Bullington Cross','Bulli',51.17516944,-1.33930278,'2022-07-30 16:23:20','2022-07-30 16:23:20'),(58,'Buncrana','Bunc',55.13333333,-7.45666667,'2022-07-30 16:23:20','2022-07-30 16:23:20'),(59,'Burford','Bur',51.80666667,-1.63666667,'2022-07-30 16:23:20','2022-07-30 16:23:20'),(60,'Burgess Park','Burg',51.48488333,-0.07954722,'2022-07-30 16:23:20','2022-07-30 16:23:20'),(61,'Burlton Gate','Burl',52.83346944,-2.80496111,'2022-07-30 16:23:20','2022-07-30 16:23:20'),(62,'Burnham','Burn',51.51901389,-0.67718611,'2022-07-30 16:23:20','2022-07-30 16:23:20'),(63,'Burtonwood','Burt',53.41666667,-2.63805556,'2022-07-30 16:23:20','2022-07-30 16:23:20'),(64,'Butser Hill Mast','Bust',50.97666667,-0.98222222,'2022-07-30 16:23:20','2022-07-30 16:23:20'),(65,'Buxton','Buxt',53.25583333,-1.91277778,'2022-07-30 16:23:20','2022-07-30 16:23:20'),(66,'Byfleet Bridge','Byfl',51.33985278,-0.48519167,'2022-07-30 16:23:20','2022-07-30 16:23:20'),(67,'Caistor','Caist',53.49611111,-0.31833333,'2022-07-30 16:23:20','2022-07-30 16:23:20'),(68,'Calshot','Cals',50.81777778,-1.32916667,'2022-07-30 16:23:21','2022-07-30 16:23:21'),(69,'Canal Bend','Canal',51.65055556,-0.42694444,'2022-07-30 16:23:21','2022-07-30 16:23:21'),(70,'Canfield A120/B1256 Int','Can',51.87047778,0.32310278,'2022-07-30 16:23:21','2022-07-30 16:23:21'),(71,'Cap De La Hague','Cap DLH',49.71666667,-1.93333333,'2022-07-30 16:23:21','2022-07-30 16:23:21'),(72,'Cardiff Docks','Docks',51.45666667,-3.15166667,'2022-07-30 16:23:21','2022-07-30 16:23:21'),(73,'Carrowkeel','Carro',55.12500000,-7.19500000,'2022-07-30 16:23:21','2022-07-30 16:23:21'),(74,'Carteret Lighthouse','Carter',49.37333333,-1.80666667,'2022-07-30 16:23:21','2022-07-30 16:23:21'),(75,'Castletown Aerodrome (Disused)','Castle',58.58527778,-3.35027778,'2022-07-30 16:23:21','2022-07-30 16:23:21'),(76,'Charlbury','Charl',51.87166667,-1.48166667,'2022-07-30 16:23:21','2022-07-30 16:23:21'),(77,'Cheddar Reservoir','Chedd',51.27972222,-2.80138889,'2022-07-30 16:23:21','2022-07-30 16:23:21'),(78,'Chelmsford','Chelm',51.73333333,0.47333333,'2022-07-30 16:23:21','2022-07-30 16:23:21'),(79,'Chester (A55(T)/A51(T))','Chest',53.19500000,-2.84388889,'2022-07-30 16:23:21','2022-07-30 16:23:21'),(80,'Chew Valley','Chew',51.32500000,-2.59500000,'2022-07-30 16:23:21','2022-07-30 16:23:21'),(81,'Chippenham','Chip',51.46000000,-2.12333333,'2022-07-30 16:23:21','2022-07-30 16:23:21'),(82,'Chipping Ongar A414/B184 Int','Chip',51.71265556,0.24500556,'2022-07-30 16:23:21','2022-07-30 16:23:21'),(83,'Church Broughton Disused','Ch. Br.',52.88611111,-1.69833333,'2022-07-30 16:23:21','2022-07-30 16:23:21'),(84,'Churchill','Church',51.33333333,-2.79333333,'2022-07-30 16:23:21','2022-07-30 16:23:21'),(85,'Clatworthy Reservoir','Clat',51.07299444,-3.36921667,'2022-07-30 16:23:21','2022-07-30 16:23:21'),(86,'Claudy','Claudy',54.91166667,-7.15333333,'2022-07-30 16:23:21','2022-07-30 16:23:21'),(87,'Clevedon','Cleve',51.43916667,-2.85138889,'2022-07-30 16:23:21','2022-07-30 16:23:21'),(88,'Clifton Suspension Bridge','Clft S.',51.45500000,-2.62777778,'2022-07-30 16:23:21','2022-07-30 16:23:21'),(89,'Cluntoe (Disused Ad)','Clunt',54.62055556,-6.53388889,'2022-07-30 16:23:21','2022-07-30 16:23:21'),(90,'Cobbinshaw Reservoir','Cobbin',55.80777778,-3.56666667,'2022-07-30 16:23:21','2022-07-30 16:23:21'),(91,'Coleraine','Coler',55.13166667,-6.67166667,'2022-07-30 16:23:21','2022-07-30 16:23:21'),(92,'Coltishall Disused','Colti',52.75305556,1.35527778,'2022-07-30 16:23:21','2022-07-30 16:23:21'),(93,'Comber','Comb',54.55083333,-5.74583333,'2022-07-30 16:23:21','2022-07-30 16:23:21'),(94,'Congleton','Cong',53.16500000,-2.18083333,'2022-07-30 16:23:21','2022-07-30 16:23:21'),(95,'Corbiere Lighthouse','Corbi',49.17972222,-2.25000000,'2022-07-30 16:23:21','2022-07-30 16:23:21'),(96,'Cowes','Cowes',50.76146389,-1.29309167,'2022-07-30 16:23:21','2022-07-30 16:23:21'),(97,'Crediton','Credi',50.79055556,-3.65138889,'2022-07-30 16:23:21','2022-07-30 16:23:21'),(98,'Cullompton','Cullo',50.85777778,-3.39388889,'2022-07-30 16:23:21','2022-07-30 16:23:21'),(99,'Culzean Bay/Castle','Culze',55.36944444,-4.76805556,'2022-07-30 16:23:21','2022-07-30 16:23:21'),(100,'Cumnock','Cumno',55.45555556,-4.25750000,'2022-07-30 16:23:21','2022-07-30 16:23:21'),(101,'Dalkeith','Dalk',55.89333333,-3.06833333,'2022-07-30 16:23:21','2022-07-30 16:23:21'),(102,'Dalmellington','Dalme',55.32333333,-4.39722222,'2022-07-30 16:23:21','2022-07-30 16:23:21'),(103,'Dalrymple','Dalry',55.39722222,-4.59250000,'2022-07-30 16:23:21','2022-07-30 16:23:21'),(104,'Daneshill Lakes','Danes',53.36027778,-0.93527778,'2022-07-30 16:23:21','2022-07-30 16:23:21'),(105,'Debden Disused','Debd',51.99195833,0.27482778,'2022-07-30 16:23:21','2022-07-30 16:23:21'),(106,'Derwent Reservoir','Der Re.',54.86666667,-1.98000000,'2022-07-30 16:23:21','2022-07-30 16:23:21'),(107,'Dewsbury (Dby)','Dews',53.69166667,-1.63500000,'2022-07-30 16:23:21','2022-07-30 16:23:21'),(108,'Diamond Hangar (Hangar 8)','Diam',51.87777778,0.23583333,'2022-07-30 16:23:21','2022-07-30 16:23:21'),(109,'Dingwall','Ding',57.59944444,-4.43138889,'2022-07-30 16:23:21','2022-07-30 16:23:21'),(110,'Divis','Div',54.60750000,-6.00944444,'2022-07-30 16:23:21','2022-07-30 16:23:21'),(111,'Doonfoot','Doon',55.44027778,-4.65083333,'2022-07-30 16:23:22','2022-07-30 16:23:22'),(112,'Dores','Dores',57.38194444,-4.33194444,'2022-07-30 16:23:22','2022-07-30 16:23:22'),(113,'Dorking','Dork',51.22694444,-0.33500000,'2022-07-30 16:23:22','2022-07-30 16:23:22'),(114,'Dovestones Reservoirs','Doves',53.53750000,-1.97000000,'2022-07-30 16:23:22','2022-07-30 16:23:22'),(115,'Draycote Water','Dray',52.32611111,-1.32638889,'2022-07-30 16:23:22','2022-07-30 16:23:22'),(116,'Dumbarton','Dumb',55.94444444,-4.56833333,'2022-07-30 16:23:22','2022-07-30 16:23:22'),(117,'Duncansby Head Lighthouse','Dunc',58.64388889,-3.02527778,'2022-07-30 16:23:22','2022-07-30 16:23:22'),(118,'Dungiven','Dungi',54.92833333,-6.92500000,'2022-07-30 16:23:22','2022-07-30 16:23:22'),(119,'Durham','Durh',54.77388889,-1.57666667,'2022-07-30 16:23:22','2022-07-30 16:23:22'),(120,'East Kilbride','E Kil',55.76388889,-4.17222222,'2022-07-30 16:23:22','2022-07-30 16:23:22'),(121,'East Nailsea','E Nail',51.43000000,-2.73500000,'2022-07-30 16:23:22','2022-07-30 16:23:22'),(122,'Eccup Reservoir (Ecp)','Eccup',53.87111111,-1.54333333,'2022-07-30 16:23:22','2022-07-30 16:23:22'),(123,'Elsham Wolds','Elsh',53.60861111,-0.42805556,'2022-07-30 16:23:22','2022-07-30 16:23:22'),(124,'Epping','Epp',51.70000000,0.11111111,'2022-07-30 16:23:22','2022-07-30 16:23:22'),(125,'Erskine Bridge','Erski',55.92027778,-4.46277778,'2022-07-30 16:23:22','2022-07-30 16:23:22'),(126,'Exmouth','Exmo',50.62472222,-3.40222222,'2022-07-30 16:23:22','2022-07-30 16:23:22'),(127,'Faringdon','Faring',51.65500000,-1.58666667,'2022-07-30 16:23:22','2022-07-30 16:23:22'),(128,'Farmoor Reservoir','Far R.',51.75333333,-1.35666667,'2022-07-30 16:23:22','2022-07-30 16:23:22'),(129,'Farnham Castle','Farn',51.21861111,-0.80222222,'2022-07-30 16:23:22','2022-07-30 16:23:22'),(130,'Fiddlers Ferry Power Station','Fiddle',53.37177500,-2.68778611,'2022-07-30 16:23:22','2022-07-30 16:23:22'),(131,'Flat Holm Lighthouse','Flat H',51.37555556,-3.11861111,'2022-07-30 16:23:22','2022-07-30 16:23:22'),(132,'Fleet Pond','Fleet',51.28861111,-0.82472222,'2022-07-30 16:23:22','2022-07-30 16:23:22'),(133,'Fleetwood (Golf Course)','Fleet',53.91888889,-3.04527778,'2022-07-30 16:23:22','2022-07-30 16:23:22'),(134,'Flint Bridge','Flint',53.22944444,-3.06666667,'2022-07-30 16:23:22','2022-07-30 16:23:22'),(135,'Foot','Foot',59.02861111,-2.80638889,'2022-07-30 16:23:22','2022-07-30 16:23:22'),(136,'Fort Le Marchant','Fort',49.50888889,-2.51861111,'2022-07-30 16:23:22','2022-07-30 16:23:22'),(137,'Forth Road Bridge (North Tower)','Forth',56.00611111,-3.40388889,'2022-07-30 16:23:22','2022-07-30 16:23:22'),(138,'Frankley Reservoirs','Frank',52.42027778,-1.99861111,'2022-07-30 16:23:22','2022-07-30 16:23:22'),(139,'Fremont Tv Mast','Frem',49.25166667,-2.13138889,'2022-07-30 16:23:22','2022-07-30 16:23:22'),(140,'Frensham Great Pond','Fren',51.15444444,-0.79166667,'2022-07-30 16:23:22','2022-07-30 16:23:22'),(141,'Frodsham Hill','Frod',53.28715278,-2.72479722,'2022-07-30 16:23:22','2022-07-30 16:23:22'),(142,'Fugla','Fugla',60.44916667,-1.32388889,'2022-07-30 16:23:22','2022-07-30 16:23:22'),(143,'Gainsborough','Gains',53.39277778,-0.77083333,'2022-07-30 16:23:22','2022-07-30 16:23:22'),(144,'Garstang Marina','Garst',53.90541667,-2.79172222,'2022-07-30 16:23:22','2022-07-30 16:23:22'),(145,'Garston Docks','Garst',53.35276667,-2.90676667,'2022-07-30 16:23:22','2022-07-30 16:23:22'),(146,'Gateway Port','Gate',51.50472222,0.50305556,'2022-07-30 16:23:22','2022-07-30 16:23:22'),(147,'Glengormley M2/J4','Gleng',54.68055556,-5.98166667,'2022-07-30 16:23:22','2022-07-30 16:23:22'),(148,'Glossop','Gloss',53.44055556,-1.91777778,'2022-07-30 16:23:22','2022-07-30 16:23:22'),(149,'Godstone (A25/B2236 Junction)','Gods J.',51.24722222,-0.06694444,'2022-07-30 16:23:22','2022-07-30 16:23:22'),(150,'Godstone Railway Station','Gods R.',51.21805556,-0.05111111,'2022-07-30 16:23:22','2022-07-30 16:23:22'),(151,'Golf Course','Golf',51.66666667,-0.21555556,'2022-07-30 16:23:22','2022-07-30 16:23:22'),(152,'Goole Docks','G. Dock',53.69694444,-0.87777778,'2022-07-30 16:23:22','2022-07-30 16:23:22'),(153,'Greenock','Green',55.94722222,-4.75138889,'2022-07-30 16:23:22','2022-07-30 16:23:22'),(154,'Gretna','Gret',54.99555556,-3.06750000,'2022-07-30 16:23:22','2022-07-30 16:23:22'),(155,'Grims Tower','Grims',51.62290278,-0.35654722,'2022-07-30 16:23:22','2022-07-30 16:23:22'),(156,'Groomsport','Groom',54.67500000,-5.61805556,'2022-07-30 16:23:22','2022-07-30 16:23:22'),(157,'Guildford','Guild',51.23944444,-0.58500000,'2022-07-30 16:23:23','2022-07-30 16:23:23'),(158,'Haltwhistle','Halt',54.96888889,-2.46222222,'2022-07-30 16:23:23','2022-07-30 16:23:23'),(159,'Handcross','Hand',51.05277778,-0.20222222,'2022-07-30 16:23:23','2022-07-30 16:23:23'),(160,'Hanois Lighthouse','Hanois',49.43500000,-2.70250000,'2022-07-30 16:23:23','2022-07-30 16:23:23'),(161,'Harrogate (Hgt)','Harro',53.99166667,-1.52666667,'2022-07-30 16:23:23','2022-07-30 16:23:23'),(162,'Hartlepool','Hartl',54.68333333,-1.21388889,'2022-07-30 16:23:23','2022-07-30 16:23:23'),(163,'Haverhill','Haver',52.08250000,0.43444444,'2022-07-30 16:23:23','2022-07-30 16:23:23'),(164,'Haxey','Haxey',53.49027778,-0.84361111,'2022-07-30 16:23:23','2022-07-30 16:23:23'),(165,'Haydock Park Racecourse','Hay Race',53.47833333,-2.62222222,'2022-07-30 16:23:23','2022-07-30 16:23:23'),(166,'Haywards Heath','Hay He',51.00750000,-0.09611111,'2022-07-30 16:23:23','2022-07-30 16:23:23'),(167,'Hazelend Wood','Hazel',51.89413333,0.17084722,'2022-07-30 16:23:23','2022-07-30 16:23:23'),(168,'Heads Of Ayr','Heads',55.43277778,-4.71305556,'2022-07-30 16:23:23','2022-07-30 16:23:23'),(169,'Heauville','Heauv',49.58305556,-1.80194444,'2022-07-30 16:23:23','2022-07-30 16:23:23'),(170,'Helsby Hill','Hels',53.27341944,-2.76323333,'2022-07-30 16:23:23','2022-07-30 16:23:23'),(171,'Hengistbury Head','Hengi',50.71194444,-1.74888889,'2022-07-30 16:23:23','2022-07-30 16:23:23'),(172,'Herm Island','Herm',49.47168611,-2.44873889,'2022-07-30 16:23:23','2022-07-30 16:23:23'),(173,'Hermiston (M8 Junction 1)','Herm',55.92500000,-3.31194444,'2022-07-30 16:23:23','2022-07-30 16:23:23'),(174,'Hethel Disused','Heth',52.56250000,1.17500000,'2022-07-30 16:23:23','2022-07-30 16:23:23'),(175,'Hexham','Hex',54.97083333,-2.10277778,'2022-07-30 16:23:23','2022-07-30 16:23:23'),(176,'Hillend Ski Slope','Hill',55.88833333,-3.20833333,'2022-07-30 16:23:23','2022-07-30 16:23:23'),(177,'Hillswick','Hill',60.47583333,-1.48861111,'2022-07-30 16:23:23','2022-07-30 16:23:23'),(178,'Hilltop','Hill',53.34166667,-2.17416667,'2022-07-30 16:23:23','2022-07-30 16:23:23'),(179,'Hook','Hook',51.27944444,-0.96194444,'2022-07-30 16:23:23','2022-07-30 16:23:23'),(180,'Hulton Industrial Estate','Hulton',53.53507778,-2.45126667,'2022-07-30 16:23:23','2022-07-30 16:23:23'),(181,'Hurst Castle','Hurst',50.70805556,-1.55027778,'2022-07-30 16:23:23','2022-07-30 16:23:23'),(182,'Hyde','Hyde',51.84416667,-0.36611111,'2022-07-30 16:23:23','2022-07-30 16:23:23'),(183,'Immingham Docks','Immi',53.62833333,-0.19333333,'2022-07-30 16:23:23','2022-07-30 16:23:23'),(184,'Insch','Insch',57.34277778,-2.61416667,'2022-07-30 16:23:23','2022-07-30 16:23:23'),(185,'Inskip (Disused Ad)','Insk',53.82722222,-2.83416667,'2022-07-30 16:23:23','2022-07-30 16:23:23'),(186,'Invergordon','Inver',57.69222222,-4.16750000,'2022-07-30 16:23:23','2022-07-30 16:23:23'),(187,'Inverkip Power Station','Inver',55.89833333,-4.88666667,'2022-07-30 16:23:23','2022-07-30 16:23:23'),(188,'Irlam','Irlam',53.43888889,-2.41305556,'2022-07-30 16:23:23','2022-07-30 16:23:23'),(189,'Irvine Harbour','Irvin',55.61083333,-4.69861111,'2022-07-30 16:23:23','2022-07-30 16:23:23'),(190,'Jaguar Car Factory','Jaguar',53.35351667,-2.83577778,'2022-07-30 16:23:23','2022-07-30 16:23:23'),(191,'Jodrell Bank','Jodre',53.23638889,-2.30916667,'2022-07-30 16:23:23','2022-07-30 16:23:23'),(192,'Keighley (Kly)','Keigh',53.86666667,-1.91000000,'2022-07-30 16:23:23','2022-07-30 16:23:23'),(193,'Keiss Village','Keiss',58.53333333,-3.12333333,'2022-07-30 16:23:23','2022-07-30 16:23:23'),(194,'Kelty','Kelty',56.13472222,-3.38750000,'2022-07-30 16:23:23','2022-07-30 16:23:23'),(195,'Keswick Roundabout','Keswi',52.58805556,1.27500000,'2022-07-30 16:23:23','2022-07-30 16:23:23'),(196,'Kidbrooke Flats','Kidbro',51.46146944,0.02685556,'2022-07-30 16:23:23','2022-07-30 16:23:23'),(197,'Kilmacolm','Kilmac',55.89444444,-4.62750000,'2022-07-30 16:23:24','2022-07-30 16:23:24'),(198,'Kilmarnock','Kilmar',55.61250000,-4.49833333,'2022-07-30 16:23:24','2022-07-30 16:23:24'),(199,'Kimpton Hall','Kimp',51.84583333,-0.29666667,'2022-07-30 16:23:24','2022-07-30 16:23:24'),(200,'Kingston Bridge','Kings',55.85611111,-4.26972222,'2022-07-30 16:23:24','2022-07-30 16:23:24'),(201,'Kirkby','Kirk',53.48000000,-2.88166667,'2022-07-30 16:23:24','2022-07-30 16:23:24'),(202,'Kirkcaldy Harbour','Kirk',56.11388889,-3.15000000,'2022-07-30 16:23:24','2022-07-30 16:23:24'),(203,'Kirkliston','Kirkl',55.95555556,-3.40305556,'2022-07-30 16:23:24','2022-07-30 16:23:24'),(204,'Kirknewton','Kirkn',55.88750000,-3.41805556,'2022-07-30 16:23:24','2022-07-30 16:23:24'),(205,'Laceby Crossroads','Lace',53.53527778,-0.18027778,'2022-07-30 16:23:24','2022-07-30 16:23:24'),(206,'Lamaload Reservoir','Lamal',53.27222222,-2.04250000,'2022-07-30 16:23:24','2022-07-30 16:23:24'),(207,'Lamb Holm Island','Lamb',58.88722222,-2.89333333,'2022-07-30 16:23:24','2022-07-30 16:23:24'),(208,'Langholm','Lang',55.15305556,-3.00000000,'2022-07-30 16:23:24','2022-07-30 16:23:24'),(209,'Larne','Larne',54.85333333,-5.82527778,'2022-07-30 16:23:24','2022-07-30 16:23:24'),(210,'Lavernock Point','Laver',51.40638889,-3.17055556,'2022-07-30 16:23:24','2022-07-30 16:23:24'),(211,'Laxey','Laxey',54.22916667,-4.40166667,'2022-07-30 16:23:24','2022-07-30 16:23:24'),(212,'Lechlade','Lechl',51.69333333,-1.69000000,'2022-07-30 16:23:24','2022-07-30 16:23:24'),(213,'Leigh Flash','Leigh',53.48972222,-2.55972222,'2022-07-30 16:23:24','2022-07-30 16:23:24'),(214,'Lenwade Lakes','Lenwa',52.71861111,1.10250000,'2022-07-30 16:23:24','2022-07-30 16:23:24'),(215,'Letterkenny Office Park','Letter',54.96500000,-7.73083333,'2022-07-30 16:23:24','2022-07-30 16:23:24'),(216,'Lewes Intersection (A27(T)/A26)','Lewis',50.86444444,0.02416667,'2022-07-30 16:23:24','2022-07-30 16:23:24'),(217,'Lichfield City Railway Junction','Lich',52.68611111,-1.79861111,'2022-07-30 16:23:24','2022-07-30 16:23:24'),(218,'Lifford Bridge','Liff Br',54.83138889,-7.47972222,'2022-07-30 16:23:24','2022-07-30 16:23:24'),(219,'Linga Island','Linga',60.35666667,-1.35944444,'2022-07-30 16:23:24','2022-07-30 16:23:24'),(220,'Littlehampton','Little',50.81277778,-0.54638889,'2022-07-30 16:23:24','2022-07-30 16:23:24'),(221,'Llandegfedd Reservoir','Lland R',51.69158889,-2.97069722,'2022-07-30 16:23:24','2022-07-30 16:23:24'),(222,'Loch Watten','Lock',58.48333333,-3.33500000,'2022-07-30 16:23:24','2022-07-30 16:23:24'),(223,'Lochindorb','Loch',57.40277778,-3.71583333,'2022-07-30 16:23:24','2022-07-30 16:23:24'),(224,'Lochmaddy Pier','Loch',57.59611111,-7.15666667,'2022-07-30 16:23:24','2022-07-30 16:23:24'),(225,'Lockerbie','Lock',55.12055556,-3.35666667,'2022-07-30 16:23:24','2022-07-30 16:23:24'),(226,'London Eye','Eye',51.50347778,-0.11984722,'2022-07-30 16:23:24','2022-07-30 16:23:24'),(227,'Longannet Power Station','Longa',56.04888889,-3.68250000,'2022-07-30 16:23:24','2022-07-30 16:23:24'),(228,'Lunna Holm','Lunna',60.45416667,-1.04277778,'2022-07-30 16:23:24','2022-07-30 16:23:24'),(229,'Lybster Village','Lybst',58.30000000,-3.28500000,'2022-07-30 16:23:24','2022-07-30 16:23:24'),(230,'M1 Junction 22 Markfield','M1 J22',52.69555556,-1.29250000,'2022-07-30 16:23:24','2022-07-30 16:23:24'),(231,'M1 Junction 8','M1 J8',51.75611111,-0.41611111,'2022-07-30 16:23:24','2022-07-30 16:23:24'),(232,'M1/A1(M) Junction','M1/A1 J',53.81437500,-1.34035278,'2022-07-30 16:23:25','2022-07-30 16:23:25'),(233,'M1/M18 Thurcroft Interchange','M1 Thur',53.39277778,-1.27861111,'2022-07-30 16:23:25','2022-07-30 16:23:25'),(234,'M11 Junction 4','M11 J4',51.59388889,0.03694444,'2022-07-30 16:23:25','2022-07-30 16:23:25'),(235,'M18 Stainforth Services','Stain',53.59138889,-0.98750000,'2022-07-30 16:23:25','2022-07-30 16:23:25'),(236,'M25 Junction 13','M25 J13',51.44441389,-0.52939444,'2022-07-30 16:23:25','2022-07-30 16:23:25'),(237,'M25 Junction 7/M23 Junction 8','M25/M23',51.26388889,-0.12805556,'2022-07-30 16:23:25','2022-07-30 16:23:25'),(238,'M3 Junction 3','M3 J3',51.35585000,-0.68066667,'2022-07-30 16:23:25','2022-07-30 16:23:25'),(239,'M3 Junction 4','M3 J4',51.31638889,-0.75694444,'2022-07-30 16:23:25','2022-07-30 16:23:25'),(240,'M4 Junction 18','M4 J18',51.50194444,-2.35000000,'2022-07-30 16:23:25','2022-07-30 16:23:25'),(241,'M4 Junction 24','M4 J24',51.60194444,-2.92555556,'2022-07-30 16:23:25','2022-07-30 16:23:25'),(242,'M4 Junction 36 (Services) (North Of Bridgend)','M4 J36',51.53222222,-3.57333333,'2022-07-30 16:23:25','2022-07-30 16:23:25'),(243,'M40 Junction 2','M40 J2',51.59436111,-0.62753333,'2022-07-30 16:23:25','2022-07-30 16:23:25'),(244,'M40/M42 Interchange','M40/M42',52.34861111,-1.80972222,'2022-07-30 16:23:25','2022-07-30 16:23:25'),(245,'M42 Junction 10 (Tamworth)','M42 J10',52.60333333,-1.64250000,'2022-07-30 16:23:25','2022-07-30 16:23:25'),(246,'M42 Junction 11 Measham','M42 J11',52.68888889,-1.54805556,'2022-07-30 16:23:25','2022-07-30 16:23:25'),(247,'M5 Avon Bridge','M5 Av',51.48890556,-2.69294167,'2022-07-30 16:23:25','2022-07-30 16:23:25'),(248,'M5 Sedgemoor Services','M5 Sed',51.26891944,-2.92127222,'2022-07-30 16:23:25','2022-07-30 16:23:25'),(249,'M53n Junction 10 (Cheshire Oaks)','M53 J10',53.26260833,-2.87621389,'2022-07-30 16:23:25','2022-07-30 16:23:25'),(250,'M55 Junction 3','M55 J3',53.80694444,-2.88972222,'2022-07-30 16:23:25','2022-07-30 16:23:25'),(251,'M55 Junction 4','M55 J4',53.79388333,-2.98479444,'2022-07-30 16:23:25','2022-07-30 16:23:25'),(252,'M56 Junction 10','M56 J10',53.33444444,-2.57138889,'2022-07-30 16:23:25','2022-07-30 16:23:25'),(253,'M56 Junction 11','M56 J11',53.32722222,-2.64361111,'2022-07-30 16:23:25','2022-07-30 16:23:25'),(254,'M6 Hilton Park Services','M6 Hil',52.64388889,-2.05638889,'2022-07-30 16:23:25','2022-07-30 16:23:25'),(255,'M6 Junction 3 (Bedworth)','M6 J3',52.46250000,-1.49416667,'2022-07-30 16:23:25','2022-07-30 16:23:25'),(256,'M6 Junction 30/ M61','M6 J30',53.73558333,-2.64891667,'2022-07-30 16:23:25','2022-07-30 16:23:25'),(257,'M6 Junction 32/M55','M6 J32',53.80761111,-2.69966667,'2022-07-30 16:23:25','2022-07-30 16:23:25'),(258,'M6 Sandbach Services','M6 Sand',53.13944444,-2.33638889,'2022-07-30 16:23:25','2022-07-30 16:23:25'),(259,'M60/M62/M66 Heaton Interchange','M60 He',53.55000000,-2.26111111,'2022-07-30 16:23:25','2022-07-30 16:23:25'),(260,'Macclesfield South','Maccl',53.23611111,-2.13472222,'2022-07-30 16:23:25','2022-07-30 16:23:25'),(261,'Maple Cross','Maple',51.62944444,-0.50416667,'2022-07-30 16:23:25','2022-07-30 16:23:25'),(262,'Mauchline','Mauch',55.51583333,-4.37916667,'2022-07-30 16:23:25','2022-07-30 16:23:25'),(263,'Meldrum Tv Mast','Meld',57.38588889,-2.40086111,'2022-07-30 16:23:25','2022-07-30 16:23:25'),(264,'Melton Mowbray Disused','Melt',52.73944444,-0.89277778,'2022-07-30 16:23:25','2022-07-30 16:23:25'),(265,'Middlebrook Stadium','Middl',53.58055556,-2.53555556,'2022-07-30 16:23:25','2022-07-30 16:23:25'),(266,'Minehead','Mineh',51.20583333,-3.47500000,'2022-07-30 16:23:25','2022-07-30 16:23:25'),(267,'Minquies','Minq',48.96666667,-2.13333333,'2022-07-30 16:23:26','2022-07-30 16:23:26'),(268,'Mold Town A494/A541 Chester Road Roundabout (East Of Mold Town).','Mold',53.16500000,-3.12527778,'2022-07-30 16:23:26','2022-07-30 16:23:26'),(269,'Monach Islands Lighthouse','M Light',57.52638889,-7.69416667,'2022-07-30 16:23:26','2022-07-30 16:23:26'),(270,'Morpeth Railway Station','Morp',55.16250000,-1.68277778,'2022-07-30 16:23:26','2022-07-30 16:23:26'),(271,'Motorway Junction A1(M)/A66(M)','A1M/A66M',54.50000000,-1.62666667,'2022-07-30 16:23:26','2022-07-30 16:23:26'),(272,'Mousa','Mousa',60.00000000,-1.16000000,'2022-07-30 16:23:26','2022-07-30 16:23:26'),(273,'Moville','Movil',55.19000000,-7.04000000,'2022-07-30 16:23:26','2022-07-30 16:23:26'),(274,'Mull Of Oa','Mull',55.59166667,-6.33833333,'2022-07-30 16:23:26','2022-07-30 16:23:26'),(275,'Musselburgh Racecourse','Mussl',55.94722222,-3.04027778,'2022-07-30 16:23:26','2022-07-30 16:23:26'),(276,'Naburn Marina','Nabur',53.90940278,-1.08966667,'2022-07-30 16:23:26','2022-07-30 16:23:26'),(277,'Nash Point Lighthouse','NashP',51.40083333,-3.55222222,'2022-07-30 16:23:26','2022-07-30 16:23:26'),(278,'Nash South','NashS',51.38138889,-3.55750000,'2022-07-30 16:23:26','2022-07-30 16:23:26'),(279,'Needles Lighthouse','Needl',50.66250000,-1.59138889,'2022-07-30 16:23:26','2022-07-30 16:23:26'),(280,'Neston','Nest',53.29166667,-3.06000000,'2022-07-30 16:23:26','2022-07-30 16:23:26'),(281,'New Alresford','New Ar',51.08880556,-1.14975000,'2022-07-30 16:23:26','2022-07-30 16:23:26'),(282,'New Buildings','New B',54.95833333,-7.35833333,'2022-07-30 16:23:26','2022-07-30 16:23:26'),(283,'Newton Cunningham','Newton',54.99833333,-7.50666667,'2022-07-30 16:23:26','2022-07-30 16:23:26'),(284,'Noirmont Point Lighthouse','Noirm',49.16527778,-2.16805556,'2022-07-30 16:23:26','2022-07-30 16:23:26'),(285,'Norfolk Showground','Nor Sh',52.65027778,1.18527778,'2022-07-30 16:23:26','2022-07-30 16:23:26'),(286,'North Coast','Nor Co',55.93333333,-6.16500000,'2022-07-30 16:23:26','2022-07-30 16:23:26'),(287,'North Tower Humber Bridge','NT Humb',53.71416667,-0.45055556,'2022-07-30 16:23:26','2022-07-30 16:23:26'),(288,'North West Corner','NW Cor',49.25833333,-2.24722222,'2022-07-30 16:23:26','2022-07-30 16:23:26'),(289,'Northallerton','NorAl',54.33888889,-1.43194444,'2022-07-30 16:23:26','2022-07-30 16:23:26'),(290,'Northey Island','NorIs',51.72222222,0.72194444,'2022-07-30 16:23:26','2022-07-30 16:23:26'),(291,'Northleach Roundabout','NorLe',51.83750000,-1.83583333,'2022-07-30 16:23:26','2022-07-30 16:23:26'),(292,'Nuneaton Disused Ad','Nunea',52.56500000,-1.44805556,'2022-07-30 16:23:26','2022-07-30 16:23:26'),(293,'Nuthampstead Ad','Nutham',51.99000000,0.06194444,'2022-07-30 16:23:26','2022-07-30 16:23:26'),(294,'Offley','Offley',51.93361111,-0.34166667,'2022-07-30 16:23:26','2022-07-30 16:23:26'),(295,'Old Severn Bridge (M48)','Old Sev',51.61111111,-2.64361111,'2022-07-30 16:23:26','2022-07-30 16:23:26'),(296,'Olney Town','Olney',52.15333333,-0.70166667,'2022-07-30 16:23:26','2022-07-30 16:23:26'),(297,'Olympic','Olympic',51.53845556,-0.01648333,'2022-07-30 16:23:27','2022-07-30 16:23:27'),(298,'Oulton Park','Oulton',53.17611111,-2.61333333,'2022-07-30 16:23:27','2022-07-30 16:23:27'),(299,'Ouston (Disused Ad)','Ouston',55.02500000,-1.87527778,'2022-07-30 16:23:27','2022-07-30 16:23:27'),(300,'Padeswood Cement Factory','Padesw',53.15444444,-3.06166667,'2022-07-30 16:23:27','2022-07-30 16:23:27'),(301,'Peel','Peel',54.22222222,-4.69166667,'2022-07-30 16:23:27','2022-07-30 16:23:27'),(302,'Pendeen Lighthouse','Pende',50.16527778,-5.67194444,'2022-07-30 16:23:27','2022-07-30 16:23:27'),(303,'Penicuik','Penic',55.83194444,-3.22361111,'2022-07-30 16:23:27','2022-07-30 16:23:27'),(304,'Penrith','Penri',54.66444444,-2.75027778,'2022-07-30 16:23:27','2022-07-30 16:23:27'),(305,'Peterhead','Peter',57.50694444,-1.77666667,'2022-07-30 16:23:27','2022-07-30 16:23:27'),(306,'Philpstoun (M9 Junction 2)','M9 J2',55.98166667,-3.51194444,'2022-07-30 16:23:27','2022-07-30 16:23:27'),(307,'Pirton','Pirt',51.97166667,-0.33166667,'2022-07-30 16:23:27','2022-07-30 16:23:27'),(308,'Pladda','Plad',55.42638889,-5.11777778,'2022-07-30 16:23:27','2022-07-30 16:23:27'),(309,'Point De Rozel','P De R',49.48305556,-1.84972222,'2022-07-30 16:23:27','2022-07-30 16:23:27'),(310,'Point Of Ayr Lighthouse','PofA',53.35701111,-3.32218056,'2022-07-30 16:23:27','2022-07-30 16:23:27'),(311,'Polmont','Polm',55.98888889,-3.68333333,'2022-07-30 16:23:27','2022-07-30 16:23:27'),(312,'Port Ellen','Prt El',55.63333333,-6.19000000,'2022-07-30 16:23:27','2022-07-30 16:23:27'),(313,'Portadown','Porta',54.42500000,-6.44750000,'2022-07-30 16:23:27','2022-07-30 16:23:27'),(314,'Poulton (Railway Station)','Poul R',53.84833333,-2.99027778,'2022-07-30 16:23:27','2022-07-30 16:23:27'),(315,'Poulton Disused Airfield','Poul A',53.13222222,-2.89166667,'2022-07-30 16:23:27','2022-07-30 16:23:27'),(316,'Puckeridge A10/A120 Int','Pucke',51.88500000,0.00444444,'2022-07-30 16:23:27','2022-07-30 16:23:27'),(317,'Qeii','QEII',51.46514167,0.25912500,'2022-07-30 16:23:27','2022-07-30 16:23:27'),(318,'Radstock','Radst',51.29222222,-2.44861111,'2022-07-30 16:23:27','2022-07-30 16:23:27'),(319,'Redcar Racecourse','Redca',54.60722222,-1.06416667,'2022-07-30 16:23:27','2022-07-30 16:23:27'),(320,'Rhinns Point','Rhinn',55.67333333,-6.48500000,'2022-07-30 16:23:27','2022-07-30 16:23:27'),(321,'Roches Douvres Lighthouse','Roch D',49.10527778,-2.81472222,'2022-07-30 16:23:27','2022-07-30 16:23:27'),(322,'Romsey','Roms',50.99083333,-1.49583333,'2022-07-30 16:23:27','2022-07-30 16:23:27'),(323,'Rostherne','Rosth',53.35388889,-2.38527778,'2022-07-30 16:23:27','2022-07-30 16:23:27'),(324,'Runcorn Bridge','Runco',53.34633889,-2.73789167,'2022-07-30 16:23:27','2022-07-30 16:23:27'),(325,'Saintfield','Saint',54.46027778,-5.83277778,'2022-07-30 16:23:27','2022-07-30 16:23:27'),(326,'Sale Water Park','Sale W',53.43333333,-2.30277778,'2022-07-30 16:23:27','2022-07-30 16:23:27'),(327,'Sandbanks','Sandb',50.68333333,-1.94722222,'2022-07-30 16:23:27','2022-07-30 16:23:27'),(328,'Seaforth','Seafo',53.46138889,-3.03472222,'2022-07-30 16:23:28','2022-07-30 16:23:28'),(329,'Sedgefield Racecourse','Sedge',54.64583333,-1.46833333,'2022-07-30 16:23:28','2022-07-30 16:23:28'),(330,'Sevenoaks','Seven',51.27666667,0.18166667,'2022-07-30 16:23:28','2022-07-30 16:23:28'),(331,'Sheerness','Sheer',51.44694444,0.74472222,'2022-07-30 16:23:28','2022-07-30 16:23:28'),(332,'Silloth','Sillo',54.86805556,-3.39472222,'2022-07-30 16:23:28','2022-07-30 16:23:28'),(333,'South East Corner','SE Cor',49.16666667,-2.03333333,'2022-07-30 16:23:28','2022-07-30 16:23:28'),(334,'South Woodham Ferrers','S Wood',51.64472222,0.60166667,'2022-07-30 16:23:28','2022-07-30 16:23:28'),(335,'Southam','Southam',52.27250000,-1.38444444,'2022-07-30 16:23:28','2022-07-30 16:23:28'),(336,'Southend Pier','S Pier',51.51500000,0.72194444,'2022-07-30 16:23:28','2022-07-30 16:23:28'),(337,'Southminster','Southm',51.65777778,0.83027778,'2022-07-30 16:23:28','2022-07-30 16:23:28'),(338,'Southport Pier','S Pier',53.65530556,-3.02122222,'2022-07-30 16:23:28','2022-07-30 16:23:28'),(339,'Spinnaker Tower','Spinn',50.79555556,-1.10861111,'2022-07-30 16:23:28','2022-07-30 16:23:28'),(340,'Spriggs Solar Farm','Sprig',51.96739722,0.36902500,'2022-07-30 16:23:28','2022-07-30 16:23:28'),(341,'St Annes Pier','St Ann',53.74909722,-3.03586389,'2022-07-30 16:23:28','2022-07-30 16:23:28'),(342,'St Catherines Point','St Cat',50.57638889,-1.29805556,'2022-07-30 16:23:28','2022-07-30 16:23:28'),(343,'St Germain','St Ger',49.23333333,-1.63333333,'2022-07-30 16:23:28','2022-07-30 16:23:28'),(344,'St Giles','St Gi',51.63388889,-0.56694444,'2022-07-30 16:23:28','2022-07-30 16:23:28'),(345,'St Hilary Tv Mast','St Hil',51.45750000,-3.40305556,'2022-07-30 16:23:28','2022-07-30 16:23:28'),(346,'St Martins Head','St Mar',49.96651111,-6.26612778,'2022-07-30 16:23:28','2022-07-30 16:23:28'),(347,'St Martins Point','St Mar',49.42165833,-2.52831667,'2022-07-30 16:23:28','2022-07-30 16:23:28'),(348,'Stagshaw Masts','Stags',55.03333333,-2.02361111,'2022-07-30 16:23:28','2022-07-30 16:23:28'),(349,'Stewartby Brickworks','Stew',52.07333333,-0.51750000,'2022-07-30 16:23:28','2022-07-30 16:23:28'),(350,'Stoke Holy Cross','Stoke',52.57500000,1.33138889,'2022-07-30 16:23:28','2022-07-30 16:23:28'),(351,'Stokesley','Stoke',54.46972222,-1.19472222,'2022-07-30 16:23:28','2022-07-30 16:23:28'),(352,'Stonehaven','Stone',56.96250000,-2.21000000,'2022-07-30 16:23:28','2022-07-30 16:23:28'),(353,'Stoney Cross (Dis Ad)','Stone',50.91166667,-1.65694444,'2022-07-30 16:23:28','2022-07-30 16:23:28'),(354,'Strabane','Strab',54.82361111,-7.46472222,'2022-07-30 16:23:28','2022-07-30 16:23:28'),(355,'Stretton Aerodrome','Stret',53.34611111,-2.52638889,'2022-07-30 16:23:28','2022-07-30 16:23:28'),(356,'Stromberry','Strom',59.03027778,-2.93361111,'2022-07-30 16:23:28','2022-07-30 16:23:28'),(357,'Studley','Studl',52.26777778,-1.89805556,'2022-07-30 16:23:28','2022-07-30 16:23:28'),(358,'Sunderland Harbour','Sunder',54.91833333,-1.35833333,'2022-07-30 16:23:28','2022-07-30 16:23:28'),(359,'Swinton Interchange','Swint',53.52333333,-2.36000000,'2022-07-30 16:23:28','2022-07-30 16:23:28'),(360,'Tadcaster Junction','Tadca',53.89050833,-1.23498333,'2022-07-30 16:23:28','2022-07-30 16:23:28'),(361,'Taff Ely Wind Farm','Taff',51.56751667,-3.47102778,'2022-07-30 16:23:28','2022-07-30 16:23:28'),(362,'Tall Tower','Tall',53.81581944,-3.05524444,'2022-07-30 16:23:28','2022-07-30 16:23:28'),(363,'Tarbock Island','Tarbo',53.39829444,-2.80844722,'2022-07-30 16:23:28','2022-07-30 16:23:28'),(364,'Tarrant Rushton (Disused Aerodrome)','Tarra',50.85000000,-2.07833333,'2022-07-30 16:23:28','2022-07-30 16:23:28'),(365,'Tarvin Roundabout','Tarvi',53.19498889,-2.77716667,'2022-07-30 16:23:28','2022-07-30 16:23:28'),(366,'Thames Barrier','T Barr',51.49722222,0.03694444,'2022-07-30 16:23:28','2022-07-30 16:23:28'),(367,'The Liver Building (Pier Head)','Liver',53.40575833,-2.99588611,'2022-07-30 16:23:28','2022-07-30 16:23:28'),(368,'Thelwall Viaduct','Thel V',53.39055556,-2.50583333,'2022-07-30 16:23:29','2022-07-30 16:23:29'),(369,'Thorpe','Thorpe',52.62694444,1.37833333,'2022-07-30 16:23:29','2022-07-30 16:23:29'),(370,'Thorsby Lake','Thors',53.22722222,-1.05555556,'2022-07-30 16:23:29','2022-07-30 16:23:29'),(371,'Thrumster Masts','Thurm',58.39361111,-3.12416667,'2022-07-30 16:23:29','2022-07-30 16:23:29'),(372,'Tomatin','Tomat',57.33388889,-3.99166667,'2022-07-30 16:23:29','2022-07-30 16:23:29'),(373,'Toome (Disused Ad)','Toome',54.75777778,-6.49444444,'2022-07-30 16:23:29','2022-07-30 16:23:29'),(374,'Topsham','Tops',50.68972222,-3.48027778,'2022-07-30 16:23:29','2022-07-30 16:23:29'),(375,'Trowell (M1 Service)','Trow',52.96166667,-1.26750000,'2022-07-30 16:23:29','2022-07-30 16:23:29'),(376,'Tunbridge Wells','Tunb',51.13333333,0.26500000,'2022-07-30 16:23:29','2022-07-30 16:23:29'),(377,'Turriff','Turr',57.53861111,-2.46000000,'2022-07-30 16:23:29','2022-07-30 16:23:29'),(378,'Tyne Bridges','Tyne B',54.96750000,-1.60694444,'2022-07-30 16:23:29','2022-07-30 16:23:29'),(379,'Voe','VOE',60.35000000,-1.26611111,'2022-07-30 16:23:29','2022-07-30 16:23:29'),(380,'Ware','Ware',51.81166667,-0.02666667,'2022-07-30 16:23:29','2022-07-30 16:23:29'),(381,'Washington Intersection (A24/A283)','Wash',50.90944444,-0.40777778,'2022-07-30 16:23:29','2022-07-30 16:23:29'),(382,'Wells Mast','Wells',51.23706667,-2.62537778,'2022-07-30 16:23:29','2022-07-30 16:23:29'),(383,'Wembley','Wemb',51.55606944,-0.27956111,'2022-07-30 16:23:29','2022-07-30 16:23:29'),(384,'Wenvoe Tv Mast','Wenvo',51.45930000,-3.28156944,'2022-07-30 16:23:29','2022-07-30 16:23:29'),(385,'West Kilbride','West K',55.68555556,-4.86805556,'2022-07-30 16:23:29','2022-07-30 16:23:29'),(386,'West Linton','West L',55.75277778,-3.35750000,'2022-07-30 16:23:29','2022-07-30 16:23:29'),(387,'West Meon Cross Roads','West M',51.03136111,-1.07506111,'2022-07-30 16:23:29','2022-07-30 16:23:29'),(388,'Whaley Bridge','Whal',53.32638889,-1.99166667,'2022-07-30 16:23:29','2022-07-30 16:23:29'),(389,'Whitehead','White',54.75277778,-5.70944444,'2022-07-30 16:23:29','2022-07-30 16:23:29'),(390,'Whitstable Harbour','Whits',51.36333333,1.02666667,'2022-07-30 16:23:29','2022-07-30 16:23:29'),(391,'Wickham','Wickh',50.90000833,-1.18744444,'2022-07-30 16:23:29','2022-07-30 16:23:29'),(392,'Wigan Lakes','Wig La',53.52133611,-2.62785000,'2022-07-30 16:23:29','2022-07-30 16:23:29'),(393,'Wigton','Wigton',54.82472222,-3.16111111,'2022-07-30 16:23:29','2022-07-30 16:23:29'),(394,'Winsford Flash','Wins',53.18500000,-2.51222222,'2022-07-30 16:23:29','2022-07-30 16:23:29'),(395,'Winter Hill Mast','Winter',53.62555833,-2.51492778,'2022-07-30 16:23:29','2022-07-30 16:23:29'),(396,'Woburn Town','Woburn',51.99000000,-0.61916667,'2022-07-30 16:23:29','2022-07-30 16:23:29'),(397,'Workington','Worki',54.65166667,-3.57777778,'2022-07-30 16:23:29','2022-07-30 16:23:29'),(398,'Worplesdon Station','Worple',51.28777778,-0.58250000,'2022-07-30 16:23:29','2022-07-30 16:23:29');
/*!40000 ALTER TABLE `visual_reference_points` ENABLE KEYS */;
UNLOCK TABLES;

--
-- Table structure for table `wake_categories`
--

DROP TABLE IF EXISTS `wake_categories`;
/*!40101 SET @saved_cs_client     = @@character_set_client */;
/*!40101 SET character_set_client = utf8 */;
CREATE TABLE `wake_categories` (
  `id` tinyint unsigned NOT NULL AUTO_INCREMENT,
  `wake_category_scheme_id` bigint unsigned NOT NULL COMMENT 'The scheme that this wake category applies to',
  `code` varchar(255) CHARACTER SET utf8mb4 COLLATE utf8mb4_unicode_ci NOT NULL COMMENT 'The code for the category',
  `description` varchar(255) CHARACTER SET utf8mb4 COLLATE utf8mb4_unicode_ci NOT NULL COMMENT 'The description for the category',
  `relative_weighting` tinyint unsigned NOT NULL COMMENT 'Represents how the categories are relative to each other',
  `created_at` timestamp NULL DEFAULT NULL,
  `updated_at` timestamp NULL DEFAULT NULL,
  PRIMARY KEY (`id`),
  UNIQUE KEY `wake_category_code` (`wake_category_scheme_id`,`code`),
  UNIQUE KEY `wake_category_weighting` (`wake_category_scheme_id`,`relative_weighting`),
  CONSTRAINT `wake_categories_scheme_id` FOREIGN KEY (`wake_category_scheme_id`) REFERENCES `wake_category_schemes` (`id`) ON DELETE CASCADE
) ENGINE=InnoDB AUTO_INCREMENT=13 DEFAULT CHARSET=utf8mb4 COLLATE=utf8mb4_unicode_ci;
/*!40101 SET character_set_client = @saved_cs_client */;

--
-- Dumping data for table `wake_categories`
--

LOCK TABLES `wake_categories` WRITE;
/*!40000 ALTER TABLE `wake_categories` DISABLE KEYS */;
INSERT INTO `wake_categories` VALUES (1,1,'L','Light',0,'2021-05-23 14:31:48',NULL),(2,1,'S','Small',5,'2021-05-23 14:31:48',NULL),(3,1,'LM','Lower Medium',10,'2021-05-23 14:31:48',NULL),(4,1,'UM','Upper Medium',15,'2021-05-23 14:31:48',NULL),(5,1,'H','Heavy',20,'2021-05-23 14:31:48',NULL),(6,1,'J','Jumbo',25,'2021-05-23 14:31:48',NULL),(7,2,'J','Super Heavy',1,'2021-05-23 14:32:28','2022-07-30 16:23:31'),(8,2,'H','Heavy',2,'2021-05-23 14:32:28','2022-07-30 16:23:31'),(9,2,'U','Upper',3,'2021-05-23 14:32:28','2022-07-30 16:23:31'),(10,2,'M','Medium',4,'2021-05-23 14:32:28','2022-07-30 16:23:31'),(11,2,'S','Small',5,'2021-05-23 14:32:28','2022-07-30 16:23:31'),(12,2,'L','Light',6,'2021-05-23 14:32:28','2022-07-30 16:23:31');
/*!40000 ALTER TABLE `wake_categories` ENABLE KEYS */;
UNLOCK TABLES;

--
-- Table structure for table `wake_category_schemes`
--

DROP TABLE IF EXISTS `wake_category_schemes`;
/*!40101 SET @saved_cs_client     = @@character_set_client */;
/*!40101 SET character_set_client = utf8 */;
CREATE TABLE `wake_category_schemes` (
  `id` bigint unsigned NOT NULL AUTO_INCREMENT,
  `key` varchar(255) CHARACTER SET utf8mb4 COLLATE utf8mb4_unicode_ci NOT NULL COMMENT 'Key for the scheme',
  `name` varchar(255) CHARACTER SET utf8mb4 COLLATE utf8mb4_unicode_ci NOT NULL COMMENT 'The name of the scheme',
  PRIMARY KEY (`id`),
  UNIQUE KEY `wake_category_schemes_key_unique` (`key`)
) ENGINE=InnoDB AUTO_INCREMENT=3 DEFAULT CHARSET=utf8mb4 COLLATE=utf8mb4_unicode_ci;
/*!40101 SET character_set_client = @saved_cs_client */;

--
-- Dumping data for table `wake_category_schemes`
--

LOCK TABLES `wake_category_schemes` WRITE;
/*!40000 ALTER TABLE `wake_category_schemes` DISABLE KEYS */;
INSERT INTO `wake_category_schemes` VALUES (1,'UK','UK'),(2,'RECAT_EU','RECAT-EU');
/*!40000 ALTER TABLE `wake_category_schemes` ENABLE KEYS */;
UNLOCK TABLES;
/*!40103 SET TIME_ZONE=@OLD_TIME_ZONE */;

/*!40101 SET SQL_MODE=@OLD_SQL_MODE */;
/*!40014 SET FOREIGN_KEY_CHECKS=@OLD_FOREIGN_KEY_CHECKS */;
/*!40014 SET UNIQUE_CHECKS=@OLD_UNIQUE_CHECKS */;
/*!40101 SET CHARACTER_SET_CLIENT=@OLD_CHARACTER_SET_CLIENT */;
/*!40101 SET CHARACTER_SET_RESULTS=@OLD_CHARACTER_SET_RESULTS */;
/*!40101 SET COLLATION_CONNECTION=@OLD_COLLATION_CONNECTION */;
/*!40111 SET SQL_NOTES=@OLD_SQL_NOTES */;

-- Dump completed on 2022-07-30 16:24:51
